DateTime,TCV_01_CV5,TCV_01_TT4,TCV_02_CV5,TCV_02_TT4,TCV_03_CV5,TCV_03_TT4,TCV_04_CV5,TCV_04_TT4
2023/5/1 0:00,0,20.62615776,100,21.43807793,100,21.95254707,0,19.82060242
2023/5/1 0:01,0,20.62615776,100,21.42361069,100,21.95254707,0,19.89294052
2023/5/1 0:02,0,20.62615776,100,21.42361069,100,21.95254707,0,19.83506966
2023/5/1 0:03,0,20.62615776,100,21.42361069,100,21.95254707,0,19.82060242
2023/5/1 0:04,0,20.62615776,100,21.43807793,100,21.95254707,0,19.82060242
2023/5/1 0:05,0,20.62615776,100,21.43807793,100,21.86573982,0,19.90740776
2023/5/1 0:06,0,20.61169052,100,21.42361069,100,21.85127258,0,19.921875
2023/5/1 0:07,0,20.62615776,100,21.42361069,100,21.85127258,0,19.921875
2023/5/1 0:08,0,20.62615776,100,21.42361069,100,21.95254707,0,19.921875
2023/5/1 0:09,0,20.62615776,100,21.42361069,100,21.95254707,0,19.921875
2023/5/1 0:10,0,20.62615776,100,21.42361069,100,21.95254707,0,19.921875
2023/5/1 0:11,0,20.61169052,100,21.42361069,100,21.95254707,0,19.921875
2023/5/1 0:12,0,20.62615776,100,21.42361069,100,21.95254707,0,19.921875
2023/5/1 0:13,0,20.62615776,100,21.42361069,100,21.95254707,0,19.921875
2023/5/1 0:14,0,20.62615776,100,21.42361069,100,21.95254707,0,19.921875
2023/5/1 0:15,0,20.62615776,100,21.42361069,100,21.95254707,0,19.921875
2023/5/1 0:16,0,20.62615776,100,21.42361069,100,21.95254707,0,19.83506966
2023/5/1 0:17,0,20.62615776,100,21.42361069,100,21.95254707,0,19.82060242
2023/5/1 0:18,0,20.62615776,100,21.42361069,100,21.95254707,0,19.82060242
2023/5/1 0:19,0,20.62615776,100,21.42361069,100,21.95254707,0,19.82060242
2023/5/1 0:20,0,20.62615776,100,21.42361069,100,21.95254707,0,19.82060242
2023/5/1 0:21,0,20.62615776,100,21.43807793,100,21.95254707,0,19.82060242
2023/5/1 0:22,0,20.62615776,100,21.42361069,100,21.95254707,0,19.82060242
2023/5/1 0:23,0,20.62615776,100,21.42361069,100,21.95254707,0,19.82060242
2023/5/1 0:24,0,20.62615776,100,21.42361069,100,21.95254707,0,19.82060242
2023/5/1 0:25,0,20.62615776,100,21.42361069,100,21.95254707,0,19.82060242
2023/5/1 0:26,0,20.62615776,100,21.43807793,100,21.95254707,0,19.82060242
2023/5/1 0:27,0,20.62615776,100,21.42361069,100,21.95254707,0,19.82060242
2023/5/1 0:28,0,20.62615776,100,21.42361069,100,21.95254707,0,19.82060242
2023/5/1 0:29,0,20.62615776,100,21.42361069,100,21.95254707,0,19.82060242
2023/5/1 0:30,0,20.62615776,100,21.42361069,100,21.95254707,0,19.82060242
2023/5/1 0:31,0,20.62615776,100,21.43807793,100,21.95254707,0,19.82060242
2023/5/1 0:32,0,20.62615776,100,21.43807793,100,21.95254707,0,19.82060242
2023/5/1 0:33,0,20.62615776,100,21.42361069,100,21.95254707,0,19.82060242
2023/5/1 0:34,0,20.62615776,100,21.42361069,100,21.95254707,0,19.82060242
2023/5/1 0:35,0,20.61169052,100,21.42361069,100,21.95254707,0,19.82060242
2023/5/1 0:36,0,20.62615776,100,21.42361069,100,21.95254707,0,19.82060242
2023/5/1 0:37,0,20.62615776,100,21.42361069,100,21.95254707,0,19.82060242
2023/5/1 0:38,0,20.62615776,100,21.43807793,100,21.95254707,0,19.82060242
2023/5/1 0:39,0,20.62615776,100,21.42361069,100,21.95254707,0,19.82060242
2023/5/1 0:40,0,20.61169052,100,21.43807793,100,21.95254707,0,19.82060242
2023/5/1 0:41,0,20.62615776,100,21.43807793,100,21.95254707,0,19.82060242
2023/5/1 0:42,0,20.62615776,100,21.43807793,100,21.95254707,0,19.82060242
2023/5/1 0:43,0,20.62615776,100,21.43807793,100,21.95254707,0,19.82060242
2023/5/1 0:44,0,20.62615776,100,21.42361069,100,21.95254707,0,19.82060242
2023/5/1 0:45,0,20.62615776,100,21.43807793,100,21.95254707,0,19.82060242
2023/5/1 0:46,0,20.62615776,100,21.42361069,100,21.95254707,0,19.82060242
2023/5/1 0:47,0,20.62615776,100,21.42361069,100,21.95254707,0,19.82060242
2023/5/1 0:48,0,20.62615776,100,21.43807793,100,21.95254707,0,19.82060242
2023/5/1 0:49,0,20.62615776,100,21.43807793,100,21.95254707,0,19.82060242
2023/5/1 0:50,0,20.62615776,100,21.42361069,100,21.93807793,0,19.82060242
2023/5/1 0:51,0,20.62615776,100,21.42361069,100,21.95254707,0,19.82060242
2023/5/1 0:52,0,20.62615776,100,21.42361069,100,21.95254707,0,19.82060242
2023/5/1 0:53,0,20.62615776,100,21.42361069,100,21.95254707,0,19.82060242
2023/5/1 0:54,0,20.61169052,100,21.43807793,100,21.95254707,0,19.82060242
2023/5/1 0:55,0,20.62615776,100,21.42361069,100,21.93807793,0,19.82060242
2023/5/1 0:56,0,20.62615776,100,21.42361069,100,21.95254707,0,19.82060242
2023/5/1 0:57,0,20.62615776,100,21.42361069,100,21.95254707,0,19.82060242
2023/5/1 0:58,0,20.61169052,100,21.42361069,100,21.93807793,0,19.82060242
2023/5/1 0:59,0,20.62615776,100,21.42361069,100,21.95254707,0,19.82060242
2023/5/1 1:00,0,20.62615776,100,21.42361069,100,21.95254707,0,19.82060242
2023/5/1 1:01,0,20.62615776,100,21.42361069,100,21.95254707,0,19.82060242
2023/5/1 1:02,0,20.62615776,100,21.43807793,100,21.95254707,0,19.82060242
2023/5/1 1:03,0,20.62615776,100,21.43807793,100,21.95254707,0,19.82060242
2023/5/1 1:04,0,20.62615776,100,21.43807793,100,21.95254707,0,19.82060242
2023/5/1 1:05,0,20.62615776,100,21.42361069,100,21.95254707,0,19.82060242
2023/5/1 1:06,0,20.62615776,100,21.43807793,100,21.95254707,0,19.82060242
2023/5/1 1:07,0,20.62615776,100,21.42361069,100,21.85127258,0,19.82060242
2023/5/1 1:08,0,20.62615776,100,21.42361069,100,21.85127258,0,19.82060242
2023/5/1 1:09,0,20.62615776,100,21.33680534,100,21.85127258,0,19.82060242
2023/5/1 1:10,0,20.62615776,100,21.33680534,100,21.75,0,19.71932793
2023/5/1 1:11,0,20.62615776,100,21.23553276,100,21.75,0,19.71932793
2023/5/1 1:12,0,20.62615776,100,21.23553276,100,21.64872742,0,19.71932793
2023/5/1 1:13,0,20.62615776,100,21.23553276,100,21.64872742,0,19.71932793
2023/5/1 1:14,0,20.62615776,100,21.23553276,100,21.64872742,0,19.71932793
2023/5/1 1:15,0,20.61169052,100,21.13426018,100,21.64872742,0,19.71932793
2023/5/1 1:16,0,20.62615776,100,21.13426018,100,21.64872742,0,19.71932793
2023/5/1 1:17,0,20.62615776,100,21.13426018,100,21.64872742,0,19.71932793
2023/5/1 1:18,0,20.62615776,100,21.13426018,100,21.64872742,0,19.71932793
2023/5/1 1:19,0,20.62615776,100,21.03298569,100,21.64872742,0,19.71932793
2023/5/1 1:20,0,20.62615776,100,21.03298569,100,21.64872742,0,19.71932793
2023/5/1 1:21,0,20.62615776,100,21.03298569,100,21.54745293,0,19.71932793
2023/5/1 1:22,0,20.62615776,99.74336243,21.03298569,100,21.54745293,0,19.64698982
2023/5/1 1:23,0,20.62615776,93.93983459,20.9317131,100,21.54745293,0,19.61805534
2023/5/1 1:24,0,20.62615776,87.6026001,20.9317131,100,21.54745293,0,19.61805534
2023/5/1 1:25,0,20.62615776,81.31401062,20.9317131,100,21.54745293,0,19.61805534
2023/5/1 1:26,0,20.62615776,74.93322754,20.9317131,100,21.53298569,0,19.61805534
2023/5/1 1:27,0,20.62615776,68.68228912,20.9317131,100,21.44618034,0,19.61805534
2023/5/1 1:28,0,20.62615776,56.0579567,20.83044052,100,21.44618034,0,19.61805534
2023/5/1 1:29,0,20.62615776,40.78263855,20.83044052,100,21.44618034,0,19.61805534
2023/5/1 1:30,0,20.62615776,24.96388817,20.83044052,100,21.44618034,0,19.6035881
2023/5/1 1:31,0,20.62615776,9.698460579,20.83044052,100,21.44618034,0,19.53125
2023/5/1 1:32,0,20.62615776,0,20.83044052,100,21.44618034,0,19.53125
2023/5/1 1:33,0,20.62615776,0,20.83044052,100,21.34490776,0,19.53125
2023/5/1 1:34,0,20.62615776,0,20.83044052,100,21.34490776,0,19.53125
2023/5/1 1:35,0,20.62615776,0,20.83044052,100,21.34490776,0,19.53125
2023/5/1 1:36,0,20.62615776,0,20.83044052,100,21.34490776,0,19.4589119
2023/5/1 1:37,0,20.62615776,0,20.83044052,100,21.34490776,0,19.41551018
2023/5/1 1:38,0,20.62615776,0,20.83044052,100,21.34490776,0,19.42997742
2023/5/1 1:39,0,20.62615776,0,20.83044052,100,21.34490776,0,19.42997742
2023/5/1 1:40,0,20.62615776,0,20.83044052,100,21.34490776,0,19.42997742
2023/5/1 1:41,0,20.62615776,0,20.83044052,100,21.359375,0,19.32870293
2023/5/1 1:42,0,20.62615776,0,20.83044052,100,21.34490776,0,19.32870293
2023/5/1 1:43,0,20.62615776,0,20.83044052,100,21.34490776,0,19.32870293
2023/5/1 1:44,0,20.62615776,0,20.83044052,100,21.34490776,0,19.32870293
2023/5/1 1:45,0,20.62615776,0,20.83044052,100,21.359375,0,19.32870293
2023/5/1 1:46,0,20.62615776,0,20.83044052,100,21.4317131,0,19.32870293
2023/5/1 1:47,0,20.62615776,0,20.83044052,100,21.44618034,0,19.32870293
2023/5/1 1:48,0,20.61169052,0,20.83044052,100,21.44618034,0,19.32870293
2023/5/1 1:49,0,20.62615776,0,20.83044052,100,21.44618034,0,19.32870293
2023/5/1 1:50,0,20.62615776,0,20.83044052,100,21.44618034,0,19.31423569
2023/5/1 1:51,0,20.62615776,0,20.83044052,100,21.44618034,0,19.22743034
2023/5/1 1:52,0,20.62615776,0,20.83044052,100,21.44618034,0,19.22743034
2023/5/1 1:53,0,20.62615776,0,20.83044052,100,21.44618034,0,19.22743034
2023/5/1 1:54,0,20.62615776,0,20.83044052,100,21.44618034,0,19.22743034
2023/5/1 1:55,0,20.62615776,0,20.83044052,100,21.44618034,0,19.22743034
2023/5/1 1:56,0,20.62615776,0,20.83044052,100,21.44618034,0,19.22743034
2023/5/1 1:57,0,20.62615776,0,20.83044052,100,21.44618034,0,19.22743034
2023/5/1 1:58,0,20.62615776,0,20.83044052,100,21.44618034,0,19.22743034
2023/5/1 1:59,0,20.62615776,0,20.83044052,100,21.44618034,0,19.22743034
2023/5/1 2:00,0,20.62615776,0,20.9317131,100,21.44618034,0,19.22743034
2023/5/1 2:01,0,20.62615776,0,20.83044052,100,21.44618034,0,19.22743034
2023/5/1 2:02,0,20.7129631,0,20.83044052,100,21.44618034,0,19.2129631
2023/5/1 2:03,0,20.7129631,0,20.83044052,100,21.44618034,0,19.22743034
2023/5/1 2:04,0,20.72743034,0,20.9317131,100,21.44618034,0,19.2129631
2023/5/1 2:05,0,20.7129631,0,20.88830948,100,21.44618034,0,19.2129631
2023/5/1 2:06,0,20.7129631,0,20.9317131,100,21.44618034,0,19.22743034
2023/5/1 2:07,0,20.72743034,0,20.9317131,100,21.44618034,0,19.22743034
2023/5/1 2:08,0,20.7129631,0,20.9317131,100,21.44618034,0,19.22743034
2023/5/1 2:09,0,20.7129631,0,20.9317131,100,21.44618034,0,19.22743034
2023/5/1 2:10,0,20.7129631,0,20.9317131,100,21.44618034,0,19.22743034
2023/5/1 2:11,0,20.7129631,0,20.9317131,100,21.44618034,0,19.12615776
2023/5/1 2:12,0,20.7129631,0,20.9317131,100,21.44618034,0,19.12615776
2023/5/1 2:13,0,20.72743034,0,20.9317131,100,21.44618034,0,19.140625
2023/5/1 2:14,0,20.72743034,0,20.9317131,100,21.44618034,0,19.12615776
2023/5/1 2:15,0,20.72743034,0,20.9317131,100,21.44618034,0,19.12615776
2023/5/1 2:16,0,20.7129631,0,20.9317131,100,21.44618034,0,19.12615776
2023/5/1 2:17,0,20.72743034,0,20.9317131,100,21.44618034,0,19.12615776
2023/5/1 2:18,0,20.7129631,0,20.9317131,100,21.44618034,0,19.12615776
2023/5/1 2:19,0,20.72743034,0,20.9317131,100,21.44618034,0,19.12615776
2023/5/1 2:20,0,20.7129631,0,20.9317131,100,21.44618034,0,19.12615776
2023/5/1 2:21,0,20.81423569,0,20.9317131,100,21.44618034,0,19.12615776
2023/5/1 2:22,0,20.74189758,0,20.9317131,100,21.44618034,0,19.12615776
2023/5/1 2:23,0,20.81423569,0,20.9317131,100,21.44618034,0,19.12615776
2023/5/1 2:24,0,20.81423569,0,20.9317131,100,21.44618034,0,19.12615776
2023/5/1 2:25,0,20.81423569,0,20.9317131,100,21.44618034,0,19.12615776
2023/5/1 2:26,0,20.81423569,0,20.9317131,100,21.44618034,0,19.12615776
2023/5/1 2:27,0,20.81423569,0,20.9317131,100,21.44618034,0,19.11169052
2023/5/1 2:28,0,20.81423569,0,20.9317131,100,21.44618034,0,19.12615776
2023/5/1 2:29,0,20.81423569,0,20.9317131,100,21.44618034,0,19.12615776
2023/5/1 2:30,0,20.81423569,0,20.9317131,100,21.44618034,0,19.11169052
2023/5/1 2:31,0,20.81423569,0,20.9317131,100,21.44618034,0,19.12615776
2023/5/1 2:32,0,20.81423569,0,20.91724586,100,21.44618034,0,19.11169052
2023/5/1 2:33,0,20.81423569,0,20.9317131,100,21.44618034,0,19.12615776
2023/5/1 2:34,0,20.81423569,0,20.9317131,100,21.44618034,0,19.12615776
2023/5/1 2:35,0,20.81423569,0,20.9317131,100,21.44618034,0,19.11169052
2023/5/1 2:36,0,20.81423569,0,20.9317131,100,21.44618034,0,19.12615776
2023/5/1 2:37,0,20.81423569,0,20.9317131,100,21.44618034,0,19.12615776
2023/5/1 2:38,0,20.81423569,0,20.9317131,100,21.44618034,0,19.11169052
2023/5/1 2:39,0,20.81423569,0,20.9317131,100,21.44618034,0,19.12615776
2023/5/1 2:40,0,20.81423569,0,20.9317131,100,21.44618034,0,19.12615776
2023/5/1 2:41,0,20.81423569,0,20.9317131,100,21.44618034,0,19.12615776
2023/5/1 2:42,0,20.81423569,0,20.9317131,100,21.44618034,0,19.12615776
2023/5/1 2:43,0,20.81423569,0,20.9317131,100,21.44618034,0,19.11169052
2023/5/1 2:44,0,20.81423569,0,20.9317131,100,21.44618034,0,19.12615776
2023/5/1 2:45,0,20.81423569,0,20.9317131,100,21.44618034,0,19.12615776
2023/5/1 2:46,0,20.81423569,0,20.9317131,100,21.44618034,0,19.11169052
2023/5/1 2:47,0,20.81423569,0,20.9317131,100,21.44618034,0,19.12615776
2023/5/1 2:48,0,20.81423569,0,20.9317131,100,21.44618034,0,19.12615776
2023/5/1 2:49,0,20.81423569,0,20.9317131,100,21.44618034,0,19.12615776
2023/5/1 2:50,0,20.81423569,0,20.9317131,100,21.44618034,0,19.02488518
2023/5/1 2:51,0,20.81423569,0,20.9317131,100,21.44618034,0,19.09722328
2023/5/1 2:52,0,20.81423569,0,20.9317131,100,21.44618034,0,19.02488518
2023/5/1 2:53,0,20.81423569,0,20.9317131,100,21.44618034,0,19.02488518
2023/5/1 2:54,0,20.81423569,0,20.9317131,100,21.44618034,0,19.02488518
2023/5/1 2:55,0,20.81423569,0,20.9317131,100,21.44618034,0,19.02488518
2023/5/1 2:56,0,20.81423569,0,20.9317131,100,21.44618034,0,19.02488518
2023/5/1 2:57,0,20.81423569,0,20.9317131,100,21.44618034,0,19.02488518
2023/5/1 2:58,0,20.81423569,0,20.9317131,100,21.44618034,0,19.12615776
2023/5/1 2:59,0,20.81423569,0,20.9317131,100,21.44618034,0,19.02488518
2023/5/1 3:00,0,20.81423569,0,20.9317131,100,21.44618034,0,19.02488518
2023/5/1 3:01,0,20.81423569,0,20.9317131,100,21.44618034,0,19.09722328
2023/5/1 3:02,0,20.81423569,0,20.9317131,100,21.44618034,0,19.02488518
2023/5/1 3:03,0,20.81423569,0,20.9317131,100,21.54745293,0,19.02488518
2023/5/1 3:04,0,20.81423569,0,20.9317131,100,21.53298569,0,19.02488518
2023/5/1 3:05,0,20.81423569,0,20.9317131,100,21.44618034,0,19.02488518
2023/5/1 3:06,0,20.81423569,0,20.9317131,100,21.44618034,0,19.01041794
2023/5/1 3:07,0,20.81423569,0,20.9317131,100,21.44618034,0,19.02488518
2023/5/1 3:08,0,20.81423569,0,20.9317131,100,21.44618034,0,19.02488518
2023/5/1 3:09,0,20.81423569,0,20.9317131,100,21.44618034,0,19.01041794
2023/5/1 3:10,0,20.81423569,0,20.9317131,100,21.44618034,0,19.02488518
2023/5/1 3:11,0,20.81423569,0,20.9317131,100,21.44618034,0,19.02488518
2023/5/1 3:12,0,20.81423569,0,20.9317131,100,21.44618034,0,19.01041794
2023/5/1 3:13,0,20.81423569,0,20.9317131,100,21.48958206,0,19.02488518
2023/5/1 3:14,0,20.81423569,0,20.9317131,100,21.54745293,0,19.02488518
2023/5/1 3:15,0,20.81423569,0,20.9317131,100,21.54745293,0,19.02488518
2023/5/1 3:16,0,20.81423569,0,20.9317131,100,21.54745293,0,19.02488518
2023/5/1 3:17,0,20.81423569,0,20.9317131,100,21.54745293,0,19.02488518
2023/5/1 3:18,0,20.81423569,0,20.9317131,100,21.51851845,0,19.02488518
2023/5/1 3:19,0,20.81423569,0,20.9317131,100,21.44618034,0,19.02488518
2023/5/1 3:20,0,20.81423569,0,20.9317131,100,21.51851845,0,19.02488518
2023/5/1 3:21,0,20.81423569,0,20.9317131,100,21.53298569,0,19.01041794
2023/5/1 3:22,0,20.81423569,0,20.9317131,100,21.47511482,0,19.02488518
2023/5/1 3:23,0,20.81423569,0,20.9317131,100,21.54745293,0,19.02488518
2023/5/1 3:24,0,20.81423569,0,20.9317131,100,21.48958206,0,19.01041794
2023/5/1 3:25,0,20.81423569,0,20.9317131,100,21.46064758,0,19.02488518
2023/5/1 3:26,0,20.81423569,0,20.9317131,100,21.44618034,0,19.02488518
2023/5/1 3:27,0,20.81423569,0,20.91724586,100,21.44618034,0,19.02488518
2023/5/1 3:28,0,20.81423569,0,20.9317131,100,21.44618034,0,19.02488518
2023/5/1 3:29,0,20.81423569,0,20.9317131,100,21.54745293,0,19.02488518
2023/5/1 3:30,0,20.81423569,0,20.9317131,100,21.44618034,0,19.02488518
2023/5/1 3:31,0,20.81423569,0,20.9317131,100,21.54745293,0,19.02488518
2023/5/1 3:32,0,20.81423569,0,20.9317131,100,21.54745293,0,19.02488518
2023/5/1 3:33,0,20.81423569,0,20.9317131,100,21.44618034,0,19.01041794
2023/5/1 3:34,0,20.81423569,0,20.9317131,100,21.44618034,0,19.02488518
2023/5/1 3:35,0,20.90104294,0,20.9317131,100,21.44618034,0,19.02488518
2023/5/1 3:36,0,20.88657379,0,20.9317131,100,21.44618034,0,19.01041794
2023/5/1 3:37,0,20.81423569,0,20.9317131,100,21.44618034,0,19.02488518
2023/5/1 3:38,0,20.81423569,0,20.9317131,100,21.44618034,0,19.01041794
2023/5/1 3:39,0,20.81423569,0,20.91724586,100,21.44618034,0,19.02488518
2023/5/1 3:40,0,20.81423569,0,20.9317131,100,21.44618034,0,19.02488518
2023/5/1 3:41,0,20.81423569,0,20.91724586,100,21.44618034,0,19.02488518
2023/5/1 3:42,0,20.81423569,0,20.9317131,100,21.44618034,0,19.02488518
2023/5/1 3:43,0,20.81423569,0,20.9317131,100,21.44618034,0,19.02488518
2023/5/1 3:44,0,20.91551018,0,20.9317131,100,21.44618034,0,19.02488518
2023/5/1 3:45,0,20.90104294,0,20.9317131,100,21.44618034,0,19.01041794
2023/5/1 3:46,0,20.91551018,0,20.9317131,100,21.44618034,0,19.02488518
2023/5/1 3:47,0,20.91551018,0,20.9317131,100,21.44618034,0,19.01041794
2023/5/1 3:48,0,20.88657379,0,20.9317131,100,21.44618034,0,19.02488518
2023/5/1 3:49,0,20.91551018,0,20.9317131,100,21.44618034,0,19.02488518
2023/5/1 3:50,0,20.91551018,0,20.9317131,100,21.44618034,0,19.01041794
2023/5/1 3:51,0,20.81423569,0,20.9317131,100,21.44618034,0,19.02488518
2023/5/1 3:52,0,20.91551018,0,20.9317131,100,21.44618034,0,19.02488518
2023/5/1 3:53,0,20.91551018,0,20.9317131,100,21.44618034,0,19.02488518
2023/5/1 3:54,0,20.90104294,0,20.9317131,100,21.44618034,0,19.02488518
2023/5/1 3:55,0,20.85763931,0,20.9317131,100,21.44618034,0,19.02488518
2023/5/1 3:56,0,20.88657379,0,20.9317131,100,21.44618034,0,19.02488518
2023/5/1 3:57,0,20.91551018,0,20.9317131,100,21.44618034,0,19.02488518
2023/5/1 3:58,0,20.91551018,0,20.9317131,100,21.44618034,0,19.02488518
2023/5/1 3:59,0,20.91551018,0,20.9317131,100,21.44618034,0,19.02488518
2023/5/1 4:00,0,20.91551018,0,20.9317131,100,21.44618034,0,19.02488518
2023/5/1 4:01,0,20.91551018,0,20.9317131,100,21.44618034,0,19.02488518
2023/5/1 4:02,0,20.91551018,0,20.9317131,100,21.44618034,0,19.02488518
2023/5/1 4:03,0,20.90104294,0,20.9317131,100,21.44618034,0,19.02488518
2023/5/1 4:04,0,20.91551018,0,20.91724586,100,21.44618034,0,19.02488518
2023/5/1 4:05,0,20.91551018,0,20.9317131,100,21.44618034,0,19.02488518
2023/5/1 4:06,0,20.91551018,0,20.9317131,100,21.44618034,0,19.02488518
2023/5/1 4:07,0,20.91551018,0,20.9317131,100,21.44618034,0,19.02488518
2023/5/1 4:08,0,20.91551018,0,20.9317131,100,21.44618034,0,19.02488518
2023/5/1 4:09,0,20.91551018,0,20.91724586,100,21.44618034,0,19.02488518
2023/5/1 4:10,0,20.81423569,0,20.9317131,100,21.44618034,0,19.02488518
2023/5/1 4:11,0,20.81423569,0,20.91724586,100,21.44618034,0,19.02488518
2023/5/1 4:12,0,20.81423569,0,20.9317131,100,21.44618034,0,19.02488518
2023/5/1 4:13,0,20.81423569,0,20.9317131,100,21.44618034,0,19.02488518
2023/5/1 4:14,0,20.81423569,0,20.91724586,100,21.44618034,0,19.02488518
2023/5/1 4:15,0,20.81423569,0,20.9317131,100,21.44618034,0,19.02488518
2023/5/1 4:16,0,20.88657379,0,20.9317131,100,21.44618034,0,19.02488518
2023/5/1 4:17,0,20.84317207,0,20.9317131,100,21.44618034,0,19.02488518
2023/5/1 4:18,0,20.90104294,0,20.9317131,100,21.44618034,0,19.02488518
2023/5/1 4:19,0,20.81423569,0,20.9317131,100,21.44618034,0,19.01041794
2023/5/1 4:20,0,20.91551018,0,20.9317131,100,21.44618034,0,19.01041794
2023/5/1 4:21,0,20.84317207,0,20.91724586,100,21.44618034,0,19.02488518
2023/5/1 4:22,0,20.81423569,0,20.9317131,100,21.44618034,0,19.02488518
2023/5/1 4:23,0,20.81423569,0,20.9317131,100,21.44618034,0,19.02488518
2023/5/1 4:24,0,20.81423569,0,20.9317131,100,21.44618034,0,19.02488518
2023/5/1 4:25,0,20.88657379,0,20.9317131,100,21.44618034,0,19.02488518
2023/5/1 4:26,0,20.90104294,0,20.9317131,100,21.44618034,0,19.02488518
2023/5/1 4:27,0,20.87210655,0,20.9317131,100,21.44618034,0,19.02488518
2023/5/1 4:28,0,20.87210655,0,20.9317131,100,21.44618034,0,19.02488518
2023/5/1 4:29,0,20.81423569,0,20.9317131,100,21.44618034,0,19.02488518
2023/5/1 4:30,0,20.91551018,0,20.9317131,100,21.44618034,0,19.02488518
2023/5/1 4:31,0,20.81423569,0,20.9317131,100,21.44618034,0,19.02488518
2023/5/1 4:32,0,20.91551018,0,20.9317131,100,21.44618034,0,19.02488518
2023/5/1 4:33,0,20.91551018,0,20.9317131,100,21.44618034,0,19.02488518
2023/5/1 4:34,0,20.91551018,0,20.91724586,100,21.44618034,0,19.02488518
2023/5/1 4:35,0,20.81423569,0,20.91724586,100,21.44618034,0,19.02488518
2023/5/1 4:36,0,20.81423569,0,20.9317131,100,21.44618034,0,19.02488518
2023/5/1 4:37,0,20.81423569,0,20.9317131,100,21.44618034,0,19.02488518
2023/5/1 4:38,0,20.91551018,0,20.9317131,100,21.44618034,0,19.02488518
2023/5/1 4:39,0,20.91551018,0,20.9317131,100,21.44618034,0,19.02488518
2023/5/1 4:40,0,20.87210655,0,20.9317131,100,21.44618034,0,19.02488518
2023/5/1 4:41,0,20.82870293,0,20.91724586,100,21.44618034,0,19.02488518
2023/5/1 4:42,0,20.85763931,0,20.9317131,100,21.44618034,0,19.02488518
2023/5/1 4:43,0,20.81423569,0,20.9317131,100,21.44618034,0,19.01041794
2023/5/1 4:44,0,20.91551018,0,20.9317131,100,21.44618034,0,19.02488518
2023/5/1 4:45,0,20.81423569,0,20.9317131,100,21.44618034,0,19.02488518
2023/5/1 4:46,0,20.91551018,0,20.91724586,100,21.44618034,0,19.02488518
2023/5/1 4:47,0,20.91551018,0,20.9317131,100,21.44618034,0,19.02488518
2023/5/1 4:48,0,20.91551018,0,20.9317131,100,21.44618034,0,19.02488518
2023/5/1 4:49,0,20.91551018,0,20.9317131,100,21.44618034,0,19.02488518
2023/5/1 4:50,0,20.84317207,0,20.9317131,100,21.44618034,0,19.01041794
2023/5/1 4:51,0,20.91551018,0,20.9317131,100,21.44618034,0,19.02488518
2023/5/1 4:52,0,20.91551018,0,20.9317131,100,21.44618034,0,19.02488518
2023/5/1 4:53,0,20.91551018,0,20.9317131,100,21.44618034,0,19.02488518
2023/5/1 4:54,0,20.81423569,0,20.9317131,100,21.44618034,0,19.02488518
2023/5/1 4:55,0,20.90104294,0,20.91724586,100,21.44618034,0,19.02488518
2023/5/1 4:56,0,20.81423569,0,20.9317131,100,21.44618034,0,19.02488518
2023/5/1 4:57,0,20.88657379,0,20.9317131,100,21.44618034,0,19.02488518
2023/5/1 4:58,0,20.91551018,0,20.9317131,100,21.44618034,0,19.02488518
2023/5/1 4:59,0,20.91551018,0,20.9317131,100,21.44618034,0,18.92361069
2023/5/1 5:00,0,20.91551018,0,20.9317131,100,21.44618034,0,18.92361069
2023/5/1 5:01,0,20.91551018,0,20.9317131,100,21.44618034,0,19.02488518
2023/5/1 5:02,0,20.82870293,0,20.9317131,100,21.44618034,0,19.02488518
2023/5/1 5:03,0,20.91551018,0,20.9317131,100,21.44618034,0,18.93807793
2023/5/1 5:04,0,20.91551018,0,20.9317131,100,21.44618034,0,18.95254707
2023/5/1 5:05,0,20.88657379,0,20.9317131,100,21.44618034,0,19.02488518
2023/5/1 5:06,0,20.91551018,0,20.9317131,100,21.44618034,0,19.02488518
2023/5/1 5:07,0,20.91551018,0,20.9317131,100,21.44618034,0,18.99594879
2023/5/1 5:08,0,20.91551018,0,20.9317131,100,21.44618034,0,19.02488518
2023/5/1 5:09,0,20.81423569,0,20.91724586,100,21.44618034,0,18.92361069
2023/5/1 5:10,0,20.91551018,0,20.9317131,100,21.44618034,0,18.92361069
2023/5/1 5:11,0,20.91551018,0,20.9317131,100,21.44618034,0,18.92361069
2023/5/1 5:12,0,20.91551018,0,20.9317131,100,21.44618034,0,19.02488518
2023/5/1 5:13,0,20.91551018,0,20.9317131,100,21.44618034,0,18.90914345
2023/5/1 5:14,0,20.91551018,0,20.9317131,100,21.44618034,0,18.92361069
2023/5/1 5:15,0,20.91551018,0,20.9317131,100,21.44618034,0,18.92361069
2023/5/1 5:16,0,20.91551018,0,20.9317131,100,21.44618034,0,18.92361069
2023/5/1 5:17,0,20.91551018,0,20.91724586,100,21.44618034,0,18.92361069
2023/5/1 5:18,0,20.91551018,0,20.9317131,100,21.44618034,0,18.92361069
2023/5/1 5:19,0,20.91551018,0,20.9317131,100,21.4317131,0,18.92361069
2023/5/1 5:20,0,20.91551018,0,20.9317131,100,21.44618034,0,18.92361069
2023/5/1 5:21,0,20.91551018,0,20.9317131,100,21.44618034,0,18.99594879
2023/5/1 5:22,0,20.91551018,0,20.9317131,100,21.44618034,0,19.02488518
2023/5/1 5:23,0,20.91551018,0,20.9317131,100,21.44618034,0,18.92361069
2023/5/1 5:24,0,20.91551018,0,20.9317131,100,21.44618034,0,19.02488518
2023/5/1 5:25,0,20.91551018,0,20.9317131,100,21.4317131,0,19.02488518
2023/5/1 5:26,0,20.87210655,0,20.9317131,100,21.44618034,0,19.02488518
2023/5/1 5:27,0,20.91551018,0,20.9317131,100,21.44618034,0,19.02488518
2023/5/1 5:28,0,20.91551018,0,20.91724586,100,21.44618034,0,19.01041794
2023/5/1 5:29,0,20.91551018,0,20.9317131,100,21.44618034,0,19.02488518
2023/5/1 5:30,0,20.91551018,0,20.9317131,100,21.44618034,0,19.02488518
2023/5/1 5:31,0,20.91551018,0,20.9317131,100,21.44618034,0,19.02488518
2023/5/1 5:32,0,20.91551018,0,20.9317131,100,21.44618034,0,19.01041794
2023/5/1 5:33,0,20.91551018,0,20.9317131,100,21.44618034,0,19.02488518
2023/5/1 5:34,0,20.91551018,0,20.9317131,100,21.44618034,0,19.02488518
2023/5/1 5:35,0,20.91551018,0,20.91724586,100,21.44618034,0,19.01041794
2023/5/1 5:36,0,20.90104294,0,20.9317131,100,21.44618034,0,19.02488518
2023/5/1 5:37,0,20.91551018,0,20.9317131,100,21.44618034,0,19.02488518
2023/5/1 5:38,0,20.91551018,0,20.9317131,100,21.44618034,0,19.02488518
2023/5/1 5:39,0,20.91551018,0,20.9317131,100,21.44618034,0,18.99594879
2023/5/1 5:40,0,20.91551018,0,20.9317131,100,21.44618034,0,19.02488518
2023/5/1 5:41,0,20.91551018,0,20.9317131,100,21.44618034,0,18.93807793
2023/5/1 5:42,0,20.91551018,0,20.91724586,100,21.44618034,0,18.92361069
2023/5/1 5:43,0,20.91551018,0,20.9317131,100,21.44618034,0,18.92361069
2023/5/1 5:44,0,20.91551018,0,20.9317131,100,21.44618034,0,18.92361069
2023/5/1 5:45,0,20.91551018,0,20.9317131,100,21.44618034,0,18.92361069
2023/5/1 5:46,0,20.91551018,0,20.9317131,100,21.44618034,0,19.02488518
2023/5/1 5:47,0,20.90104294,0,20.9317131,100,21.44618034,0,19.02488518
2023/5/1 5:48,0,20.91551018,0,20.9317131,100,21.44618034,0,19.02488518
2023/5/1 5:49,0,20.91551018,0,20.9317131,100,21.44618034,0,19.02488518
2023/5/1 5:50,0,20.91551018,0,20.9317131,100,21.44618034,0,19.02488518
2023/5/1 5:51,0,20.82870293,0,20.9317131,100,21.44618034,0,18.96701431
2023/5/1 5:52,0,20.91551018,0,20.9317131,100,21.44618034,0,19.01041794
2023/5/1 5:53,0,20.91551018,0,20.91724586,100,21.44618034,0,18.95254707
2023/5/1 5:54,0,20.91551018,0,20.9317131,100,21.44618034,0,19.02488518
2023/5/1 5:55,0,20.91551018,0,20.91724586,100,21.44618034,0,19.02488518
2023/5/1 5:56,0,20.91551018,0,20.9317131,100,21.4317131,0,19.01041794
2023/5/1 5:57,0,20.91551018,0,20.91724586,100,21.44618034,0,19.02488518
2023/5/1 5:58,0,20.91551018,0,20.9317131,100,21.44618034,0,19.02488518
2023/5/1 5:59,0,20.91551018,0,20.91724586,100,21.44618034,0,19.02488518
2023/5/1 6:00,0,20.91551018,0,20.9317131,100,21.44618034,0,19.01041794
2023/5/1 6:01,0,20.91551018,0,20.9317131,100,21.44618034,0,18.96701431
2023/5/1 6:02,0,20.91551018,0,20.9317131,100,21.44618034,0,19.02488518
2023/5/1 6:03,0,20.91551018,0,20.9317131,100,21.44618034,0,19.02488518
2023/5/1 6:04,0,20.91551018,0,20.9317131,100,21.44618034,0,19.02488518
2023/5/1 6:05,0,20.91551018,0,20.9317131,100,21.44618034,0,19.02488518
2023/5/1 6:06,0,20.91551018,0,20.9317131,100,21.44618034,0,18.98148155
2023/5/1 6:07,0,20.90104294,0,20.9317131,100,21.44618034,0,18.92361069
2023/5/1 6:08,0,20.91551018,0,20.91724586,100,21.44618034,0,18.99594879
2023/5/1 6:09,0,20.91551018,0,20.9317131,100,21.44618034,0,18.99594879
2023/5/1 6:10,0,20.91551018,0,20.9317131,100,21.44618034,0,19.01041794
2023/5/1 6:11,0,20.91551018,0,20.9317131,100,21.4317131,0,19.02488518
2023/5/1 6:12,0,20.81423569,0,20.9317131,100,21.44618034,0,19.02488518
2023/5/1 6:13,0,20.91551018,0,20.9317131,100,21.44618034,0,19.01041794
2023/5/1 6:14,0,20.90104294,0,20.91724586,100,21.44618034,0,19.02488518
2023/5/1 6:15,0,20.91551018,0,20.9317131,100,21.44618034,0,19.02488518
2023/5/1 6:16,0,20.91551018,0,20.9317131,100,21.4317131,0,19.02488518
2023/5/1 6:17,0,20.91551018,0,20.9317131,100,21.44618034,0,19.02488518
2023/5/1 6:18,0,20.90104294,0,20.9317131,100,21.44618034,0,19.02488518
2023/5/1 6:19,0,20.91551018,0,20.9317131,100,21.44618034,0,19.02488518
2023/5/1 6:20,0,20.91551018,0,20.9317131,100,21.44618034,0,19.02488518
2023/5/1 6:21,0,20.91551018,0,20.9317131,100,21.44618034,0,19.02488518
2023/5/1 6:22,0,20.91551018,0,20.9317131,100,21.4317131,0,18.92361069
2023/5/1 6:23,0,20.90104294,0,20.9317131,100,21.44618034,0,18.92361069
2023/5/1 6:24,0,20.91551018,0,20.9317131,100,21.44618034,0,18.92361069
2023/5/1 6:25,0,20.91551018,0,20.9317131,100,21.44618034,0,18.92361069
2023/5/1 6:26,0,20.91551018,0,20.91724586,100,21.44618034,0,18.92361069
2023/5/1 6:27,0,20.91551018,0,20.9317131,100,21.4317131,0,18.92361069
2023/5/1 6:28,0,20.91551018,0,20.91724586,100,21.44618034,0,18.90914345
2023/5/1 6:29,0,20.91551018,0,20.9317131,100,21.44618034,0,18.92361069
2023/5/1 6:30,0,20.90104294,0,20.9317131,100,21.44618034,0,18.92361069
2023/5/1 6:31,0,20.91551018,0,20.9317131,100,21.44618034,0,18.92361069
2023/5/1 6:32,0,20.91551018,0,20.9317131,100,21.44618034,0,18.92361069
2023/5/1 6:33,0,20.91551018,0,20.9317131,100,21.44618034,0,19.02488518
2023/5/1 6:34,0,20.91551018,0,20.9317131,100,21.44618034,0,18.99594879
2023/5/1 6:35,0,20.91551018,0,20.9317131,100,21.44618034,0,18.92361069
2023/5/1 6:36,0,20.91551018,0,20.9317131,100,21.4317131,0,19.01041794
2023/5/1 6:37,0,20.91551018,0,20.9317131,100,21.44618034,0,18.92361069
2023/5/1 6:38,0,20.91551018,0,20.9317131,100,21.44618034,0,18.90914345
2023/5/1 6:39,0,20.91551018,0,20.9317131,100,21.44618034,0,18.92361069
2023/5/1 6:40,0,20.91551018,0,20.9317131,100,21.44618034,0,18.92361069
2023/5/1 6:41,0,20.91551018,0,20.91724586,100,21.44618034,0,18.92361069
2023/5/1 6:42,0,20.91551018,0,20.9317131,100,21.44618034,0,18.90914345
2023/5/1 6:43,0,20.91551018,0,20.9317131,100,21.44618034,0,18.92361069
2023/5/1 19:47,100,22.11631966,100,21.92997742,100,22.34317207,0,20.71759224
2023/5/1 19:48,100,22.11631966,100,21.92997742,100,22.34317207,0,20.73205948
2023/5/1 19:49,100,22.11631966,100,21.92997742,100,22.34317207,0,20.73205948
2023/5/1 19:50,100,22.11631966,100,21.92997742,100,22.34317207,0,20.71759224
2023/5/1 19:51,100,22.11631966,100,21.92997742,100,22.34317207,0,20.71759224
2023/5/1 19:52,100,22.11631966,100,21.92997742,100,22.34317207,0,20.73205948
2023/5/1 19:53,100,22.11631966,100,21.92997742,100,22.34317207,0,20.73205948
2023/5/1 19:54,100,22.11631966,100,21.92997742,100,22.34317207,0,20.73205948
2023/5/1 19:55,100,22.11631966,100,21.92997742,100,22.34317207,0,20.71759224
2023/5/1 19:56,100,22.11631966,100,21.92997742,100,22.34317207,0,20.73205948
2023/5/1 19:57,100,22.11631966,100,21.92997742,100,22.34317207,0,20.73205948
2023/5/1 19:58,100,22.11631966,100,21.92997742,100,22.34317207,0,20.73205948
2023/5/1 19:59,100,22.11631966,100,21.92997742,100,22.34317207,0,20.73205948
2023/5/1 20:00,100,22.11631966,100,21.92997742,100,22.34317207,0,20.71759224
2023/5/1 20:01,100,22.11631966,100,21.92997742,100,22.34317207,0,20.71759224
2023/5/1 20:02,100,22.11631966,100,21.92997742,100,22.34317207,0,20.73205948
2023/5/1 20:03,100,22.11631966,100,21.92997742,100,22.34317207,0,20.71759224
2023/5/1 20:04,100,22.11631966,100,21.92997742,100,22.34317207,0,20.71759224
2023/5/1 20:05,100,22.04398155,100,21.92997742,100,22.34317207,0,20.73205948
2023/5/1 20:06,100,22.01504707,100,21.92997742,100,22.34317207,0,20.71759224
2023/5/1 20:07,100,22.01504707,100,21.92997742,100,22.35763931,0,20.76099586
2023/5/1 20:08,100,22.01504707,100,21.92997742,100,22.34317207,0,20.80439758
2023/5/1 20:09,100,22.01504707,100,21.92997742,100,22.34317207,0,20.73205948
2023/5/1 20:10,100,22.02951431,100,21.92997742,100,22.34317207,0,20.73205948
2023/5/1 20:11,100,22.01504707,100,21.92997742,100,22.34317207,0,20.81886482
2023/5/1 20:12,100,22.01504707,100,21.92997742,100,22.34317207,0,20.81886482
2023/5/1 20:13,100,22.01504707,100,21.92997742,100,22.34317207,0,20.81886482
2023/5/1 20:14,100,22.01504707,100,21.92997742,100,22.34317207,0,20.81886482
2023/5/1 20:15,100,22.01504707,100,21.92997742,100,22.34317207,0,20.81886482
2023/5/1 20:16,100,22.01504707,100,21.92997742,100,22.34317207,0,20.81886482
2023/5/1 20:17,100,22.01504707,100,21.92997742,100,22.34317207,0,20.81886482
2023/5/1 20:18,100,22.01504707,100,21.92997742,100,22.34317207,0,20.73205948
2023/5/1 20:19,100,22.01504707,100,21.92997742,100,22.34317207,0,20.81886482
2023/5/1 20:20,100,22.01504707,100,21.92997742,100,22.34317207,0,20.81886482
2023/5/1 20:21,100,22.01504707,100,21.92997742,100,22.34317207,0,20.81886482
2023/5/1 20:22,100,22.01504707,100,21.92997742,100,22.34317207,0,20.81886482
2023/5/1 20:23,100,22.01504707,100,21.92997742,100,22.34317207,0,20.81886482
2023/5/1 20:24,100,22.01504707,100,21.92997742,100,22.34317207,0,20.80439758
2023/5/1 20:25,100,22.01504707,100,21.92997742,100,22.34317207,0,20.80439758
2023/5/1 20:26,100,22.01504707,100,21.92997742,100,22.34317207,0,20.73205948
2023/5/1 20:27,100,22.01504707,100,21.92997742,100,22.34317207,0,20.80439758
2023/5/1 20:28,100,22.01504707,100,21.92997742,100,22.34317207,0,20.73205948
2023/5/1 20:29,100,22.01504707,100,21.92997742,100,22.34317207,0,20.81886482
2023/5/1 20:30,100,22.01504707,100,21.92997742,100,22.34317207,0,20.81886482
2023/5/1 20:31,100,22.01504707,100,21.92997742,100,22.34317207,0,20.81886482
2023/5/1 20:32,100,22.01504707,100,21.92997742,100,22.34317207,0,20.81886482
2023/5/1 20:33,100,22.01504707,100,21.92997742,100,22.34317207,0,20.81886482
2023/5/1 20:34,100,22.01504707,100,21.92997742,100,22.34317207,0,20.81886482
2023/5/1 20:35,100,22.01504707,100,21.92997742,100,22.34317207,0,20.81886482
2023/5/1 20:36,100,22.01504707,100,21.91551018,100,22.34317207,0,20.81886482
2023/5/1 20:37,100,22.01504707,100,21.92997742,100,22.34317207,0,20.81886482
2023/5/1 20:38,100,22.01504707,100,21.92997742,100,22.34317207,0,20.81886482
2023/5/1 20:39,100,22.01504707,100,21.92997742,100,22.34317207,0,20.7754631
2023/5/1 20:40,100,22.01504707,100,21.92997742,100,22.34317207,0,20.81886482
2023/5/1 20:41,100,22.01504707,100,21.92997742,100,22.34317207,0,20.81886482
2023/5/1 20:42,100,22.01504707,100,21.92997742,100,22.34317207,0,20.81886482
2023/5/1 20:43,100,22.01504707,100,21.92997742,100,22.34317207,0,20.81886482
2023/5/1 20:44,100,22.01504707,100,21.91551018,100,22.34317207,0,20.81886482
2023/5/1 20:45,100,22.01504707,100,21.92997742,100,22.34317207,0,20.81886482
2023/5/1 20:46,100,22.01504707,100,21.92997742,100,22.34317207,0,20.81886482
2023/5/1 20:47,100,22.01504707,100,21.92997742,100,22.34317207,0,20.81886482
2023/5/1 20:48,100,22.01504707,100,21.92997742,100,22.34317207,0,20.81886482
2023/5/1 20:49,100,22.01504707,100,21.92997742,100,22.34317207,0,20.81886482
2023/5/1 20:50,100,22.01504707,100,21.92997742,100,22.34317207,0,20.81886482
2023/5/1 20:51,100,22.01504707,100,21.92997742,100,22.34317207,0,20.81886482
2023/5/1 20:52,100,22.01504707,100,21.92997742,100,22.34317207,0,20.81886482
2023/5/1 20:53,100,22.01504707,100,21.91551018,100,22.34317207,0,20.81886482
2023/5/1 20:54,100,22.01504707,100,21.92997742,100,22.34317207,0,20.81886482
2023/5/1 20:55,100,22.01504707,100,21.91551018,100,22.34317207,0,20.81886482
2023/5/1 20:56,100,22.01504707,100,21.92997742,100,22.34317207,0,20.81886482
2023/5/1 20:57,100,22.01504707,100,21.92997742,100,22.34317207,0,20.81886482
2023/5/1 20:58,100,22.01504707,100,21.92997742,100,22.34317207,0,20.81886482
2023/5/1 20:59,100,22.01504707,100,21.82870293,100,22.34317207,0,20.81886482
2023/5/1 21:00,100,22.01504707,100,21.92997742,100,22.34317207,0,20.81886482
2023/5/1 21:01,100,22.01504707,100,21.92997742,100,22.34317207,0,20.81886482
2023/5/1 21:02,100,22.01504707,100,21.92997742,100,22.34317207,0,20.81886482
2023/5/1 21:03,100,22.01504707,100,21.82870293,100,22.34317207,0,20.81886482
2023/5/1 21:04,100,22.01504707,100,21.85763931,100,22.34317207,0,20.81886482
2023/5/1 21:05,100,22.01504707,100,21.92997742,100,22.34317207,0,20.81886482
2023/5/1 21:06,100,22.01504707,100,21.82870293,100,22.34317207,0,20.81886482
2023/5/1 21:07,100,22.01504707,100,21.82870293,100,22.34317207,0,20.81886482
2023/5/1 21:08,100,22.01504707,100,21.92997742,100,22.34317207,0,20.81886482
2023/5/1 21:09,100,22.01504707,100,21.92997742,100,22.34317207,0,20.81886482
2023/5/1 21:10,100,22.01504707,100,21.84317207,100,22.34317207,0,20.81886482
2023/5/1 21:11,100,22.01504707,100,21.82870293,100,22.34317207,0,20.81886482
2023/5/1 21:12,100,22.01504707,100,21.91551018,100,22.34317207,0,20.81886482
2023/5/1 21:13,100,22.01504707,100,21.92997742,100,22.34317207,0,20.81886482
2023/5/1 21:14,100,22.01504707,100,21.92997742,100,22.34317207,0,20.81886482
2023/5/1 21:15,100,22.01504707,100,21.92997742,100,22.34317207,0,20.81886482
2023/5/1 21:16,100,22.01504707,100,21.92997742,100,22.34317207,0,20.81886482
2023/5/1 21:17,100,22.01504707,100,21.92997742,100,22.34317207,0,20.81886482
2023/5/1 21:18,100,22.01504707,100,21.91551018,100,22.34317207,0,20.81886482
2023/5/1 21:19,100,22.01504707,100,21.92997742,100,22.34317207,0,20.81886482
2023/5/1 21:20,100,22.01504707,100,21.91551018,100,22.34317207,0,20.81886482
2023/5/1 21:21,100,22.01504707,100,21.92997742,100,22.34317207,0,20.81886482
2023/5/1 21:22,100,22.01504707,100,21.92997742,100,22.34317207,0,20.81886482
2023/5/1 21:23,100,22.01504707,100,21.92997742,100,22.34317207,0,20.81886482
2023/5/1 21:24,100,22.01504707,100,21.92997742,100,22.34317207,0,20.81886482
2023/5/1 21:25,100,22.01504707,100,21.92997742,100,22.34317207,0,20.81886482
2023/5/1 21:26,100,22.01504707,100,21.92997742,100,22.34317207,0,20.81886482
2023/5/1 21:27,100,22.01504707,100,21.92997742,100,22.34317207,0,20.81886482
2023/5/1 21:28,100,22.01504707,100,21.92997742,100,22.34317207,0,20.81886482
2023/5/1 21:29,100,22.01504707,100,21.92997742,100,22.34317207,0,20.81886482
2023/5/1 21:30,100,22.01504707,100,21.91551018,100,22.34317207,0,20.81886482
2023/5/1 21:31,100,22.01504707,100,21.92997742,100,22.34317207,0,20.81886482
2023/5/1 21:32,100,22.01504707,100,21.91551018,100,22.34317207,0,20.81886482
2023/5/1 21:33,100,22.01504707,100,21.92997742,100,22.34317207,0,20.81886482
2023/5/1 21:34,100,22.01504707,100,21.91551018,100,22.34317207,0,20.81886482
2023/5/1 21:35,100,22.01504707,100,21.92997742,100,22.34317207,0,20.81886482
2023/5/1 21:36,100,22.01504707,100,21.92997742,100,22.34317207,0,20.81886482
2023/5/1 21:37,100,22.01504707,100,21.92997742,100,22.34317207,0,20.81886482
2023/5/1 21:38,100,22.01504707,100,21.92997742,100,22.34317207,0,20.81886482
2023/5/1 21:39,100,22.01504707,100,21.92997742,100,22.34317207,0,20.81886482
2023/5/1 21:40,100,22.01504707,100,21.91551018,100,22.34317207,0,20.80439758
2023/5/1 21:41,100,22.01504707,100,21.92997742,100,22.34317207,0,20.81886482
2023/5/1 21:42,100,22.01504707,100,21.92997742,100,22.34317207,0,20.81886482
2023/5/1 21:43,100,22.01504707,100,21.92997742,100,22.34317207,0,20.81886482
2023/5/1 21:44,100,22.00057793,100,21.92997742,100,22.34317207,0,20.81886482
2023/5/1 21:45,100,22.01504707,100,21.92997742,100,22.34317207,0,20.81886482
2023/5/1 21:46,100,22.01504707,100,21.92997742,100,22.34317207,0,20.81886482
2023/5/1 21:47,100,22.01504707,100,21.92997742,100,22.34317207,0,20.81886482
2023/5/1 21:48,100,22.01504707,100,21.92997742,100,22.34317207,0,20.81886482
2023/5/1 21:49,100,22.01504707,100,21.92997742,100,22.34317207,0,20.81886482
2023/5/1 21:50,100,22.01504707,100,21.92997742,100,22.34317207,0,20.81886482
2023/5/1 21:51,100,22.01504707,100,21.92997742,100,22.34317207,0,20.81886482
2023/5/1 21:52,100,22.01504707,100,21.92997742,100,22.34317207,0,20.81886482
2023/5/1 21:53,100,22.01504707,100,21.92997742,100,22.34317207,0,20.81886482
2023/5/1 21:54,100,22.01504707,100,21.92997742,100,22.34317207,0,20.81886482
2023/5/1 21:55,100,22.01504707,100,21.91551018,100,22.44444466,0,20.81886482
2023/5/1 21:56,100,22.01504707,100,21.92997742,100,22.44444466,0,20.81886482
2023/5/1 21:57,100,22.01504707,100,21.91551018,100,22.44444466,0,20.81886482
2023/5/1 21:58,100,22.01504707,100,21.92997742,100,22.44444466,0,20.81886482
2023/5/1 21:59,100,22.01504707,100,21.92997742,100,22.44444466,0,20.81886482
2023/5/1 22:00,100,22.01504707,100,21.92997742,100,22.44444466,0,20.80439758
2023/5/1 22:01,100,22.01504707,100,21.92997742,100,22.44444466,0,20.81886482
2023/5/1 22:02,100,22.01504707,100,21.92997742,100,22.44444466,0,20.81886482
2023/5/1 22:03,100,22.01504707,100,21.92997742,100,22.34317207,0,20.81886482
2023/5/1 22:04,100,22.01504707,100,21.92997742,100,22.34317207,0,20.81886482
2023/5/1 22:05,100,22.01504707,100,21.91551018,100,22.34317207,0,20.81886482
2023/5/1 22:06,100,22.01504707,100,21.92997742,100,22.34317207,0,20.81886482
2023/5/1 22:07,100,22.01504707,100,21.92997742,100,22.34317207,0,20.81886482
2023/5/1 22:08,100,22.01504707,100,21.92997742,100,22.34317207,0,20.81886482
2023/5/1 22:09,100,22.01504707,100,21.92997742,100,22.34317207,0,20.81886482
2023/5/1 22:10,100,22.01504707,100,21.92997742,100,22.34317207,0,20.81886482
2023/5/1 22:11,100,22.01504707,100,21.92997742,100,22.34317207,0,20.81886482
2023/5/1 22:12,100,22.01504707,100,21.92997742,100,22.34317207,0,20.81886482
2023/5/1 22:13,100,22.01504707,100,21.92997742,100,22.34317207,0,20.81886482
2023/5/1 22:14,100,22.01504707,100,21.91551018,100,22.34317207,0,20.81886482
2023/5/1 22:15,100,22.01504707,100,21.91551018,100,22.34317207,0,20.81886482
2023/5/1 22:16,100,22.01504707,100,21.92997742,100,22.34317207,0,20.81886482
2023/5/1 22:17,100,22.01504707,100,21.92997742,100,22.34317207,0,20.81886482
2023/5/1 22:18,100,22.01504707,100,21.92997742,100,22.34317207,0,20.81886482
2023/5/1 22:19,100,22.01504707,100,21.92997742,100,22.34317207,0,20.81886482
2023/5/1 22:20,100,22.01504707,100,21.91551018,100,22.34317207,0,20.81886482
2023/5/1 22:21,100,22.01504707,100,21.92997742,100,22.34317207,0,20.81886482
2023/5/1 22:22,100,22.01504707,100,21.92997742,100,22.34317207,0,20.81886482
2023/5/1 22:23,100,21.91377258,100,21.92997742,100,22.34317207,0,20.80439758
2023/5/1 22:24,100,21.92823982,100,22.03125,100,22.34317207,0,20.81886482
2023/5/1 22:25,100,22.01504707,100,22.03125,100,22.34317207,0,20.81886482
2023/5/1 22:26,100,22.01504707,100,21.92997742,100,22.44444466,0,20.81886482
2023/5/1 22:27,100,22.01504707,100,21.92997742,100,22.44444466,0,20.81886482
2023/5/1 22:28,100,22.01504707,100,21.92997742,100,22.44444466,0,20.81886482
2023/5/1 22:29,100,22.01504707,100,22.03125,100,22.44444466,0,20.81886482
2023/5/1 22:30,100,22.01504707,100,22.03125,100,22.44444466,0,20.81886482
2023/5/1 22:31,100,22.01504707,100,22.00231552,100,22.44444466,0,20.81886482
2023/5/1 22:32,100,22.00057793,100,22.03125,100,22.44444466,0,20.81886482
2023/5/1 22:33,100,22.01504707,100,22.03125,100,22.44444466,0,20.81886482
2023/5/1 22:34,100,22.01504707,100,22.03125,100,22.44444466,0,20.81886482
2023/5/1 22:35,100,22.01504707,100,22.03125,100,22.44444466,0,20.81886482
2023/5/1 22:36,100,22.01504707,100,22.03125,100,22.44444466,0,20.81886482
2023/5/1 22:37,100,22.01504707,100,22.03125,100,22.44444466,0,20.81886482
2023/5/1 22:38,100,22.01504707,100,22.03125,100,22.44444466,0,20.81886482
2023/5/1 22:39,100,22.01504707,100,22.03125,100,22.44444466,0,20.81886482
2023/5/1 22:40,100,22.01504707,100,22.01678276,100,22.44444466,0,20.81886482
2023/5/1 22:41,100,22.01504707,100,22.03125,100,22.44444466,0,20.81886482
2023/5/1 22:42,100,22.01504707,100,22.03125,100,22.44444466,0,20.81886482
2023/5/1 22:43,100,22.01504707,100,22.03125,100,22.44444466,0,20.81886482
2023/5/1 22:44,100,22.01504707,100,22.03125,100,22.44444466,0,20.81886482
2023/5/1 22:45,100,22.01504707,100,22.03125,100,22.44444466,0,20.81886482
2023/5/1 22:46,100,22.01504707,100,22.03125,100,22.44444466,0,20.81886482
2023/5/1 22:47,100,22.01504707,100,22.03125,100,22.44444466,0,20.81886482
2023/5/1 22:48,100,22.01504707,100,22.03125,100,22.44444466,0,20.81886482
2023/5/1 22:49,100,22.01504707,100,22.01678276,100,22.44444466,0,20.81886482
2023/5/1 22:50,100,22.01504707,100,22.03125,100,22.44444466,0,20.81886482
2023/5/1 22:51,100,22.01504707,100,22.03125,100,22.44444466,0,20.81886482
2023/5/1 22:52,100,22.01504707,100,22.03125,100,22.44444466,0,20.81886482
2023/5/1 22:53,100,22.01504707,100,22.03125,100,22.44444466,0,20.81886482
2023/5/1 22:54,100,22.00057793,100,22.03125,100,22.44444466,0,20.81886482
2023/5/1 22:55,100,22.01504707,100,22.03125,100,22.44444466,0,20.81886482
2023/5/1 22:56,100,22.01504707,100,22.03125,100,22.44444466,0,20.81886482
2023/5/1 22:57,100,22.01504707,100,22.03125,100,22.44444466,0,20.81886482
2023/5/1 22:58,100,22.01504707,100,22.03125,100,22.44444466,0,20.81886482
2023/5/1 22:59,100,22.01504707,100,22.03125,100,22.44444466,0,20.81886482
2023/5/1 23:00,100,22.01504707,100,22.03125,100,22.44444466,0,20.81886482
2023/5/1 23:01,100,22.01504707,100,22.03125,100,22.44444466,0,20.81886482
2023/5/1 23:02,100,22.01504707,100,22.03125,100,22.44444466,0,20.81886482
2023/5/1 23:03,100,22.01504707,100,22.03125,100,22.44444466,0,20.81886482
2023/5/1 23:04,100,22.01504707,100,22.01678276,100,22.44444466,0,20.81886482
2023/5/1 23:05,100,22.01504707,100,22.03125,100,22.44444466,0,20.81886482
2023/5/1 23:06,100,22.01504707,100,22.03125,100,22.44444466,0,20.81886482
2023/5/1 23:07,100,22.01504707,100,22.03125,100,22.44444466,0,20.81886482
2023/5/1 23:08,100,22.01504707,100,22.03125,100,22.44444466,0,20.81886482
2023/5/1 23:09,100,22.01504707,100,22.03125,100,22.54571724,0,20.81886482
2023/5/1 23:10,100,22.01504707,100,22.03125,100,22.54571724,0,20.81886482
2023/5/1 23:11,100,22.01504707,100,22.03125,100,22.44444466,0,20.81886482
2023/5/1 23:12,100,22.01504707,100,22.03125,100,22.4589119,0,20.81886482
2023/5/1 23:13,100,22.01504707,100,22.01678276,100,22.54571724,0,20.81886482
2023/5/1 23:14,100,22.01504707,100,22.03125,100,22.44444466,0,20.81886482
2023/5/1 23:15,100,22.01504707,100,22.03125,100,22.44444466,0,20.81886482
2023/5/1 23:16,100,22.01504707,100,22.03125,100,22.44444466,0,20.81886482
2023/5/1 23:17,100,22.01504707,100,22.03125,100,22.54571724,0,20.81886482
2023/5/1 23:18,100,22.01504707,100,22.03125,100,22.53125,0,20.81886482
2023/5/1 23:19,100,22.01504707,100,22.03125,100,22.54571724,0,20.81886482
2023/5/1 23:20,100,22.01504707,100,22.01678276,100,22.54571724,0,20.81886482
2023/5/1 23:21,100,22.01504707,100,22.03125,100,22.54571724,0,20.81886482
2023/5/1 23:22,100,22.01504707,100,22.03125,100,22.54571724,0,20.81886482
2023/5/1 23:23,100,22.01504707,100,22.03125,100,22.54571724,0,20.81886482
2023/5/1 23:24,100,22.01504707,100,22.03125,100,22.44444466,0,20.81886482
2023/5/1 23:25,100,22.01504707,100,22.03125,100,22.54571724,0,20.81886482
2023/5/1 23:26,100,22.01504707,100,22.03125,100,22.54571724,0,20.81886482
2023/5/1 23:27,100,22.01504707,100,22.01678276,100,22.54571724,0,20.81886482
2023/5/1 23:28,100,22.01504707,100,22.03125,100,22.44444466,0,20.81886482
2023/5/1 23:29,100,22.01504707,100,22.03125,100,22.44444466,0,20.81886482
2023/5/1 23:30,100,22.00057793,100,22.03125,100,22.44444466,0,20.81886482
2023/5/1 23:31,100,22.01504707,100,22.03125,100,22.44444466,0,20.81886482
2023/5/1 23:32,100,22.01504707,100,22.03125,100,22.54571724,0,20.81886482
2023/5/1 23:33,100,22.01504707,100,22.03125,100,22.53125,0,20.81886482
2023/5/1 23:34,100,22.01504707,100,22.03125,100,22.54571724,0,20.81886482
2023/5/1 23:35,100,22.01504707,100,22.03125,100,22.44444466,0,20.81886482
2023/5/1 23:36,100,22.01504707,100,22.01678276,100,22.53125,0,20.81886482
2023/5/1 23:37,100,22.01504707,100,22.03125,100,22.54571724,0,20.81886482
2023/5/1 23:38,100,22.01504707,100,22.13252258,100,22.44444466,0,20.81886482
2023/5/1 23:39,100,22.01504707,100,22.13252258,100,22.44444466,0,20.81886482
2023/5/1 23:40,100,22.01504707,100,22.11805534,100,22.53125,0,20.81886482
2023/5/1 23:41,100,22.01504707,100,22.08912086,100,22.54571724,0,20.81886482
2023/5/1 23:42,100,22.01504707,100,22.01678276,100,22.54571724,0,20.81886482
2023/5/1 23:43,100,22.01504707,100,22.11805534,100,22.54571724,0,20.81886482
2023/5/1 23:44,100,22.01504707,100,22.11805534,100,22.54571724,0,20.81886482
2023/5/1 23:45,100,22.01504707,100,22.11805534,100,22.54571724,0,20.81886482
2023/5/1 23:46,100,22.01504707,100,22.13252258,100,22.54571724,0,20.80439758
2023/5/1 23:47,100,22.01504707,100,22.13252258,100,22.54571724,0,20.81886482
2023/5/1 23:48,100,22.01504707,100,22.13252258,100,22.54571724,0,20.81886482
2023/5/1 23:49,100,22.01504707,100,22.13252258,100,22.54571724,0,20.81886482
2023/5/1 23:50,100,22.01504707,100,22.11805534,100,22.54571724,0,20.81886482
2023/5/1 23:51,100,22.01504707,100,22.11805534,100,22.54571724,0,20.81886482
2023/5/1 23:52,100,22.01504707,100,22.13252258,100,22.54571724,0,20.81886482
2023/5/1 23:53,100,22.01504707,100,22.13252258,100,22.54571724,0,20.81886482
2023/5/1 23:54,100,22.01504707,100,22.11805534,100,22.54571724,0,20.81886482
2023/5/1 23:55,100,22.01504707,100,22.13252258,100,22.54571724,0,20.81886482
2023/5/1 23:56,100,22.01504707,100,22.11805534,100,22.53125,0,20.81886482
2023/5/1 23:57,100,22.00057793,100,22.11805534,100,22.54571724,0,20.81886482
2023/5/1 23:58,100,22.01504707,100,22.11805534,100,22.54571724,0,20.81886482
2023/5/1 23:59,100,22.01504707,100,22.11805534,100,22.54571724,0,20.81886482
2023/5/2 0:00,100,22.01504707,100,22.11805534,100,22.54571724,0,20.81886482
2023/5/2 0:01,100,22.01504707,100,22.13252258,100,22.54571724,0,20.81886482
2023/5/2 0:02,100,22.01504707,100,22.11805534,100,22.54571724,0,20.81886482
2023/5/2 0:03,100,22.01504707,100,22.11805534,100,22.54571724,0,20.81886482
2023/5/2 0:04,100,22.01504707,100,22.11805534,100,22.54571724,0,20.81886482
2023/5/2 0:05,100,22.01504707,100,22.13252258,100,22.54571724,0,20.81886482
2023/5/2 0:06,100,22.01504707,100,22.13252258,100,22.54571724,0,20.81886482
2023/5/2 0:07,100,22.01504707,100,22.11805534,100,22.54571724,0,20.81886482
2023/5/2 0:08,100,22.01504707,100,22.11805534,100,22.54571724,0,20.81886482
2023/5/2 0:09,100,22.01504707,100,22.11805534,100,22.54571724,0,20.81886482
2023/5/2 0:10,100,22.01504707,100,22.13252258,100,22.54571724,0,20.81886482
2023/5/2 0:11,100,22.01504707,100,22.11805534,100,22.54571724,0,20.81886482
2023/5/2 0:12,100,22.01504707,100,22.11805534,100,22.54571724,0,20.81886482
2023/5/2 0:13,100,22.00057793,100,22.13252258,100,22.54571724,0,20.81886482
2023/5/2 0:14,100,22.01504707,100,22.11805534,100,22.58912086,0,20.81886482
2023/5/2 0:15,100,22.01504707,100,22.11805534,100,22.56018448,0,20.81886482
2023/5/2 0:16,100,22.01504707,100,22.11805534,100,22.6035881,0,20.81886482
2023/5/2 0:17,100,22.01504707,100,22.11805534,100,22.54571724,0,20.81886482
2023/5/2 0:18,100,22.01504707,100,22.11805534,100,22.53125,0,20.81886482
2023/5/2 0:19,100,22.01504707,100,22.11805534,100,22.54571724,0,20.81886482
2023/5/2 0:20,100,22.01504707,100,22.11805534,100,22.54571724,0,20.81886482
2023/5/2 0:21,100,22.01504707,100,22.13252258,100,22.54571724,0,20.81886482
2023/5/2 0:22,100,22.01504707,100,22.11805534,100,22.54571724,0,20.81886482
2023/5/2 0:23,100,22.01504707,100,22.11805534,100,22.54571724,0,20.81886482
2023/5/2 0:24,100,22.01504707,100,22.11805534,100,22.54571724,0,20.81886482
2023/5/2 0:25,100,22.01504707,100,22.11805534,100,22.54571724,0,20.81886482
2023/5/2 0:26,100,22.01504707,100,22.11805534,100,22.64698982,0,20.81886482
2023/5/2 0:27,100,22.01504707,100,22.11805534,100,22.64698982,0,20.81886482
2023/5/2 0:28,100,22.01504707,100,22.11805534,100,22.64698982,0,20.81886482
2023/5/2 0:29,100,22.01504707,100,22.11805534,100,22.63252258,0,20.81886482
2023/5/2 0:30,100,22.01504707,100,22.11805534,100,22.64698982,0,20.81886482
2023/5/2 0:31,100,22.01504707,100,22.11805534,100,22.63252258,0,20.81886482
2023/5/2 0:32,100,22.01504707,100,22.11805534,100,22.64698982,0,20.81886482
2023/5/2 0:33,100,22.01504707,100,22.11805534,100,22.64698982,0,20.81886482
2023/5/2 0:34,100,22.01504707,100,22.11805534,100,22.64698982,0,20.81886482
2023/5/2 0:35,100,22.01504707,100,22.11805534,100,22.64698982,0,20.81886482
2023/5/2 0:36,100,22.01504707,100,22.11805534,100,22.63252258,0,20.81886482
2023/5/2 0:37,100,22.01504707,100,22.11805534,100,22.64698982,0,20.81886482
2023/5/2 0:38,100,22.01504707,100,22.11805534,100,22.64698982,0,20.81886482
2023/5/2 0:39,100,22.01504707,100,22.11805534,100,22.64698982,0,20.81886482
2023/5/2 0:40,100,22.01504707,100,22.11805534,100,22.61805534,0,20.81886482
2023/5/2 0:41,100,22.01504707,100,22.11805534,100,22.54571724,0,20.81886482
2023/5/2 0:42,100,22.01504707,100,22.11805534,100,22.64698982,0,20.81886482
2023/5/2 0:43,100,22.01504707,100,22.11805534,100,22.63252258,0,20.81886482
2023/5/2 0:44,100,22.01504707,100,22.11805534,100,22.64698982,0,20.81886482
2023/5/2 0:45,100,22.01504707,100,22.11805534,100,22.64698982,0,20.81886482
2023/5/2 0:46,100,22.01504707,100,22.11805534,100,22.64698982,0,20.81886482
2023/5/2 0:47,100,22.01504707,100,22.11805534,100,22.64698982,0,20.81886482
2023/5/2 0:48,100,22.01504707,100,22.11805534,100,22.64698982,0,20.81886482
2023/5/2 0:49,100,22.01504707,100,22.11805534,100,22.64698982,0,20.81886482
2023/5/2 0:50,100,22.01504707,100,22.11805534,100,22.64698982,0,20.81886482
2023/5/2 0:51,100,22.01504707,100,22.11805534,100,22.64698982,0,20.81886482
2023/5/2 0:52,100,22.01504707,100,22.11805534,100,22.64698982,0,20.81886482
2023/5/2 0:53,100,22.01504707,100,22.11805534,100,22.64698982,0,20.81886482
2023/5/2 0:54,100,22.01504707,100,22.11805534,100,22.64698982,0,20.81886482
2023/5/2 0:55,100,22.01504707,100,22.11805534,100,22.64698982,0,20.81886482
2023/5/2 0:56,100,22.00057793,100,22.11805534,100,22.64698982,0,20.81886482
2023/5/2 0:57,100,22.01504707,100,22.11805534,100,22.64698982,0,20.80439758
2023/5/2 0:58,100,22.01504707,100,22.11805534,100,22.64698982,0,20.81886482
2023/5/2 0:59,100,22.01504707,100,22.11805534,100,22.66145706,0,20.81886482
2023/5/2 1:00,100,22.01504707,100,22.11805534,100,22.64698982,0,20.83333206
2023/5/2 1:01,100,22.01504707,100,22.11805534,100,22.64698982,0,20.81886482
2023/5/2 1:02,100,22.01504707,100,22.11805534,100,22.64698982,0,20.81886482
2023/5/2 1:03,100,22.01504707,100,22.11805534,100,22.64698982,0,20.81886482
2023/5/2 1:04,100,22.01504707,100,22.11805534,100,22.64698982,0,20.83333206
2023/5/2 1:05,100,22.01504707,100,22.11805534,100,22.64698982,0,20.86226845
2023/5/2 1:06,100,22.01504707,100,22.11805534,100,22.64698982,0,20.81886482
2023/5/2 1:07,100,22.01504707,100,22.11805534,100,22.64698982,0,20.84780121
2023/5/2 1:08,100,22.01504707,100,22.11805534,100,22.64698982,0,20.92013931
2023/5/2 1:09,100,22.01504707,100,22.11805534,100,22.64698982,0,20.92013931
2023/5/2 1:10,100,22.01504707,100,22.11805534,100,22.64698982,0,20.92013931
2023/5/2 1:11,100,22.01504707,100,22.11805534,100,22.64698982,0,20.90567207
2023/5/2 1:12,100,22.01504707,100,22.11805534,100,22.64698982,0,20.92013931
2023/5/2 1:13,100,22.01504707,100,22.11805534,100,22.64698982,0,20.92013931
2023/5/2 1:14,100,22.01504707,100,22.11805534,100,22.64698982,0,20.92013931
2023/5/2 1:15,100,22.01504707,100,22.11805534,100,22.64698982,0,20.92013931
2023/5/2 1:16,100,22.01504707,100,22.11805534,100,22.67592621,0,20.87673569
2023/5/2 1:17,100,22.01504707,100,22.11805534,100,22.63252258,0,20.92013931
2023/5/2 1:18,100,22.05844879,100,22.11805534,100,22.64698982,0,20.92013931
2023/5/2 1:19,100,22.11631966,100,22.11805534,100,22.64698982,0,20.92013931
2023/5/2 1:20,100,22.11631966,100,22.11805534,100,22.64698982,0,20.92013931
2023/5/2 1:21,100,22.11631966,100,22.11805534,100,22.63252258,0,20.92013931
2023/5/2 1:22,100,22.07291794,100,22.11805534,100,22.64698982,0,20.92013931
2023/5/2 1:23,100,22.01504707,100,22.11805534,100,22.64698982,0,20.92013931
2023/5/2 1:24,100,22.11631966,100,22.11805534,100,22.63252258,0,20.92013931
2023/5/2 1:25,100,22.11631966,100,22.11805534,100,22.64698982,0,20.92013931
2023/5/2 1:26,100,22.11631966,100,22.11805534,100,22.63252258,0,20.92013931
2023/5/2 1:27,100,22.11631966,100,22.11805534,100,22.64698982,0,20.92013931
2023/5/2 1:28,100,22.11631966,100,22.11805534,100,22.64698982,0,20.92013931
2023/5/2 1:29,100,22.11631966,100,22.11805534,100,22.63252258,0,20.92013931
2023/5/2 1:30,100,22.11631966,100,22.11805534,100,22.64698982,0,20.92013931
2023/5/2 1:31,100,22.11631966,100,22.11805534,100,22.64698982,0,20.92013931
2023/5/2 1:32,100,22.11631966,100,22.11805534,100,22.64698982,0,20.92013931
2023/5/2 1:33,100,22.11631966,100,22.11805534,100,22.64698982,0,20.92013931
2023/5/2 1:34,100,22.11631966,100,22.11805534,100,22.64698982,0,20.92013931
2023/5/2 1:35,100,22.11631966,100,22.11805534,100,22.64698982,0,20.92013931
2023/5/2 1:36,100,22.11631966,100,22.11805534,100,22.64698982,0,20.92013931
2023/5/2 1:37,100,22.10185242,100,22.11805534,100,22.64698982,0,20.92013931
2023/5/2 1:38,100,22.11631966,100,22.11805534,100,22.64698982,0,20.92013931
2023/5/2 1:39,100,22.11631966,100,22.11805534,100,22.64698982,0,20.92013931
2023/5/2 1:40,100,22.11631966,100,22.11805534,100,22.64698982,0,20.92013931
2023/5/2 1:41,100,22.11631966,100,22.11805534,100,22.64698982,0,20.92013931
2023/5/2 1:42,100,22.11631966,100,22.11805534,100,22.64698982,0,20.92013931
2023/5/2 1:43,100,22.11631966,100,22.11805534,100,22.64698982,0,20.92013931
2023/5/2 1:44,100,22.11631966,100,22.11805534,100,22.71932793,0,20.90567207
2023/5/2 1:45,100,22.11631966,100,22.11805534,100,22.64698982,0,20.92013931
2023/5/2 1:46,100,22.11631966,100,22.11805534,100,22.64698982,0,20.92013931
2023/5/2 1:47,100,22.11631966,100,22.11805534,100,22.64698982,0,20.92013931
2023/5/2 1:48,100,22.11631966,100,22.11805534,100,22.64698982,0,20.92013931
2023/5/2 1:49,100,22.11631966,100,22.11805534,100,22.64698982,0,20.90567207
2023/5/2 1:50,100,22.11631966,100,22.1035881,100,22.66145706,0,20.92013931
2023/5/2 1:51,100,22.11631966,100,22.11805534,100,22.64698982,0,20.92013931
2023/5/2 1:52,100,22.11631966,100,22.11805534,100,22.64698982,0,20.92013931
2023/5/2 1:53,100,22.11631966,100,22.11805534,100,22.64698982,0,20.90567207
2023/5/2 1:54,100,22.10185242,100,22.11805534,100,22.67592621,0,20.92013931
2023/5/2 1:55,100,22.11631966,100,22.11805534,100,22.74826431,0,20.92013931
2023/5/2 1:56,100,22.11631966,100,22.11805534,100,22.74826431,0,20.92013931
2023/5/2 1:57,100,22.11631966,100,22.11805534,100,22.64698982,0,20.92013931
2023/5/2 1:58,100,22.10185242,100,22.11805534,100,22.64698982,0,20.92013931
2023/5/2 1:59,100,22.11631966,100,22.11805534,100,22.64698982,0,20.92013931
2023/5/2 2:00,100,22.11631966,100,22.11805534,100,22.64698982,0,20.92013931
2023/5/2 2:01,100,22.11631966,100,22.11805534,100,22.64698982,0,20.92013931
2023/5/2 2:02,100,22.11631966,100,22.11805534,100,22.66145706,0,20.92013931
2023/5/2 2:03,100,22.11631966,100,22.11805534,100,22.74826431,0,20.92013931
2023/5/2 2:04,100,22.11631966,100,22.11805534,100,22.74826431,0,20.92013931
2023/5/2 2:05,100,22.11631966,100,22.11805534,100,22.74826431,0,20.92013931
2023/5/2 2:06,100,22.11631966,100,22.11805534,100,22.74826431,0,20.92013931
2023/5/2 2:07,100,22.11631966,100,22.11805534,100,22.74826431,0,20.92013931
2023/5/2 2:08,100,22.11631966,100,22.11805534,100,22.74826431,0,20.92013931
2023/5/2 2:09,100,22.11631966,100,22.11805534,100,22.74826431,0,20.92013931
2023/5/2 2:10,100,22.11631966,100,22.11805534,100,22.74826431,0,20.92013931
2023/5/2 2:11,100,22.11631966,100,22.11805534,100,22.74826431,0,20.92013931
2023/5/2 2:12,100,22.11631966,100,22.11805534,100,22.64698982,0,20.92013931
2023/5/2 2:13,100,22.11631966,100,22.11805534,100,22.74826431,0,20.92013931
2023/5/2 2:14,100,22.11631966,100,22.11805534,100,22.74826431,0,20.92013931
2023/5/2 2:15,100,22.10185242,100,22.17592621,100,22.74826431,0,20.92013931
2023/5/2 2:16,100,22.11631966,100,22.14698982,100,22.74826431,0,20.92013931
2023/5/2 2:17,100,22.11631966,100,22.19039345,100,22.74826431,0,20.92013931
2023/5/2 2:18,100,22.11631966,100,22.11805534,100,22.74826431,0,20.92013931
2023/5/2 2:19,100,22.10185242,100,22.11805534,100,22.74826431,0,20.90567207
2023/5/2 2:20,100,22.11631966,100,22.1035881,100,22.74826431,0,20.92013931
2023/5/2 2:21,100,22.11631966,100,22.11805534,100,22.74826431,0,20.92013931
2023/5/2 2:22,100,22.11631966,100,22.11805534,100,22.74826431,0,20.92013931
2023/5/2 2:23,100,22.10185242,100,22.20486069,100,22.74826431,0,20.92013931
2023/5/2 2:24,100,22.11631966,100,22.21932793,100,22.74826431,0,20.92013931
2023/5/2 2:25,100,22.11631966,100,22.20486069,100,22.74826431,0,20.92013931
2023/5/2 2:26,100,22.11631966,100,22.14698982,100,22.74826431,0,20.92013931
2023/5/2 2:27,100,22.11631966,100,22.21932793,100,22.74826431,0,20.92013931
2023/5/2 2:28,100,22.11631966,100,22.21932793,100,22.74826431,0,20.92013931
2023/5/2 2:29,100,22.10185242,100,22.21932793,100,22.74826431,0,20.92013931
2023/5/2 2:30,100,22.11631966,100,22.21932793,100,22.74826431,0,20.92013931
2023/5/2 2:31,100,22.11631966,100,22.21932793,100,22.74826431,0,20.92013931
2023/5/2 2:32,100,22.11631966,100,22.21932793,100,22.74826431,0,20.92013931
2023/5/2 2:33,100,22.11631966,100,22.21932793,100,22.74826431,0,20.92013931
2023/5/2 2:34,100,22.11631966,100,22.21932793,100,22.74826431,0,20.92013931
2023/5/2 2:35,100,22.11631966,100,22.21932793,100,22.74826431,0,20.92013931
2023/5/2 2:36,100,22.11631966,100,22.21932793,100,22.74826431,0,20.92013931
2023/5/2 2:37,100,22.11631966,100,22.21932793,100,22.74826431,0,20.92013931
2023/5/2 2:38,100,22.11631966,100,22.21932793,100,22.74826431,0,20.92013931
2023/5/2 2:39,100,22.11631966,100,22.21932793,100,22.74826431,0,20.92013931
2023/5/2 2:40,100,22.11631966,100,22.21932793,100,22.74826431,0,20.92013931
2023/5/2 2:41,100,22.11631966,100,22.21932793,100,22.74826431,0,20.92013931
2023/5/2 2:42,100,22.11631966,100,22.21932793,100,22.74826431,0,20.92013931
2023/5/2 2:43,100,22.11631966,100,22.21932793,100,22.74826431,0,20.92013931
2023/5/2 2:44,100,22.11631966,100,22.21932793,100,22.74826431,0,20.92013931
2023/5/2 2:45,100,22.11631966,100,22.21932793,100,22.73379707,0,20.92013931
2023/5/2 2:46,100,22.11631966,100,22.21932793,100,22.74826431,0,20.92013931
2023/5/2 2:47,100,22.11631966,100,22.21932793,100,22.74826431,0,20.92013931
2023/5/2 2:48,100,22.11631966,100,22.21932793,100,22.74826431,0,20.92013931
2023/5/2 2:49,100,22.11631966,100,22.21932793,100,22.74826431,0,20.92013931
2023/5/2 2:50,100,22.11631966,100,22.21932793,100,22.74826431,0,20.92013931
2023/5/2 2:51,100,22.11631966,100,22.21932793,100,22.74826431,0,20.92013931
2023/5/2 2:52,100,22.11631966,100,22.21932793,100,22.74826431,0,20.92013931
2023/5/2 2:53,100,22.11631966,100,22.21932793,100,22.74826431,0,20.99247742
2023/5/2 2:54,100,22.11631966,100,22.21932793,100,22.74826431,0,20.92013931
2023/5/2 2:55,100,22.11631966,100,22.21932793,100,22.74826431,0,20.92013931
2023/5/2 2:56,100,22.11631966,100,22.21932793,100,22.74826431,0,20.92013931
2023/5/2 2:57,100,22.11631966,100,22.21932793,100,22.8495369,0,20.92013931
2023/5/2 2:58,100,22.11631966,100,22.21932793,100,22.79166794,0,21.00694466
2023/5/2 2:59,100,22.11631966,100,22.21932793,100,22.74826431,0,20.92013931
2023/5/2 3:00,100,22.11631966,100,22.21932793,100,22.77719879,0,20.94907379
2023/5/2 3:01,100,22.11631966,100,22.21932793,100,22.76273155,0,21.00694466
2023/5/2 3:02,100,22.11631966,100,22.21932793,100,22.74826431,0,21.00694466
2023/5/2 3:03,100,22.11631966,100,22.21932793,100,22.74826431,0,21.0214119
2023/5/2 3:04,100,22.11631966,100,22.21932793,100,22.74826431,0,21.0214119
2023/5/2 3:05,100,22.11631966,100,22.20486069,100,22.74826431,0,21.0214119
2023/5/2 3:06,100,22.11631966,100,22.21932793,100,22.8495369,0,21.00694466
2023/5/2 3:07,100,22.11631966,100,22.32060242,100,22.8495369,0,21.0214119
2023/5/2 3:08,100,22.11631966,100,22.21932793,100,22.8495369,0,21.0214119
2023/5/2 3:09,100,22.11631966,100,22.21932793,100,22.83506966,0,21.00694466
2023/5/2 3:10,100,22.11631966,100,22.21932793,100,22.8495369,0,21.0214119
2023/5/2 3:11,100,22.11631966,100,22.21932793,100,22.8495369,0,21.0214119
2023/5/2 3:12,100,22.11631966,100,22.21932793,100,22.8495369,0,21.0214119
2023/5/2 3:13,100,22.11631966,100,22.21932793,100,22.8495369,0,21.0214119
2023/5/2 3:14,100,22.11631966,100,22.21932793,100,22.8495369,0,21.0214119
2023/5/2 3:15,100,22.11631966,100,22.21932793,100,22.8495369,0,21.0214119
2023/5/2 3:16,100,22.11631966,100,22.21932793,100,22.8495369,0,21.0214119
2023/5/2 3:17,100,22.11631966,100,22.21932793,100,22.83506966,0,21.0214119
2023/5/2 3:18,100,22.10185242,100,22.21932793,100,22.8495369,0,21.00694466
2023/5/2 3:19,100,22.11631966,100,22.20486069,100,22.8495369,0,21.0214119
2023/5/2 3:20,100,22.11631966,100,22.21932793,100,22.8495369,0,21.0214119
2023/5/2 3:21,100,22.11631966,100,22.21932793,100,22.8495369,0,21.00694466
2023/5/2 3:22,100,22.11631966,100,22.21932793,100,22.76273155,0,21.00694466
2023/5/2 3:23,100,22.11631966,100,22.21932793,100,22.83506966,0,21.0214119
2023/5/2 3:24,100,22.10185242,100,22.24826431,100,22.8495369,0,21.0214119
2023/5/2 3:25,100,22.11631966,100,22.32060242,100,22.8495369,0,21.00694466
2023/5/2 3:26,100,22.11631966,100,22.32060242,100,22.8495369,0,21.0214119
2023/5/2 3:27,100,22.11631966,100,22.32060242,100,22.8495369,0,21.0214119
2023/5/2 3:28,100,22.11631966,100,22.21932793,100,22.83506966,0,21.0214119
2023/5/2 3:29,100,22.11631966,100,22.32060242,100,22.8495369,0,21.0214119
2023/5/2 3:30,100,22.11631966,100,22.32060242,100,22.8495369,0,21.0214119
2023/5/2 3:31,100,22.11631966,100,22.32060242,100,22.8495369,0,21.0214119
2023/5/2 3:32,100,22.11631966,100,22.32060242,100,22.8495369,0,21.0214119
2023/5/2 3:33,100,22.11631966,100,22.32060242,100,22.8495369,0,21.0214119
2023/5/2 3:34,100,22.11631966,100,22.32060242,100,22.8495369,0,21.0214119
2023/5/2 3:35,100,22.11631966,100,22.32060242,100,22.8495369,0,21.0214119
2023/5/2 3:36,100,22.11631966,100,22.32060242,100,22.8495369,0,21.00694466
2023/5/2 3:37,100,22.11631966,100,22.32060242,100,22.8495369,0,21.0214119
2023/5/2 3:38,100,22.11631966,100,22.32060242,100,22.8495369,0,21.0214119
2023/5/2 3:39,100,22.11631966,100,22.32060242,100,22.8495369,0,21.0214119
2023/5/2 3:40,100,22.11631966,100,22.32060242,100,22.8495369,0,21.0214119
2023/5/2 3:41,100,22.11631966,100,22.32060242,100,22.8495369,0,21.0214119
2023/5/2 3:42,100,22.11631966,100,22.32060242,100,22.8495369,0,21.0214119
2023/5/2 3:43,100,22.11631966,100,22.32060242,100,22.8495369,0,21.0214119
2023/5/2 3:44,100,22.11631966,100,22.32060242,100,22.8495369,0,21.0214119
2023/5/2 3:45,100,22.11631966,100,22.32060242,100,22.8495369,0,21.0214119
2023/5/2 3:46,100,22.11631966,100,22.32060242,100,22.8495369,0,21.0214119
2023/5/2 3:47,100,22.11631966,100,22.30613518,100,22.8495369,0,21.0214119
2023/5/2 3:48,100,22.11631966,100,22.32060242,100,22.8495369,0,21.0214119
2023/5/2 3:49,100,22.203125,100,22.32060242,100,22.8495369,0,21.0214119
2023/5/2 3:50,100,22.11631966,100,22.32060242,100,22.8495369,0,21.0214119
2023/5/2 3:51,100,22.21759224,100,22.32060242,100,22.8495369,0,21.00694466
2023/5/2 3:52,100,22.21759224,100,22.32060242,100,22.8495369,0,21.0214119
2023/5/2 3:53,100,22.21759224,100,22.32060242,100,22.95080948,0,21.0214119
2023/5/2 3:54,100,22.21759224,100,22.32060242,100,22.95080948,0,21.0214119
2023/5/2 3:55,100,22.21759224,100,22.32060242,100,22.95080948,0,21.00694466
2023/5/2 3:56,100,22.21759224,100,22.32060242,100,22.95080948,0,21.0214119
2023/5/2 3:57,100,22.21759224,100,22.32060242,100,22.8495369,0,21.0214119
2023/5/2 3:58,100,22.21759224,100,22.32060242,100,22.8495369,0,21.00694466
2023/5/2 3:59,100,22.21759224,100,22.30613518,100,22.8495369,0,21.0214119
2023/5/2 4:00,100,22.21759224,100,22.32060242,100,22.95080948,0,21.0214119
2023/5/2 4:01,100,22.21759224,100,22.32060242,100,22.95080948,0,21.0214119
2023/5/2 4:02,100,22.21759224,100,22.32060242,100,22.95080948,0,21.0214119
2023/5/2 4:03,100,22.21759224,100,22.32060242,100,22.95080948,0,21.0214119
2023/5/2 4:04,100,22.21759224,100,22.32060242,100,22.95080948,0,21.0214119
2023/5/2 4:05,100,22.21759224,100,22.32060242,100,22.95080948,0,21.0214119
2023/5/2 4:06,100,22.21759224,100,22.32060242,100,22.95080948,0,21.0214119
2023/5/2 4:07,100,22.21759224,100,22.32060242,100,22.95080948,0,21.0214119
2023/5/2 4:08,100,22.21759224,100,22.32060242,100,22.95080948,0,21.0214119
2023/5/2 4:09,100,22.21759224,100,22.421875,100,22.95080948,0,21.0214119
2023/5/2 4:10,100,22.21759224,100,22.421875,100,22.95080948,0,21.0214119
2023/5/2 4:11,100,22.21759224,100,22.40740776,100,22.95080948,0,21.0214119
2023/5/2 4:12,100,22.21759224,100,22.32060242,100,22.95080948,0,21.0214119
2023/5/2 4:13,100,22.21759224,100,22.40740776,100,22.95080948,0,21.0214119
2023/5/2 4:14,100,22.21759224,100,22.421875,100,22.95080948,0,21.0214119
2023/5/2 4:15,100,22.21759224,100,22.421875,100,22.95080948,0,21.0214119
2023/5/2 4:16,100,22.21759224,100,22.40740776,100,22.95080948,0,21.0214119
2023/5/2 4:17,100,22.203125,100,22.36400414,100,22.95080948,0,21.0214119
2023/5/2 4:18,100,22.21759224,100,22.421875,100,22.95080948,0,21.0214119
2023/5/2 4:19,100,22.21759224,100,22.3495369,100,22.95080948,0,21.0214119
2023/5/2 4:20,100,22.21759224,100,22.421875,100,22.95080948,0,21.00694466
2023/5/2 4:21,100,22.203125,100,22.421875,100,22.95080948,0,21.0214119
2023/5/2 4:22,100,22.21759224,100,22.40740776,100,22.95080948,0,21.0214119
2023/5/2 4:23,100,22.21759224,100,22.421875,100,22.95080948,0,21.0214119
2023/5/2 4:24,100,22.21759224,100,22.421875,100,22.95080948,0,21.0214119
2023/5/2 4:25,100,22.21759224,100,22.421875,100,22.93634224,0,21.0214119
2023/5/2 4:26,100,22.21759224,100,22.421875,100,22.95080948,0,21.0214119
2023/5/2 4:27,100,22.21759224,100,22.421875,100,22.95080948,0,21.0214119
2023/5/2 4:28,100,22.21759224,100,22.40740776,100,22.95080948,0,21.0214119
2023/5/2 4:29,100,22.203125,100,22.421875,100,22.95080948,0,21.0214119
2023/5/2 4:30,100,22.21759224,100,22.421875,100,22.95080948,0,21.0214119
2023/5/2 4:31,100,22.21759224,100,22.421875,100,22.95080948,0,21.0214119
2023/5/2 4:32,100,22.21759224,100,22.421875,100,22.95080948,0,21.0214119
2023/5/2 4:33,100,22.21759224,100,22.421875,100,22.95080948,0,21.0214119
2023/5/2 4:34,100,22.21759224,100,22.421875,100,22.95080948,0,21.0214119
2023/5/2 4:35,100,22.21759224,100,22.421875,100,22.93634224,0,21.0214119
2023/5/2 4:36,100,22.21759224,100,22.421875,100,22.95080948,0,21.0214119
2023/5/2 4:37,100,22.21759224,100,22.421875,100,22.95080948,0,21.0214119
2023/5/2 4:38,100,22.21759224,100,22.421875,100,22.95080948,0,21.00694466
2023/5/2 4:39,100,22.21759224,100,22.421875,100,23.02314758,0,21.0214119
2023/5/2 4:40,100,22.21759224,100,22.40740776,100,23.03761482,0,21.0214119
2023/5/2 4:41,100,22.21759224,100,22.421875,100,23.03761482,0,21.0214119
2023/5/2 4:42,100,22.21759224,100,22.421875,100,23.03761482,0,21.0214119
2023/5/2 4:43,100,22.21759224,100,22.421875,100,23.03761482,0,21.0214119
2023/5/2 4:44,100,22.21759224,100,22.421875,100,23.03761482,0,21.0214119
2023/5/2 4:45,100,22.21759224,100,22.421875,100,23.03761482,0,21.0214119
2023/5/2 4:46,100,22.21759224,100,22.421875,100,23.03761482,0,21.0214119
2023/5/2 4:47,100,22.31886482,100,22.40740776,100,23.03761482,0,21.0214119
2023/5/2 4:48,100,22.31886482,100,22.421875,100,23.03761482,0,21.0214119
2023/5/2 4:49,100,22.31886482,100,22.52314758,100,23.03761482,0,21.0214119
2023/5/2 4:50,100,22.31886482,100,22.52314758,100,23.03761482,0,21.0214119
2023/5/2 4:51,100,22.31886482,100,22.421875,100,23.03761482,0,21.0214119
2023/5/2 4:52,100,22.31886482,100,22.421875,100,23.03761482,0,21.0214119
2023/5/2 4:53,100,22.31886482,100,22.421875,100,23.03761482,0,21.00694466
2023/5/2 4:54,100,22.31886482,100,22.421875,100,23.03761482,0,21.0214119
2023/5/2 4:55,100,22.31886482,100,22.52314758,100,23.03761482,0,21.0214119
2023/5/2 4:56,100,22.31886482,100,22.52314758,100,23.03761482,0,21.0214119
2023/5/2 4:57,100,22.31886482,100,22.52314758,100,23.03761482,0,21.0214119
2023/5/2 4:58,100,22.31886482,100,22.52314758,100,23.03761482,0,21.0214119
2023/5/2 4:59,100,22.31886482,100,22.45080948,100,23.03761482,0,21.0214119
2023/5/2 5:00,100,22.31886482,100,22.43634224,100,23.03761482,0,21.0214119
2023/5/2 5:01,100,22.31886482,100,22.52314758,100,23.03761482,0,21.0214119
2023/5/2 5:02,100,22.31886482,100,22.52314758,100,23.03761482,0,21.0214119
2023/5/2 5:03,100,22.31886482,100,22.52314758,100,23.03761482,0,21.0214119
2023/5/2 5:04,100,22.31886482,100,22.52314758,100,23.03761482,0,21.0214119
2023/5/2 5:05,100,22.31886482,100,22.43634224,100,23.03761482,0,21.0214119
2023/5/2 5:06,100,22.31886482,100,22.421875,100,23.03761482,0,21.0214119
2023/5/2 5:07,100,22.31886482,100,22.52314758,100,23.03761482,0,21.00694466
2023/5/2 5:08,100,22.31886482,100,22.50868034,100,23.03761482,0,21.0214119
2023/5/2 5:09,100,22.30439758,100,22.52314758,100,23.03761482,0,21.0214119
2023/5/2 5:10,100,22.31886482,100,22.50868034,100,23.03761482,0,21.00694466
2023/5/2 5:11,100,22.31886482,100,22.52314758,100,23.03761482,0,21.0214119
2023/5/2 5:12,100,22.31886482,100,22.52314758,100,23.03761482,0,21.0214119
2023/5/2 5:13,100,22.30439758,100,22.52314758,100,23.03761482,0,21.0214119
2023/5/2 5:14,100,22.31886482,100,22.52314758,100,23.03761482,0,21.0214119
2023/5/2 5:15,100,22.31886482,100,22.52314758,100,23.03761482,0,21.0214119
2023/5/2 5:16,100,22.31886482,100,22.52314758,100,23.03761482,0,21.0214119
2023/5/2 5:17,100,22.31886482,100,22.50868034,100,23.03761482,0,21.0214119
2023/5/2 5:18,100,22.30439758,100,22.52314758,100,23.03761482,0,21.0214119
2023/5/2 5:19,100,22.31886482,100,22.52314758,100,23.03761482,0,21.0214119
2023/5/2 5:20,100,22.31886482,100,22.52314758,100,23.03761482,0,21.00694466
2023/5/2 5:21,100,22.31886482,100,22.52314758,100,23.03761482,0,21.0214119
2023/5/2 5:22,100,22.31886482,100,22.52314758,100,23.03761482,0,21.0214119
2023/5/2 5:23,100,22.31886482,100,22.50868034,100,23.03761482,0,21.05034828
2023/5/2 5:24,100,22.31886482,100,22.52314758,100,23.03761482,0,21.0214119
2023/5/2 5:25,100,22.30439758,100,22.52314758,100,23.03761482,0,21.0214119
2023/5/2 5:26,100,22.31886482,100,22.52314758,100,23.03761482,0,21.05034828
2023/5/2 5:27,100,22.31886482,100,22.52314758,100,23.03761482,0,21.0214119
2023/5/2 5:28,100,22.31886482,100,22.52314758,100,23.03761482,0,21.0214119
2023/5/2 5:29,100,22.31886482,100,22.52314758,100,23.03761482,0,21.0214119
2023/5/2 5:30,100,22.31886482,100,22.52314758,100,23.03761482,0,21.0214119
2023/5/2 5:31,100,22.31886482,100,22.52314758,100,23.03761482,0,21.0214119
2023/5/2 5:32,100,22.31886482,100,22.50868034,100,23.03761482,0,21.0214119
2023/5/2 5:33,100,22.31886482,100,22.53761482,100,23.03761482,0,21.09375
2023/5/2 5:34,100,22.31886482,100,22.59548569,100,23.03761482,0,21.06481552
2023/5/2 5:35,100,22.31886482,100,22.62442207,100,23.03761482,0,21.0214119
2023/5/2 5:36,100,22.31886482,100,22.56655121,100,23.03761482,0,21.03587914
2023/5/2 5:37,100,22.31886482,100,22.59548569,100,23.03761482,0,21.12268448
2023/5/2 5:38,100,22.31886482,100,22.58101845,100,23.03761482,0,21.10821724
2023/5/2 5:39,100,22.31886482,100,22.53761482,100,23.03761482,0,21.06481552
2023/5/2 5:40,100,22.31886482,100,22.52314758,100,23.03761482,0,21.12268448
2023/5/2 5:41,100,22.30439758,100,22.62442207,100,23.03761482,0,21.12268448
2023/5/2 5:42,100,22.42013931,100,22.62442207,100,23.03761482,0,21.09375
2023/5/2 5:43,100,22.34780121,100,22.62442207,100,23.03761482,0,21.12268448
2023/5/2 5:44,100,22.37673569,100,22.62442207,100,23.03761482,0,21.12268448
2023/5/2 5:45,100,22.40567207,100,22.62442207,100,23.03761482,0,21.12268448
2023/5/2 5:46,100,22.42013931,100,22.60995293,100,23.03761482,0,21.05034828
2023/5/2 5:47,100,22.42013931,100,22.62442207,100,23.03761482,0,21.12268448
2023/5/2 5:48,100,22.42013931,100,22.62442207,100,23.03761482,0,21.12268448
2023/5/2 5:49,100,22.42013931,100,22.62442207,100,23.03761482,0,21.06481552
2023/5/2 5:50,100,22.42013931,100,22.62442207,100,23.03761482,0,21.12268448
2023/5/2 5:51,100,22.42013931,100,22.62442207,100,23.03761482,0,21.12268448
2023/5/2 5:52,100,22.42013931,100,22.62442207,100,23.03761482,0,21.12268448
2023/5/2 5:53,100,22.42013931,100,22.62442207,100,23.03761482,0,21.06481552
2023/5/2 5:54,100,22.42013931,100,22.62442207,100,23.03761482,0,21.12268448
2023/5/2 5:55,100,22.42013931,100,22.62442207,100,23.13888931,0,21.12268448
2023/5/2 5:56,100,22.40567207,100,22.62442207,100,23.13888931,0,21.12268448
2023/5/2 5:57,100,22.42013931,100,22.62442207,100,23.13888931,0,21.12268448
2023/5/2 5:58,100,22.42013931,100,22.62442207,100,23.13888931,0,21.12268448
2023/5/2 5:59,100,22.42013931,100,22.62442207,100,23.13888931,0,21.12268448
2023/5/2 6:00,100,22.42013931,100,22.62442207,100,23.13888931,0,21.12268448
2023/5/2 6:01,100,22.40567207,100,22.62442207,100,23.13888931,0,21.12268448
2023/5/2 6:02,100,22.42013931,100,22.62442207,100,23.13888931,0,21.12268448
2023/5/2 6:03,100,22.42013931,100,22.62442207,100,23.13888931,0,21.12268448
2023/5/2 6:04,100,22.42013931,100,22.62442207,100,23.13888931,0,21.12268448
2023/5/2 6:05,100,22.42013931,100,22.62442207,100,23.13888931,0,21.12268448
2023/5/2 6:06,100,22.42013931,100,22.62442207,100,23.13888931,0,21.12268448
2023/5/2 6:07,100,22.40567207,100,22.62442207,100,23.13888931,0,21.12268448
2023/5/2 6:08,100,22.40567207,100,22.62442207,100,23.13888931,0,21.12268448
2023/5/2 6:09,100,22.42013931,100,22.60995293,100,23.13888931,0,21.12268448
2023/5/2 6:10,100,22.42013931,100,22.62442207,100,23.13888931,0,21.10821724
2023/5/2 6:11,100,22.42013931,100,22.62442207,100,23.13888931,0,21.10821724
2023/5/2 6:12,100,22.42013931,100,22.62442207,100,23.13888931,0,21.12268448
2023/5/2 6:13,100,22.42013931,100,22.62442207,100,23.13888931,0,21.12268448
2023/5/2 6:14,100,22.42013931,100,22.62442207,100,23.13888931,0,21.12268448
2023/5/2 6:15,100,22.42013931,100,22.60995293,100,23.13888931,0,21.12268448
2023/5/2 6:16,100,22.42013931,100,22.62442207,100,23.13888931,0,21.12268448
2023/5/2 6:17,100,22.42013931,100,22.62442207,100,23.13888931,0,21.12268448
2023/5/2 6:18,100,22.42013931,100,22.62442207,100,23.13888931,0,21.12268448
2023/5/2 6:19,100,22.42013931,100,22.62442207,100,23.13888931,0,21.12268448
2023/5/2 6:20,100,22.42013931,100,22.62442207,100,23.13888931,0,21.12268448
2023/5/2 6:21,100,22.42013931,100,22.62442207,100,23.13888931,0,21.12268448
2023/5/2 6:22,100,22.42013931,100,22.62442207,100,23.13888931,0,21.12268448
2023/5/2 6:23,100,22.42013931,100,22.68229294,100,23.13888931,0,21.10821724
2023/5/2 6:24,100,22.42013931,100,22.71122742,100,23.13888931,0,21.12268448
2023/5/2 6:25,100,22.42013931,100,22.71122742,100,23.13888931,0,21.12268448
2023/5/2 6:26,100,22.42013931,100,22.71122742,100,23.2401619,0,21.12268448
2023/5/2 6:27,100,22.42013931,100,22.71122742,100,23.2401619,0,21.12268448
2023/5/2 6:28,100,22.42013931,100,22.71122742,100,23.2401619,0,21.12268448
2023/5/2 6:29,100,22.40567207,100,22.72569466,100,23.2401619,0,21.12268448
2023/5/2 6:30,100,22.42013931,100,22.71122742,100,23.2401619,0,21.12268448
2023/5/2 6:31,100,22.42013931,100,22.72569466,100,23.2401619,0,21.12268448
2023/5/2 6:32,100,22.42013931,100,22.72569466,100,23.2401619,0,21.12268448
2023/5/2 6:33,100,22.40567207,100,22.71122742,100,23.2401619,0,21.12268448
2023/5/2 6:34,100,22.42013931,100,22.72569466,100,23.2401619,0,21.12268448
2023/5/2 6:35,100,22.42013931,100,22.71122742,100,23.2401619,0,21.12268448
2023/5/2 6:36,100,22.42013931,100,22.71122742,100,23.2401619,0,21.12268448
2023/5/2 6:37,100,22.42013931,100,22.71122742,100,23.2401619,0,21.12268448
2023/5/2 6:38,100,22.42013931,100,22.71122742,100,23.2401619,0,21.12268448
2023/5/2 6:39,100,22.42013931,100,22.71122742,100,23.2401619,0,21.12268448
2023/5/2 6:40,100,22.42013931,100,22.71122742,100,23.2401619,0,21.12268448
2023/5/2 6:41,100,22.42013931,100,22.72569466,100,23.2401619,0,21.12268448
2023/5/2 6:42,100,22.42013931,100,22.71122742,100,23.2401619,0,21.12268448
2023/5/2 6:43,100,22.42013931,100,22.72569466,100,23.2401619,0,21.12268448
2023/5/2 6:44,100,22.40567207,100,22.71122742,100,23.2401619,0,21.12268448
2023/5/2 6:45,100,22.40567207,100,22.71122742,100,23.2401619,0,21.12268448
2023/5/2 6:46,100,22.42013931,100,22.72569466,100,23.22569466,0,21.12268448
2023/5/2 6:47,100,22.42013931,100,22.72569466,100,23.2401619,0,21.12268448
2023/5/2 6:48,100,22.42013931,100,22.71122742,100,23.2401619,0,21.12268448
2023/5/2 6:49,100,22.42013931,100,22.71122742,100,23.2401619,0,21.12268448
2023/5/2 6:50,100,22.42013931,100,22.71122742,100,23.2401619,0,21.12268448
2023/5/2 6:51,100,22.42013931,100,22.71122742,100,23.2401619,0,21.12268448
2023/5/2 6:52,100,22.42013931,100,22.72569466,100,23.2401619,0,21.12268448
2023/5/2 6:53,100,22.42013931,100,22.71122742,100,23.2401619,0,21.12268448
2023/5/2 6:54,100,22.44907379,100,22.72569466,100,23.32696724,0,21.12268448
2023/5/2 6:55,100,22.50694466,100,22.72569466,100,23.34143448,0,21.12268448
2023/5/2 6:56,100,22.42013931,100,22.7401619,100,23.34143448,0,21.12268448
2023/5/2 6:57,100,22.46354294,100,22.72569466,100,23.34143448,0,21.12268448
2023/5/2 6:58,100,22.5214119,100,22.76909828,100,23.34143448,0,21.12268448
2023/5/2 6:59,100,22.42013931,100,22.71122742,100,23.34143448,0,21.10821724
2023/5/2 7:00,100,22.50694466,100,22.72569466,100,23.34143448,0,21.12268448
2023/5/2 7:01,100,22.42013931,100,22.8125,100,23.34143448,0,21.12268448
2023/5/2 7:02,100,22.43460655,100,22.8125,100,23.34143448,0,21.12268448
2023/5/2 7:03,100,22.50694466,100,22.8125,100,23.34143448,0,21.10821724
2023/5/2 7:04,100,22.5214119,100,22.8125,100,23.34143448,0,21.12268448
2023/5/2 7:05,100,22.5214119,100,22.8125,100,23.34143448,0,21.12268448
2023/5/2 7:06,100,22.5214119,100,22.82696724,100,23.2401619,0,21.12268448
2023/5/2 7:07,100,22.50694466,100,22.8125,100,23.2401619,0,21.12268448
2023/5/2 7:08,100,22.5214119,100,22.8125,100,23.2401619,0,21.12268448
2023/5/2 7:09,100,22.5214119,100,22.8125,100,23.2401619,0,21.12268448
2023/5/2 7:10,100,22.5214119,100,22.8125,100,23.34143448,0,21.12268448
2023/5/2 7:11,100,22.50694466,100,22.8125,100,23.34143448,0,21.12268448
2023/5/2 7:12,100,22.5214119,100,22.8125,100,23.34143448,0,21.12268448
2023/5/2 7:13,100,22.5214119,100,22.8125,100,23.34143448,0,21.12268448
2023/5/2 7:14,100,22.5214119,100,22.8125,100,23.34143448,0,21.10821724
2023/5/2 7:15,100,22.50694466,100,22.8125,100,23.34143448,0,21.12268448
2023/5/2 7:16,100,22.5214119,100,22.8125,100,23.34143448,0,21.12268448
2023/5/2 7:17,100,22.5214119,100,22.8125,100,23.34143448,0,21.12268448
2023/5/2 7:18,100,22.5214119,100,22.8125,100,23.34143448,0,21.12268448
2023/5/2 7:19,100,22.5214119,100,22.8125,100,23.34143448,0,21.12268448
2023/5/2 7:20,100,22.5214119,100,22.8125,100,23.34143448,0,21.12268448
2023/5/2 7:21,100,22.5214119,100,22.8125,100,23.34143448,0,21.20948982
2023/5/2 7:22,100,22.5214119,100,22.8125,100,23.34143448,0,21.12268448
2023/5/2 7:23,100,22.50694466,100,22.8125,100,23.34143448,0,21.12268448
2023/5/2 7:24,100,22.5214119,100,22.8125,100,23.34143448,0,21.18055534
2023/5/2 7:25,100,22.5214119,100,22.8125,100,23.34143448,0,21.15162086
2023/5/2 7:26,100,22.5214119,100,22.8125,100,23.34143448,0,21.19502258
2023/5/2 7:27,100,22.50694466,100,22.8125,100,23.34143448,0,21.22395706
2023/5/2 7:28,100,22.5214119,100,22.8125,100,23.34143448,0,21.15162086
2023/5/2 7:29,100,22.5214119,100,22.8125,100,23.34143448,0,21.19502258
2023/5/2 7:30,100,22.5214119,100,22.8125,100,23.34143448,0,21.20948982
2023/5/2 7:31,100,22.50694466,100,22.8125,100,23.35590172,0,21.13715172
2023/5/2 7:32,100,22.5214119,100,22.8125,100,23.34143448,0,21.20948982
2023/5/2 7:33,100,22.5214119,100,22.8125,100,23.34143448,0,21.19502258
2023/5/2 7:34,100,22.5214119,100,22.8125,100,23.34143448,0,21.13715172
2023/5/2 7:35,100,22.5214119,100,22.8125,100,23.34143448,0,21.22395706
2023/5/2 7:36,100,22.5214119,100,22.8125,100,23.32696724,0,21.22395706
2023/5/2 7:37,100,22.5214119,100,22.8125,100,23.34143448,0,21.22395706
2023/5/2 7:38,100,22.50694466,100,22.8125,100,23.44270706,0,21.22395706
2023/5/2 7:39,100,22.5214119,100,22.92823982,100,23.39930534,0,21.15162086
2023/5/2 7:40,100,22.5214119,100,22.92823982,100,23.44270706,0,21.22395706
2023/5/2 7:41,100,22.5214119,100,22.89930534,100,23.34143448,0,21.22395706
2023/5/2 7:42,100,22.50694466,100,22.8125,100,23.34143448,0,21.22395706
2023/5/2 7:43,100,22.5214119,100,22.8125,100,23.34143448,0,21.20948982
2023/5/2 7:44,100,22.5214119,100,22.8125,100,23.34143448,0,21.22395706
2023/5/2 7:45,100,22.5214119,100,22.8125,100,23.44270706,0,21.22395706
2023/5/2 7:46,100,22.50694466,100,22.8848381,100,23.44270706,0,21.20948982
2023/5/2 7:47,100,22.5214119,100,22.8125,100,23.42823982,0,21.22395706
2023/5/2 7:48,100,22.5214119,100,22.8125,100,23.44270706,0,21.22395706
2023/5/2 7:49,100,22.5214119,100,22.8125,100,23.44270706,0,21.22395706
2023/5/2 7:50,100,22.5214119,100,22.8125,100,23.44270706,0,21.22395706
2023/5/2 7:51,100,22.5214119,100,22.8125,100,23.44270706,0,21.20948982
2023/5/2 7:52,100,22.5214119,100,22.87037086,100,23.44270706,0,21.22395706
2023/5/2 7:53,100,22.50694466,100,22.89930534,100,23.44270706,0,21.22395706
2023/5/2 7:54,100,22.5214119,100,22.92823982,100,23.44270706,0,21.22395706
2023/5/2 7:55,100,22.5214119,100,22.91377258,100,23.44270706,0,21.22395706
2023/5/2 7:56,100,22.5214119,100,22.91377258,100,23.44270706,0,21.22395706
2023/5/2 7:57,100,22.5214119,100,22.91377258,100,23.44270706,0,21.22395706
2023/5/2 7:58,100,22.50694466,100,22.91377258,100,23.44270706,0,21.22395706
2023/5/2 7:59,100,22.5214119,100,22.89930534,100,23.44270706,0,21.22395706
2023/5/2 8:00,100,22.5214119,100,22.91377258,100,23.44270706,0,21.22395706
2023/5/2 8:01,100,22.5214119,100,22.92823982,100,23.44270706,0,21.20948982
2023/5/2 8:02,100,22.50694466,100,22.91377258,100,23.44270706,0,21.22395706
2023/5/2 8:03,100,22.5214119,100,22.92823982,100,23.44270706,0,21.22395706
2023/5/2 8:04,100,22.5214119,100,22.92823982,100,23.44270706,0,21.22395706
2023/5/2 8:05,100,22.5214119,100,22.91377258,100,23.44270706,0,21.22395706
2023/5/2 8:06,100,22.50694466,100,22.91377258,100,23.44270706,0,21.22395706
2023/5/2 8:07,100,22.5214119,100,22.91377258,100,23.44270706,0,21.22395706
2023/5/2 8:08,100,22.5214119,100,22.91377258,100,23.44270706,0,21.22395706
2023/5/2 8:09,100,22.5214119,100,22.91377258,100,23.44270706,0,21.22395706
2023/5/2 8:10,100,22.5214119,100,22.92823982,100,23.44270706,0,21.22395706
2023/5/2 8:11,100,22.5214119,100,22.91377258,100,23.44270706,0,21.22395706
2023/5/2 8:12,100,22.50694466,100,22.92823982,100,23.44270706,0,21.22395706
2023/5/2 8:13,100,22.50694466,100,22.91377258,100,23.44270706,0,21.22395706
2023/5/2 8:14,100,22.5214119,100,22.92823982,100,23.44270706,0,21.22395706
2023/5/2 8:15,100,22.5214119,100,22.91377258,100,23.44270706,0,21.22395706
2023/5/2 8:16,100,22.5214119,100,22.91377258,100,23.44270706,0,21.22395706
2023/5/2 8:17,100,22.50694466,100,22.91377258,100,23.44270706,0,21.22395706
2023/5/2 8:18,100,22.5214119,100,22.92823982,100,23.44270706,0,21.22395706
2023/5/2 8:19,100,22.5214119,100,22.92823982,100,23.44270706,0,21.22395706
2023/5/2 8:20,100,22.5214119,100,22.91377258,100,23.44270706,0,21.20948982
2023/5/2 8:21,100,22.50694466,100,22.92823982,100,23.44270706,0,21.22395706
2023/5/2 8:22,100,22.5214119,100,22.91377258,100,23.44270706,0,21.22395706
2023/5/2 8:23,100,22.5214119,100,22.91377258,100,23.44270706,0,21.22395706
2023/5/2 8:24,100,22.56481552,100,22.91377258,100,23.44270706,0,21.22395706
2023/5/2 8:25,100,22.5214119,100,22.92823982,100,23.44270706,0,21.22395706
2023/5/2 8:26,100,22.57928276,100,22.91377258,100,23.44270706,0,21.22395706
2023/5/2 8:27,100,22.60821724,100,22.89930534,100,23.44270706,0,21.22395706
2023/5/2 8:28,100,22.62268448,100,22.91377258,100,23.44270706,0,21.22395706
2023/5/2 8:29,100,22.60821724,100,22.91377258,100,23.44270706,0,21.22395706
2023/5/2 8:30,100,22.62268448,100,22.92823982,100,23.44270706,0,21.22395706
2023/5/2 8:31,100,22.62268448,100,22.92823982,100,23.44270706,0,21.22395706
2023/5/2 8:32,100,22.62268448,100,22.91377258,100,23.44270706,0,21.22395706
2023/5/2 8:33,100,22.62268448,100,22.92823982,100,23.44270706,0,21.22395706
2023/5/2 8:34,100,22.62268448,100,22.91377258,100,23.44270706,0,21.22395706
2023/5/2 8:35,100,22.62268448,100,22.92823982,100,23.44270706,0,21.20948982
2023/5/2 8:36,100,22.62268448,100,22.91377258,100,23.54398155,0,21.22395706
2023/5/2 8:37,100,22.62268448,100,22.91377258,100,23.54398155,0,21.22395706
2023/5/2 8:38,100,22.62268448,100,22.91377258,100,23.54398155,0,21.20948982
2023/5/2 8:39,100,22.62268448,100,22.91377258,100,23.54398155,0,21.22395706
2023/5/2 8:40,100,22.60821724,100,22.91377258,100,23.54398155,0,21.22395706
2023/5/2 8:41,100,22.60821724,100,22.91377258,100,23.54398155,0,21.22395706
2023/5/2 8:42,100,22.62268448,100,22.91377258,100,23.54398155,0,21.22395706
2023/5/2 8:43,100,22.62268448,100,22.91377258,100,23.54398155,0,21.22395706
2023/5/2 8:44,100,22.62268448,100,22.91377258,100,23.54398155,0,21.22395706
2023/5/2 8:45,100,22.62268448,100,22.92823982,100,23.54398155,0,21.22395706
2023/5/2 8:46,100,22.62268448,100,22.92823982,100,23.54398155,0,21.22395706
2023/5/2 8:47,100,22.62268448,100,22.92823982,100,23.54398155,0,21.22395706
2023/5/2 8:48,100,22.62268448,100,22.91377258,100,23.54398155,0,21.22395706
2023/5/2 8:49,100,22.62268448,100,22.91377258,100,23.51504707,0,21.22395706
2023/5/2 8:50,100,22.62268448,100,22.91377258,100,23.52951431,0,21.22395706
2023/5/2 8:51,100,22.62268448,100,22.92823982,100,23.54398155,0,21.22395706
2023/5/2 8:52,100,22.60821724,100,22.92823982,100,23.54398155,0,21.22395706
2023/5/2 8:53,100,22.62268448,100,22.91377258,100,23.54398155,0,21.22395706
2023/5/2 8:54,100,22.60821724,100,22.92823982,100,23.54398155,0,21.22395706
2023/5/2 8:55,100,22.60821724,100,22.91377258,100,23.54398155,0,21.22395706
2023/5/2 8:56,100,22.62268448,100,22.92823982,100,23.54398155,0,21.22395706
2023/5/2 8:57,100,22.62268448,100,22.91377258,100,23.54398155,0,21.22395706
2023/5/2 8:58,100,22.62268448,100,22.91377258,100,23.54398155,0,21.22395706
2023/5/2 8:59,100,22.62268448,100,22.91377258,100,23.54398155,0,21.22395706
2023/5/2 9:00,100,22.62268448,100,22.91377258,100,23.54398155,0,21.22395706
2023/5/2 9:01,100,22.62268448,100,22.91377258,100,23.54398155,0,21.22395706
2023/5/2 9:02,100,22.62268448,100,22.91377258,100,23.54398155,0,21.22395706
2023/5/2 9:03,100,22.60821724,100,22.91377258,100,23.54398155,0,21.20948982
2023/5/2 9:04,100,22.62268448,100,22.92823982,100,23.54398155,0,21.22395706
2023/5/2 9:05,100,22.62268448,100,22.91377258,100,23.54398155,0,21.22395706
2023/5/2 9:06,100,22.62268448,100,22.91377258,100,23.54398155,0,21.22395706
2023/5/2 9:07,100,22.60821724,100,22.91377258,100,23.54398155,0,21.22395706
2023/5/2 9:08,100,22.62268448,100,23.00057793,100,23.54398155,0,21.22395706
2023/5/2 9:09,100,22.62268448,100,23.01504707,100,23.54398155,0,21.22395706
2023/5/2 9:10,100,22.62268448,100,23.01504707,100,23.54398155,0,21.22395706
2023/5/2 9:11,100,22.62268448,100,23.01504707,100,23.54398155,0,21.22395706
2023/5/2 9:12,100,22.62268448,100,23.01504707,100,23.54398155,0,21.22395706
2023/5/2 9:13,100,22.62268448,100,23.01504707,100,23.54398155,0,21.22395706
2023/5/2 9:14,100,22.62268448,100,23.01504707,100,23.54398155,0,21.20948982
2023/5/2 9:15,100,22.62268448,100,23.01504707,100,23.52951431,0,21.22395706
2023/5/2 9:16,100,22.62268448,100,23.01504707,100,23.54398155,0,21.20948982
2023/5/2 9:17,100,22.62268448,100,23.01504707,100,23.54398155,0,21.22395706
2023/5/2 9:18,100,22.62268448,100,23.01504707,100,23.54398155,0,21.22395706
2023/5/2 9:19,100,22.62268448,100,23.01504707,100,23.54398155,0,21.22395706
2023/5/2 9:20,100,22.62268448,100,23.01504707,100,23.52951431,0,21.22395706
2023/5/2 9:21,100,22.62268448,100,23.01504707,100,23.54398155,0,21.22395706
2023/5/2 9:22,100,22.62268448,100,23.01504707,100,23.52951431,0,21.22395706
2023/5/2 9:23,100,22.62268448,100,23.00057793,100,23.54398155,0,21.22395706
2023/5/2 9:24,100,22.60821724,100,23.01504707,100,23.52951431,0,21.22395706
2023/5/2 9:25,100,22.62268448,100,23.01504707,100,23.54398155,0,21.22395706
2023/5/2 9:26,100,22.62268448,100,23.01504707,100,23.54398155,0,21.22395706
2023/5/2 9:27,100,22.62268448,100,23.01504707,100,23.54398155,0,21.22395706
2023/5/2 9:28,100,22.60821724,100,23.01504707,100,23.54398155,0,21.22395706
2023/5/2 9:29,100,22.62268448,100,23.01504707,100,23.54398155,0,21.22395706
2023/5/2 9:30,100,22.62268448,100,23.01504707,100,23.54398155,0,21.22395706
2023/5/2 9:31,100,22.62268448,100,23.01504707,100,23.54398155,0,21.22395706
2023/5/2 9:32,100,22.60821724,100,23.01504707,100,23.54398155,0,21.22395706
2023/5/2 9:33,100,22.62268448,100,23.01504707,100,23.54398155,0,21.22395706
2023/5/2 9:34,100,22.62268448,100,23.01504707,100,23.54398155,0,21.22395706
2023/5/2 9:35,100,22.62268448,100,23.01504707,100,23.54398155,0,21.20948982
2023/5/2 9:36,100,22.62268448,100,23.01504707,100,23.54398155,0,21.22395706
2023/5/2 9:37,100,22.62268448,100,23.01504707,100,23.54398155,0,21.22395706
2023/5/2 9:38,100,22.62268448,100,23.01504707,100,23.54398155,0,21.22395706
2023/5/2 9:39,100,22.62268448,100,22.97164345,100,23.54398155,0,21.20948982
2023/5/2 9:40,100,22.62268448,100,23.01504707,100,23.54398155,0,21.22395706
2023/5/2 9:41,100,22.62268448,100,22.97164345,100,23.54398155,0,21.22395706
2023/5/2 9:42,100,22.62268448,100,23.00057793,100,23.54398155,0,21.20948982
2023/5/2 9:43,100,22.62268448,100,23.01504707,100,23.54398155,0,21.22395706
2023/5/2 9:44,100,22.62268448,100,23.01504707,100,23.54398155,0,21.22395706
2023/5/2 9:45,100,22.62268448,100,22.94270706,100,23.54398155,0,21.22395706
2023/5/2 9:46,100,22.62268448,100,23.00057793,100,23.54398155,0,21.22395706
2023/5/2 9:47,100,22.60821724,100,23.01504707,100,23.54398155,0,21.22395706
2023/5/2 9:48,100,22.62268448,100,22.91377258,100,23.54398155,0,21.22395706
2023/5/2 9:49,100,22.62268448,100,22.92823982,100,23.54398155,0,21.22395706
2023/5/2 9:50,100,22.62268448,100,22.97164345,100,23.54398155,0,21.22395706
2023/5/2 9:51,100,22.62268448,100,23.00057793,100,23.54398155,0,21.20948982
2023/5/2 9:52,100,22.62268448,100,23.01504707,100,23.54398155,0,21.22395706
2023/5/2 9:53,100,22.62268448,100,23.01504707,100,23.54398155,0,21.20948982
2023/5/2 9:54,100,22.62268448,100,23.01504707,100,23.52951431,0,21.22395706
2023/5/2 9:55,100,22.62268448,100,23.01504707,100,23.54398155,0,21.20948982
2023/5/2 9:56,100,22.62268448,100,23.01504707,100,23.54398155,0,21.22395706
2023/5/2 9:57,100,22.60821724,100,23.01504707,100,23.54398155,0,21.22395706
2023/5/2 9:58,100,22.62268448,100,23.01504707,100,23.54398155,0,21.22395706
2023/5/2 9:59,100,22.62268448,100,23.01504707,100,23.54398155,0,21.29629707
2023/5/2 10:00,100,22.62268448,100,23.01504707,100,23.54398155,0,21.22395706
2023/5/2 10:01,100,22.60821724,100,23.01504707,100,23.54398155,0,21.22395706
2023/5/2 10:02,100,22.62268448,100,23.01504707,100,23.54398155,0,21.22395706
2023/5/2 10:03,100,22.62268448,100,23.01504707,100,23.54398155,0,21.22395706
2023/5/2 10:04,100,22.62268448,100,23.01504707,100,23.54398155,0,21.22395706
2023/5/2 10:05,100,22.62268448,100,23.01504707,100,23.54398155,0,21.20948982
2023/5/2 10:06,100,22.62268448,100,23.01504707,100,23.54398155,0,21.28182793
2023/5/2 10:07,100,22.62268448,100,23.01504707,100,23.54398155,0,21.31076431
2023/5/2 10:08,100,22.62268448,100,23.01504707,100,23.54398155,0,21.26736069
2023/5/2 10:09,100,22.59375,100,23.01504707,100,23.54398155,0,21.23842621
2023/5/2 10:10,100,22.62268448,100,23.01504707,100,23.54398155,0,21.31076431
2023/5/2 10:11,100,22.50694466,100,23.01504707,100,23.54398155,0,21.22395706
2023/5/2 10:12,100,22.59375,100,23.01504707,100,23.54398155,0,21.32523155
2023/5/2 10:13,100,22.50694466,100,23.01504707,100,23.54398155,0,21.32523155
2023/5/2 10:14,100,22.59375,100,23.01504707,100,23.54398155,0,21.22395706
2023/5/2 10:15,100,22.50694466,100,23.01504707,100,23.54398155,0,21.31076431
2023/5/2 10:16,100,22.50694466,100,23.01504707,100,23.54398155,0,21.26736069
2023/5/2 10:17,100,22.50694466,100,23.01504707,100,23.54398155,0,21.31076431
2023/5/2 10:18,100,22.50694466,100,23.01504707,100,23.54398155,0,21.32523155
2023/5/2 10:19,100,22.50694466,100,23.01504707,100,23.54398155,0,21.32523155
2023/5/2 10:20,100,22.50694466,100,23.01504707,100,23.55844879,0,21.29629707
2023/5/2 10:21,100,22.5214119,100,23.01504707,100,23.64525414,0,21.26736069
2023/5/2 10:22,100,22.50694466,100,23.01504707,100,23.64525414,0,21.23842621
2023/5/2 10:23,100,22.5214119,100,23.01504707,100,23.64525414,0,21.22395706
2023/5/2 10:24,100,22.42013931,100,23.01504707,100,23.6307869,0,21.22395706
2023/5/2 10:25,100,22.42013931,100,23.01504707,100,23.64525414,0,21.22395706
2023/5/2 10:26,100,22.42013931,100,23.01504707,100,23.64525414,0,21.22395706
2023/5/2 10:27,100,22.40567207,100,23.01504707,100,23.64525414,0,21.22395706
2023/5/2 10:28,100,22.42013931,100,23.01504707,100,23.64525414,0,21.22395706
2023/5/2 10:29,100,22.42013931,100,23.01504707,100,23.64525414,0,21.22395706
2023/5/2 10:30,100,22.42013931,100,23.01504707,100,23.74652672,0,21.22395706
2023/5/2 10:31,100,22.50694466,100,23.01504707,100,23.74652672,0,21.22395706
2023/5/2 10:32,100,22.5214119,100,23.01504707,100,23.74652672,0,21.22395706
2023/5/2 10:33,100,22.5214119,100,23.01504707,100,23.74652672,0,21.20948982
2023/5/2 10:34,100,22.5214119,100,23.01504707,100,23.74652672,0,21.22395706
2023/5/2 10:35,100,22.5214119,100,23.01504707,100,23.74652672,0,21.22395706
2023/5/2 10:36,100,22.50694466,100,23.01504707,100,23.74652672,0,21.22395706
2023/5/2 10:37,100,22.5214119,100,23.01504707,100,23.84780121,0,21.22395706
2023/5/2 10:38,100,22.5214119,100,23.11631966,100,23.84780121,0,21.20948982
2023/5/2 10:39,100,22.50694466,100,23.11631966,100,23.84780121,0,21.22395706
2023/5/2 10:40,100,22.50694466,100,23.11631966,100,23.83333206,0,21.22395706
2023/5/2 10:41,100,22.50694466,100,23.11631966,100,23.84780121,0,21.22395706
2023/5/2 10:42,100,22.50694466,100,23.07291794,100,23.84780121,0,21.22395706
2023/5/2 10:43,100,22.50694466,100,23.01504707,100,23.83333206,0,21.22395706
2023/5/2 10:44,100,22.50694466,100,23.01504707,100,23.64525414,0,21.22395706
2023/5/2 10:45,100,22.42013931,100,23.01504707,100,23.64525414,0,21.22395706
2023/5/2 10:46,100,22.31886482,100,23.01504707,100,23.64525414,0,21.31076431
2023/5/2 10:47,100,22.31886482,100,23.02951431,100,23.54398155,0,21.31076431
2023/5/2 10:48,100,22.30439758,100,23.02951431,100,23.54398155,0,21.4120369
2023/5/2 10:49,100,22.31886482,100,23.01504707,100,23.54398155,0,21.4120369
2023/5/2 10:50,100,22.21759224,100,23.02951431,100,23.50057793,0,21.4120369
2023/5/2 10:51,100,22.21759224,100,23.02951431,100,23.44270706,0,21.4120369
2023/5/2 10:52,100,22.21759224,100,23.02951431,100,23.44270706,0,21.4120369
2023/5/2 10:53,100,22.21759224,100,23.02951431,100,23.44270706,0,21.4120369
2023/5/2 10:54,100,22.21759224,100,22.98611069,100,23.44270706,0,21.4120369
2023/5/2 10:55,100,22.21759224,100,22.98611069,100,23.44270706,0,21.4120369
2023/5/2 10:56,100,22.21759224,100,23.02951431,100,23.44270706,0,21.39756966
2023/5/2 10:57,100,22.21759224,100,23.01504707,100,23.44270706,0,21.31076431
2023/5/2 10:58,100,22.21759224,100,22.92823982,100,23.44270706,0,21.31076431
2023/5/2 10:59,100,22.203125,100,22.97164345,100,23.44270706,0,21.31076431
2023/5/2 11:00,100,22.21759224,100,23.00057793,100,23.44270706,0,21.31076431
2023/5/2 11:01,100,22.203125,100,22.92823982,100,23.44270706,0,21.31076431
2023/5/2 11:02,100,22.21759224,100,23.02951431,100,23.44270706,0,21.31076431
2023/5/2 11:03,100,22.203125,100,23.01504707,100,23.44270706,0,21.31076431
2023/5/2 11:04,100,22.21759224,100,23.01504707,100,23.47164345,0,21.32523155
2023/5/2 11:05,100,22.21759224,100,23.02951431,100,23.54398155,0,21.31076431
2023/5/2 11:06,100,22.21759224,100,23.02951431,100,23.54398155,0,21.31076431
2023/5/2 11:07,100,22.203125,100,23.02951431,100,23.54398155,0,21.31076431
2023/5/2 11:08,100,22.21759224,100,23.02951431,100,23.54398155,0,21.31076431
2023/5/2 11:09,100,22.21759224,100,23.02951431,100,23.54398155,0,21.31076431
2023/5/2 11:10,100,22.21759224,100,23.02951431,100,23.64525414,0,21.31076431
2023/5/2 11:11,100,22.21759224,100,23.02951431,100,23.64525414,0,21.31076431
2023/5/2 11:12,100,22.31886482,100,23.01504707,100,23.64525414,0,21.31076431
2023/5/2 11:13,100,22.30439758,100,23.02951431,100,23.64525414,0,21.31076431
2023/5/2 11:14,100,22.31886482,100,23.11631966,100,23.64525414,0,21.4120369
2023/5/2 11:15,100,22.31886482,100,23.11631966,100,23.64525414,0,21.4120369
2023/5/2 11:16,100,22.31886482,100,23.11631966,100,23.74652672,0,21.4120369
2023/5/2 11:17,100,22.31886482,100,23.1307869,100,23.74652672,0,21.4120369
2023/5/2 11:18,100,22.31886482,100,23.11631966,100,23.74652672,0,21.4120369
2023/5/2 11:19,100,22.30439758,100,23.11631966,100,23.74652672,0,21.4120369
2023/5/2 11:20,100,22.39120293,100,23.21759224,100,23.74652672,0,21.4120369
2023/5/2 11:21,100,22.42013931,100,23.21759224,100,23.84780121,0,21.4120369
2023/5/2 11:22,100,22.42013931,100,23.21759224,100,23.84780121,0,21.51330948
2023/5/2 11:23,100,22.42013931,100,23.21759224,100,23.84780121,0,21.51330948
2023/5/2 11:24,100,22.42013931,100,23.21759224,100,23.84780121,0,21.51330948
2023/5/2 11:25,100,22.40567207,100,23.21759224,100,23.83333206,0,21.51330948
2023/5/2 11:26,100,22.42013931,100,23.31886482,100,23.84780121,0,21.51330948
2023/5/2 11:27,100,22.40567207,100,23.31886482,100,23.84780121,0,21.51330948
2023/5/2 11:28,100,22.42013931,100,23.31886482,100,23.84780121,0,21.51330948
2023/5/2 11:29,100,22.50694466,100,23.31886482,100,23.83333206,0,21.61458206
2023/5/2 11:30,100,22.50694466,100,23.31886482,100,23.84780121,0,21.60011482
2023/5/2 11:31,100,22.50694466,100,23.33333206,100,23.84780121,0,21.61458206
2023/5/2 11:32,100,22.50694466,100,23.42013931,100,23.84780121,0,21.61458206
2023/5/2 11:33,100,22.50694466,100,23.42013931,100,23.94907379,0,21.61458206
2023/5/2 11:34,100,22.50694466,100,23.42013931,100,23.94907379,0,21.61458206
2023/5/2 11:35,100,22.5214119,100,23.42013931,100,23.93460655,0,21.61458206
2023/5/2 11:36,100,22.60821724,100,23.42013931,100,23.94907379,0,21.61458206
2023/5/2 11:37,100,22.62268448,100,23.42013931,100,23.94907379,0,21.61458206
2023/5/2 11:38,100,22.62268448,100,23.42013931,100,23.94907379,0,21.61458206
2023/5/2 11:39,100,22.62268448,100,23.5214119,100,23.94907379,0,21.61458206
2023/5/2 11:40,100,22.62268448,100,23.5214119,100,24.05034828,0,21.61458206
2023/5/2 11:41,100,22.62268448,100,23.5214119,100,24.05034828,0,21.61458206
2023/5/2 11:42,100,22.62268448,100,23.5214119,100,24.05034828,0,21.61458206
2023/5/2 11:43,100,22.62268448,100,23.5214119,100,24.05034828,0,21.65798569
2023/5/2 11:44,100,22.62268448,100,23.5214119,100,24.05034828,0,21.81712914
2023/5/2 11:45,100,22.62268448,100,23.5214119,100,24.05034828,0,21.81712914
2023/5/2 11:46,100,22.62268448,100,23.5214119,100,24.03587914,0,21.81712914
2023/5/2 11:47,100,22.62268448,100,23.62268448,100,24.05034828,0,21.81712914
2023/5/2 11:48,100,22.62268448,100,23.62268448,100,24.15162086,0,21.81712914
2023/5/2 11:49,100,22.62268448,100,23.62268448,100,24.13715172,0,21.81712914
2023/5/2 11:50,100,22.65162086,100,23.62268448,100,24.15162086,0,21.81712914
2023/5/2 11:51,100,22.70948982,100,23.62268448,100,24.13715172,0,21.81712914
2023/5/2 11:52,100,22.70948982,100,23.62268448,100,24.15162086,0,21.81712914
2023/5/2 11:53,100,22.70948982,100,23.62268448,100,24.15162086,0,21.81712914
2023/5/2 11:54,100,22.70948982,100,23.62268448,100,24.15162086,0,21.8026619
2023/5/2 11:55,100,22.70948982,100,23.6660881,100,24.15162086,0,21.81712914
2023/5/2 11:56,100,22.70948982,100,23.72395706,100,24.13715172,0,21.81712914
2023/5/2 11:57,100,22.72395706,100,23.72395706,100,24.18055534,0,21.81712914
2023/5/2 11:58,100,22.81076431,100,23.72395706,100,24.25289345,0,21.81712914
2023/5/2 11:59,100,22.81076431,100,23.72395706,100,24.25289345,0,21.81712914
2023/5/2 12:00,100,22.81076431,100,23.72395706,100,24.23842621,0,21.81712914
2023/5/2 12:01,100,22.81076431,100,23.72395706,100,24.25289345,0,21.81712914
2023/5/2 12:02,100,22.81076431,100,23.72395706,100,24.25289345,0,21.81712914
2023/5/2 12:03,100,22.81076431,100,23.72395706,100,24.25289345,0,21.81712914
2023/5/2 12:04,100,22.81076431,100,23.79629707,100,24.33969879,0,21.91840172
2023/5/2 12:05,100,22.81076431,100,23.81076431,100,24.35416794,0,21.91840172
2023/5/2 12:06,100,22.81076431,100,23.82523155,100,24.35416794,0,21.91840172
2023/5/2 12:07,100,22.81076431,100,23.82523155,100,24.35416794,0,21.91840172
2023/5/2 12:08,100,22.9120369,100,23.82523155,100,24.35416794,0,21.91840172
2023/5/2 12:09,100,22.9120369,100,23.82523155,100,24.35416794,0,21.91840172
2023/5/2 12:10,100,22.9120369,100,23.82523155,100,24.35416794,0,21.91840172
2023/5/2 12:11,100,22.9120369,100,23.82523155,100,24.35416794,0,21.91840172
2023/5/2 12:12,100,22.9120369,100,23.82523155,100,24.35416794,0,21.91840172
2023/5/2 12:13,100,22.9120369,100,23.82523155,100,24.35416794,0,21.90393448
2023/5/2 12:14,100,22.9120369,100,23.92650414,100,24.35416794,0.225470603,22.01967621
2023/5/2 12:15,100,22.9120369,100,23.92650414,100,24.35416794,14.34940815,22.01967621
2023/5/2 12:16,100,22.9120369,100,23.92650414,100,24.45544052,30.76804161,22.01967621
2023/5/2 12:17,100,22.9120369,100,23.92650414,100,24.45544052,46.20510864,22.01967621
2023/5/2 12:18,100,22.9120369,100,23.92650414,100,24.45544052,62.72390747,22.01967621
2023/5/2 12:19,100,23.01330948,100,23.92650414,100,24.45544052,78.95474243,22.01967621
2023/5/2 12:20,100,23.01330948,100,23.92650414,100,24.45544052,95.49128723,22.01967621
2023/5/2 12:21,100,23.01330948,100,23.92650414,100,24.45544052,100,22.01967621
2023/5/2 12:22,100,23.01330948,100,23.94097328,100,24.45544052,100,22.01967621
2023/5/2 12:23,100,23.01330948,100,23.99884224,100,24.45544052,100,22.00520706
2023/5/2 12:24,100,23.01330948,100,24.02777672,100,24.45544052,100,22.01967621
2023/5/2 12:25,100,23.01330948,100,24.02777672,100,24.5567131,100,22.01967621
2023/5/2 12:26,100,23.01330948,100,24.02777672,100,24.5567131,100,22.01967621
2023/5/2 12:27,100,23.01330948,100,24.02777672,100,24.5567131,100,22.01967621
2023/5/2 12:28,100,23.01330948,100,24.02777672,100,24.5567131,100,22.01967621
2023/5/2 12:29,100,23.01330948,100,24.02777672,100,24.5567131,100,22.09201431
2023/5/2 12:30,100,23.01330948,100,24.01330948,100,24.5567131,100,22.12094879
2023/5/2 12:31,100,23.01330948,100,24.02777672,100,24.5567131,100,22.12094879
2023/5/2 12:32,100,23.01330948,100,24.02777672,100,24.5567131,100,22.12094879
2023/5/2 12:33,100,23.01330948,100,24.02777672,100,24.5567131,100,22.12094879
2023/5/2 12:34,100,23.01330948,100,24.02777672,100,24.5567131,100,22.12094879
2023/5/2 12:35,100,23.10011482,100,24.01330948,100,24.5567131,100,22.12094879
2023/5/2 12:36,100,23.11458206,100,24.02777672,100,24.5567131,100,22.12094879
2023/5/2 12:37,100,23.11458206,100,24.02777672,100,24.5567131,100,22.12094879
2023/5/2 12:38,100,23.11458206,100,24.02777672,100,24.5567131,100,22.12094879
2023/5/2 12:39,100,23.11458206,100,24.07118034,100,24.5567131,100,22.12094879
2023/5/2 12:40,100,23.11458206,100,24.12905121,100,24.5567131,100,22.1932869
2023/5/2 12:41,100,23.11458206,100,24.12905121,100,24.62905121,100,22.20775414
2023/5/2 12:42,100,23.11458206,100,24.12905121,100,24.65798569,100,22.20775414
2023/5/2 12:43,100,23.11458206,100,24.12905121,100,24.65798569,100,22.22222328
2023/5/2 12:44,100,23.11458206,100,24.12905121,100,24.65798569,100,22.22222328
2023/5/2 12:45,100,23.11458206,100,24.12905121,100,24.65798569,100,22.22222328
2023/5/2 12:46,100,23.11458206,100,24.12905121,100,24.64351845,100,22.22222328
2023/5/2 12:47,100,23.11458206,100,24.12905121,100,24.64351845,100,22.22222328
2023/5/2 12:48,100,23.11458206,100,24.12905121,100,24.65798569,100,22.22222328
2023/5/2 12:49,100,23.11458206,100,24.11458206,100,24.65798569,100,22.22222328
2023/5/2 12:50,100,23.11458206,100,24.12905121,100,24.65798569,100,22.22222328
2023/5/2 12:51,100,23.11458206,100,24.12905121,100,24.65798569,100,22.22222328
2023/5/2 12:52,100,23.11458206,100,24.12905121,100,24.65798569,100,22.22222328
2023/5/2 12:53,100,23.11458206,100,24.12905121,100,24.65798569,100,22.22222328
2023/5/2 12:54,100,23.11458206,100,24.12905121,100,24.65798569,100,22.22222328
2023/5/2 12:55,100,23.11458206,100,24.12905121,100,24.65798569,100,22.22222328
2023/5/2 12:56,100,23.11458206,100,24.12905121,100,24.65798569,100,22.22222328
2023/5/2 12:57,100,23.10011482,100,24.12905121,100,24.65798569,100,22.265625
2023/5/2 12:58,100,23.11458206,100,24.12905121,100,24.65798569,100,22.32349586
2023/5/2 12:59,100,23.14351845,100,24.12905121,100,24.65798569,100,22.32349586
2023/5/2 13:00,100,23.11458206,100,24.12905121,100,24.65798569,100,22.32349586
2023/5/2 13:01,100,23.12905121,100,24.12905121,100,24.65798569,100,22.28009224
2023/5/2 13:02,100,23.21585655,100,24.12905121,100,24.65798569,100,22.22222328
2023/5/2 13:03,100,23.21585655,100,24.12905121,100,24.65798569,100,22.32349586
2023/5/2 13:04,100,23.21585655,100,24.12905121,100,24.65798569,100,22.32349586
2023/5/2 13:05,100,23.21585655,100,24.12905121,100,24.65798569,100,22.32349586
2023/5/2 13:06,100,23.21585655,100,24.12905121,100,24.65798569,100,22.32349586
2023/5/2 13:07,100,23.21585655,100,24.11458206,100,24.65798569,100,22.32349586
2023/5/2 13:08,100,23.21585655,100,24.12905121,100,24.65798569,100,22.32349586
2023/5/2 13:09,100,23.21585655,100,24.12905121,100,24.65798569,100,22.32349586
2023/5/2 13:10,100,23.21585655,100,24.20138931,100,24.65798569,100,22.32349586
2023/5/2 13:11,100,23.21585655,100,24.23032379,100,24.65798569,100,22.32349586
2023/5/2 13:12,100,23.21585655,100,24.23032379,100,24.65798569,100,22.32349586
2023/5/2 13:13,100,23.21585655,100,24.23032379,100,24.68692207,100,22.32349586
2023/5/2 13:14,100,23.21585655,100,24.21585655,100,24.65798569,100,22.30902672
2023/5/2 13:15,100,23.21585655,100,24.23032379,100,24.64351845,100,22.32349586
2023/5/2 13:16,100,23.21585655,100,24.21585655,100,24.65798569,100,22.32349586
2023/5/2 13:17,100,23.21585655,100,24.23032379,100,24.70138931,100,22.32349586
2023/5/2 13:18,100,23.21585655,100,24.23032379,100,24.65798569,100,22.30902672
2023/5/2 13:19,100,23.21585655,100,24.23032379,100,24.64351845,100,22.32349586
2023/5/2 13:20,100,23.21585655,100,24.23032379,100,24.75926018,100,22.32349586
2023/5/2 13:21,100,23.21585655,100,24.23032379,100,24.74479294,100,22.32349586
2023/5/2 13:22,100,23.21585655,100,24.23032379,100,24.75926018,100,22.32349586
2023/5/2 13:23,100,23.20138931,100,24.23032379,100,24.74479294,100,22.32349586
2023/5/2 13:24,100,23.21585655,100,24.21585655,100,24.74479294,100,22.32349586
2023/5/2 13:25,100,23.21585655,100,24.21585655,100,24.74479294,100,22.32349586
2023/5/2 13:26,100,23.21585655,100,24.23032379,100,24.74479294,100,22.32349586
2023/5/2 13:27,100,23.20138931,100,24.23032379,100,24.74479294,100,22.32349586
2023/5/2 13:28,100,23.21585655,100,24.23032379,100,24.74479294,100,22.32349586
2023/5/2 13:29,100,23.21585655,100,24.23032379,100,24.75926018,100,22.30902672
2023/5/2 13:30,100,23.21585655,100,21.73032379,100,21.74479294,100,22.42476845
2023/5/2 13:31,100,23.21585655,100,21.73032379,100,21.75926018,100,22.42476845
2023/5/2 13:32,100,23.21585655,100,21.73032379,100,21.75926018,100,22.39583206
2023/5/2 13:33,100,23.21585655,100,21.73032379,100,21.75926018,100,22.41030121
2023/5/2 13:34,100,23.21585655,100,21.73032379,100,21.74479294,100,22.42476845
2023/5/2 13:35,100,23.21585655,100,21.73032379,100,21.75926018,100,22.42476845
2023/5/2 13:36,100,23.21585655,100,21.73032379,100,21.74479294,100,22.42476845
2023/5/2 13:37,100,23.21585655,100,21.73032379,100,21.75926018,100,22.42476845
2023/5/2 13:38,100,23.20138931,100,21.71585655,100,21.75926018,100,22.42476845
2023/5/2 13:39,100,23.21585655,100,21.73032379,100,21.75926018,100,22.42476845
2023/5/2 13:40,100,23.21585655,100,21.73032379,100,21.74479294,100,22.42476845
2023/5/2 13:41,100,23.23032379,100,21.73032379,100,21.75926018,100,22.42476845
2023/5/2 13:42,100,23.21585655,100,21.73032379,100,21.74479294,100,22.42476845
2023/5/2 13:43,100,23.3026619,100,21.73032379,100,21.74479294,100,22.42476845
2023/5/2 13:44,100,23.31712914,100,21.71585655,100,21.75926018,100,22.42476845
2023/5/2 13:45,100,23.31712914,100,21.78819466,100,21.74479294,100,22.42476845
2023/5/2 13:46,100,23.31712914,100,21.75926018,100,21.74479294,100,22.42476845
2023/5/2 13:47,100,23.31712914,100,21.74479294,100,21.75926018,100,22.42476845
2023/5/2 13:48,100,23.31712914,100,21.77372742,100,21.75926018,100,22.42476845
2023/5/2 13:49,100,23.31712914,100,21.83159828,100,21.84606552,100,22.42476845
2023/5/2 13:50,100,23.31712914,100,21.83159828,100,21.84606552,100,22.42476845
2023/5/2 13:51,100,23.31712914,100,21.83159828,100,21.84606552,100,22.42476845
2023/5/2 13:52,100,23.31712914,100,21.81712914,100,21.84606552,100,22.42476845
2023/5/2 13:53,100,23.31712914,100,21.83159828,100,21.84606552,100,22.42476845
2023/5/2 13:54,100,23.31712914,100,21.83159828,100,21.84606552,100,22.42476845
2023/5/2 13:55,100,23.31712914,100,21.83159828,100,21.84606552,100,22.51157379
2023/5/2 13:56,100,23.31712914,100,21.83159828,100,21.84606552,100,22.41030121
2023/5/2 13:57,100,23.31712914,100,21.83159828,100,21.84606552,100,22.52604294
2023/5/2 13:58,100,23.3026619,100,21.81712914,100,21.84606552,100,22.52604294
2023/5/2 13:59,100,23.33159828,100,21.83159828,100,21.84606552,100,22.52604294
2023/5/2 14:00,100,23.31712914,100,21.83159828,100,21.84606552,100,22.52604294
2023/5/2 14:01,100,23.31712914,100,21.83159828,100,21.84606552,100,22.52604294
2023/5/2 14:02,100,23.31712914,100,21.83159828,100,21.84606552,100,22.52604294
2023/5/2 14:03,100,23.41840172,100,21.83159828,100,21.84606552,100,22.43923569
2023/5/2 14:04,100,23.41840172,100,21.83159828,100,21.84606552,100,22.52604294
2023/5/2 14:05,100,23.41840172,100,21.83159828,100,21.84606552,100,22.51157379
2023/5/2 14:06,100,23.41840172,100,21.83159828,100,21.84606552,100,22.48263931
2023/5/2 14:07,100,23.41840172,100,21.83159828,100,21.84606552,100,22.51157379
2023/5/2 14:08,100,23.41840172,100,21.83159828,100,21.84606552,100,22.51157379
2023/5/2 14:09,100,23.41840172,100,21.83159828,100,21.84606552,100,22.52604294
2023/5/2 14:10,100,23.41840172,100,21.83159828,100,21.84606552,100,22.52604294
2023/5/2 14:11,100,23.41840172,100,21.83159828,100,21.84606552,100,22.52604294
2023/5/2 14:12,100,23.41840172,100,21.83159828,100,21.84606552,100,22.52604294
2023/5/2 14:13,100,23.41840172,100,21.83159828,100,21.84606552,100,22.52604294
2023/5/2 14:14,100,23.41840172,100,21.83159828,100,21.875,100,22.52604294
2023/5/2 14:15,100,23.41840172,100,21.83159828,100,21.86053276,100,22.52604294
2023/5/2 14:16,100,23.41840172,100,21.83159828,100,21.9473381,100,22.52604294
2023/5/2 14:17,100,23.41840172,100,21.83159828,100,21.9473381,100,22.52604294
2023/5/2 14:18,100,23.41840172,100,21.83159828,100,21.9473381,100,22.51157379
2023/5/2 14:19,100,23.41840172,100,21.83159828,100,21.9473381,100,22.52604294
2023/5/2 14:20,100,23.41840172,100,21.83159828,100,21.9473381,100,22.52604294
2023/5/2 14:21,100,23.41840172,100,21.83159828,100,21.9473381,100,22.52604294
2023/5/2 14:22,100,23.41840172,100,21.83159828,100,21.9473381,100,22.52604294
2023/5/2 14:23,100,23.41840172,100,21.83159828,100,21.9473381,100,22.52604294
2023/5/2 14:24,100,23.41840172,100,21.83159828,100,21.9473381,100,22.52604294
2023/5/2 14:25,100,23.41840172,100,21.83159828,100,21.9473381,100,22.52604294
2023/5/2 14:26,100,23.41840172,100,21.83159828,100,21.9473381,100,22.52604294
2023/5/2 14:27,100,23.41840172,100,21.83159828,100,21.9473381,100,22.51157379
2023/5/2 14:28,100,23.41840172,100,21.81712914,100,21.9473381,100,22.51157379
2023/5/2 14:29,100,23.40393448,100,21.83159828,100,21.9473381,100,22.52604294
2023/5/2 14:30,100,23.41840172,100,21.83159828,100,21.9473381,100,22.52604294
2023/5/2 14:31,100,23.41840172,100,21.83159828,100,21.9473381,100,22.51157379
2023/5/2 14:32,100,23.41840172,100,21.83159828,100,21.9473381,100,22.52604294
2023/5/2 14:33,100,23.40393448,100,21.83159828,100,21.9473381,100,22.52604294
2023/5/2 14:34,100,23.41840172,100,21.83159828,100,21.9473381,100,22.5839119
2023/5/2 14:35,100,23.41840172,100,21.83159828,100,21.9473381,100,22.52604294
2023/5/2 14:36,100,23.41840172,100,21.83159828,100,21.9473381,100,22.52604294
2023/5/2 14:37,100,23.51967621,100,21.83159828,100,21.9473381,100,22.52604294
2023/5/2 14:38,100,23.41840172,100,21.83159828,100,21.9473381,100,22.5839119
2023/5/2 14:39,100,23.51967621,100,21.83159828,100,21.9473381,100,22.52604294
2023/5/2 14:40,100,23.51967621,100,21.83159828,100,21.9473381,100,22.62731552
2023/5/2 14:41,100,23.51967621,100,21.83159828,100,21.9473381,100,22.61284828
2023/5/2 14:42,100,23.51967621,100,21.83159828,100,21.9473381,100,22.62731552
2023/5/2 14:43,100,23.50520706,100,21.91840172,100,21.9473381,100,22.61284828
2023/5/2 14:44,100,23.51967621,100,21.83159828,100,21.9473381,100,22.62731552
2023/5/2 14:45,100,23.51967621,100,21.93287086,100,21.9473381,100,22.62731552
2023/5/2 14:46,100,23.51967621,100,21.93287086,100,21.96180534,100,22.62731552
2023/5/2 14:47,100,23.51967621,100,21.93287086,100,21.9473381,100,22.61284828
2023/5/2 14:48,100,23.51967621,100,21.91840172,100,22.04861069,100,22.61284828
2023/5/2 14:49,100,23.51967621,100,21.93287086,100,22.06307793,100,22.61284828
2023/5/2 14:50,100,23.51967621,100,21.91840172,100,22.06307793,100,22.62731552
2023/5/2 14:51,100,23.51967621,100,21.93287086,100,22.04861069,100,22.61284828
2023/5/2 14:52,100,23.51967621,100,21.91840172,100,22.06307793,100,22.62731552
2023/5/2 14:53,100,23.51967621,100,21.93287086,100,22.04861069,100,22.62731552
2023/5/2 14:54,100,23.51967621,100,21.91840172,100,22.06307793,100,22.61284828
2023/5/2 14:55,100,23.51967621,100,21.93287086,100,22.04861069,100,22.61284828
2023/5/2 14:56,100,23.50520706,100,21.93287086,100,22.04861069,100,22.61284828
2023/5/2 14:57,100,23.51967621,100,21.93287086,100,22.04861069,100,22.61284828
2023/5/2 14:58,100,23.51967621,100,21.91840172,100,21.99073982,100,22.61284828
2023/5/2 14:59,100,23.51967621,100,21.93287086,100,22.04861069,100,22.61284828
2023/5/2 15:00,100,23.51967621,100,21.93287086,100,22.06307793,100,22.62731552
2023/5/2 15:01,100,23.51967621,100,21.93287086,100,22.04861069,100,22.62731552
2023/5/2 15:02,100,23.50520706,100,21.91840172,100,22.06307793,100,22.61284828
2023/5/2 15:03,100,23.51967621,100,21.91840172,100,22.04861069,100,22.61284828
2023/5/2 15:04,100,23.51967621,100,21.91840172,100,22.04861069,100,22.62731552
2023/5/2 15:05,100,23.51967621,100,21.91840172,100,22.04861069,100,22.62731552
2023/5/2 15:06,100,23.51967621,100,21.91840172,100,22.04861069,100,22.62731552
2023/5/2 15:07,100,23.51967621,100,21.93287086,100,22.04861069,100,22.62731552
2023/5/2 15:08,100,23.51967621,100,21.93287086,100,22.04861069,100,22.68518448
2023/5/2 15:09,100,23.51967621,100,21.93287086,100,22.04861069,100,22.71412086
2023/5/2 15:10,100,23.54861069,100,21.91840172,100,22.06307793,100,22.71412086
2023/5/2 15:11,100,23.60648155,100,21.93287086,100,22.04861069,100,22.71412086
2023/5/2 15:12,100,23.51967621,100,21.91840172,100,22.06307793,100,22.71412086
2023/5/2 15:13,100,23.51967621,100,21.91840172,100,22.06307793,100,22.71412086
2023/5/2 15:14,100,23.57754707,100,21.91840172,100,22.06307793,100,22.71412086
2023/5/2 15:15,100,23.51967621,100,21.91840172,100,22.04861069,100,22.69965172
2023/5/2 15:16,100,23.62094879,100,21.99073982,100,22.04861069,100,22.71412086
2023/5/2 15:17,100,23.62094879,100,21.93287086,100,22.06307793,100,22.69965172
2023/5/2 15:18,100,23.62094879,100,21.93287086,100,22.04861069,100,22.62731552
2023/5/2 15:19,100,23.57754707,100,21.97627258,100,22.06307793,100,22.62731552
2023/5/2 15:20,100,23.62094879,100,22.01967621,100,22.04861069,100,22.62731552
2023/5/2 15:21,100,23.60648155,100,21.97627258,100,22.06307793,100,22.71412086
2023/5/2 15:22,100,23.62094879,100,22.01967621,100,22.04861069,100,22.71412086
2023/5/2 15:23,100,23.62094879,100,22.01967621,100,22.06307793,100,22.71412086
2023/5/2 15:24,100,23.62094879,100,21.93287086,100,22.04861069,100,22.71412086
2023/5/2 15:25,100,23.60648155,100,21.93287086,100,22.04861069,100,22.71412086
2023/5/2 15:26,100,23.62094879,100,22.01967621,100,22.04861069,100,22.71412086
2023/5/2 15:27,100,23.62094879,100,22.01967621,100,22.04861069,100,22.71412086
2023/5/2 15:28,100,23.62094879,100,22.01967621,100,22.06307793,100,22.71412086
2023/5/2 15:29,100,23.60648155,100,22.01967621,100,22.04861069,100,22.71412086
2023/5/2 15:30,100,23.62094879,100,22.01967621,100,22.04861069,100,22.71412086
2023/5/2 15:31,100,23.62094879,100,22.01967621,100,22.04861069,100,22.71412086
2023/5/2 15:32,100,23.62094879,100,22.01967621,100,22.04861069,100,22.71412086
2023/5/2 15:33,100,23.62094879,100,22.01967621,100,22.04861069,100,22.71412086
2023/5/2 15:34,100,23.62094879,100,22.01967621,100,22.06307793,100,22.71412086
2023/5/2 15:35,100,23.62094879,100,22.01967621,100,22.04861069,100,22.71412086
2023/5/2 15:36,100,23.62094879,100,22.01967621,100,22.06307793,100,22.71412086
2023/5/2 15:37,100,23.62094879,100,22.01967621,100,22.04861069,100,22.71412086
2023/5/2 15:38,100,23.62094879,100,22.01967621,100,22.06307793,100,22.71412086
2023/5/2 15:39,100,23.60648155,100,22.01967621,100,22.04861069,100,22.71412086
2023/5/2 15:40,100,23.62094879,100,22.01967621,100,22.06307793,100,22.71412086
2023/5/2 15:41,100,23.62094879,100,22.01967621,100,22.04861069,100,22.71412086
2023/5/2 15:42,100,23.62094879,100,22.01967621,100,22.04861069,100,22.71412086
2023/5/2 15:43,100,23.62094879,100,22.01967621,100,22.06307793,100,22.71412086
2023/5/2 15:44,100,23.62094879,100,22.01967621,100,22.06307793,100,22.71412086
2023/5/2 15:45,100,23.60648155,100,22.01967621,100,22.04861069,100,22.71412086
2023/5/2 15:46,100,23.62094879,100,22.01967621,100,22.06307793,100,22.71412086
2023/5/2 15:47,100,23.62094879,100,22.01967621,100,22.06307793,100,22.71412086
2023/5/2 15:48,100,23.62094879,100,22.01967621,100,22.06307793,100,22.71412086
2023/5/2 15:49,100,23.60648155,100,22.01967621,100,22.04861069,100,22.71412086
2023/5/2 15:50,100,23.62094879,100,22.01967621,100,22.06307793,100,22.71412086
2023/5/2 15:51,100,23.62094879,100,22.01967621,100,22.06307793,100,22.71412086
2023/5/2 15:52,100,23.62094879,100,22.01967621,100,22.04861069,100,22.71412086
2023/5/2 15:53,100,23.62094879,100,22.01967621,100,22.06307793,100,22.71412086
2023/5/2 15:54,100,23.62094879,100,22.01967621,100,22.04861069,100,22.71412086
2023/5/2 15:55,100,23.62094879,100,22.01967621,100,22.14988518,100,22.71412086
2023/5/2 15:56,100,23.62094879,100,22.01967621,100,22.14988518,100,22.71412086
2023/5/2 15:57,100,23.62094879,100,22.01967621,100,22.06307793,100,22.71412086
2023/5/2 15:58,100,23.62094879,100,22.01967621,100,22.09201431,100,22.71412086
2023/5/2 15:59,100,23.62094879,100,22.01967621,100,22.14988518,100,22.71412086
2023/5/2 16:00,100,23.62094879,100,22.01967621,100,22.13541794,100,22.74305534
2023/5/2 16:01,100,23.62094879,100,22.01967621,100,22.14988518,100,22.71412086
2023/5/2 16:02,100,23.62094879,100,22.01967621,100,22.14988518,100,22.71412086
2023/5/2 16:03,100,23.62094879,100,22.01967621,100,22.14988518,100,22.71412086
2023/5/2 16:04,100,23.62094879,100,22.01967621,100,22.14988518,100,22.71412086
2023/5/2 16:05,100,23.62094879,100,22.01967621,100,22.14988518,100,22.71412086
2023/5/2 16:06,100,23.62094879,100,22.01967621,100,22.14988518,100,22.71412086
2023/5/2 16:07,100,23.62094879,100,22.01967621,100,22.14988518,100,22.71412086
2023/5/2 16:08,100,23.62094879,100,22.01967621,100,22.14988518,100,22.71412086
2023/5/2 16:09,100,23.62094879,100,22.01967621,100,22.14988518,100,22.71412086
2023/5/2 16:10,100,23.63541794,100,22.01967621,100,22.14988518,100,22.71412086
2023/5/2 16:11,100,23.6932869,100,22.01967621,100,22.14988518,100,22.71412086
2023/5/2 16:12,100,23.6932869,100,22.01967621,100,22.14988518,100,22.7285881
2023/5/2 16:13,100,23.70775414,100,22.01967621,100,22.14988518,100,22.77198982
2023/5/2 16:14,100,23.60648155,100,22.01967621,100,22.14988518,100,22.81539345
2023/5/2 16:15,100,23.72222328,100,22.01967621,100,22.14988518,100,22.71412086
2023/5/2 16:16,100,23.63541794,100,22.01967621,100,22.14988518,100,22.77198982
2023/5/2 16:17,100,23.72222328,100,22.01967621,100,22.14988518,100,22.81539345
2023/5/2 16:18,100,23.62094879,100,22.01967621,100,22.14988518,100,22.7285881
2023/5/2 16:19,100,23.62094879,100,22.01967621,100,22.14988518,100,22.74305534
2023/5/2 16:20,100,23.62094879,100,22.01967621,100,22.14988518,100,22.71412086
2023/5/2 16:21,100,23.67881966,100,22.01967621,100,22.14988518,100,22.81539345
2023/5/2 16:22,100,23.62094879,100,22.01967621,100,22.14988518,100,22.81539345
2023/5/2 16:23,100,23.64988518,100,22.01967621,100,22.14988518,100,22.7285881
2023/5/2 16:24,100,23.62094879,100,22.01967621,100,22.14988518,100,22.81539345
2023/5/2 16:25,100,23.62094879,100,22.01967621,100,22.14988518,100,22.74305534
2023/5/2 16:26,100,23.63541794,100,22.01967621,100,22.14988518,100,22.71412086
2023/5/2 16:27,100,23.72222328,100,22.01967621,100,22.14988518,100,22.71412086
2023/5/2 16:28,100,23.70775414,100,22.01967621,100,22.14988518,100,22.71412086
2023/5/2 16:29,100,23.72222328,100,22.01967621,100,22.14988518,100,22.71412086
2023/5/2 16:30,100,23.72222328,100,22.01967621,100,22.14988518,100,22.71412086
2023/5/2 16:31,100,23.70775414,100,22.01967621,100,22.14988518,100,22.71412086
2023/5/2 16:32,100,23.72222328,100,22.01967621,100,22.14988518,100,22.71412086
2023/5/2 16:33,100,23.72222328,100,22.01967621,100,22.14988518,100,22.7285881
2023/5/2 16:34,100,23.72222328,100,22.01967621,100,22.14988518,100,22.81539345
2023/5/2 16:35,100,23.72222328,100,22.01967621,100,22.14988518,100,22.81539345
2023/5/2 16:36,100,23.72222328,100,22.01967621,100,22.14988518,100,22.81539345
2023/5/2 16:37,100,23.72222328,100,22.01967621,100,22.14988518,100,22.74305534
2023/5/2 16:38,100,23.72222328,100,22.01967621,100,22.14988518,100,22.81539345
2023/5/2 16:39,100,23.70775414,100,22.01967621,100,22.14988518,100,22.81539345
2023/5/2 16:40,100,23.72222328,100,22.01967621,100,22.14988518,100,22.78645706
2023/5/2 16:41,100,23.72222328,100,22.01967621,100,22.14988518,100,22.81539345
2023/5/2 16:42,100,23.72222328,100,22.01967621,100,22.14988518,100,22.81539345
2023/5/2 16:43,100,23.72222328,100,22.01967621,100,22.14988518,100,22.71412086
2023/5/2 16:44,100,23.72222328,100,22.03414345,100,22.14988518,100,22.81539345
2023/5/2 16:45,100,23.72222328,100,22.01967621,100,22.14988518,100,22.81539345
2023/5/2 16:46,100,23.72222328,100,22.01967621,100,22.14988518,100,22.81539345
2023/5/2 16:47,100,23.72222328,100,22.01967621,100,22.14988518,100,22.81539345
2023/5/2 16:48,100,23.72222328,100,22.01967621,100,22.14988518,100,22.81539345
2023/5/2 16:49,100,23.72222328,100,22.01967621,100,22.14988518,100,22.81539345
2023/5/2 16:50,100,23.70775414,100,22.01967621,100,22.14988518,100,22.81539345
2023/5/2 16:51,100,23.72222328,100,22.01967621,100,22.14988518,100,22.81539345
2023/5/2 16:52,100,23.72222328,100,22.01967621,100,22.14988518,100,22.81539345
2023/5/2 16:53,100,23.72222328,100,22.01967621,100,22.14988518,100,22.81539345
2023/5/2 16:54,100,23.72222328,100,22.01967621,100,22.14988518,100,22.81539345
2023/5/2 16:55,100,23.72222328,100,22.03414345,100,22.14988518,100,22.81539345
2023/5/2 16:56,100,23.72222328,100,22.01967621,100,22.14988518,100,22.81539345
2023/5/2 16:57,100,23.72222328,100,22.01967621,100,22.14988518,100,22.81539345
2023/5/2 16:58,100,23.72222328,100,22.01967621,100,22.14988518,100,22.81539345
2023/5/2 16:59,100,23.72222328,100,22.01967621,100,22.14988518,100,22.81539345
2023/5/2 17:00,100,23.72222328,100,22.01967621,100,22.14988518,100,22.81539345
2023/5/2 17:01,100,23.70775414,100,22.01967621,100,22.14988518,100,22.81539345
2023/5/2 17:02,100,23.72222328,100,22.03414345,100,22.14988518,100,22.81539345
2023/5/2 17:03,100,23.72222328,100,22.01967621,100,22.14988518,100,22.81539345
2023/5/2 17:04,100,23.72222328,100,22.01967621,100,22.14988518,100,22.81539345
2023/5/2 17:05,100,23.72222328,100,22.01967621,100,22.14988518,100,22.81539345
2023/5/2 17:06,100,23.72222328,100,22.01967621,100,22.14988518,100,22.81539345
2023/5/2 17:07,100,23.72222328,100,22.01967621,100,22.14988518,100,22.81539345
2023/5/2 17:08,100,23.72222328,100,22.01967621,100,22.14988518,100,22.81539345
2023/5/2 17:09,100,23.72222328,100,22.01967621,100,22.14988518,100,22.81539345
2023/5/2 17:10,100,23.72222328,100,22.01967621,100,22.14988518,100,22.82986069
2023/5/2 17:11,100,23.70775414,100,22.01967621,100,22.14988518,100,22.81539345
2023/5/2 17:12,100,23.72222328,100,22.01967621,100,22.14988518,100,22.80092621
2023/5/2 17:13,100,23.72222328,100,22.01967621,100,22.14988518,100,22.81539345
2023/5/2 17:14,100,23.72222328,100,22.01967621,100,22.14988518,100,22.81539345
2023/5/2 17:15,100,23.72222328,100,22.01967621,100,22.14988518,100,22.81539345
2023/5/2 17:16,100,23.72222328,100,22.01967621,100,22.14988518,100,22.81539345
2023/5/2 17:17,100,23.70775414,100,22.01967621,100,22.14988518,100,22.81539345
2023/5/2 17:18,100,23.72222328,100,22.01967621,100,22.14988518,100,22.81539345
2023/5/2 17:19,100,23.72222328,100,22.01967621,100,22.14988518,100,22.81539345
2023/5/2 17:20,100,23.72222328,100,22.01967621,100,22.14988518,100,22.81539345
2023/5/2 17:21,100,23.70775414,100,22.01967621,100,22.14988518,100,22.81539345
2023/5/2 17:22,100,23.63541794,100,22.01967621,100,22.14988518,100,22.81539345
2023/5/2 17:23,100,23.64988518,100,22.01967621,100,22.14988518,100,22.81539345
2023/5/2 17:24,100,23.62094879,100,22.01967621,100,22.14988518,100,22.81539345
2023/5/2 17:25,100,23.62094879,100,22.01967621,100,22.14988518,100,22.81539345
2023/5/2 17:26,100,23.72222328,100,22.03414345,100,22.14988518,100,22.81539345
2023/5/2 17:27,100,23.63541794,100,22.01967621,100,22.14988518,100,22.81539345
2023/5/2 17:28,100,23.72222328,100,22.03414345,100,22.14988518,100,22.81539345
2023/5/2 17:29,100,23.72222328,100,22.03414345,100,22.14988518,100,22.81539345
2023/5/2 17:30,100,23.72222328,100,22.01967621,100,22.14988518,100,22.81539345
2023/5/2 17:31,100,23.66435242,100,22.01967621,100,22.14988518,100,22.81539345
2023/5/2 17:32,100,23.62094879,100,22.01967621,100,22.14988518,100,22.81539345
2023/5/2 17:33,100,23.60648155,100,22.01967621,100,22.14988518,100,22.81539345
2023/5/2 17:34,100,23.62094879,100,22.01967621,100,22.14988518,100,22.80092621
2023/5/2 17:35,100,23.62094879,100,22.01967621,100,22.14988518,100,22.71412086
2023/5/2 17:36,100,23.62094879,100,22.01967621,100,22.09201431,100,22.71412086
2023/5/2 17:37,100,23.62094879,100,22.01967621,100,22.09201431,100,22.71412086
2023/5/2 17:38,100,23.62094879,100,22.01967621,100,22.06307793,100,22.71412086
2023/5/2 17:39,100,23.62094879,100,22.01967621,100,22.06307793,100,22.71412086
2023/5/2 17:40,100,23.62094879,100,22.01967621,100,22.04861069,100,22.71412086
2023/5/2 17:41,100,23.62094879,100,22.01967621,100,22.06307793,100,22.7285881
2023/5/2 17:42,100,23.62094879,100,22.01967621,100,22.06307793,100,22.71412086
2023/5/2 17:43,100,23.62094879,100,22.01967621,100,22.06307793,100,22.71412086
2023/5/2 17:44,100,23.62094879,100,22.01967621,100,22.06307793,100,22.71412086
2023/5/2 17:45,100,23.62094879,100,22.01967621,100,22.04861069,100,22.7285881
2023/5/2 17:46,100,23.62094879,100,21.93287086,100,22.06307793,100,22.71412086
2023/5/2 17:47,100,23.62094879,100,21.93287086,100,22.06307793,100,22.71412086
2023/5/2 17:48,100,23.62094879,100,21.93287086,100,22.06307793,100,22.71412086
2023/5/2 17:49,100,23.62094879,100,21.93287086,100,22.06307793,100,22.71412086
2023/5/2 17:50,100,23.62094879,100,21.93287086,100,22.06307793,100,22.7285881
2023/5/2 17:51,100,23.62094879,100,21.93287086,100,22.04861069,100,22.71412086
2023/5/2 17:52,100,23.62094879,100,21.93287086,100,22.06307793,100,22.71412086
2023/5/2 17:53,100,23.60648155,100,21.93287086,100,22.06307793,100,22.7285881
2023/5/2 17:54,100,23.62094879,100,21.93287086,100,22.06307793,100,22.7285881
2023/5/2 17:55,100,23.51967621,100,21.91840172,100,22.06307793,100,22.7285881
2023/5/2 17:56,100,23.54861069,100,21.93287086,100,22.04861069,100,22.71412086
2023/5/2 17:57,100,23.53414345,100,21.93287086,100,22.06307793,100,22.7285881
2023/5/2 17:58,100,23.51967621,100,21.93287086,100,22.03414345,100,22.71412086
2023/5/2 17:59,100,23.54861069,100,21.93287086,100,21.96180534,100,22.64178276
2023/5/2 18:00,100,23.51967621,100,21.93287086,100,21.96180534,100,22.71412086
2023/5/2 18:01,100,23.51967621,100,21.93287086,100,21.9473381,100,22.71412086
2023/5/2 18:02,100,23.51967621,100,21.93287086,100,21.96180534,100,22.71412086
2023/5/2 18:03,100,23.51967621,100,21.91840172,100,21.96180534,100,22.62731552
2023/5/2 18:04,100,23.51967621,100,21.93287086,100,21.96180534,100,22.61284828
2023/5/2 18:05,100,23.51967621,100,21.93287086,100,21.96180534,100,22.62731552
2023/5/2 18:06,100,23.51967621,100,21.93287086,100,21.96180534,100,22.61284828
2023/5/2 18:07,100,23.51967621,100,21.93287086,100,21.96180534,100,22.62731552
2023/5/2 18:08,100,23.51967621,100,21.83159828,100,21.96180534,100,22.71412086
2023/5/2 18:09,100,23.50520706,100,21.83159828,100,21.96180534,100,22.62731552
2023/5/2 18:10,100,23.51967621,100,21.83159828,100,21.9473381,100,22.71412086
2023/5/2 18:11,100,23.51967621,100,21.83159828,100,21.96180534,100,22.69965172
2023/5/2 18:12,100,23.51967621,100,21.83159828,100,21.9473381,100,22.7285881
2023/5/2 18:13,100,23.51967621,100,21.83159828,100,21.96180534,100,22.71412086
2023/5/2 18:14,100,23.51967621,100,21.83159828,100,21.96180534,100,22.62731552
2023/5/2 18:15,100,23.51967621,100,21.83159828,100,21.96180534,100,22.62731552
2023/5/2 18:16,100,23.51967621,100,21.81712914,100,21.96180534,100,22.61284828
2023/5/2 18:17,100,23.51967621,100,21.83159828,100,21.9473381,100,22.62731552
2023/5/2 18:18,100,23.41840172,100,21.83159828,100,21.96180534,100,22.62731552
2023/5/2 18:19,100,23.41840172,100,21.83159828,100,21.9473381,100,22.62731552
2023/5/2 18:20,100,23.41840172,100,21.83159828,100,21.96180534,100,22.62731552
2023/5/2 18:21,100,23.41840172,100,21.83159828,100,21.96180534,100,22.62731552
2023/5/2 18:22,100,23.41840172,100,21.83159828,100,21.96180534,100,22.62731552
2023/5/2 18:23,100,23.41840172,100,21.83159828,100,21.86053276,100,22.62731552
2023/5/2 18:24,100,23.41840172,100,21.83159828,100,21.86053276,100,22.62731552
2023/5/2 18:25,100,23.41840172,100,21.83159828,100,21.86053276,100,22.62731552
2023/5/2 18:26,100,23.41840172,100,21.83159828,100,21.86053276,100,22.62731552
2023/5/2 18:27,100,23.41840172,100,21.83159828,100,21.86053276,100,22.62731552
2023/5/2 18:28,100,23.41840172,100,21.83159828,100,21.86053276,100,22.62731552
2023/5/2 18:29,100,23.40393448,100,21.83159828,100,21.86053276,100,22.59837914
2023/5/2 18:30,100,23.41840172,100,21.83159828,100,21.86053276,100,22.55497742
2023/5/2 18:31,100,23.41840172,100,21.83159828,100,21.86053276,100,22.61284828
2023/5/2 18:32,100,23.41840172,100,21.83159828,100,21.86053276,100,22.56944466
2023/5/2 18:33,100,23.41840172,100,21.83159828,100,21.86053276,100,22.62731552
2023/5/2 18:34,100,23.41840172,100,21.83159828,100,21.84606552,100,22.62731552
2023/5/2 18:35,100,23.41840172,100,21.83159828,100,21.84606552,100,22.52604294
2023/5/2 18:36,100,23.41840172,100,21.83159828,100,21.86053276,100,22.52604294
2023/5/2 18:37,100,23.41840172,100,21.81712914,100,21.86053276,100,22.52604294
2023/5/2 18:38,100,23.41840172,100,21.83159828,100,21.86053276,100,22.52604294
2023/5/2 18:39,100,23.41840172,100,21.83159828,100,21.86053276,100,22.52604294
2023/5/2 18:40,100,23.41840172,100,21.83159828,100,21.84606552,100,22.52604294
2023/5/2 18:41,100,23.41840172,100,21.83159828,100,21.86053276,100,22.52604294
2023/5/2 18:42,100,23.41840172,100,21.83159828,100,21.84606552,100,22.52604294
2023/5/2 18:43,100,23.41840172,100,21.83159828,100,21.86053276,100,22.52604294
2023/5/2 18:44,100,23.41840172,100,21.81712914,100,21.86053276,100,22.52604294
2023/5/2 18:45,100,23.40393448,100,21.83159828,100,21.84606552,100,22.52604294
2023/5/2 18:46,100,23.41840172,100,21.83159828,100,21.86053276,100,22.52604294
2023/5/2 18:47,100,23.38946724,100,21.83159828,100,21.84606552,100,22.52604294
2023/5/2 18:48,100,23.33159828,100,21.83159828,100,21.75926018,100,22.52604294
2023/5/2 18:49,100,23.31712914,100,21.83159828,100,21.75926018,100,22.51157379
2023/5/2 18:50,100,23.31712914,100,21.83159828,100,21.74479294,100,22.52604294
2023/5/2 18:51,100,23.31712914,100,21.83159828,100,21.75926018,100,22.52604294
2023/5/2 18:52,100,23.3026619,100,21.83159828,100,21.75926018,100,22.51157379
2023/5/2 18:53,100,23.31712914,100,21.83159828,100,21.74479294,100,22.52604294
2023/5/2 18:54,100,23.31712914,100,21.81712914,100,21.75926018,100,22.52604294
2023/5/2 18:55,100,23.31712914,100,21.83159828,100,21.75926018,100,22.52604294
2023/5/2 18:56,100,23.31712914,100,21.83159828,100,21.75926018,100,22.52604294
2023/5/2 18:57,100,23.31712914,100,21.83159828,100,21.75926018,100,22.52604294
2023/5/2 18:58,100,23.31712914,100,21.83159828,100,21.75926018,100,22.51157379
2023/5/2 18:59,100,23.31712914,100,21.83159828,100,21.75926018,100,22.42476845
2023/5/2 19:00,100,23.31712914,100,21.83159828,100,21.74479294,100,22.42476845
2023/5/2 19:01,100,23.31712914,100,21.73032379,100,21.75926018,100,22.42476845
2023/5/2 19:02,100,23.31712914,100,21.73032379,100,21.74479294,100,22.41030121
2023/5/2 19:03,100,23.31712914,100,21.73032379,100,21.75926018,100,22.42476845
2023/5/2 19:04,100,23.31712914,100,21.73032379,100,21.75926018,100,22.41030121
2023/5/2 19:05,100,23.31712914,100,21.73032379,100,21.75926018,100,22.42476845
2023/5/2 19:06,100,23.31712914,100,21.73032379,100,21.74479294,100,22.42476845
2023/5/2 19:07,100,23.31712914,100,21.73032379,100,21.75926018,100,22.42476845
2023/5/2 19:08,100,23.31712914,100,21.73032379,100,21.75926018,100,22.41030121
2023/5/2 19:09,100,23.31712914,100,21.73032379,100,21.74479294,100,22.42476845
2023/5/2 19:10,100,23.31712914,100,21.73032379,100,21.75926018,100,22.42476845
2023/5/2 19:11,100,23.31712914,100,21.71585655,100,21.74479294,100,22.41030121
2023/5/2 19:12,100,23.31712914,100,21.73032379,100,21.65798569,100,22.42476845
2023/5/2 19:13,100,23.31712914,100,21.71585655,100,21.65798569,100,22.42476845
2023/5/2 19:14,100,23.21585655,100,21.73032379,100,21.64351845,100,22.42476845
2023/5/2 19:15,100,23.21585655,100,21.73032379,100,21.65798569,100,22.42476845
2023/5/2 19:16,100,23.21585655,100,21.73032379,100,21.65798569,100,22.42476845
2023/5/2 19:17,100,23.20138931,100,21.73032379,100,21.65798569,100,22.42476845
2023/5/2 19:18,100,23.21585655,100,21.73032379,100,21.65798569,100,22.42476845
2023/5/2 19:19,100,23.21585655,100,21.73032379,100,21.65798569,100,22.42476845
2023/5/2 19:20,100,23.21585655,100,21.73032379,100,21.65798569,100,22.42476845
2023/5/2 19:21,100,23.21585655,100,21.73032379,100,21.65798569,100,22.42476845
2023/5/2 19:22,100,23.21585655,100,21.62905121,100,21.65798569,100,22.42476845
2023/5/2 19:23,100,23.21585655,100,21.68692207,100,21.65798569,100,22.30902672
2023/5/2 19:24,100,23.21585655,100,21.62905121,100,21.65798569,100,22.36689758
2023/5/2 19:25,100,23.21585655,100,21.62905121,100,21.65798569,100,22.32349586
2023/5/2 19:26,100,23.21585655,100,21.62905121,100,21.65798569,100,22.32349586
2023/5/2 19:27,100,23.21585655,100,21.62905121,100,21.65798569,100,22.32349586
2023/5/2 19:28,100,23.21585655,100,21.62905121,100,21.65798569,100,22.32349586
2023/5/2 19:29,100,23.20138931,100,21.62905121,100,21.65798569,100,22.32349586
2023/5/2 19:30,100,23.21585655,100,21.62905121,100,21.5567131,100,22.32349586
2023/5/2 19:31,100,23.21585655,100,21.62905121,100,21.5567131,100,22.32349586
2023/5/2 19:32,100,23.21585655,100,21.62905121,100,21.5567131,100,22.32349586
2023/5/2 19:33,100,23.21585655,100,21.62905121,100,21.5567131,100,22.32349586
2023/5/2 19:34,100,23.21585655,100,21.61458206,100,21.5567131,100,22.32349586
2023/5/2 19:35,100,23.21585655,100,21.62905121,100,21.54224586,100,22.32349586
2023/5/2 19:36,100,23.21585655,100,21.62905121,100,21.5567131,100,22.32349586
2023/5/2 19:37,100,23.21585655,100,21.62905121,100,21.5567131,100,22.32349586
2023/5/2 19:38,100,23.21585655,100,21.62905121,100,21.5567131,100,22.32349586
2023/5/2 19:39,100,23.21585655,100,21.62905121,100,21.5567131,100,22.32349586
2023/5/2 19:40,100,23.11458206,100,21.62905121,100,21.5567131,100,22.22222328
2023/5/2 19:41,100,23.21585655,100,21.62905121,100,21.54224586,100,22.22222328
2023/5/2 19:42,100,23.11458206,100,21.62905121,100,21.5567131,100,22.22222328
2023/5/2 19:43,100,23.11458206,100,21.62905121,100,21.5567131,100,22.22222328
2023/5/2 19:44,100,23.11458206,100,21.54224586,100,21.5567131,100,22.22222328
2023/5/2 19:45,100,23.11458206,100,21.60011482,100,21.5567131,100,22.22222328
2023/5/2 19:46,100,23.11458206,100,21.60011482,100,21.54224586,100,22.22222328
2023/5/2 19:47,100,23.11458206,100,21.58564758,100,21.5567131,100,22.22222328
2023/5/2 19:48,100,23.11458206,100,21.52777672,100,21.5567131,100,22.22222328
2023/5/2 19:49,100,23.11458206,100,21.52777672,100,21.5567131,100,22.22222328
2023/5/2 19:50,100,23.11458206,100,21.52777672,100,21.5567131,100,22.22222328
2023/5/2 19:51,100,23.11458206,100,21.52777672,100,21.5567131,100,22.22222328
2023/5/2 19:52,100,23.11458206,100,21.52777672,100,21.5567131,100,22.22222328
2023/5/2 19:53,100,23.11458206,100,21.51330948,100,21.54224586,100,22.22222328
2023/5/2 19:54,100,23.11458206,100,21.52777672,100,21.5567131,100,22.20775414
2023/5/2 19:55,100,23.11458206,100,21.52777672,100,21.45544052,100,22.22222328
2023/5/2 19:56,100,23.11458206,100,21.52777672,100,21.52777672,100,22.22222328
2023/5/2 19:57,100,23.11458206,100,21.52777672,100,21.45544052,100,22.22222328
2023/5/2 19:58,100,23.11458206,100,21.52777672,100,21.45544052,100,22.22222328
2023/5/2 19:59,100,23.11458206,100,21.52777672,100,21.45544052,100,22.20775414
2023/5/2 20:00,100,23.04224586,100,21.52777672,100,21.45544052,100,22.22222328
2023/5/2 20:01,100,23.01330948,100,21.52777672,100,21.45544052,100,22.22222328
2023/5/2 20:02,100,23.01330948,100,21.52777672,100,21.45544052,100,22.22222328
2023/5/2 20:03,100,23.02777672,100,21.52777672,100,21.45544052,100,22.22222328
2023/5/2 20:04,100,23.01330948,100,21.52777672,100,21.45544052,100,22.22222328
2023/5/2 20:05,100,23.01330948,100,21.52777672,100,21.45544052,100,22.20775414
2023/5/2 20:06,100,23.01330948,100,21.52777672,100,21.45544052,100,22.22222328
2023/5/2 20:07,100,23.01330948,100,21.52777672,100,21.45544052,100,22.22222328
2023/5/2 20:08,100,23.01330948,100,21.52777672,100,21.45544052,100,22.22222328
2023/5/2 20:09,100,23.01330948,100,21.52777672,100,21.44097328,100,22.22222328
2023/5/2 20:10,100,23.01330948,100,21.52777672,100,21.45544052,100,22.22222328
2023/5/2 20:11,100,23.01330948,100,21.52777672,100,21.45544052,100,22.22222328
2023/5/2 20:12,100,23.01330948,100,21.52777672,100,21.45544052,100,22.22222328
2023/5/2 20:13,100,23.01330948,100,21.42650414,100,21.45544052,100,22.12094879
2023/5/2 20:14,100,23.01330948,100,21.484375,100,21.45544052,100,22.12094879
2023/5/2 20:15,100,23.01330948,100,21.484375,100,21.45544052,100,22.12094879
2023/5/2 20:16,100,23.01330948,100,21.42650414,100,21.45544052,100,22.12094879
2023/5/2 20:17,100,23.01330948,100,21.42650414,100,21.45544052,100,22.12094879
2023/5/2 20:18,100,23.01330948,100,21.42650414,100,21.45544052,100,22.12094879
2023/5/2 20:19,100,23.01330948,100,21.42650414,100,21.45544052,100,22.12094879
2023/5/2 20:20,100,23.01330948,100,21.42650414,100,21.42650414,100,22.12094879
2023/5/2 20:21,100,23.01330948,100,21.42650414,100,21.36863518,100,22.12094879
2023/5/2 20:22,100,23.01330948,100,21.42650414,100,21.35416794,100,22.12094879
2023/5/2 20:23,100,23.01330948,100,21.42650414,100,21.35416794,100,22.12094879
2023/5/2 20:24,100,23.01330948,100,21.42650414,100,21.35416794,100,22.12094879
2023/5/2 20:25,100,23.01330948,100,21.42650414,100,21.35416794,100,22.12094879
2023/5/2 20:26,100,23.01330948,100,21.42650414,100,21.35416794,100,22.12094879
2023/5/2 20:27,100,23.01330948,100,21.42650414,100,21.35416794,100,22.12094879
2023/5/2 20:28,100,23.01330948,100,21.42650414,100,21.35416794,100,22.12094879
2023/5/2 20:29,100,23.01330948,100,21.42650414,100,21.35416794,100,22.12094879
2023/5/2 20:30,100,23.01330948,100,21.42650414,100,21.35416794,100,22.12094879
2023/5/2 20:31,100,23.01330948,100,21.42650414,100,21.35416794,100,22.12094879
2023/5/2 20:32,100,23.01330948,100,21.42650414,100,21.35416794,100,22.12094879
2023/5/2 20:33,100,23.01330948,100,21.42650414,100,21.35416794,100,22.01967621
2023/5/2 20:34,100,23.01330948,100,21.42650414,100,21.35416794,100,22.01967621
2023/5/2 20:35,100,23.01330948,100,21.42650414,100,21.35416794,100,22.01967621
2023/5/2 20:36,100,23.01330948,100,21.42650414,100,21.35416794,100,22.01967621
2023/5/2 20:37,100,23.01330948,100,21.42650414,100,21.35416794,100,22.01967621
2023/5/2 20:38,100,23.01330948,100,21.42650414,100,21.35416794,100,22.01967621
2023/5/2 20:39,100,22.984375,100,21.38310242,100,21.35416794,100,22.01967621
2023/5/2 20:40,100,22.9120369,100,21.4120369,100,21.35416794,100,22.01967621
2023/5/2 20:41,100,22.92650414,100,21.32523155,100,21.35416794,100,22.01967621
2023/5/2 20:42,100,22.92650414,100,21.32523155,100,21.35416794,100,22.01967621
2023/5/2 20:43,100,22.92650414,100,21.32523155,100,21.35416794,100,22.01967621
2023/5/2 20:44,100,22.92650414,100,21.32523155,100,21.35416794,100,22.01967621
2023/5/2 20:45,100,22.92650414,100,21.32523155,100,21.35416794,100,22.01967621
2023/5/2 20:46,100,22.9120369,100,21.32523155,100,21.35416794,100,22.00520706
2023/5/2 20:47,100,22.92650414,100,21.32523155,100,21.35416794,100,22.01967621
2023/5/2 20:48,100,22.9120369,100,21.32523155,100,21.35416794,100,22.01967621
2023/5/2 20:49,100,22.9120369,100,21.32523155,100,21.25289345,100,22.01967621
2023/5/2 20:50,100,22.9120369,100,21.32523155,100,21.25289345,100,22.01967621
2023/5/2 20:51,100,22.92650414,100,21.33969879,100,21.25289345,100,22.01967621
2023/5/2 20:52,100,22.9120369,100,21.32523155,100,21.25289345,100,22.01967621
2023/5/2 20:53,100,22.92650414,100,21.32523155,100,21.25289345,100,22.01967621
2023/5/2 20:54,100,22.92650414,100,21.32523155,100,21.25289345,100,22.01967621
2023/5/2 20:55,100,22.9120369,100,21.32523155,100,21.25289345,100,22.01967621
2023/5/2 20:56,100,22.83969879,100,21.32523155,100,21.23842621,100,22.00520706
2023/5/2 20:57,100,22.9120369,100,21.32523155,100,21.25289345,88.18734741,21.91840172
2023/5/2 20:58,100,22.92650414,100,21.32523155,100,21.25289345,22.02218246,21.91840172
2023/5/2 20:59,100,22.82523155,100,21.31076431,100,21.25289345,0,21.91840172
2023/5/2 21:00,100,22.82523155,100,21.32523155,100,21.23842621,0,21.91840172
2023/5/2 21:01,100,22.82523155,100,21.32523155,100,21.25289345,0,21.91840172
2023/5/2 21:02,100,22.81076431,100,21.32523155,100,21.25289345,0,21.91840172
2023/5/2 21:03,100,22.81076431,100,21.32523155,100,21.25289345,0,21.91840172
2023/5/2 21:04,100,22.82523155,100,21.31076431,100,21.23842621,0,21.91840172
2023/5/2 21:05,100,22.82523155,100,21.22395706,100,21.25289345,0,21.91840172
2023/5/2 21:06,100,22.82523155,100,21.22395706,100,21.25289345,0,21.91840172
2023/5/2 21:07,100,22.81076431,100,21.22395706,100,21.25289345,0,21.91840172
2023/5/2 21:08,100,22.82523155,100,21.29629707,100,21.25289345,0,21.91840172
2023/5/2 21:09,100,22.82523155,100,21.28182793,100,21.25289345,0,21.91840172
2023/5/2 21:10,100,22.82523155,100,21.22395706,100,21.25289345,0,21.91840172
2023/5/2 21:11,100,22.82523155,100,21.22395706,100,21.25289345,0,21.91840172
2023/5/2 21:12,100,22.82523155,100,21.22395706,100,21.25289345,0,21.91840172
2023/5/2 21:13,100,22.81076431,100,21.22395706,100,21.25289345,0,21.91840172
2023/5/2 21:14,100,22.81076431,100,21.22395706,100,21.23842621,0,21.91840172
2023/5/2 21:15,100,22.82523155,100,21.22395706,100,21.15162086,0,21.91840172
2023/5/2 21:16,100,22.82523155,100,21.22395706,100,21.15162086,0,21.91840172
2023/5/2 21:17,100,22.82523155,100,21.22395706,100,21.15162086,0,21.91840172
2023/5/2 21:18,100,22.82523155,100,21.22395706,100,21.15162086,0,21.91840172
2023/5/2 21:19,100,22.82523155,100,21.22395706,100,21.15162086,0,21.91840172
2023/5/2 21:20,100,22.81076431,100,21.22395706,100,21.15162086,0,21.91840172
2023/5/2 21:21,100,22.82523155,100,21.22395706,100,21.15162086,0,21.91840172
2023/5/2 21:22,100,22.81076431,100,21.22395706,100,21.15162086,0,21.91840172
2023/5/2 21:23,100,22.81076431,100,21.22395706,100,21.15162086,0,21.91840172
2023/5/2 21:24,100,22.81076431,100,21.22395706,100,21.15162086,0,21.81712914
2023/5/2 21:25,100,22.82523155,100,21.22395706,100,21.15162086,0,21.81712914
2023/5/2 21:26,100,22.81076431,100,21.22395706,100,21.15162086,0,21.83159828
2023/5/2 21:27,100,22.82523155,100,21.22395706,100,21.15162086,0,21.81712914
2023/5/2 21:28,100,22.82523155,100,21.22395706,100,21.15162086,0,21.84606552
2023/5/2 21:29,100,22.81076431,100,21.22395706,100,21.13715172,0,21.81712914
2023/5/2 21:30,100,22.82523155,100,21.22395706,100,21.15162086,0,21.81712914
2023/5/2 21:31,100,22.82523155,100,21.22395706,100,21.15162086,0,21.84606552
2023/5/2 21:32,100,22.82523155,100,21.22395706,100,21.15162086,0,21.81712914
2023/5/2 21:33,100,22.81076431,100,21.22395706,100,21.15162086,0,21.81712914
2023/5/2 21:34,100,22.82523155,100,21.22395706,100,21.15162086,0,21.81712914
2023/5/2 21:35,100,22.82523155,100,21.22395706,100,21.15162086,0,21.81712914
2023/5/2 21:36,100,22.82523155,100,21.22395706,100,21.13715172,0,21.81712914
2023/5/2 21:37,100,22.79629707,100,21.22395706,100,21.15162086,0,21.81712914
2023/5/2 21:38,100,22.72395706,100,21.22395706,100,21.15162086,0,21.81712914
2023/5/2 21:39,100,22.72395706,100,21.22395706,100,21.15162086,0,21.81712914
2023/5/2 21:40,100,22.78182793,100,21.22395706,100,21.15162086,0,21.81712914
2023/5/2 21:41,100,22.72395706,100,21.22395706,100,21.15162086,0,21.81712914
2023/5/2 21:42,100,22.72395706,100,21.22395706,100,21.15162086,0,21.81712914
2023/5/2 21:43,100,22.72395706,100,21.22395706,100,21.15162086,0,21.81712914
2023/5/2 21:44,100,22.72395706,100,21.22395706,100,21.15162086,0,21.81712914
2023/5/2 21:45,100,22.72395706,100,21.22395706,100,21.15162086,0,21.81712914
2023/5/2 21:46,100,22.72395706,100,21.22395706,100,21.15162086,0,21.81712914
2023/5/2 21:47,100,22.72395706,100,21.20948982,100,21.15162086,0,21.81712914
2023/5/2 21:48,100,22.72395706,100,21.22395706,100,21.15162086,0,21.81712914
2023/5/2 21:49,100,22.72395706,100,21.22395706,100,21.15162086,0,21.81712914
2023/5/2 21:50,100,22.72395706,100,21.1660881,100,21.15162086,0,21.81712914
2023/5/2 21:51,100,22.72395706,100,21.13715172,100,21.15162086,0,21.81712914
2023/5/2 21:52,100,22.72395706,100,21.13715172,100,21.15162086,0,21.81712914
2023/5/2 21:53,100,22.72395706,100,21.13715172,100,21.15162086,0,21.81712914
2023/5/2 21:54,100,22.72395706,100,21.13715172,100,21.15162086,0,21.81712914
2023/5/2 21:55,100,22.72395706,100,21.12268448,100,21.15162086,0,21.81712914
2023/5/2 21:56,100,22.72395706,100,21.12268448,100,21.15162086,0,21.81712914
2023/5/2 21:57,100,22.72395706,100,21.12268448,100,21.15162086,0,21.81712914
2023/5/2 21:58,100,22.72395706,100,21.12268448,100,21.15162086,0,21.81712914
2023/5/2 21:59,100,22.70948982,100,21.13715172,100,21.15162086,0,21.81712914
2023/5/2 22:00,100,22.72395706,100,21.13715172,100,21.15162086,0,21.81712914
2023/5/2 22:01,100,22.72395706,100,21.13715172,100,21.15162086,0,21.81712914
2023/5/2 22:02,100,22.72395706,100,21.13715172,100,21.15162086,0,21.81712914
2023/5/2 22:03,100,22.72395706,100,21.13715172,100,21.15162086,0,21.81712914
2023/5/2 22:04,100,22.72395706,100,21.13715172,100,21.15162086,0,21.81712914
2023/5/2 22:05,100,22.72395706,100,21.12268448,100,21.05034828,0,21.81712914
2023/5/2 22:06,100,22.72395706,100,21.12268448,100,21.05034828,0,21.81712914
2023/5/2 22:07,100,22.72395706,100,21.12268448,100,21.05034828,0,21.81712914
2023/5/2 22:08,100,22.72395706,100,21.13715172,100,21.05034828,0,21.81712914
2023/5/2 22:09,100,22.72395706,100,21.13715172,100,21.05034828,0,21.81712914
2023/5/2 22:10,100,22.72395706,100,21.13715172,100,21.05034828,0,21.81712914
2023/5/2 22:11,100,22.72395706,100,21.13715172,100,21.05034828,0,21.81712914
2023/5/2 22:12,100,22.72395706,100,21.13715172,100,21.05034828,0,21.81712914
2023/5/2 22:13,100,22.72395706,100,21.13715172,100,21.05034828,0,21.81712914
2023/5/2 22:14,100,22.72395706,100,21.13715172,100,21.05034828,0,21.81712914
2023/5/2 22:15,100,22.72395706,100,21.13715172,100,21.05034828,0,21.83159828
2023/5/2 22:16,100,22.63715172,100,21.13715172,100,21.05034828,0,21.81712914
2023/5/2 22:17,100,22.70948982,100,21.13715172,100,21.05034828,0,21.81712914
2023/5/2 22:18,100,22.70948982,100,21.13715172,100,21.05034828,0,21.81712914
2023/5/2 22:19,100,22.63715172,100,21.13715172,100,21.05034828,0,21.81712914
2023/5/2 22:20,100,22.69502258,100,21.13715172,100,21.05034828,0,21.81712914
2023/5/2 22:21,100,22.70948982,100,21.13715172,100,21.05034828,0,21.81712914
2023/5/2 22:22,100,22.62268448,100,21.13715172,100,21.05034828,0,21.81712914
2023/5/2 22:23,100,22.60821724,100,21.13715172,100,21.05034828,0,21.81712914
2023/5/2 22:24,100,22.62268448,100,21.13715172,100,21.05034828,0,21.81712914
2023/5/2 22:25,100,22.62268448,100,21.13715172,100,21.05034828,0,21.81712914
2023/5/2 22:26,100,22.62268448,100,21.13715172,100,21.05034828,0,21.83159828
2023/5/2 22:27,100,22.62268448,100,21.13715172,100,21.05034828,0,21.81712914
2023/5/2 22:28,100,22.62268448,100,21.13715172,100,21.05034828,0,21.81712914
2023/5/2 22:29,100,22.62268448,100,21.13715172,100,21.05034828,0,21.83159828
2023/5/2 22:30,100,22.62268448,100,21.13715172,100,21.05034828,0,21.81712914
2023/5/2 22:31,100,22.62268448,100,21.13715172,100,21.05034828,0,21.81712914
2023/5/2 22:32,100,22.62268448,100,21.13715172,100,21.05034828,0,21.81712914
2023/5/2 22:33,100,22.62268448,100,21.13715172,100,21.05034828,0,21.81712914
2023/5/2 22:34,100,22.62268448,100,21.13715172,100,21.05034828,0,21.81712914
2023/5/2 22:35,100,22.62268448,100,21.12268448,100,21.05034828,0,21.81712914
2023/5/2 22:36,100,22.62268448,100,21.12268448,100,21.05034828,0,21.81712914
2023/5/2 22:37,100,22.62268448,100,21.07928276,100,21.05034828,0,21.81712914
2023/5/2 22:38,100,22.62268448,100,21.09375,100,21.05034828,0,21.81712914
2023/5/2 22:39,100,22.62268448,100,21.09375,100,21.05034828,0,21.81712914
2023/5/2 22:40,100,22.62268448,100,21.03587914,99.41638947,20.96354294,0,21.81712914
2023/5/2 22:41,100,22.62268448,100,21.03587914,96.16925049,20.94907379,0,21.81712914
2023/5/2 22:42,100,22.60821724,100,21.13715172,92.08999634,20.94907379,0,21.81712914
2023/5/2 22:43,100,22.62268448,100,21.12268448,87.98738098,20.94907379,0,21.83159828
2023/5/2 22:44,100,22.62268448,100,21.03587914,83.87664032,20.96354294,0,21.81712914
2023/5/2 22:45,100,22.62268448,100,21.03587914,79.94813538,20.94907379,0,21.81712914
2023/5/2 22:46,100,22.62268448,100,21.03587914,75.86140442,20.96354294,0,21.83159828
2023/5/2 22:47,100,22.62268448,100,21.03587914,71.75868225,20.94907379,0,21.81712914
2023/5/2 22:48,100,22.62268448,100,21.03587914,67.56912231,20.94907379,0,21.81712914
2023/5/2 22:49,100,22.62268448,100,21.03587914,63.39025879,20.94907379,0,21.81712914
2023/5/2 22:50,100,22.62268448,100,21.03587914,59.42470551,20.96354294,0,21.81712914
2023/5/2 22:51,100,22.62268448,100,21.03587914,55.29510117,20.96354294,0,21.78819466
2023/5/2 22:52,100,22.62268448,100,21.0214119,51.06491089,20.94907379,0,21.81712914
2023/5/2 22:53,100,22.62268448,100,21.03587914,47.01083755,20.94907379,0,21.81712914
2023/5/2 22:54,100,22.62268448,100,21.03587914,42.91836929,20.94907379,0,21.81712914
2023/5/2 22:55,100,22.62268448,100,21.03587914,38.82864761,20.94907379,0,21.81712914
2023/5/2 22:56,100,22.62268448,100,21.03587914,34.59835052,20.94907379,0,21.61458206
2023/5/2 22:57,100,22.62268448,100,21.03587914,30.27688599,20.94907379,0,21.61458206
2023/5/2 22:58,100,22.62268448,100,21.03587914,26.05287361,20.94907379,0,21.62905121
2023/5/2 22:59,100,22.62268448,100,21.03587914,21.54374313,20.94907379,0,21.61458206
2023/5/2 23:00,100,22.62268448,100,21.03587914,17.05859184,20.94907379,0,21.61458206
2023/5/2 23:01,100,22.62268448,100,21.03587914,12.63664532,20.96354294,0,21.62905121
2023/5/2 23:02,100,22.62268448,99.99253082,20.96354294,8.26721859,20.94907379,0,21.62905121
2023/5/2 23:03,100,22.62268448,98.97973633,21.00694466,3.770630836,20.94907379,0,21.61458206
2023/5/2 23:04,100,22.60821724,95.87935638,20.93460655,0,20.94907379,0,21.61458206
2023/5/2 23:05,100,22.62268448,91.49502563,20.93460655,0,20.94907379,0,21.61458206
2023/5/2 23:06,100,22.62268448,85.66469574,20.93460655,0,20.94907379,0,21.61458206
2023/5/2 23:07,100,22.62268448,79.63538361,20.93460655,0,20.94907379,0,21.61458206
2023/5/2 23:08,100,22.62268448,73.6135788,20.93460655,0,20.86226845,0,21.62905121
2023/5/2 23:09,100,22.62268448,67.58828735,20.93460655,0,20.86226845,0,21.62905121
2023/5/2 23:10,100,22.62268448,61.64945602,20.93460655,0,20.86226845,0,21.62905121
2023/5/2 23:11,100,22.62268448,55.6453743,20.93460655,0,20.86226845,0,21.61458206
2023/5/2 23:12,100,22.62268448,49.60569763,20.93460655,0,20.84780121,0,21.61458206
2023/5/2 23:13,100,22.62268448,43.56485748,20.93460655,0,20.86226845,0,21.62905121
2023/5/2 23:14,100,22.5214119,37.54343796,20.93460655,0,20.86226845,0,21.62905121
2023/5/2 23:15,100,22.5214119,31.6166153,20.93460655,0,20.86226845,0,21.61458206
2023/5/2 23:16,100,22.5214119,25.58764267,20.93460655,0,20.86226845,0,21.61458206
2023/5/2 23:17,100,22.5214119,19.54166412,20.93460655,0,20.86226845,0,21.62905121
2023/5/2 23:18,100,22.5214119,13.51370621,20.93460655,0,20.86226845,0,21.62905121
2023/5/2 23:19,100,22.5214119,7.584321976,20.93460655,0,20.86226845,0,21.62905121
2023/5/2 23:20,100,22.5214119,1.543778181,20.92013931,0,20.86226845,0,21.61458206
2023/5/2 23:21,100,22.5214119,0,20.93460655,0,20.86226845,0,21.61458206
2023/5/2 23:22,100,22.5214119,0,20.92013931,0,20.86226845,0,21.61458206
2023/5/2 23:23,100,22.50694466,0,20.93460655,0,20.86226845,0,21.61458206
2023/5/2 23:24,100,22.50694466,0,20.93460655,0,20.86226845,0,21.62905121
2023/5/2 23:25,100,22.5214119,0,20.93460655,0,20.86226845,0,21.62905121
2023/5/2 23:26,100,22.5214119,0,20.93460655,0,20.86226845,0,21.61458206
2023/5/2 23:27,100,22.5214119,0,20.93460655,0,20.86226845,0,21.61458206
2023/5/2 23:28,100,22.5214119,0,20.93460655,0,20.86226845,0,21.62905121
2023/5/2 23:29,100,22.50694466,0,20.93460655,0,20.86226845,0,21.61458206
2023/5/2 23:30,100,22.5214119,0,20.93460655,0,20.86226845,0,21.61458206
2023/5/2 23:31,100,22.5214119,0,20.90567207,0,20.86226845,0,21.61458206
2023/5/2 23:32,100,22.5214119,0,20.92013931,0,20.86226845,0,21.62905121
2023/5/2 23:33,100,22.5214119,0,20.86226845,0,20.86226845,0,21.62905121
2023/5/2 23:34,100,22.5214119,0,20.81886482,0,20.86226845,0,21.62905121
2023/5/2 23:35,100,22.5214119,0,20.86226845,0,20.86226845,0,21.62905121
2023/5/2 23:36,100,22.5214119,0,20.87673569,0,20.86226845,0,21.62905121
2023/5/2 23:37,100,22.5214119,0,20.83333206,0,20.84780121,0,21.61458206
2023/5/2 23:38,100,22.5214119,0,20.83333206,0,20.84780121,0,21.62905121
2023/5/2 23:39,100,22.50694466,0,20.81886482,0,20.86226845,0,21.52777672
2023/5/2 23:40,100,22.5214119,0,20.83333206,0,20.86226845,0,21.52777672
2023/5/2 23:41,100,22.50694466,0,20.83333206,0,20.86226845,0,21.52777672
2023/5/2 23:42,100,22.5214119,0,20.83333206,0,20.84780121,0,21.52777672
2023/5/2 23:43,100,22.5214119,0,20.83333206,0,20.86226845,0,21.52777672
2023/5/2 23:44,100,22.49247742,0,20.83333206,0,20.86226845,0,21.52777672
2023/5/2 23:45,100,22.42013931,0,20.83333206,0,20.86226845,0,21.52777672
2023/5/2 23:46,100,22.42013931,0,20.83333206,0,20.86226845,0,21.52777672
2023/5/2 23:47,100,22.42013931,0,20.83333206,0,20.86226845,0,21.52777672
2023/5/2 23:48,100,22.42013931,0,20.83333206,0,20.86226845,0,21.52777672
2023/5/2 23:49,100,22.40567207,0,20.83333206,0,20.86226845,0,21.52777672
2023/5/2 23:50,100,22.42013931,0,20.83333206,0,20.86226845,0,21.52777672
2023/5/2 23:51,100,22.42013931,0,20.83333206,0,20.86226845,0,21.52777672
2023/5/2 23:52,100,22.42013931,0,20.83333206,0,20.86226845,0,21.52777672
2023/5/2 23:53,100,22.42013931,0,20.83333206,0,20.84780121,0,21.52777672
2023/5/2 23:54,100,22.42013931,0,20.83333206,0,20.86226845,0,21.52777672
2023/5/2 23:55,100,22.42013931,0,20.81886482,0,20.86226845,0,21.51330948
2023/5/2 23:56,100,22.42013931,0,20.83333206,0,20.86226845,0,21.51330948
2023/5/2 23:57,100,22.42013931,0,20.83333206,0,20.86226845,0,21.51330948
2023/5/2 23:58,100,22.42013931,0,20.81886482,0,20.86226845,0,21.52777672
2023/5/2 23:59,100,22.42013931,0,20.83333206,0,20.86226845,0,21.52777672
2023/5/3 0:00,100,22.42013931,0,20.73205948,0,20.84780121,0,21.52777672
2023/5/3 0:01,100,22.42013931,0,20.73205948,0,20.76099586,0,21.484375
2023/5/3 0:02,100,22.42013931,0,20.73205948,0,20.74652672,0,21.52777672
2023/5/3 0:03,100,22.42013931,0,20.73205948,0,20.76099586,0,21.51330948
2023/5/3 0:04,100,22.42013931,0,20.73205948,0,20.76099586,0,21.51330948
2023/5/3 0:05,100,22.42013931,0,20.73205948,0,20.74652672,0,21.42650414
2023/5/3 0:06,100,22.42013931,0,20.73205948,0,20.74652672,0,21.51330948
2023/5/3 0:07,100,22.42013931,0,20.73205948,0,20.76099586,0,21.42650414
2023/5/3 0:08,100,22.42013931,0,20.73205948,0,20.74652672,0,21.42650414
2023/5/3 0:09,100,22.40567207,0,20.73205948,0,20.76099586,0,21.42650414
2023/5/3 0:10,100,22.42013931,0,20.71759224,0,20.76099586,0,21.42650414
2023/5/3 0:11,100,22.42013931,0,20.73205948,0,20.74652672,0,21.42650414
2023/5/3 0:12,100,22.42013931,0,20.73205948,0,20.74652672,0,21.42650414
2023/5/3 0:13,100,22.42013931,0,20.73205948,0,20.74652672,0,21.42650414
2023/5/3 0:14,100,22.42013931,0,20.73205948,0,20.76099586,0,21.42650414
2023/5/3 0:15,100,22.42013931,0,20.73205948,0,20.76099586,0,21.42650414
2023/5/3 0:16,100,22.42013931,0,20.73205948,0,20.74652672,0,21.42650414
2023/5/3 0:17,100,22.42013931,0,20.71759224,0,20.74652672,0,21.42650414
2023/5/3 0:18,100,22.40567207,0,20.73205948,0,20.74652672,0,21.42650414
2023/5/3 0:19,100,22.42013931,0,20.73205948,0,20.74652672,0,21.42650414
2023/5/3 0:20,100,22.37673569,0,20.73205948,0,20.74652672,0,21.42650414
2023/5/3 0:21,100,22.42013931,0,20.73205948,0,20.76099586,0,21.42650414
2023/5/3 0:22,100,22.31886482,0,20.73205948,0,20.74652672,0,21.42650414
2023/5/3 0:23,100,22.31886482,0,20.73205948,0,20.74652672,0,21.42650414
2023/5/3 0:24,100,22.31886482,0,20.73205948,0,20.74652672,0,21.42650414
2023/5/3 0:25,100,22.31886482,0,20.73205948,0,20.76099586,0,21.42650414
2023/5/3 0:26,100,22.31886482,0,20.73205948,0,20.74652672,0,21.42650414
2023/5/3 0:27,100,22.31886482,0,20.73205948,0,20.74652672,0,21.42650414
2023/5/3 0:28,100,22.31886482,0,20.73205948,0,20.74652672,0,21.4120369
2023/5/3 0:29,100,22.31886482,0,20.71759224,0,20.65972328,0,21.42650414
2023/5/3 0:30,100,22.31886482,0,20.73205948,0,20.74652672,0,21.42650414
2023/5/3 0:31,100,22.31886482,0,20.6307869,0,20.74652672,0,21.4120369
2023/5/3 0:32,100,22.31886482,0,20.6307869,0,20.73205948,0,21.36863518
2023/5/3 0:33,100,22.31886482,0,20.6307869,0,20.65972328,0,21.32523155
2023/5/3 0:34,100,22.31886482,0,20.6307869,0,20.64525414,0,21.32523155
2023/5/3 0:35,100,22.31886482,0,20.6307869,0,20.64525414,0,21.32523155
2023/5/3 0:36,100,22.31886482,0,20.6307869,0,20.64525414,0,21.4120369
2023/5/3 0:37,100,22.31886482,0,20.6307869,0,20.64525414,0,21.32523155
2023/5/3 0:38,100,22.31886482,0,20.61631966,0,20.64525414,0,21.33969879
2023/5/3 0:39,100,22.31886482,0,20.6307869,0,20.64525414,0,21.32523155
2023/5/3 0:40,100,22.31886482,0,20.6307869,0,20.65972328,0,21.42650414
2023/5/3 0:41,100,22.31886482,0,20.6307869,0,20.64525414,0,21.42650414
2023/5/3 0:42,100,22.31886482,0,20.6307869,0,20.64525414,0,21.42650414
2023/5/3 0:43,100,22.31886482,0,20.61631966,0,20.64525414,0,21.42650414
2023/5/3 0:44,100,22.31886482,0,20.6307869,0,20.64525414,0,21.42650414
2023/5/3 0:45,100,22.31886482,0,20.6307869,0,20.64525414,0,21.42650414
2023/5/3 0:46,100,22.30439758,0,20.6307869,0,20.64525414,0,21.42650414
2023/5/3 0:47,100,22.31886482,0,20.6307869,0,20.64525414,0,21.42650414
2023/5/3 0:48,100,22.31886482,0,20.6307869,0,20.64525414,0,21.4120369
2023/5/3 0:49,100,22.31886482,0,20.6307869,0,20.64525414,0,21.38310242
2023/5/3 0:50,100,22.31886482,0,20.61631966,0,20.64525414,0,21.32523155
2023/5/3 0:51,100,22.31886482,0,20.6307869,0,20.65972328,0,21.4120369
2023/5/3 0:52,100,22.31886482,0,20.6307869,0,20.64525414,0,21.32523155
2023/5/3 0:53,100,22.30439758,0,20.6307869,0,20.64525414,0,21.32523155
2023/5/3 0:54,100,22.31886482,0,20.6307869,0,20.64525414,0,21.32523155
2023/5/3 0:55,100,22.31886482,0,20.6307869,0,20.64525414,0,21.32523155
2023/5/3 0:56,100,22.31886482,0,20.6307869,0,20.64525414,0,21.31076431
2023/5/3 0:57,100,22.31886482,0,20.6307869,0,20.64525414,0,21.32523155
2023/5/3 0:58,100,22.31886482,0,20.6307869,0,20.65972328,0,21.32523155
2023/5/3 0:59,100,22.21759224,0,20.6307869,0,20.64525414,0,21.32523155
2023/5/3 1:00,100,22.28993034,0,20.6307869,0,20.65972328,0,21.31076431
2023/5/3 1:01,100,22.21759224,0,20.6307869,0,20.64525414,0,21.32523155
2023/5/3 1:02,100,22.21759224,0,20.61631966,0,20.64525414,0,21.32523155
2023/5/3 1:03,100,22.21759224,0,20.6307869,0,20.64525414,0,21.32523155
2023/5/3 1:04,100,22.21759224,0,20.6307869,0,20.64525414,0,21.32523155
2023/5/3 1:05,100,22.203125,0,20.6307869,0,20.64525414,0,21.32523155
2023/5/3 1:06,100,22.21759224,0,20.58738518,0,20.64525414,0,21.32523155
2023/5/3 1:07,100,22.21759224,0,20.6307869,0,20.64525414,0,21.32523155
2023/5/3 1:08,100,22.21759224,0,20.6307869,0,20.64525414,0,21.32523155
2023/5/3 1:09,100,22.21759224,0,20.52951431,0,20.64525414,0,21.32523155
2023/5/3 1:10,100,22.21759224,0,20.52951431,0,20.64525414,0,21.32523155
2023/5/3 1:11,100,22.203125,0,20.51504707,0,20.54398155,0,21.32523155
2023/5/3 1:12,100,22.21759224,0,20.52951431,0,20.55844879,0,21.32523155
2023/5/3 1:13,100,22.21759224,0,20.52951431,0,20.55844879,0,21.32523155
2023/5/3 1:14,100,22.21759224,0,20.52951431,0,20.54398155,0,21.32523155
2023/5/3 1:15,100,22.21759224,0,20.52951431,0,20.55844879,0,21.32523155
2023/5/3 1:16,100,22.21759224,0,20.52951431,0,20.54398155,0,21.31076431
2023/5/3 1:17,100,22.21759224,0,20.52951431,0,20.55844879,0,21.22395706
2023/5/3 1:18,100,22.21759224,0,20.52951431,0,20.55844879,0,21.32523155
2023/5/3 1:19,100,22.203125,0,20.52951431,0,20.55844879,0,21.25289345
2023/5/3 1:20,100,22.21759224,0,20.52951431,0,20.54398155,0,21.31076431
2023/5/3 1:21,100,22.21759224,0,20.52951431,0,20.55844879,0,21.22395706
2023/5/3 1:22,100,22.21759224,0,20.52951431,0,20.55844879,0,21.22395706
2023/5/3 1:23,100,22.21759224,0,20.51504707,0,20.55844879,0,21.22395706
2023/5/3 1:24,100,22.21759224,0,20.52951431,0,20.55844879,0,21.22395706
2023/5/3 1:25,100,22.21759224,0,20.52951431,0,20.54398155,0,21.20948982
2023/5/3 1:26,100,22.203125,0,20.52951431,0,20.55844879,0,21.22395706
2023/5/3 1:27,100,22.21759224,0,20.52951431,0,20.54398155,0,21.29629707
2023/5/3 1:28,100,22.21759224,0,20.52951431,0,20.55844879,0,21.22395706
2023/5/3 1:29,100,22.21759224,0,20.52951431,0,20.55844879,0,21.22395706
2023/5/3 1:30,100,22.21759224,0,20.52951431,0,20.54398155,0,21.22395706
2023/5/3 1:31,100,22.21759224,0,20.52951431,0,20.55844879,0,21.22395706
2023/5/3 1:32,100,22.21759224,0,20.52951431,0,20.55844879,0,21.22395706
2023/5/3 1:33,100,22.21759224,0,20.52951431,0,20.55844879,0,21.22395706
2023/5/3 1:34,100,22.203125,0,20.52951431,0,20.55844879,0,21.22395706
2023/5/3 1:35,100,22.21759224,0,20.52951431,0,20.55844879,0,21.22395706
2023/5/3 1:36,100,22.21759224,0,20.52951431,0,20.55844879,0,21.22395706
2023/5/3 1:37,100,22.21759224,0,20.52951431,0,20.55844879,0,21.22395706
2023/5/3 1:38,100,22.21759224,0,20.52951431,0,20.55844879,0,21.22395706
2023/5/3 1:39,100,22.11631966,0,20.52951431,0,20.52951431,0,21.22395706
2023/5/3 1:40,100,22.11631966,0,20.52951431,0,20.45717621,0,21.22395706
2023/5/3 1:41,100,22.11631966,0,20.52951431,0,20.45717621,0,21.22395706
2023/5/3 1:42,100,22.11631966,0,20.52951431,0,20.45717621,0,21.15162086
2023/5/3 1:43,100,22.11631966,0,20.52951431,0,20.45717621,0,21.22395706
2023/5/3 1:44,100,22.11631966,0,20.51504707,0,20.45717621,0,21.15162086
2023/5/3 1:45,100,22.11631966,0,20.52951431,0,20.45717621,0,21.20948982
2023/5/3 1:46,100,22.11631966,0,20.52951431,0,20.45717621,0,21.12268448
2023/5/3 1:47,100,22.11631966,0,20.52951431,0,20.45717621,0,21.12268448
2023/5/3 1:48,100,22.11631966,0,20.52951431,0,20.45717621,0,21.12268448
2023/5/3 1:49,100,22.11631966,0,20.52951431,0,20.45717621,0,21.13715172
2023/5/3 1:50,100,22.11631966,0,20.52951431,0,20.45717621,0,21.10821724
2023/5/3 1:51,100,22.11631966,0,20.52951431,0,20.45717621,0,21.12268448
2023/5/3 1:52,100,22.11631966,0,20.52951431,0,20.45717621,0,21.12268448
2023/5/3 1:53,100,22.11631966,0,20.51504707,0,20.45717621,0,21.12268448
2023/5/3 1:54,100,22.11631966,0,20.52951431,0,20.45717621,0,21.12268448
2023/5/3 1:55,100,22.11631966,0,20.52951431,0,20.45717621,0,21.12268448
2023/5/3 1:56,100,22.11631966,0,20.52951431,0,20.45717621,0,21.12268448
2023/5/3 1:57,100,22.11631966,0,20.52951431,0,20.45717621,0,21.12268448
2023/5/3 1:58,100,22.11631966,0,20.52951431,0,20.45717621,0,21.12268448
2023/5/3 1:59,100,22.11631966,0,20.52951431,0,20.45717621,0,21.12268448
2023/5/3 2:00,100,22.11631966,0,20.44270706,0,20.45717621,0,21.12268448
2023/5/3 2:01,100,22.11631966,0,20.51504707,0,20.35590172,0,21.12268448
2023/5/3 2:02,100,22.11631966,0,20.42823982,0,20.35590172,0,21.12268448
2023/5/3 2:03,100,22.11631966,0,20.42823982,0,20.35590172,0,21.12268448
2023/5/3 2:04,100,22.11631966,0,20.42823982,0,20.35590172,0,21.0214119
2023/5/3 2:05,100,22.11631966,0,20.42823982,0,20.35590172,0,21.0214119
2023/5/3 2:06,100,22.11631966,0,20.42823982,0,20.35590172,0,21.0214119
2023/5/3 2:07,100,22.11631966,0,20.42823982,0,20.35590172,0,21.0214119
2023/5/3 2:08,100,22.11631966,0,20.42823982,0,20.35590172,0,21.0214119
2023/5/3 2:09,100,22.11631966,0,20.42823982,0,20.35590172,0,21.0214119
2023/5/3 2:10,100,22.11631966,0,20.42823982,0,20.35590172,0,21.09375
2023/5/3 2:11,100,22.11631966,0,20.42823982,0,20.35590172,0,21.0214119
2023/5/3 2:12,100,22.11631966,0,20.42823982,0,20.35590172,0,21.0214119
2023/5/3 2:13,100,22.11631966,0,20.42823982,0,20.35590172,0,21.0214119
2023/5/3 2:14,100,22.11631966,0,20.42823982,0,20.35590172,0,21.00694466
2023/5/3 2:15,100,22.11631966,0,20.42823982,0,20.35590172,0,21.0214119
2023/5/3 2:16,100,22.11631966,0,20.42823982,0,20.35590172,0,21.0214119
2023/5/3 2:17,100,22.11631966,0,20.42823982,0,20.35590172,0,21.0214119
2023/5/3 2:18,100,22.11631966,0,20.42823982,0,20.35590172,0,21.0214119
2023/5/3 2:19,100,22.11631966,0,20.42823982,0,20.35590172,0,21.0214119
2023/5/3 2:20,100,22.11631966,0,20.42823982,0,20.35590172,0,21.0214119
2023/5/3 2:21,100,22.11631966,0,20.42823982,0,20.34143448,0,21.0214119
2023/5/3 2:22,100,22.11631966,0,20.42823982,0,20.35590172,0,21.0214119
2023/5/3 2:23,100,22.11631966,0,20.42823982,0,20.35590172,0,21.0214119
2023/5/3 2:24,100,22.11631966,0,20.42823982,0,20.35590172,0,21.0214119
2023/5/3 2:25,100,22.11631966,0,20.3848381,0,20.35590172,0,21.0214119
2023/5/3 2:26,100,22.11631966,0,20.39930534,0,20.35590172,0,21.0214119
2023/5/3 2:27,100,22.11631966,0,20.32696724,0,20.25462914,0,21.0214119
2023/5/3 2:28,100,22.11631966,0,20.32696724,0,20.25462914,0,21.0214119
2023/5/3 2:29,100,22.11631966,0,20.32696724,0,20.25462914,0,21.0214119
2023/5/3 2:30,100,22.11631966,0,20.32696724,0,20.25462914,0,21.0214119
2023/5/3 2:31,100,22.11631966,0,20.32696724,0,20.25462914,0,21.0214119
2023/5/3 2:32,100,22.11631966,0,20.32696724,0,20.25462914,0,21.0214119
2023/5/3 2:33,100,22.11631966,0,20.35590172,0,20.25462914,0,21.0214119
2023/5/3 2:34,100,22.11631966,0,20.32696724,0,20.25462914,0,21.0214119
2023/5/3 2:35,100,22.11631966,0,20.32696724,0,20.25462914,0,21.0214119
2023/5/3 2:36,100,22.11631966,0,20.32696724,0,20.25462914,0,21.0214119
2023/5/3 2:37,100,22.11631966,0,20.32696724,0,20.25462914,0,20.92013931
2023/5/3 2:38,100,22.02951431,0,20.32696724,0,20.25462914,0,20.94907379
2023/5/3 2:39,100,22.07291794,0,20.32696724,0,20.25462914,0,20.90567207
2023/5/3 2:40,100,22.01504707,0,20.32696724,0,20.25462914,0,20.92013931
2023/5/3 2:41,100,22.01504707,0,20.32696724,0,20.25462914,0,21.0214119
2023/5/3 2:42,100,22.01504707,0,20.32696724,0,20.25462914,0,20.92013931
2023/5/3 2:43,100,22.01504707,0,20.32696724,0,20.2401619,0,20.92013931
2023/5/3 2:44,100,22.01504707,0,20.32696724,0,20.25462914,0,20.92013931
2023/5/3 2:45,100,22.01504707,0,20.32696724,0,20.25462914,0,20.92013931
2023/5/3 2:46,100,22.01504707,0,20.32696724,0,20.25462914,0,20.92013931
2023/5/3 2:47,100,22.01504707,0,20.32696724,0,20.25462914,0,20.92013931
2023/5/3 2:48,100,22.01504707,0,20.32696724,0,20.25462914,0,20.92013931
2023/5/3 2:49,100,22.01504707,0,20.32696724,0,20.25462914,0,20.92013931
2023/5/3 2:50,100,22.01504707,0,20.32696724,0,20.25462914,0,20.92013931
2023/5/3 2:51,100,22.01504707,0,20.32696724,0,20.25462914,0,20.92013931
2023/5/3 2:52,100,22.01504707,0,20.32696724,0,20.22569466,0,20.92013931
2023/5/3 2:53,100,22.01504707,0,20.32696724,0,20.15335655,0,20.92013931
2023/5/3 2:54,100,22.01504707,0,20.32696724,0,20.15335655,0,20.92013931
2023/5/3 2:55,100,22.01504707,0,20.32696724,0,20.15335655,0,20.92013931
2023/5/3 2:56,100,22.01504707,0,20.32696724,0,20.15335655,0,20.92013931
2023/5/3 2:57,100,22.01504707,0,20.32696724,0,20.15335655,0,20.90567207
2023/5/3 2:58,100,22.01504707,0,20.28356552,0,20.15335655,0,20.92013931
2023/5/3 2:59,100,22.01504707,0,20.22569466,0,20.15335655,0,20.92013931
2023/5/3 3:00,100,22.01504707,0,20.32696724,0,20.15335655,0,20.92013931
2023/5/3 3:01,100,22.01504707,0,20.3125,0,20.15335655,0,20.92013931
2023/5/3 3:02,100,22.01504707,0,20.22569466,0,20.15335655,0,20.81886482
2023/5/3 3:03,100,22.01504707,0,20.22569466,0,20.15335655,0,20.81886482
2023/5/3 3:04,100,22.01504707,0,20.22569466,0,20.15335655,0,20.81886482
2023/5/3 3:05,100,22.01504707,0,20.22569466,0,20.15335655,0,20.81886482
2023/5/3 3:06,100,22.01504707,0,20.22569466,0,20.15335655,0,20.81886482
2023/5/3 3:07,100,22.01504707,0,20.22569466,0,20.15335655,0,20.81886482
2023/5/3 3:08,100,22.01504707,0,20.22569466,0,20.15335655,0,20.81886482
2023/5/3 3:09,100,22.01504707,0,20.22569466,0,20.15335655,0,20.81886482
2023/5/3 3:10,100,21.94270706,0,20.22569466,0,20.15335655,0,20.81886482
2023/5/3 3:11,100,22.01504707,0,20.22569466,0,20.15335655,0,20.81886482
2023/5/3 3:12,100,22.01504707,0,20.22569466,0,20.15335655,0,20.81886482
2023/5/3 3:13,100,21.91377258,0,20.22569466,0,20.15335655,0,20.81886482
2023/5/3 3:14,100,21.91377258,0,20.22569466,0,20.15335655,0,20.81886482
2023/5/3 3:15,100,21.91377258,0,20.22569466,0,20.15335655,0,20.81886482
2023/5/3 3:16,100,21.91377258,0,20.21122742,0,20.15335655,0,20.81886482
2023/5/3 3:17,100,21.91377258,0,20.22569466,0,20.15335655,0,20.81886482
2023/5/3 3:18,100,21.91377258,0,20.22569466,0,20.15335655,0,20.81886482
2023/5/3 3:19,100,21.91377258,0,20.22569466,0,20.15335655,0,20.81886482
2023/5/3 3:20,100,21.91377258,0,20.22569466,0,20.15335655,0,20.81886482
2023/5/3 3:21,100,21.91377258,0,20.22569466,0,20.15335655,0,20.81886482
2023/5/3 3:22,100,21.91377258,0,20.22569466,0,20.15335655,0,20.80439758
2023/5/3 3:23,100,21.91377258,0,20.22569466,0,20.15335655,0,20.81886482
2023/5/3 3:24,100,21.91377258,0,20.22569466,0,20.15335655,0,20.81886482
2023/5/3 3:25,100,21.91377258,0,20.21122742,0,20.09548569,0,20.81886482
2023/5/3 3:26,100,21.91377258,0,20.22569466,0,20.15335655,0,20.81886482
2023/5/3 3:27,100,21.91377258,0,20.22569466,0,20.13888931,0,20.81886482
2023/5/3 3:28,100,21.91377258,0,20.22569466,0,20.15335655,0,20.81886482
2023/5/3 3:29,100,21.91377258,0,20.22569466,0,20.05208206,0,20.81886482
2023/5/3 3:30,100,21.91377258,0,20.22569466,0,20.05208206,0,20.81886482
2023/5/3 3:31,100,21.91377258,0,20.16782379,0,20.05208206,0,20.81886482
2023/5/3 3:32,100,21.91377258,0,20.22569466,0,20.05208206,0,20.81886482
2023/5/3 3:33,100,21.91377258,0,20.12442207,0,20.05208206,0,20.81886482
2023/5/3 3:34,100,21.91377258,0,20.12442207,0,20.05208206,0,20.81886482
2023/5/3 3:35,100,21.91377258,0,20.12442207,0,20.05208206,0,20.81886482
2023/5/3 3:36,100,21.91377258,0,20.12442207,0,20.05208206,0,20.81886482
2023/5/3 3:37,100,21.91377258,0,20.12442207,0,20.05208206,0,20.71759224
2023/5/3 3:38,100,21.91377258,0,20.12442207,0,20.03761482,0,20.81886482
2023/5/3 3:39,100,21.91377258,0,20.12442207,0,20.05208206,0,20.81886482
2023/5/3 3:40,100,21.91377258,0,20.12442207,0,20.05208206,0,20.81886482
2023/5/3 3:41,100,21.91377258,0,20.12442207,0,20.05208206,0,20.81886482
2023/5/3 3:42,100,21.91377258,0,20.12442207,0,20.05208206,0,20.71759224
2023/5/3 3:43,100,21.91377258,0,20.12442207,0,20.03761482,0,20.76099586
2023/5/3 3:44,100,21.91377258,0,20.12442207,0,20.05208206,0,20.80439758
2023/5/3 3:45,100,21.91377258,0,20.12442207,0,20.05208206,0,20.73205948
2023/5/3 3:46,100,21.91377258,0,20.12442207,0,20.05208206,0,20.81886482
2023/5/3 3:47,100,21.91377258,0,20.12442207,0,20.05208206,0,20.71759224
2023/5/3 3:48,100,21.91377258,0,20.12442207,0,20.05208206,0,20.71759224
2023/5/3 3:49,100,21.91377258,0,20.12442207,0,20.05208206,0,20.71759224
2023/5/3 3:50,100,21.91377258,0,20.12442207,0,20.05208206,0,20.71759224
2023/5/3 3:51,100,21.91377258,0,20.12442207,0,20.05208206,0,20.71759224
2023/5/3 3:52,100,21.89930534,0,20.12442207,0,20.03761482,0,20.71759224
2023/5/3 3:53,100,21.91377258,0,20.12442207,0,20.05208206,0,20.80439758
2023/5/3 3:54,100,21.91377258,0,20.12442207,0,20.05208206,0,20.71759224
2023/5/3 3:55,100,21.91377258,0,20.12442207,0,20.05208206,0,20.71759224
2023/5/3 3:56,100,21.91377258,0,20.12442207,0,20.05208206,0,20.71759224
2023/5/3 3:57,100,21.91377258,0,20.12442207,0,20.05208206,0,20.71759224
2023/5/3 3:58,100,21.91377258,0,20.12442207,0,20.05208206,0,20.71759224
2023/5/3 3:59,100,21.91377258,0,20.12442207,0,20.05208206,0,20.71759224
2023/5/3 4:00,100,21.91377258,0,20.12442207,0,20.05208206,0,20.71759224
2023/5/3 4:01,100,21.8848381,0,20.12442207,0,20.05208206,0,20.71759224
2023/5/3 4:02,100,21.91377258,0,20.12442207,0,20.05208206,0,20.71759224
2023/5/3 4:03,100,21.85590172,0,20.12442207,0,20.05208206,0,20.71759224
2023/5/3 4:04,100,21.8125,0,20.12442207,0,20.05208206,0,20.71759224
2023/5/3 4:05,100,21.8125,0,20.12442207,0,20.05208206,0,20.71759224
2023/5/3 4:06,100,21.8125,0,20.12442207,0,20.05208206,0,20.71759224
2023/5/3 4:07,100,21.8125,0,20.12442207,0,20.05208206,0,20.703125
2023/5/3 4:08,100,21.8125,0,20.12442207,0,20.05208206,0,20.71759224
2023/5/3 4:09,100,21.8125,0,20.12442207,0,20.05208206,0,20.71759224
2023/5/3 4:10,100,21.8125,0,20.03761482,0,20.05208206,0,20.71759224
2023/5/3 4:11,100,21.8125,0,20.10995293,0,20.05208206,0,20.71759224
2023/5/3 4:12,100,21.8125,0,20.02314758,0,20.05208206,0,20.71759224
2023/5/3 4:13,100,21.8125,0,20.02314758,0,20.05208206,0,20.71759224
2023/5/3 4:14,100,21.8125,0,20.02314758,0,20.03761482,0,20.71759224
2023/5/3 4:15,100,21.8125,0,20.02314758,0,20.05208206,0,20.71759224
2023/5/3 4:16,100,21.8125,0,20.02314758,0,20.05208206,0,20.703125
2023/5/3 4:17,100,21.8125,0,20.02314758,0,20.03761482,0,20.71759224
2023/5/3 4:18,100,21.8125,0,20.03761482,0,20.05208206,0,20.71759224
2023/5/3 4:19,100,21.8125,0,20.02314758,0,20.05208206,0,20.65972328
2023/5/3 4:20,100,21.8125,0,20.02314758,0,20.05208206,0,20.61631966
2023/5/3 4:21,100,21.8125,0,20.02314758,0,20.05208206,0,20.68865776
2023/5/3 4:22,100,21.7401619,0,20.02314758,0,20.05208206,0,20.61631966
2023/5/3 4:23,100,21.8125,0,20.02314758,0,20.05208206,0,20.61631966
2023/5/3 4:24,100,21.79803276,0,20.02314758,0,20.05208206,0,20.61631966
2023/5/3 4:25,100,21.72569466,0,20.02314758,0,20.05208206,0,20.703125
2023/5/3 4:26,100,21.71122742,0,20.02314758,0,20.05208206,0,20.6307869
2023/5/3 4:27,100,21.71122742,0,20.02314758,0,20.05208206,0,20.71759224
2023/5/3 4:28,100,21.71122742,0,20.00868034,0,20.05208206,0,20.61631966
2023/5/3 4:29,100,21.71122742,0,20.02314758,0,20.05208206,0,20.61631966
2023/5/3 4:30,100,21.71122742,0,20.02314758,0,20.03761482,0,20.61631966
2023/5/3 4:31,100,21.71122742,0,20.03761482,0,20.05208206,0,20.61631966
2023/5/3 4:32,100,21.71122742,0,20.02314758,0,20.05208206,0,20.61631966
2023/5/3 4:33,100,21.71122742,0,20.02314758,0,20.05208206,0,20.61631966
2023/5/3 4:34,100,21.71122742,0,20.02314758,0,19.95080948,0,20.61631966
2023/5/3 4:35,100,21.71122742,0,20.03761482,0,19.95080948,0,20.61631966
2023/5/3 4:36,100,21.71122742,0,19.95080948,0,19.95080948,0,20.61631966
2023/5/3 4:37,100,21.71122742,0,19.921875,0,20.03761482,0,20.61631966
2023/5/3 4:38,100,21.71122742,0,19.93634224,0,19.95080948,0,20.61631966
2023/5/3 4:39,100,21.71122742,0,19.921875,0,19.95080948,0,20.61631966
2023/5/3 4:40,100,21.71122742,0,19.921875,0,19.95080948,0,20.61631966
2023/5/3 4:41,100,21.71122742,0,19.921875,0,19.95080948,0,20.61631966
2023/5/3 4:42,100,21.71122742,0,19.921875,0,19.95080948,0,20.61631966
2023/5/3 4:43,100,21.71122742,0,19.921875,0,19.95080948,0,20.61631966
2023/5/3 4:44,100,21.71122742,0,19.921875,0,19.95080948,0,20.61631966
2023/5/3 4:45,100,21.71122742,0,19.921875,0,19.95080948,0,20.52951431
2023/5/3 4:46,100,21.71122742,0,19.921875,0,19.95080948,0,20.61631966
2023/5/3 4:47,100,21.71122742,0,19.921875,0,19.95080948,0,20.51504707
2023/5/3 4:48,100,21.71122742,0,19.921875,0,19.95080948,0,20.51504707
2023/5/3 4:49,100,21.71122742,0,19.921875,0,19.95080948,0,20.51504707
2023/5/3 4:50,100,21.71122742,0,19.921875,0,19.95080948,0,20.51504707
2023/5/3 4:51,100,21.71122742,0,19.921875,0,19.95080948,0,20.51504707
2023/5/3 4:52,100,21.71122742,0,19.921875,0,19.95080948,0,20.51504707
2023/5/3 4:53,100,21.71122742,0,19.921875,0,19.95080948,0,20.51504707
2023/5/3 4:54,100,21.71122742,0,19.921875,0,19.95080948,0,20.51504707
2023/5/3 4:55,100,21.71122742,0,19.921875,0,19.95080948,0,20.51504707
2023/5/3 4:56,100,21.71122742,0,19.921875,0,19.95080948,0,20.51504707
2023/5/3 4:57,100,21.71122742,0,19.921875,0,19.93634224,0,20.51504707
2023/5/3 4:58,100,21.71122742,0,19.921875,0,19.95080948,0,20.51504707
2023/5/3 4:59,100,21.62442207,0,19.921875,0,19.95080948,0,20.51504707
2023/5/3 5:00,100,21.62442207,0,19.921875,0,19.95080948,0,20.51504707
2023/5/3 5:01,100,21.60995293,0,19.921875,0,19.8495369,0,20.51504707
2023/5/3 5:02,100,21.62442207,0,19.921875,0,19.8495369,0,20.51504707
2023/5/3 5:03,100,21.62442207,0,19.921875,0,19.8495369,0,20.51504707
2023/5/3 5:04,100,21.62442207,0,19.921875,0,19.8495369,0,20.51504707
2023/5/3 5:05,100,21.60995293,0,19.921875,0,19.8495369,0,20.51504707
2023/5/3 5:06,100,21.62442207,0,19.90740776,0,19.8495369,0,20.51504707
2023/5/3 5:07,100,21.62442207,0,19.83506966,0,19.8495369,0,20.51504707
2023/5/3 5:08,100,21.62442207,0,19.83506966,0,19.8495369,0,20.51504707
2023/5/3 5:09,100,21.60995293,0,19.83506966,0,19.8495369,0,20.51504707
2023/5/3 5:10,100,21.62442207,0,19.83506966,0,19.8495369,0,20.51504707
2023/5/3 5:11,100,21.62442207,0,19.82060242,0,19.8495369,0,20.51504707
2023/5/3 5:12,100,21.62442207,0,19.83506966,0,19.8495369,0,20.51504707
2023/5/3 5:13,100,21.60995293,0,19.83506966,0,19.8495369,0,20.47164345
2023/5/3 5:14,100,21.62442207,0,19.82060242,0,19.8495369,0,20.44270706
2023/5/3 5:15,100,21.62442207,0,19.83506966,0,19.8495369,0,20.41377258
2023/5/3 5:16,100,21.62442207,0,19.83506966,0,19.8495369,0,20.42823982
2023/5/3 5:17,100,21.60995293,0,19.83506966,0,19.8495369,0,20.42823982
2023/5/3 5:18,100,21.62442207,0,19.83506966,0,19.8495369,0,20.42823982
2023/5/3 5:19,100,21.62442207,0,19.83506966,0,19.8495369,0,20.41377258
2023/5/3 5:20,100,21.62442207,0,19.82060242,0,19.8495369,0,20.42823982
2023/5/3 5:21,100,21.60995293,0,19.82060242,0,19.8495369,0,20.41377258
2023/5/3 5:22,100,21.62442207,0,19.82060242,0,19.8495369,0,20.41377258
2023/5/3 5:23,100,21.62442207,0,19.83506966,0,19.8495369,0,20.42823982
2023/5/3 5:24,100,21.60995293,0,19.82060242,0,19.8495369,0,20.42823982
2023/5/3 5:25,100,21.62442207,0,19.82060242,0,19.8495369,0,20.42823982
2023/5/3 5:26,100,21.62442207,0,19.83506966,0,19.8495369,0,20.42823982
2023/5/3 5:27,100,21.60995293,0,19.83506966,0,19.8495369,0,20.42823982
2023/5/3 5:28,100,21.59548569,0,19.82060242,0,19.8495369,0,20.41377258
2023/5/3 5:29,100,21.59548569,0,19.82060242,0,19.74826431,0,20.41377258
2023/5/3 5:30,100,21.50868034,0,19.83506966,0,19.74826431,0,20.41377258
2023/5/3 5:31,100,21.52314758,0,19.83506966,0,19.74826431,0,20.41377258
2023/5/3 5:32,100,21.52314758,0,19.82060242,0,19.74826431,0,20.41377258
2023/5/3 5:33,100,21.50868034,0,19.76273155,0,19.74826431,0,20.32696724
2023/5/3 5:34,100,21.52314758,0,19.73379707,0,19.74826431,0,20.41377258
2023/5/3 5:35,100,21.52314758,0,19.71932793,0,19.74826431,0,20.42823982
2023/5/3 5:36,100,21.52314758,0,19.73379707,0,19.74826431,0,20.35590172
2023/5/3 5:37,100,21.50868034,0,19.73379707,0,19.74826431,0,20.34143448
2023/5/3 5:38,100,21.52314758,0,19.73379707,0,19.73379707,0,20.41377258
2023/5/3 5:39,100,21.52314758,0,19.71932793,0,19.74826431,0,20.32696724
2023/5/3 5:40,100,21.52314758,0,19.73379707,0,19.74826431,0,20.42823982
2023/5/3 5:41,100,21.52314758,0,19.73379707,0,19.74826431,0,20.41377258
2023/5/3 5:42,100,21.50868034,0,19.73379707,0,19.74826431,0,20.32696724
2023/5/3 5:43,100,21.52314758,0,19.73379707,0,19.74826431,0,20.32696724
2023/5/3 5:44,100,21.52314758,0,19.73379707,0,19.74826431,0,20.32696724
2023/5/3 5:45,100,21.52314758,0,19.73379707,0,19.74826431,0,20.32696724
2023/5/3 5:46,100,21.50868034,0,19.73379707,0,19.74826431,0,20.32696724
2023/5/3 5:47,100,21.52314758,0,19.71932793,0,19.73379707,0,20.32696724
2023/5/3 5:48,100,21.52314758,0,19.73379707,0,19.74826431,0,20.3125
2023/5/3 5:49,100,21.52314758,0,19.71932793,0,19.74826431,0,20.32696724
2023/5/3 5:50,100,21.52314758,0,19.73379707,0,19.74826431,0,20.32696724
2023/5/3 5:51,100,21.52314758,0,19.73379707,0,19.74826431,0,20.32696724
2023/5/3 5:52,100,21.52314758,0,19.73379707,0,19.74826431,0,20.32696724
2023/5/3 5:53,100,21.52314758,0,19.73379707,0,19.74826431,0,20.3125
2023/5/3 5:54,100,21.50868034,0,19.73379707,0,19.74826431,0,20.32696724
2023/5/3 5:55,100,21.52314758,0,19.73379707,0,19.74826431,0,20.3125
2023/5/3 5:56,100,21.50868034,0,19.73379707,0,19.74826431,0,20.32696724
2023/5/3 5:57,100,21.52314758,0,19.73379707,0,19.74826431,0,20.32696724
2023/5/3 5:58,100,21.50868034,0,19.71932793,0,19.74826431,0,20.3125
2023/5/3 5:59,100,21.52314758,0,19.73379707,0,19.73379707,0,20.32696724
2023/5/3 6:00,100,21.50868034,0,19.73379707,0,19.64698982,0,20.32696724
2023/5/3 6:01,100,21.52314758,0,19.73379707,0,19.64698982,0,20.32696724
2023/5/3 6:02,100,21.52314758,0,19.73379707,0,19.64698982,0,20.3125
2023/5/3 6:03,100,21.52314758,0,19.73379707,0,19.64698982,0,20.32696724
2023/5/3 6:04,100,21.50868034,0,19.71932793,0,19.64698982,0,20.32696724
2023/5/3 6:05,100,21.52314758,0,19.66145706,0,19.64698982,0,20.32696724
2023/5/3 6:06,100,21.52314758,0,19.73379707,0,19.64698982,0,20.32696724
2023/5/3 6:07,100,21.50868034,0,19.63252258,0,19.64698982,0,20.32696724
2023/5/3 6:08,100,21.421875,0,19.63252258,0,19.64698982,0,20.32696724
2023/5/3 6:09,100,21.52314758,0,19.63252258,0,19.64698982,0,20.32696724
2023/5/3 6:10,100,21.52314758,0,19.71932793,0,19.64698982,0,20.32696724
2023/5/3 6:11,100,21.50868034,0,19.61805534,0,19.64698982,0,20.32696724
2023/5/3 6:12,100,21.52314758,0,19.63252258,0,19.64698982,0,20.32696724
2023/5/3 6:13,100,21.46527672,0,19.61805534,0,19.64698982,0,20.3125
2023/5/3 6:14,100,21.421875,0,19.63252258,0,19.64698982,0,20.32696724
2023/5/3 6:15,100,21.421875,0,19.63252258,0,19.64698982,0,20.32696724
2023/5/3 6:16,100,21.421875,0,19.63252258,0,19.64698982,0,20.32696724
2023/5/3 6:17,100,21.421875,0,19.63252258,0,19.63252258,0,20.32696724
2023/5/3 6:18,100,21.421875,0,19.63252258,0,19.64698982,0,20.32696724
2023/5/3 6:19,100,21.421875,0,19.63252258,0,19.64698982,0,20.32696724
2023/5/3 6:20,100,21.40740776,0,19.63252258,0,19.64698982,0,20.32696724
2023/5/3 6:21,100,21.421875,0,19.63252258,0,19.63252258,0,20.3125
2023/5/3 6:22,100,21.421875,0,19.63252258,0,19.64698982,0,20.32696724
2023/5/3 6:23,100,21.421875,0,19.63252258,0,19.64698982,0,20.32696724
2023/5/3 6:24,100,21.421875,0,19.63252258,0,19.64698982,0,20.32696724
2023/5/3 6:25,100,21.421875,0,19.63252258,0,19.64698982,0,20.32696724
2023/5/3 6:26,100,21.421875,0,19.63252258,0,19.64698982,0,20.3125
2023/5/3 6:27,100,21.40740776,0,19.61805534,0,19.64698982,0,20.3125
2023/5/3 6:28,100,21.421875,0,19.63252258,0,19.64698982,0,20.32696724
2023/5/3 6:29,100,21.421875,0,19.63252258,0,19.64698982,0,20.32696724
2023/5/3 6:30,100,21.421875,0,19.63252258,0,19.64698982,0,20.32696724
2023/5/3 6:31,100,21.40740776,0,19.63252258,0,19.64698982,0,20.32696724
2023/5/3 6:32,100,21.421875,0,19.63252258,0,19.64698982,0,20.3125
2023/5/3 6:33,100,21.421875,0,19.63252258,0,19.64698982,0,20.32696724
2023/5/3 6:34,100,21.421875,0,19.63252258,0,19.64698982,0,20.32696724
2023/5/3 6:35,100,21.421875,0,19.61805534,0,19.64698982,0,20.3125
2023/5/3 6:36,100,21.421875,0,19.61805534,0,19.64698982,0,20.21122742
2023/5/3 6:37,100,21.421875,0,19.63252258,0,19.64698982,0,20.12442207
2023/5/3 6:38,100,21.421875,0,19.63252258,0,19.64698982,0,20.16782379
2023/5/3 6:39,100,21.421875,0,19.63252258,0,19.64698982,0,20.10995293
2023/5/3 6:40,100,21.421875,0,19.63252258,0,19.64698982,0,20.12442207
2023/5/3 6:41,100,21.421875,0,19.63252258,0,19.64698982,0,20.32696724
2023/5/3 6:42,100,21.421875,0,19.61805534,0,19.64698982,0,20.3125
2023/5/3 6:43,100,21.421875,0,19.63252258,0,19.64698982,0,20.32696724
2023/5/3 6:44,100,21.421875,0,19.63252258,0,19.64698982,0,20.32696724
2023/5/3 6:45,100,21.421875,0,19.61805534,0,19.64698982,0,20.3125
2023/5/3 6:46,100,21.421875,0,19.63252258,0,19.63252258,0,20.32696724
2023/5/3 6:47,100,21.40740776,0,19.63252258,0,19.64698982,0,20.3125
2023/5/3 6:48,100,21.421875,0,19.63252258,0,19.64698982,0,20.3125
2023/5/3 6:49,100,21.421875,0,19.63252258,0,19.64698982,0,20.32696724
2023/5/3 6:50,100,21.421875,0,19.63252258,0,19.64698982,0,20.3125
2023/5/3 6:51,100,21.40740776,0,19.61805534,0,19.64698982,0,20.32696724
2023/5/3 6:52,100,21.40740776,0,19.63252258,0,19.64698982,0,20.3125
2023/5/3 6:53,100,21.421875,0,19.61805534,0,19.64698982,0,20.32696724
2023/5/3 6:54,100,21.421875,0,19.63252258,0,19.64698982,0,20.32696724
2023/5/3 6:55,100,21.421875,0,19.63252258,0,19.64698982,0,20.32696724
2023/5/3 6:56,100,21.421875,0,19.61805534,0,19.64698982,0,20.3125
2023/5/3 6:57,100,21.40740776,0,19.63252258,0,19.64698982,0,20.32696724
2023/5/3 6:58,100,21.421875,0,19.63252258,0,19.64698982,0,20.21122742
2023/5/3 6:59,100,21.421875,0,19.63252258,0,19.64698982,0,20.32696724
2023/5/3 7:00,100,21.421875,0,19.63252258,0,19.64698982,0,20.32696724
2023/5/3 7:01,100,21.40740776,0,19.63252258,0,19.64698982,0,20.28356552
2023/5/3 7:02,100,21.421875,0,19.63252258,0,19.64698982,0,20.32696724
2023/5/3 7:03,100,21.421875,0,19.63252258,0,19.64698982,0,20.12442207
2023/5/3 7:04,100,21.421875,0,19.63252258,0,19.64698982,0,20.12442207
2023/5/3 7:05,100,21.421875,0,19.61805534,0,19.64698982,0,20.28356552
2023/5/3 7:06,100,21.421875,0,19.61805534,0,19.64698982,0,20.25462914
2023/5/3 7:07,100,21.421875,0,19.63252258,0,19.64698982,0,20.12442207
2023/5/3 7:08,100,21.421875,0,19.63252258,0,19.64698982,0,20.12442207
2023/5/3 7:09,100,21.421875,0,19.63252258,0,19.64698982,0,20.12442207
2023/5/3 7:10,100,21.421875,0,19.63252258,0,19.64698982,0,20.12442207
2023/5/3 7:11,100,21.40740776,0,19.63252258,0,19.64698982,0,20.32696724
2023/5/3 7:12,100,21.421875,0,19.63252258,0,19.64698982,0,20.3125
2023/5/3 7:13,100,21.421875,0,19.63252258,0,19.64698982,0,20.32696724
2023/5/3 7:14,100,21.421875,0,19.63252258,0,19.64698982,0,20.3125
2023/5/3 7:15,100,21.421875,0,19.63252258,0,19.64698982,0,20.3125
2023/5/3 7:16,100,21.421875,0,19.63252258,0,19.64698982,0,20.3125
2023/5/3 7:17,100,21.39294052,0,19.63252258,0,19.64698982,0,20.32696724
2023/5/3 7:18,100,21.39294052,0,19.61805534,0,19.64698982,0,20.32696724
2023/5/3 7:19,100,21.39294052,0,19.63252258,0,19.64698982,0,20.3125
2023/5/3 7:20,100,21.421875,0,19.61805534,0,19.64698982,0,20.3125
2023/5/3 7:21,100,21.40740776,0,19.63252258,0,19.64698982,0,20.32696724
2023/5/3 7:22,100,21.36400414,0,19.63252258,0,19.64698982,0,20.3125
2023/5/3 7:23,100,21.421875,0,19.63252258,0,19.64698982,0,20.32696724
2023/5/3 7:24,100,21.32060242,0,19.63252258,0,19.64698982,0,20.32696724
2023/5/3 7:25,100,21.421875,0,19.63252258,0,19.64698982,0,20.3125
2023/5/3 7:26,100,21.421875,0,19.63252258,0,19.64698982,0,20.28356552
2023/5/3 7:27,100,21.421875,0,19.61805534,0,19.63252258,0,20.32696724
2023/5/3 7:28,100,21.421875,0,19.63252258,0,19.64698982,0,20.3125
2023/5/3 7:29,100,21.421875,0,19.61805534,0,19.64698982,0,20.3125
2023/5/3 7:30,100,21.421875,0,19.61805534,0,19.64698982,0,20.32696724
2023/5/3 7:31,100,21.3495369,0,19.63252258,0,19.64698982,0,20.32696724
2023/5/3 7:32,100,21.40740776,0,19.63252258,0,19.64698982,0,20.3125
2023/5/3 7:33,100,21.40740776,0,19.63252258,0,19.64698982,0,20.32696724
2023/5/3 7:34,100,21.421875,0,19.61805534,0,19.63252258,0,20.3125
2023/5/3 7:35,100,21.36400414,0,19.61805534,0,19.64698982,0,20.3125
2023/5/3 7:36,100,21.421875,0,19.63252258,0,19.64698982,0,20.32696724
2023/5/3 7:37,100,21.40740776,0,19.63252258,0,19.64698982,0,20.3125
2023/5/3 7:38,100,21.36400414,0,19.63252258,0,19.64698982,0,20.3125
2023/5/3 7:39,100,21.3495369,0,19.63252258,0,19.64698982,0,20.15335655
2023/5/3 7:40,100,21.421875,0,19.63252258,0,19.64698982,0,20.32696724
2023/5/3 7:41,100,21.39294052,0,19.61805534,0,19.64698982,0,20.32696724
2023/5/3 7:42,100,21.421875,0,19.63252258,0,19.64698982,0,20.32696724
2023/5/3 7:43,100,21.39294052,0,19.61805534,0,19.64698982,0,20.32696724
2023/5/3 7:44,100,21.32060242,0,19.61805534,0,19.64698982,0,20.3125
2023/5/3 7:45,100,21.32060242,0,19.63252258,0,19.64698982,0,20.3125
2023/5/3 7:46,100,21.36400414,0,19.63252258,0,19.64698982,0,20.3125
2023/5/3 7:47,100,21.421875,0,19.63252258,0,19.64698982,0,20.3125
2023/5/3 7:48,100,21.32060242,0,19.63252258,0,19.64698982,0,20.32696724
2023/5/3 7:49,100,21.33506966,0,19.63252258,0,19.64698982,0,20.3125
2023/5/3 7:50,100,21.421875,0,19.63252258,0,19.64698982,0,20.32696724
2023/5/3 7:51,100,21.421875,0,19.63252258,0,19.64698982,0,20.3125
2023/5/3 7:52,100,21.421875,0,19.63252258,0,19.64698982,0,20.3125
2023/5/3 7:53,100,21.421875,0,19.63252258,0,19.64698982,0,20.32696724
2023/5/3 7:54,100,21.421875,0,19.63252258,0,19.64698982,0,20.32696724
2023/5/3 7:55,100,21.421875,0,19.61805534,0,19.64698982,0,20.32696724
2023/5/3 7:56,100,21.421875,0,19.63252258,0,19.64698982,0,20.3125
2023/5/3 7:57,100,21.40740776,0,19.63252258,0,19.64698982,0,20.3125
2023/5/3 7:58,100,21.421875,0,19.61805534,0,19.64698982,0,20.32696724
2023/5/3 7:59,100,21.421875,0,19.63252258,0,19.64698982,0,20.3125
2023/5/3 8:00,100,21.421875,0,19.63252258,0,19.64698982,0,20.3125
2023/5/3 8:01,100,21.40740776,0,19.61805534,0,19.64698982,0,20.3125
2023/5/3 8:02,100,21.421875,0,19.63252258,0,19.64698982,0,20.32696724
2023/5/3 8:03,100,21.421875,0,19.63252258,0,19.64698982,0,20.3125
2023/5/3 8:04,100,21.421875,0,19.63252258,0,19.64698982,0,20.32696724
2023/5/3 8:05,100,21.421875,0,19.61805534,0,19.64698982,0,20.3125
2023/5/3 8:06,100,21.421875,0,19.61805534,0,19.64698982,0,20.3125
2023/5/3 8:07,100,21.421875,0,19.63252258,0,19.64698982,0,20.32696724
2023/5/3 8:08,100,21.39294052,0,19.63252258,0,19.64698982,0,20.32696724
2023/5/3 8:09,100,21.421875,0,19.61805534,0,19.64698982,0,20.3125
2023/5/3 8:10,100,21.421875,0,19.61805534,0,19.64698982,0,20.3125
2023/5/3 8:11,100,21.421875,0,19.63252258,0,19.64698982,0,20.32696724
2023/5/3 8:12,100,21.421875,0,19.63252258,0,19.64698982,0,20.3125
2023/5/3 8:13,100,21.40740776,0,19.63252258,0,19.64698982,0,20.32696724
2023/5/3 8:14,100,21.421875,0,19.63252258,0,19.64698982,0,20.3125
2023/5/3 8:15,100,21.40740776,0,19.63252258,0,19.64698982,0,20.3125
2023/5/3 8:16,100,21.40740776,0,19.63252258,0,19.64698982,0,20.3125
2023/5/3 8:17,100,21.421875,0,19.63252258,0,19.64698982,0,20.3125
2023/5/3 8:18,100,21.421875,0,19.61805534,0,19.64698982,0,20.3125
2023/5/3 8:19,100,21.421875,0,19.63252258,0,19.64698982,0,20.3125
2023/5/3 8:20,100,21.421875,0,19.63252258,0,19.64698982,0,20.3125
2023/5/3 8:21,100,21.421875,0,19.63252258,0,19.64698982,0,20.3125
2023/5/3 8:22,100,21.421875,0,19.61805534,0,19.64698982,0,20.32696724
2023/5/3 8:23,100,21.421875,0,19.61805534,0,19.64698982,0,20.32696724
2023/5/3 8:24,100,21.421875,0,19.63252258,0,19.64698982,0,20.3125
2023/5/3 8:25,100,21.421875,0,19.61805534,0,19.64698982,0,20.3125
2023/5/3 8:26,100,21.421875,0,19.63252258,0,19.64698982,0,20.32696724
2023/5/3 8:27,100,21.421875,0,19.61805534,0,19.64698982,0,20.3125
2023/5/3 8:28,100,21.421875,0,19.63252258,0,19.64698982,0,20.3125
2023/5/3 8:29,100,21.421875,0,19.63252258,0,19.64698982,0,20.3125
2023/5/3 8:30,100,21.421875,0,19.61805534,0,19.64698982,0,20.32696724
2023/5/3 8:31,100,21.421875,0,19.63252258,0,19.64698982,0,20.3125
2023/5/3 8:32,100,21.421875,0,19.71932793,0,19.64698982,0,20.3125
2023/5/3 8:33,100,21.421875,0,19.63252258,0,19.64698982,0,20.3125
2023/5/3 8:34,100,21.421875,0,19.63252258,0,19.64698982,0,20.3125
2023/5/3 8:35,100,21.421875,0,19.67592621,0,19.64698982,0,20.3125
2023/5/3 8:36,100,21.40740776,0,19.61805534,0,19.64698982,0,20.3125
2023/5/3 8:37,100,21.421875,0,19.63252258,0,19.64698982,0,20.3125
2023/5/3 8:38,100,21.421875,0,19.63252258,0,19.64698982,0,20.3125
2023/5/3 8:39,100,21.421875,0,19.63252258,0,19.64698982,0,20.32696724
2023/5/3 8:40,100,21.40740776,0,19.61805534,0,19.64698982,0,20.32696724
2023/5/3 8:41,100,21.421875,0,19.61805534,0,19.64698982,0,20.32696724
2023/5/3 8:42,100,21.421875,0,19.63252258,0,19.64698982,0,20.3125
2023/5/3 8:43,100,21.421875,0,19.63252258,0,19.64698982,0,20.32696724
2023/5/3 8:44,100,21.421875,0,19.73379707,0,19.64698982,0,20.3125
2023/5/3 8:45,100,21.421875,0,19.71932793,0,19.64698982,0,20.3125
2023/5/3 8:46,100,21.421875,0,19.73379707,0,19.64698982,0,20.32696724
2023/5/3 8:47,100,21.421875,0,19.71932793,0,19.64698982,0,20.3125
2023/5/3 8:48,100,21.40740776,0,19.73379707,0,19.64698982,0,20.3125
2023/5/3 8:49,100,21.421875,0,19.71932793,0,19.64698982,0,20.3125
2023/5/3 8:50,100,21.421875,0,19.67592621,0,19.64698982,0,20.32696724
2023/5/3 8:51,100,21.421875,0,19.73379707,0,19.67592621,0,20.3125
2023/5/3 8:52,100,21.421875,0,19.73379707,0,19.64698982,0,20.3125
2023/5/3 8:53,100,21.421875,0,19.71932793,0,19.64698982,0,20.3125
2023/5/3 8:54,100,21.421875,0,19.71932793,0,19.64698982,0,20.3125
2023/5/3 8:55,100,21.421875,0,19.71932793,0,19.64698982,0,20.3125
2023/5/3 8:56,100,21.421875,0,19.71932793,0,19.64698982,0,20.3125
2023/5/3 8:57,100,21.421875,0,19.71932793,0,19.66145706,0,20.3125
2023/5/3 8:58,100,21.421875,0,19.71932793,0,19.64698982,0,20.3125
2023/5/3 8:59,100,21.421875,0,19.73379707,0,19.64698982,0,20.3125
2023/5/3 9:00,100,21.421875,0,19.71932793,0,19.66145706,0,20.3125
2023/5/3 9:01,100,21.421875,0,19.71932793,0,19.70486069,0,20.3125
2023/5/3 9:02,100,21.40740776,0,19.71932793,0,19.74826431,0,20.3125
2023/5/3 9:03,100,21.421875,0,19.71932793,0,19.74826431,0,20.3125
2023/5/3 9:04,100,21.421875,0,19.73379707,0,19.74826431,0,20.32696724
2023/5/3 9:05,100,21.40740776,0,19.73379707,0,19.73379707,0,20.32696724
2023/5/3 9:06,100,21.421875,0,19.73379707,0,19.74826431,0,20.32696724
2023/5/3 9:07,100,21.40740776,0,19.71932793,0,19.74826431,0,20.3125
2023/5/3 9:08,100,21.421875,0,19.71932793,0,19.74826431,0,20.3125
2023/5/3 9:09,100,21.421875,0,19.71932793,0,19.74826431,0,20.32696724
2023/5/3 9:10,100,21.421875,0,19.73379707,0,19.73379707,0,20.3125
2023/5/3 9:11,100,21.421875,0,19.71932793,0,19.74826431,0,20.32696724
2023/5/3 9:12,100,21.421875,0,19.71932793,0,19.73379707,0,20.3125
2023/5/3 9:13,100,21.421875,0,19.73379707,0,19.74826431,0,20.3125
2023/5/3 9:14,100,21.421875,0,19.71932793,0,19.74826431,0,20.3125
2023/5/3 9:15,100,21.421875,0,19.71932793,0,19.74826431,0,20.3125
2023/5/3 9:16,100,21.43634224,0,19.71932793,0,19.74826431,0,20.32696724
2023/5/3 9:17,100,21.47974586,0,19.71932793,0,19.74826431,0,20.32696724
2023/5/3 9:18,100,21.40740776,0,19.71932793,0,19.74826431,0,20.3125
2023/5/3 9:19,100,21.4942131,0,19.70486069,0,19.74826431,0,20.3125
2023/5/3 9:20,100,21.4942131,0,19.73379707,0,19.74826431,0,20.32696724
2023/5/3 9:21,100,21.50868034,0,19.71932793,0,19.74826431,0,20.3125
2023/5/3 9:22,100,21.50868034,0,19.71932793,0,19.74826431,0,20.3125
2023/5/3 9:23,100,21.50868034,0,19.71932793,0,19.74826431,0,20.41377258
2023/5/3 9:24,100,21.52314758,0,19.70486069,0,19.74826431,0,20.41377258
2023/5/3 9:25,100,21.50868034,0,19.71932793,0,19.74826431,0,20.41377258
2023/5/3 9:26,100,21.50868034,0,19.73379707,0,19.74826431,0,20.41377258
2023/5/3 9:27,100,21.50868034,0,19.71932793,0,19.74826431,0,20.41377258
2023/5/3 9:28,100,21.50868034,0,19.73379707,0,19.74826431,0,20.39930534
2023/5/3 9:29,100,21.52314758,0,19.73379707,0,19.74826431,0,20.3125
2023/5/3 9:30,100,21.50868034,0,19.71932793,0,19.74826431,0,20.32696724
2023/5/3 9:31,100,21.50868034,0,19.73379707,0,19.8495369,0,20.41377258
2023/5/3 9:32,100,21.50868034,0,19.71932793,0,19.74826431,0,20.41377258
2023/5/3 9:33,100,21.50868034,0,19.77719879,0,19.83506966,0,20.41377258
2023/5/3 9:34,100,21.50868034,0,19.71932793,0,19.8495369,0,20.39930534
2023/5/3 9:35,100,21.50868034,0,19.71932793,0,19.80613518,0,20.41377258
2023/5/3 9:36,100,21.50868034,0,19.82060242,0,19.83506966,0,20.41377258
2023/5/3 9:37,100,21.50868034,0,19.82060242,0,19.8495369,0,20.41377258
2023/5/3 9:38,100,21.50868034,0,19.82060242,0,19.8495369,0,20.41377258
2023/5/3 9:39,100,21.50868034,0,19.82060242,0,19.8495369,0,20.41377258
2023/5/3 9:40,100,21.50868034,0,19.82060242,0,19.8495369,0,20.41377258
2023/5/3 9:41,100,21.50868034,0,19.82060242,0,19.8495369,0,20.41377258
2023/5/3 9:42,100,21.50868034,0,19.82060242,0,19.8495369,0,20.41377258
2023/5/3 9:43,100,21.50868034,0,19.82060242,0,19.8495369,0,20.41377258
2023/5/3 9:44,100,21.50868034,0,19.82060242,0,19.8495369,0,20.45717621
2023/5/3 9:45,100,21.50868034,0,19.82060242,0,19.8495369,0,20.51504707
2023/5/3 9:46,100,21.50868034,0,19.82060242,0,19.8495369,0,20.51504707
2023/5/3 9:47,100,21.52314758,0,19.82060242,0,19.8495369,0,20.51504707
2023/5/3 9:48,100,21.50868034,0,19.82060242,0,19.8495369,0,20.51504707
2023/5/3 9:49,100,21.50868034,0,19.82060242,0,19.8495369,0,20.51504707
2023/5/3 9:50,100,21.50868034,0,19.82060242,0,19.8495369,0,20.51504707
2023/5/3 9:51,100,21.50868034,0,19.82060242,0,19.8495369,0,20.51504707
2023/5/3 9:52,100,21.50868034,0,19.82060242,0,19.8495369,0,20.51504707
2023/5/3 9:53,100,21.50868034,0,19.82060242,0,19.8495369,0,20.51504707
2023/5/3 9:54,100,21.52314758,0,19.82060242,0,19.8495369,0,20.50057793
2023/5/3 9:55,100,21.50868034,0,19.82060242,0,19.8495369,0,20.51504707
2023/5/3 9:56,100,21.50868034,0,19.82060242,0,19.8495369,0,20.51504707
2023/5/3 9:57,100,21.50868034,0,19.82060242,0,19.8495369,0,20.51504707
2023/5/3 9:58,100,21.50868034,0,19.82060242,0,19.8495369,0,20.51504707
2023/5/3 9:59,100,21.50868034,0,19.82060242,0,19.8495369,0,20.51504707
2023/5/3 10:00,100,21.52314758,0,19.82060242,0,19.8495369,0,20.51504707
2023/5/3 10:01,100,21.50868034,0,19.82060242,0,19.8495369,0,20.51504707
2023/5/3 10:02,100,21.50868034,0,19.82060242,0,19.8495369,0,20.51504707
2023/5/3 10:03,100,21.60995293,0,19.82060242,0,19.8495369,0,20.51504707
2023/5/3 10:04,100,21.50868034,0,19.82060242,0,19.83506966,0,20.51504707
2023/5/3 10:05,100,21.50868034,0,19.82060242,0,19.95080948,0,20.51504707
2023/5/3 10:06,100,21.52314758,0,19.90740776,0,19.95080948,0,20.51504707
2023/5/3 10:07,100,21.60995293,0,19.82060242,0,19.95080948,0,20.51504707
2023/5/3 10:08,100,21.60995293,0,19.921875,0,19.93634224,0,20.51504707
2023/5/3 10:09,100,21.60995293,0,19.921875,0,19.95080948,0,20.61631966
2023/5/3 10:10,100,21.60995293,0,19.921875,0,19.95080948,0,20.61631966
2023/5/3 10:11,100,21.60995293,0,19.921875,0,19.95080948,0,20.61631966
2023/5/3 10:12,100,21.60995293,0,19.921875,0,19.95080948,0,20.61631966
2023/5/3 10:13,100,21.60995293,0,19.921875,0,19.93634224,0,20.61631966
2023/5/3 10:14,100,21.60995293,0,19.921875,0,19.95080948,0,20.61631966
2023/5/3 10:15,100,21.60995293,0,19.921875,0,19.95080948,0,20.61631966
2023/5/3 10:16,100,21.60995293,0,19.921875,0,19.95080948,0,20.51504707
2023/5/3 10:17,100,21.60995293,0,19.921875,0,19.93634224,0,20.51504707
2023/5/3 10:18,100,21.62442207,0,19.921875,0,19.95080948,0,20.61631966
2023/5/3 10:19,100,21.62442207,0,19.921875,0,19.95080948,0,20.61631966
2023/5/3 10:20,100,21.62442207,0,19.921875,0,19.95080948,0,20.61631966
2023/5/3 10:21,100,21.60995293,0,19.921875,0,19.95080948,0,20.61631966
2023/5/3 10:22,100,21.60995293,0,19.921875,0,19.95080948,0,20.61631966
2023/5/3 10:23,100,21.60995293,0,19.921875,0,19.95080948,0,20.61631966
2023/5/3 10:24,100,21.60995293,0,19.921875,0,19.95080948,0,20.61631966
2023/5/3 10:25,100,21.60995293,0,19.921875,0,19.95080948,0,20.61631966
2023/5/3 10:26,100,21.60995293,0,19.921875,0,19.95080948,0,20.60185242
2023/5/3 10:27,100,21.60995293,0,19.921875,0,19.95080948,0,20.61631966
2023/5/3 10:28,100,21.60995293,0,19.921875,0,19.95080948,0,20.61631966
2023/5/3 10:29,100,21.62442207,0,19.921875,0,19.95080948,0,20.61631966
2023/5/3 10:30,100,21.60995293,0,19.921875,0,19.95080948,0,20.61631966
2023/5/3 10:31,100,21.60995293,0,19.921875,0,19.95080948,0,20.61631966
2023/5/3 10:32,100,21.60995293,0,19.921875,0,19.95080948,0,20.61631966
2023/5/3 10:33,100,21.62442207,0,19.921875,0,19.93634224,0,20.61631966
2023/5/3 10:34,100,21.60995293,0,19.921875,0,19.95080948,0,20.61631966
2023/5/3 10:35,100,21.62442207,0,19.921875,0,19.95080948,0,20.60185242
2023/5/3 10:36,100,21.60995293,0,19.921875,0,19.95080948,0,20.61631966
2023/5/3 10:37,100,21.62442207,0,19.921875,0,19.93634224,0,20.61631966
2023/5/3 10:38,100,21.60995293,0,19.921875,0,19.95080948,0,20.61631966
2023/5/3 10:39,100,21.60995293,0,19.921875,0,19.95080948,0,20.61631966
2023/5/3 10:40,100,21.60995293,0,19.921875,0,19.95080948,0,20.61631966
2023/5/3 10:41,100,21.65335655,0,19.921875,0,19.95080948,0,20.61631966
2023/5/3 10:42,100,21.60995293,0,19.921875,0,19.95080948,0,20.61631966
2023/5/3 10:43,100,21.62442207,0,19.921875,0,19.95080948,0,20.61631966
2023/5/3 10:44,100,21.60995293,0,19.921875,0,19.93634224,0,20.61631966
2023/5/3 10:45,100,21.60995293,0,19.921875,0,19.95080948,0,20.61631966
2023/5/3 10:46,100,21.63888931,0,19.921875,0,19.95080948,0,20.61631966
2023/5/3 10:47,100,21.60995293,0,19.921875,0,19.95080948,0,20.61631966
2023/5/3 10:48,100,21.60995293,0,19.921875,0,19.95080948,0,20.61631966
2023/5/3 10:49,100,21.60995293,0,19.921875,0,19.95080948,0,20.61631966
2023/5/3 10:50,100,21.62442207,0,19.921875,0,20.02314758,0,20.61631966
2023/5/3 10:51,100,21.60995293,0,19.921875,0,20.05208206,0,20.61631966
2023/5/3 10:52,100,21.60995293,0,19.921875,0,20.05208206,0,20.61631966
2023/5/3 10:53,100,21.63888931,0,19.90740776,0,19.95080948,0,20.61631966
2023/5/3 10:54,100,21.62442207,0,19.921875,0,20.05208206,0,20.61631966
2023/5/3 10:55,100,21.60995293,0,19.921875,0,20.03761482,0,20.61631966
2023/5/3 10:56,100,21.60995293,0,19.921875,0,20.05208206,0,20.61631966
2023/5/3 10:57,100,21.69676018,0,19.921875,0,20.02314758,0,20.61631966
2023/5/3 10:58,100,21.62442207,0,19.921875,0,20.03761482,0,20.61631966
2023/5/3 10:59,100,21.60995293,0,19.921875,0,20.05208206,0,20.61631966
2023/5/3 11:00,100,21.60995293,0,19.921875,0,19.95080948,0,20.61631966
2023/5/3 11:01,100,21.60995293,0,19.921875,0,19.95080948,0,20.61631966
2023/5/3 11:02,100,21.68229294,0,19.921875,0,19.95080948,0,20.61631966
2023/5/3 11:03,100,21.63888931,0,19.921875,0,20.03761482,0,20.61631966
2023/5/3 11:04,100,21.60995293,0,20.00868034,0,20.05208206,0,20.61631966
2023/5/3 11:05,100,21.62442207,0,20.02314758,0,20.05208206,0,20.61631966
2023/5/3 11:06,100,21.62442207,0,20.02314758,0,20.05208206,0,20.60185242
2023/5/3 11:07,100,21.60995293,0,19.93634224,0,20.03761482,0,20.61631966
2023/5/3 11:08,100,21.60995293,0,19.921875,0,20.05208206,0,20.61631966
2023/5/3 11:09,100,21.60995293,0,20.02314758,0,20.05208206,0,20.61631966
2023/5/3 11:10,100,21.60995293,0,20.02314758,0,20.05208206,0,20.61631966
2023/5/3 11:11,100,21.60995293,0,20.02314758,0,20.05208206,0,20.60185242
2023/5/3 11:12,100,21.60995293,0,20.02314758,0,20.05208206,0,20.61631966
2023/5/3 11:13,100,21.71122742,0,20.02314758,0,20.05208206,0,20.61631966
2023/5/3 11:14,100,21.71122742,0,20.02314758,0,20.05208206,0,20.61631966
2023/5/3 11:15,100,21.66782379,0,20.02314758,0,20.05208206,0,20.71759224
2023/5/3 11:16,100,21.71122742,0,20.02314758,0,20.05208206,0,20.71759224
2023/5/3 11:17,100,21.71122742,0,20.02314758,0,20.05208206,0,20.71759224
2023/5/3 11:18,100,21.71122742,0,20.02314758,0,20.05208206,0,20.71759224
2023/5/3 11:19,100,21.71122742,0,20.02314758,0,20.05208206,0,20.71759224
2023/5/3 11:20,100,21.71122742,0,20.02314758,0,20.05208206,0,20.71759224
2023/5/3 11:21,100,21.71122742,0,20.02314758,0,20.05208206,0,20.71759224
2023/5/3 11:22,100,21.71122742,0,20.00868034,0,20.05208206,0,20.71759224
2023/5/3 11:23,100,21.71122742,0,20.02314758,0,20.05208206,0,20.71759224
2023/5/3 11:24,100,21.71122742,0,20.02314758,0,20.05208206,0,20.71759224
2023/5/3 11:25,100,21.71122742,0,20.02314758,0,20.05208206,0,20.71759224
2023/5/3 11:26,100,21.71122742,0,20.02314758,0,20.05208206,0,20.71759224
2023/5/3 11:27,100,21.71122742,0,20.02314758,0,20.03761482,0,20.71759224
2023/5/3 11:28,100,21.71122742,0,20.02314758,0,20.05208206,0,20.71759224
2023/5/3 11:29,100,21.71122742,0,20.02314758,0,20.05208206,0,20.71759224
2023/5/3 11:30,100,21.71122742,0,20.02314758,0,20.05208206,0,20.6307869
2023/5/3 11:31,100,21.71122742,0,20.02314758,0,20.05208206,0,20.71759224
2023/5/3 11:32,100,21.71122742,0,20.02314758,0,20.05208206,0,20.71759224
2023/5/3 11:33,100,21.71122742,0,20.02314758,0,20.05208206,0,20.71759224
2023/5/3 11:34,100,21.71122742,0,20.02314758,0,20.05208206,0,20.71759224
2023/5/3 11:35,100,21.71122742,0,20.02314758,0,20.05208206,0,20.71759224
2023/5/3 11:36,100,21.71122742,0,20.02314758,0,20.05208206,0,20.71759224
2023/5/3 11:37,100,21.71122742,0,20.02314758,0,20.05208206,0,20.71759224
2023/5/3 11:38,100,21.71122742,0,20.02314758,0,20.05208206,0,20.703125
2023/5/3 11:39,100,21.71122742,0,20.02314758,0,20.05208206,0,20.71759224
2023/5/3 11:40,100,21.71122742,0,20.02314758,0,20.05208206,0,20.71759224
2023/5/3 11:41,100,21.71122742,0,20.02314758,0,20.05208206,0,20.71759224
2023/5/3 11:42,100,21.71122742,0,20.02314758,0,20.03761482,0,20.71759224
2023/5/3 11:43,100,21.71122742,0,20.02314758,0,20.05208206,0,20.71759224
2023/5/3 11:44,100,21.71122742,0,20.02314758,0,20.05208206,0,20.71759224
2023/5/3 11:45,100,21.71122742,0,20.02314758,0,20.05208206,0,20.71759224
2023/5/3 11:46,100,21.71122742,0,20.02314758,0,20.05208206,0,20.71759224
2023/5/3 11:47,100,21.71122742,0,20.02314758,0,20.05208206,0,20.71759224
2023/5/3 11:48,100,21.71122742,0,20.02314758,0,20.05208206,0,20.71759224
2023/5/3 11:49,100,21.71122742,0,20.02314758,0,20.05208206,0,20.71759224
2023/5/3 11:50,100,21.71122742,0,20.02314758,0,20.05208206,0,20.71759224
2023/5/3 11:51,100,21.71122742,0,20.02314758,0,20.05208206,0,20.71759224
2023/5/3 11:52,100,21.71122742,0,20.02314758,0,20.05208206,0,20.71759224
2023/5/3 11:53,100,21.71122742,0,20.02314758,0,20.05208206,0,20.7754631
2023/5/3 11:54,100,21.71122742,0,20.02314758,0,20.05208206,0,20.71759224
2023/5/3 11:55,100,21.71122742,0,20.02314758,0,20.05208206,0,20.71759224
2023/5/3 11:56,100,21.71122742,0,20.02314758,0,20.05208206,0,20.71759224
2023/5/3 11:57,100,21.71122742,0,20.02314758,0,20.05208206,0,20.81886482
2023/5/3 11:58,100,21.71122742,0,20.02314758,0,20.05208206,0,20.71759224
2023/5/3 11:59,100,21.71122742,0,20.10995293,0,20.05208206,0,20.71759224
2023/5/3 12:00,100,21.71122742,0,20.10995293,0,20.05208206,0,20.81886482
2023/5/3 12:01,100,21.71122742,0,20.12442207,0,20.05208206,0,20.71759224
2023/5/3 12:02,100,21.71122742,0,20.12442207,0,20.05208206,0,20.71759224
2023/5/3 12:03,100,21.71122742,0,20.02314758,0,20.05208206,0,20.81886482
2023/5/3 12:04,100,21.71122742,0,20.09548569,0,20.05208206,0,20.81886482
2023/5/3 12:05,100,21.71122742,0,20.12442207,0,20.05208206,0,20.81886482
2023/5/3 12:06,100,21.71122742,0,20.10995293,0,20.05208206,0,20.74652672
2023/5/3 12:07,100,21.71122742,0,20.12442207,0,20.05208206,0,20.80439758
2023/5/3 12:08,100,21.71122742,0,20.12442207,0,20.05208206,0,20.71759224
2023/5/3 12:09,100,21.71122742,0,20.12442207,0,20.05208206,0,20.81886482
2023/5/3 12:10,100,21.71122742,0,20.12442207,0,20.05208206,0,20.81886482
2023/5/3 12:11,100,21.71122742,0,20.12442207,0,20.05208206,0,20.71759224
2023/5/3 12:12,100,21.71122742,0,20.12442207,0,20.03761482,0,20.81886482
2023/5/3 12:13,100,21.71122742,0,20.12442207,0,20.05208206,0,20.81886482
2023/5/3 12:14,100,21.78356552,0,20.12442207,0,20.05208206,0,20.81886482
2023/5/3 12:15,100,21.71122742,0,20.12442207,0,20.05208206,0,20.81886482
2023/5/3 12:16,100,21.71122742,0,20.12442207,0,20.05208206,0,20.81886482
2023/5/3 12:17,100,21.79803276,0,20.12442207,0,20.03761482,0,20.81886482
2023/5/3 12:18,100,21.8125,0,20.12442207,0,20.05208206,0,20.81886482
2023/5/3 12:19,100,21.79803276,0,20.12442207,0,20.03761482,0,20.81886482
2023/5/3 12:20,100,21.8125,0,20.12442207,0,20.05208206,0,20.81886482
2023/5/3 12:21,100,21.8125,0,20.12442207,0,20.05208206,0,20.80439758
2023/5/3 12:22,100,21.8125,0,20.12442207,0,20.05208206,0,20.81886482
2023/5/3 12:23,100,21.79803276,0,20.12442207,0,20.05208206,0,20.81886482
2023/5/3 12:24,100,21.8125,0,20.12442207,0,20.05208206,0,20.81886482
2023/5/3 12:25,100,21.8125,0,20.12442207,0,20.05208206,0,20.81886482
2023/5/3 12:26,100,21.8125,0,20.12442207,0,20.05208206,0,20.81886482
2023/5/3 12:27,100,21.8125,0,20.12442207,0,20.05208206,0,20.81886482
2023/5/3 12:28,100,21.8125,0,20.12442207,0,20.03761482,0,20.81886482
2023/5/3 12:29,100,21.8125,0,20.12442207,0,20.15335655,0,20.81886482
2023/5/3 12:30,100,21.8125,0,20.12442207,0,20.15335655,0,20.81886482
2023/5/3 12:31,100,21.8125,0,20.12442207,0,20.15335655,0,20.81886482
2023/5/3 12:32,100,21.8125,0,20.12442207,0,20.15335655,0,20.81886482
2023/5/3 12:33,100,21.8125,0,20.12442207,0,20.13888931,0,20.81886482
2023/5/3 12:34,100,21.8125,0,20.12442207,0,20.15335655,0,20.81886482
2023/5/3 12:35,100,21.8125,0,20.12442207,0,20.15335655,0,20.81886482
2023/5/3 12:36,100,21.8125,0,20.12442207,0,20.15335655,0,20.81886482
2023/5/3 12:37,100,21.8125,0,20.12442207,0,20.13888931,0,20.90567207
2023/5/3 12:38,100,21.8125,0,20.21122742,0,20.15335655,0,20.92013931
2023/5/3 12:39,100,21.8125,0,20.13888931,0,20.13888931,0,20.90567207
2023/5/3 12:40,100,21.8125,0,20.22569466,0,20.15335655,0,20.81886482
2023/5/3 12:41,100,21.8125,0,20.22569466,0,20.15335655,0,20.81886482
2023/5/3 12:42,100,21.8125,0,20.22569466,0,20.15335655,0,20.81886482
2023/5/3 12:43,100,21.84143448,0,20.22569466,0,20.13888931,0,20.92013931
2023/5/3 12:44,100,21.91377258,0,20.22569466,0,20.15335655,0,20.81886482
2023/5/3 12:45,100,21.91377258,0,20.22569466,0,20.15335655,0,20.90567207
2023/5/3 12:46,100,21.84143448,0,20.22569466,0,20.15335655,0,20.81886482
2023/5/3 12:47,100,21.91377258,0,20.22569466,0,20.15335655,0,20.81886482
2023/5/3 12:48,100,21.91377258,0,20.22569466,0,20.15335655,0,20.92013931
2023/5/3 12:49,100,21.91377258,0,20.22569466,0,20.15335655,0,20.92013931
2023/5/3 12:50,100,21.91377258,0,20.22569466,0,20.15335655,0,20.92013931
2023/5/3 12:51,100,21.91377258,0,20.22569466,0,20.15335655,0,20.92013931
2023/5/3 12:52,100,21.91377258,0,20.22569466,0,20.15335655,0,20.92013931
2023/5/3 12:53,100,21.91377258,0,20.22569466,0,20.15335655,0,20.92013931
2023/5/3 12:54,100,21.91377258,0,20.22569466,0,20.22569466,0,20.92013931
2023/5/3 12:55,100,21.91377258,0,20.22569466,0,20.18229294,0,20.92013931
2023/5/3 12:56,100,21.91377258,0,20.22569466,0,20.15335655,0,20.92013931
2023/5/3 12:57,100,21.91377258,0,20.22569466,0,20.25462914,0,20.92013931
2023/5/3 12:58,100,21.91377258,0,20.22569466,0,20.25462914,0,20.92013931
2023/5/3 12:59,100,21.91377258,0,20.22569466,0,20.25462914,0,20.90567207
2023/5/3 13:00,100,21.91377258,0,20.22569466,0,20.25462914,0,20.92013931
2023/5/3 13:01,100,21.91377258,0,20.22569466,0,20.25462914,0,20.92013931
2023/5/3 13:02,100,21.91377258,0,20.22569466,0,20.25462914,0,20.92013931
2023/5/3 13:03,100,21.91377258,0,20.22569466,0,20.25462914,0,20.90567207
2023/5/3 13:04,100,21.91377258,0,20.22569466,0,20.2401619,0,20.92013931
2023/5/3 13:05,100,21.91377258,0,20.22569466,0,20.25462914,0,20.92013931
2023/5/3 13:06,100,21.91377258,0,20.29803276,0,20.25462914,0,20.92013931
2023/5/3 13:07,100,21.91377258,0,20.32696724,0,20.2401619,0,20.92013931
2023/5/3 13:08,100,21.91377258,0,20.29803276,0,20.25462914,0,20.92013931
2023/5/3 13:09,100,21.91377258,0,20.32696724,0,20.25462914,0,20.92013931
2023/5/3 13:10,100,21.91377258,0,20.32696724,0,20.25462914,0,20.92013931
2023/5/3 13:11,100,21.91377258,0,20.32696724,0,20.25462914,0,20.92013931
2023/5/3 13:12,100,21.91377258,0,20.32696724,0,20.25462914,0,21.00694466
2023/5/3 13:13,100,21.91377258,0,20.32696724,0,20.25462914,0,20.92013931
2023/5/3 13:14,100,21.91377258,0,20.32696724,0,20.25462914,0,21.00694466
2023/5/3 13:15,100,21.91377258,0,20.32696724,0,20.25462914,0,21.0214119
2023/5/3 13:16,100,21.91377258,0,20.32696724,0,20.25462914,0,21.00694466
2023/5/3 13:17,100,21.91377258,0,20.32696724,0,20.25462914,0,21.0214119
2023/5/3 13:18,100,21.91377258,0,20.32696724,0,20.25462914,0,21.00694466
2023/5/3 13:19,100,21.91377258,0,20.32696724,0,20.25462914,0,21.0214119
2023/5/3 13:20,100,21.91377258,0,20.32696724,0,20.25462914,0,21.00694466
2023/5/3 13:21,100,21.91377258,0,20.32696724,0,20.25462914,0,21.0214119
2023/5/3 13:22,100,21.91377258,0,20.3125,0,20.2401619,0,21.0214119
2023/5/3 13:23,100,21.91377258,0,20.32696724,0,20.25462914,0,21.00694466
2023/5/3 13:24,100,21.91377258,0,20.32696724,0,20.26909828,0,21.0214119
2023/5/3 13:25,100,21.91377258,0,20.32696724,0,20.35590172,0,21.0214119
2023/5/3 13:26,100,21.91377258,0,20.32696724,0,20.35590172,0,21.0214119
2023/5/3 13:27,100,21.91377258,0,20.32696724,0,20.34143448,0,21.0214119
2023/5/3 13:28,100,21.91377258,0,20.32696724,0,20.35590172,0,21.0214119
2023/5/3 13:29,100,21.91377258,0,20.32696724,0,20.35590172,0,21.0214119
2023/5/3 13:30,100,21.91377258,0,20.32696724,0,20.35590172,0,21.0214119
2023/5/3 13:31,100,21.91377258,0,20.32696724,0,20.34143448,0,21.0214119
2023/5/3 13:32,100,21.94270706,0,20.32696724,0,20.35590172,0,21.0214119
2023/5/3 13:33,100,21.89930534,0,20.32696724,0,20.34143448,0,21.0214119
2023/5/3 13:34,100,21.97164345,0,20.32696724,0,20.35590172,0,21.0214119
2023/5/3 13:35,100,22.01504707,0,20.32696724,0,20.35590172,0,21.0214119
2023/5/3 13:36,100,22.01504707,0,20.32696724,0,20.35590172,0,21.0214119
2023/5/3 13:37,100,22.01504707,0,20.32696724,0,20.35590172,0,21.0214119
2023/5/3 13:38,100,22.01504707,0,20.32696724,0,20.34143448,0,21.00694466
2023/5/3 13:39,100,22.01504707,0,20.32696724,0,20.35590172,0,21.0214119
2023/5/3 13:40,100,22.01504707,0,20.32696724,0,20.34143448,0,21.00694466
2023/5/3 13:41,100,22.01504707,0,20.32696724,0,20.35590172,0,21.0214119
2023/5/3 13:42,100,22.01504707,0,20.41377258,0,20.34143448,0,21.0214119
2023/5/3 13:43,100,22.01504707,0,20.34143448,0,20.34143448,0,21.00694466
2023/5/3 13:44,100,22.01504707,0,20.37037086,0,20.34143448,0,21.0214119
2023/5/3 13:45,100,22.01504707,0,20.42823982,0,20.35590172,0,21.0214119
2023/5/3 13:46,100,22.01504707,0,20.42823982,0,20.35590172,0,21.09375
2023/5/3 13:47,100,22.01504707,0,20.42823982,0,20.34143448,0,21.0214119
2023/5/3 13:48,100,22.01504707,0,20.42823982,0,20.35590172,0,21.09375
2023/5/3 13:49,100,22.00057793,0,20.41377258,0,20.34143448,0,21.05034828
2023/5/3 13:50,100,22.01504707,0,20.42823982,0,20.35590172,0,21.05034828
2023/5/3 13:51,100,22.01504707,0,20.42823982,0,20.35590172,0,21.06481552
2023/5/3 13:52,100,22.01504707,0,20.42823982,0,20.35590172,0,21.03587914
2023/5/3 13:53,100,22.01504707,0,20.42823982,0,20.35590172,0,21.12268448
2023/5/3 13:54,100,22.01504707,0,20.41377258,0,20.35590172,0,21.07928276
2023/5/3 13:55,100,22.01504707,0,20.42823982,0,20.34143448,0,21.0214119
2023/5/3 13:56,100,22.00057793,0,20.42823982,0,20.35590172,0,21.0214119
2023/5/3 13:57,100,22.01504707,0,20.41377258,0,20.34143448,0,21.0214119
2023/5/3 13:58,100,22.01504707,0,20.42823982,0,20.34143448,0,21.00694466
2023/5/3 13:59,100,22.01504707,0,20.42823982,0,20.34143448,0,21.0214119
2023/5/3 14:00,100,22.01504707,0,20.42823982,0,20.35590172,0,21.0214119
2023/5/3 14:01,100,22.01504707,0,20.42823982,0,20.35590172,0,21.00694466
2023/5/3 14:02,100,22.01504707,0,20.42823982,0,20.35590172,0,21.09375
2023/5/3 14:03,100,22.01504707,0,20.42823982,0,20.35590172,0,21.12268448
2023/5/3 14:04,100,22.01504707,0,20.41377258,0,20.34143448,0,21.12268448
2023/5/3 14:05,100,22.01504707,0,20.42823982,0,20.35590172,0,21.12268448
2023/5/3 14:06,100,22.00057793,0,20.42823982,0,20.34143448,0,21.12268448
2023/5/3 14:07,100,22.01504707,0,20.42823982,0,20.35590172,0,21.12268448
2023/5/3 14:08,100,22.01504707,0,20.42823982,0,20.44270706,0,21.12268448
2023/5/3 14:09,100,22.01504707,0,20.42823982,0,20.42823982,0,21.12268448
2023/5/3 14:10,100,22.01504707,0,20.42823982,0,20.45717621,0,21.12268448
2023/5/3 14:11,100,22.01504707,0,20.41377258,0,20.35590172,0,21.12268448
2023/5/3 14:12,100,22.01504707,0,20.42823982,0,20.44270706,0,21.12268448
2023/5/3 14:13,100,22.01504707,0,20.42823982,0,20.44270706,0,21.12268448
2023/5/3 14:14,100,22.01504707,0,20.42823982,0,20.44270706,0,21.12268448
2023/5/3 14:15,100,22.01504707,0,20.42823982,0,20.44270706,0,21.12268448
2023/5/3 14:16,100,22.01504707,0,20.41377258,0,20.45717621,0,21.12268448
2023/5/3 14:17,100,22.01504707,0,20.42823982,0,20.45717621,0,21.12268448
2023/5/3 14:18,100,22.08738518,0,20.42823982,0,20.44270706,0,21.12268448
2023/5/3 14:19,100,22.11631966,0,20.42823982,0,20.44270706,0,21.12268448
2023/5/3 14:20,100,22.01504707,0,20.42823982,0,20.45717621,0,21.12268448
2023/5/3 14:21,100,22.11631966,0,20.42823982,0,20.45717621,0,21.12268448
2023/5/3 14:22,100,22.11631966,0,20.42823982,0,20.44270706,0,21.12268448
2023/5/3 14:23,100,22.11631966,0,20.41377258,0,20.45717621,0,21.10821724
2023/5/3 14:24,100,22.11631966,0,20.42823982,0,20.44270706,0,21.12268448
2023/5/3 14:25,100,22.11631966,0,20.42823982,0,20.44270706,0,21.12268448
2023/5/3 14:26,100,22.11631966,0,20.42823982,0,20.44270706,0,21.10821724
2023/5/3 14:27,100,22.11631966,0,20.45717621,0,20.44270706,0,21.22395706
2023/5/3 14:28,100,22.11631966,0,20.52951431,0,20.44270706,0,21.12268448
2023/5/3 14:29,100,22.11631966,0,20.52951431,0,20.44270706,0,21.12268448
2023/5/3 14:30,100,22.11631966,0,20.52951431,0,20.45717621,0,21.22395706
2023/5/3 14:31,100,22.11631966,0,20.52951431,0,20.44270706,0,21.22395706
2023/5/3 14:32,100,22.11631966,0,20.52951431,0,20.45717621,0,21.12268448
2023/5/3 14:33,100,22.11631966,0,20.52951431,0,20.45717621,0,21.22395706
2023/5/3 14:34,100,22.11631966,0,20.52951431,0,20.45717621,0,21.22395706
2023/5/3 14:35,100,22.11631966,0,20.52951431,0,20.45717621,0,21.22395706
2023/5/3 14:36,100,22.11631966,0,20.52951431,0,20.44270706,0,21.22395706
2023/5/3 14:37,100,22.11631966,0,20.51504707,0,20.44270706,0,21.22395706
2023/5/3 14:38,100,22.11631966,0,20.52951431,0,20.44270706,0,21.22395706
2023/5/3 14:39,100,22.11631966,0,20.52951431,0,20.45717621,0,21.22395706
2023/5/3 14:40,100,22.10185242,0,20.52951431,0,20.45717621,0,21.22395706
2023/5/3 14:41,100,22.11631966,0,20.52951431,0,20.44270706,0,21.22395706
2023/5/3 14:42,100,22.11631966,0,20.52951431,0,20.44270706,0,21.22395706
2023/5/3 14:43,100,22.11631966,0,20.52951431,0,20.44270706,0,21.20948982
2023/5/3 14:44,100,22.11631966,0,20.52951431,0,20.44270706,0,21.22395706
2023/5/3 14:45,100,22.11631966,0,20.52951431,0,20.44270706,0,21.20948982
2023/5/3 14:46,100,22.10185242,0,20.52951431,0,20.45717621,0,21.22395706
2023/5/3 14:47,100,22.11631966,0,20.52951431,0,20.44270706,0,21.20948982
2023/5/3 14:48,100,22.11631966,0,20.52951431,0,20.44270706,0,21.22395706
2023/5/3 14:49,100,22.11631966,0,20.52951431,0,20.44270706,0,21.22395706
2023/5/3 14:50,100,22.11631966,0,20.52951431,0,20.45717621,0,21.20948982
2023/5/3 14:51,100,22.11631966,0,20.52951431,0,20.44270706,0,21.22395706
2023/5/3 14:52,100,22.11631966,0,20.52951431,0,20.54398155,0,21.22395706
2023/5/3 14:53,100,22.11631966,0,20.52951431,0,20.55844879,0,21.22395706
2023/5/3 14:54,100,22.11631966,0,20.52951431,0,20.54398155,0,21.22395706
2023/5/3 14:55,100,22.11631966,0,20.52951431,0,20.54398155,0,21.22395706
2023/5/3 14:56,100,22.11631966,0,20.52951431,0,20.55844879,0,21.20948982
2023/5/3 14:57,100,22.11631966,0,20.51504707,0,20.54398155,0,21.22395706
2023/5/3 14:58,100,22.11631966,0,20.52951431,0,20.55844879,0,21.22395706
2023/5/3 14:59,100,22.11631966,0,20.52951431,0,20.55844879,0,21.22395706
2023/5/3 15:00,100,22.11631966,0,20.52951431,0,20.55844879,0,21.20948982
2023/5/3 15:01,100,22.11631966,0,20.52951431,0,20.54398155,0,21.22395706
2023/5/3 15:02,100,22.11631966,0,20.52951431,0,20.55844879,0,21.22395706
2023/5/3 15:03,100,22.10185242,0,20.51504707,0,20.54398155,0,21.22395706
2023/5/3 15:04,100,22.11631966,0,20.52951431,0,20.55844879,0,21.22395706
2023/5/3 15:05,100,22.11631966,0,20.51504707,0,20.54398155,0,21.22395706
2023/5/3 15:06,100,22.11631966,0,20.52951431,0,20.54398155,0,21.22395706
2023/5/3 15:07,100,22.11631966,0,20.52951431,0,20.54398155,0,21.22395706
2023/5/3 15:08,100,22.11631966,0,20.52951431,0,20.55844879,0,21.22395706
2023/5/3 15:09,100,22.11631966,0,20.52951431,0,20.54398155,0,21.22395706
2023/5/3 15:10,100,22.11631966,0,20.52951431,0,20.55844879,0,21.20948982
2023/5/3 15:11,100,22.11631966,0,20.52951431,0,20.55844879,0,21.22395706
2023/5/3 15:12,100,22.11631966,0,20.52951431,0,20.54398155,0,21.31076431
2023/5/3 15:13,100,22.11631966,0,20.52951431,0,20.55844879,0,21.20948982
2023/5/3 15:14,100,22.11631966,0,20.52951431,0,20.55844879,0,21.22395706
2023/5/3 15:15,100,22.11631966,0,20.52951431,0,20.54398155,0,21.31076431
2023/5/3 15:16,100,22.10185242,0,20.51504707,0,20.55844879,0,21.31076431
2023/5/3 15:17,100,22.11631966,0,20.52951431,0,20.55844879,0,21.31076431
2023/5/3 15:18,100,22.11631966,0,20.52951431,0,20.55844879,0,21.31076431
2023/5/3 15:19,100,22.11631966,0,20.52951431,0,20.55844879,0,21.22395706
2023/5/3 15:20,100,22.10185242,0,20.52951431,0,20.54398155,0,21.22395706
2023/5/3 15:21,100,22.11631966,0,20.52951431,0,20.55844879,0,21.31076431
2023/5/3 15:22,100,22.11631966,0,20.52951431,0,20.54398155,0,21.22395706
2023/5/3 15:23,100,22.11631966,0,20.52951431,0,20.55844879,0,21.22395706
2023/5/3 15:24,100,22.11631966,0,20.52951431,0,20.55844879,0,21.31076431
2023/5/3 15:25,100,22.11631966,0,20.52951431,0,20.54398155,0,21.28182793
2023/5/3 15:26,100,22.11631966,0,20.51504707,0,20.54398155,0,21.32523155
2023/5/3 15:27,100,22.11631966,0,20.52951431,0,20.54398155,0,21.25289345
2023/5/3 15:28,100,22.11631966,0,20.52951431,0,20.54398155,0,21.22395706
2023/5/3 15:29,100,22.11631966,0,20.52951431,0,20.54398155,0,21.22395706
2023/5/3 15:30,100,22.11631966,0,20.52951431,0,20.54398155,0,21.31076431
2023/5/3 15:31,100,22.11631966,0,20.51504707,0,20.54398155,0,21.31076431
2023/5/3 15:32,100,22.11631966,0,20.52951431,0,20.54398155,0,21.31076431
2023/5/3 15:33,100,22.11631966,0,20.51504707,0,20.54398155,0,21.32523155
2023/5/3 15:34,100,22.11631966,0,20.52951431,0,20.55844879,0,21.20948982
2023/5/3 15:35,100,22.11631966,0,20.52951431,0,20.54398155,0,21.32523155
2023/5/3 15:36,100,22.10185242,0,20.52951431,0,20.54398155,0,21.22395706
2023/5/3 15:37,100,22.11631966,0,20.52951431,0,20.55844879,0,21.31076431
2023/5/3 15:38,100,22.11631966,0,20.52951431,0,20.55844879,0,21.31076431
2023/5/3 15:39,100,22.11631966,0,20.52951431,0,20.54398155,0,21.32523155
2023/5/3 15:40,100,22.11631966,0,20.51504707,0,20.54398155,0,21.31076431
2023/5/3 15:41,100,22.11631966,0,20.52951431,0,20.55844879,0,21.31076431
2023/5/3 15:42,100,22.11631966,0,20.52951431,0,20.54398155,0,21.31076431
2023/5/3 15:43,100,22.11631966,0,20.52951431,0,20.55844879,0,21.31076431
2023/5/3 15:44,100,22.11631966,0,20.52951431,0,20.54398155,0,21.31076431
2023/5/3 15:45,100,22.11631966,0,20.52951431,0,20.54398155,0,21.32523155
2023/5/3 15:46,100,22.11631966,0,20.52951431,0,20.54398155,0,21.32523155
2023/5/3 15:47,100,22.11631966,0,20.52951431,0,20.54398155,0,21.31076431
2023/5/3 15:48,100,22.10185242,0,20.52951431,0,20.55844879,0,21.32523155
2023/5/3 15:49,100,22.11631966,0,20.52951431,0,20.55844879,0,21.31076431
2023/5/3 15:50,100,22.11631966,0,20.52951431,0,20.54398155,0,21.31076431
2023/5/3 15:51,100,22.11631966,0,20.52951431,0,20.55844879,0,21.31076431
2023/5/3 15:52,100,22.11631966,0,20.51504707,0,20.54398155,0,21.31076431
2023/5/3 15:53,100,22.11631966,0,20.52951431,0,20.54398155,0,21.31076431
2023/5/3 15:54,100,22.11631966,0,20.52951431,0,20.54398155,0,21.32523155
2023/5/3 15:55,100,22.11631966,0,20.52951431,0,20.54398155,0,21.31076431
2023/5/3 15:56,100,22.11631966,0,20.52951431,0,20.54398155,0,21.31076431
2023/5/3 15:57,100,22.11631966,0,20.51504707,0,20.54398155,0,21.31076431
2023/5/3 15:58,100,22.11631966,0,20.52951431,0,20.55844879,0,21.31076431
2023/5/3 15:59,100,22.11631966,0,20.52951431,0,20.54398155,0,21.31076431
2023/5/3 16:00,100,22.11631966,0,20.52951431,0,20.54398155,0,21.31076431
2023/5/3 16:01,100,22.11631966,0,20.52951431,0,20.54398155,0,21.31076431
2023/5/3 16:02,100,22.11631966,0,20.52951431,0,20.54398155,0,21.32523155
2023/5/3 16:03,100,22.11631966,0,20.52951431,0,20.55844879,0,21.31076431
2023/5/3 16:04,100,22.10185242,0,20.51504707,0,20.54398155,0,21.32523155
2023/5/3 16:05,100,22.11631966,0,20.52951431,0,20.54398155,0,21.31076431
2023/5/3 16:06,100,22.11631966,0,20.52951431,0,20.54398155,0,21.32523155
2023/5/3 16:07,100,22.11631966,0,20.52951431,0,20.55844879,0,21.32523155
2023/5/3 16:08,100,22.11631966,0,20.52951431,0,20.54398155,0,21.32523155
2023/5/3 16:09,100,22.10185242,0,20.52951431,0,20.55844879,0,21.31076431
2023/5/3 16:10,100,22.11631966,0,20.51504707,0,20.54398155,0,21.31076431
2023/5/3 16:11,100,22.11631966,0,20.52951431,0,20.6307869,0,21.31076431
2023/5/3 16:12,100,22.11631966,0,20.52951431,0,20.6307869,0,21.31076431
2023/5/3 16:13,100,22.11631966,0,20.51504707,0,20.54398155,0,21.31076431
2023/5/3 16:14,100,22.11631966,0,20.52951431,0,20.54398155,0,21.31076431
2023/5/3 16:15,100,22.10185242,0,20.51504707,0,20.54398155,0,21.32523155
2023/5/3 16:16,100,22.11631966,0,20.52951431,0,20.54398155,0,21.31076431
2023/5/3 16:17,100,22.11631966,0,20.52951431,0,20.55844879,0,21.31076431
2023/5/3 16:18,100,22.11631966,0,20.52951431,0,20.60185242,0,21.32523155
2023/5/3 16:19,100,22.11631966,0,20.52951431,0,20.54398155,0,21.31076431
2023/5/3 16:20,100,22.11631966,0,20.51504707,0,20.58738518,0,21.31076431
2023/5/3 16:21,100,22.11631966,0,20.52951431,0,20.64525414,0,21.32523155
2023/5/3 16:22,100,22.11631966,0,20.51504707,0,20.64525414,0,21.31076431
2023/5/3 16:23,100,22.11631966,0,20.52951431,0,20.64525414,0,21.32523155
2023/5/3 16:24,100,22.11631966,0,20.52951431,0,20.64525414,0,21.31076431
2023/5/3 16:25,100,22.11631966,0,20.52951431,0,20.64525414,0,21.32523155
2023/5/3 16:26,100,22.11631966,0,20.52951431,0,20.57291794,0,21.31076431
2023/5/3 16:27,100,22.10185242,0,20.51504707,0,20.64525414,0,21.32523155
2023/5/3 16:28,100,22.11631966,0,20.52951431,0,20.64525414,0,21.31076431
2023/5/3 16:29,100,22.11631966,0,20.52951431,0,20.64525414,0,21.31076431
2023/5/3 16:30,100,22.11631966,0,20.52951431,0,20.64525414,0,21.31076431
2023/5/3 16:31,100,22.11631966,0,20.52951431,0,20.64525414,0,21.31076431
2023/5/3 16:32,100,22.11631966,0,20.52951431,0,20.64525414,0,21.31076431
2023/5/3 16:33,100,22.11631966,0,20.52951431,0,20.64525414,0,21.32523155
2023/5/3 16:34,100,22.11631966,0,20.51504707,0,20.64525414,0,21.31076431
2023/5/3 16:35,100,22.11631966,0,20.52951431,0,20.64525414,0,21.31076431
2023/5/3 16:36,100,22.11631966,0,20.51504707,0,20.64525414,0,21.31076431
2023/5/3 16:37,100,22.11631966,0,20.52951431,0,20.64525414,0,21.31076431
2023/5/3 16:38,100,22.11631966,0,20.6307869,0,20.64525414,0,21.32523155
2023/5/3 16:39,100,22.11631966,0,20.51504707,0,20.64525414,0,21.31076431
2023/5/3 16:40,100,22.15972328,0,20.52951431,0,20.64525414,0,21.31076431
2023/5/3 16:41,100,22.21759224,0,20.52951431,0,20.64525414,0,21.31076431
2023/5/3 16:42,100,22.21759224,0,20.52951431,0,20.64525414,0,21.39756966
2023/5/3 16:43,100,22.21759224,0,20.58738518,0,20.64525414,0,21.31076431
2023/5/3 16:44,100,22.21759224,0,20.61631966,0,20.64525414,0,21.31076431
2023/5/3 16:45,100,22.21759224,0,20.6307869,0,20.64525414,0,21.32523155
2023/5/3 16:46,100,22.21759224,0,20.6307869,0,20.64525414,0,21.31076431
2023/5/3 16:47,100,22.21759224,0,20.61631966,0,20.64525414,0,21.31076431
2023/5/3 16:48,100,22.21759224,0,20.61631966,0,20.64525414,0,21.32523155
2023/5/3 16:49,100,22.21759224,0,20.6307869,0,20.64525414,0,21.33969879
2023/5/3 16:50,100,22.21759224,0,20.6307869,0,20.64525414,0,21.4120369
2023/5/3 16:51,100,22.21759224,0,20.6307869,0,20.64525414,0,21.4120369
2023/5/3 16:52,100,22.203125,0,20.61631966,0,20.64525414,0,21.4120369
2023/5/3 16:53,100,22.21759224,0,20.61631966,0,20.64525414,0,21.4120369
2023/5/3 16:54,100,22.21759224,0,20.61631966,0,20.64525414,0,21.4120369
2023/5/3 16:55,100,22.21759224,0,20.61631966,0,20.64525414,0,21.4120369
2023/5/3 16:56,100,22.21759224,0,20.61631966,0,20.64525414,0,21.4120369
2023/5/3 16:57,100,22.21759224,0,20.61631966,0,20.64525414,0,21.4120369
2023/5/3 16:58,100,22.21759224,0,20.6307869,0,20.64525414,0,21.4120369
2023/5/3 16:59,100,22.21759224,0,20.6307869,0,20.64525414,0,21.4120369
2023/5/3 17:00,100,22.21759224,0,20.6307869,0,20.64525414,0,21.4120369
2023/5/3 17:01,100,22.21759224,0,20.6307869,0,20.64525414,0,21.4120369
2023/5/3 17:02,100,22.203125,0,20.61631966,0,20.64525414,0,21.4120369
2023/5/3 17:03,100,22.21759224,0,20.6307869,0,20.64525414,0,21.4120369
2023/5/3 17:04,100,22.21759224,0,20.61631966,0,20.64525414,0,21.4120369
2023/5/3 17:05,100,22.21759224,0,20.61631966,0,20.73205948,0,21.4120369
2023/5/3 17:06,100,22.21759224,0,20.61631966,0,20.64525414,0,21.4120369
2023/5/3 17:07,100,22.21759224,0,20.6307869,0,20.64525414,0,21.4120369
2023/5/3 17:08,100,22.21759224,0,20.61631966,0,20.64525414,0,21.42650414
2023/5/3 17:09,100,22.21759224,0,20.61631966,0,20.64525414,0,21.4120369
2023/5/3 17:10,100,22.203125,0,20.61631966,0,20.64525414,0,21.4120369
2023/5/3 17:11,100,22.21759224,0,20.6307869,0,20.64525414,0,21.42650414
2023/5/3 17:12,100,22.21759224,0,20.61631966,0,20.64525414,0,21.42650414
2023/5/3 17:13,100,22.21759224,0,20.6307869,0,20.64525414,0,21.4120369
2023/5/3 17:14,100,22.21759224,0,20.6307869,0,20.64525414,0,21.4120369
2023/5/3 17:15,100,22.21759224,0,20.61631966,0,20.74652672,0,21.4120369
2023/5/3 17:16,100,22.21759224,0,20.6307869,0,20.74652672,0,21.4120369
2023/5/3 17:17,100,22.203125,0,20.61631966,0,20.74652672,0,21.4120369
2023/5/3 17:18,100,22.21759224,0,20.61631966,0,20.74652672,0,21.4120369
2023/5/3 17:19,100,22.21759224,0,20.61631966,0,20.74652672,0,21.4120369
2023/5/3 17:20,100,22.21759224,0,20.6307869,0,20.74652672,0,21.4120369
2023/5/3 17:21,100,22.21759224,0,20.61631966,0,20.74652672,0,21.4120369
2023/5/3 17:22,100,22.21759224,0,20.61631966,0,20.74652672,0,21.4120369
2023/5/3 17:23,100,22.21759224,0,20.61631966,0,20.74652672,0,21.4120369
2023/5/3 17:24,100,22.21759224,0,20.61631966,0,20.74652672,0,21.4120369
2023/5/3 17:25,100,22.21759224,0,20.6307869,0,20.74652672,0,21.4120369
2023/5/3 17:26,100,22.21759224,0,20.61631966,0,20.74652672,0,21.4120369
2023/5/3 17:27,100,22.21759224,0,20.61631966,0,20.74652672,0,21.4120369
2023/5/3 17:28,100,22.21759224,0,20.61631966,0,20.74652672,0,21.42650414
2023/5/3 17:29,100,22.203125,0,20.61631966,0,20.74652672,0,21.4120369
2023/5/3 17:30,100,22.21759224,0,20.6307869,0,20.74652672,0,21.4120369
2023/5/3 17:31,100,22.21759224,0,20.61631966,0,20.74652672,0,21.4120369
2023/5/3 17:32,100,22.21759224,0,20.61631966,0,20.74652672,0,21.4120369
2023/5/3 17:33,100,22.21759224,0,20.61631966,0,20.74652672,0,21.4120369
2023/5/3 17:34,100,22.21759224,0,20.6307869,0,20.74652672,0,21.4120369
2023/5/3 17:35,100,22.21759224,0,20.6307869,0,20.74652672,0,21.4120369
2023/5/3 17:36,100,22.21759224,0,20.71759224,0,20.74652672,0,21.4120369
2023/5/3 17:37,100,22.203125,0,20.71759224,0,20.74652672,0,21.4120369
2023/5/3 17:38,100,22.21759224,0,20.71759224,0,20.74652672,0,21.4120369
2023/5/3 17:39,100,22.21759224,0,20.71759224,0,20.74652672,0,21.4120369
2023/5/3 17:40,100,22.21759224,0,20.65972328,0,20.74652672,0,21.4120369
2023/5/3 17:41,100,22.21759224,0,20.71759224,0,20.74652672,0,21.4120369
2023/5/3 17:42,100,22.21759224,0,20.71759224,0,20.74652672,0,21.4120369
2023/5/3 17:43,100,22.21759224,0,20.71759224,0,20.74652672,0,21.4120369
2023/5/3 17:44,100,22.21759224,0,20.71759224,0,20.74652672,0,21.4120369
2023/5/3 17:45,100,22.203125,0,20.71759224,0,20.74652672,0,21.51330948
2023/5/3 17:46,100,22.31886482,0,20.73205948,0,20.74652672,0,21.51330948
2023/5/3 17:47,100,22.21759224,0,20.73205948,0,20.74652672,0,21.4120369
2023/5/3 17:48,100,22.21759224,0,20.71759224,0,20.74652672,0,21.4120369
2023/5/3 17:49,100,22.21759224,0,20.71759224,0,20.74652672,0,21.51330948
2023/5/3 17:50,100,22.21759224,0,20.71759224,0,20.74652672,0,21.51330948
2023/5/3 17:51,100,22.21759224,0,20.71759224,0,20.74652672,0,21.51330948
2023/5/3 17:52,100,22.21759224,0,20.71759224,0,20.74652672,0,21.51330948
2023/5/3 17:53,100,22.21759224,0,20.71759224,0,20.74652672,0,21.51330948
2023/5/3 17:54,100,22.21759224,0,20.71759224,0,20.74652672,0,21.51330948
2023/5/3 17:55,100,22.30439758,0,20.73205948,0,20.74652672,0,21.51330948
2023/5/3 17:56,100,22.26099586,0,20.71759224,0,20.74652672,0,21.45544052
2023/5/3 17:57,100,22.31886482,0,20.71759224,0,20.74652672,0,21.51330948
2023/5/3 17:58,100,22.31886482,0,20.71759224,0,20.74652672,0,21.51330948
2023/5/3 17:59,100,22.31886482,0,20.71759224,0,20.74652672,0,21.51330948
2023/5/3 18:00,100,22.31886482,0,20.73205948,0,20.74652672,0,21.51330948
2023/5/3 18:01,100,22.31886482,0,20.71759224,0,20.74652672,0,21.51330948
2023/5/3 18:02,100,22.31886482,0,20.71759224,0,20.74652672,0,21.51330948
2023/5/3 18:03,100,22.31886482,0,20.71759224,0,20.74652672,0,21.51330948
2023/5/3 18:04,100,22.31886482,0,20.73205948,0,20.74652672,0,21.51330948
2023/5/3 18:05,100,22.31886482,0,20.71759224,0,20.74652672,0,21.51330948
2023/5/3 18:06,100,22.31886482,0,20.71759224,0,20.74652672,0,21.51330948
2023/5/3 18:07,100,22.30439758,0,20.73205948,0,20.74652672,0,21.51330948
2023/5/3 18:08,100,22.31886482,0,20.71759224,0,20.74652672,0,21.51330948
2023/5/3 18:09,100,22.31886482,0,20.71759224,0,20.74652672,0,21.51330948
2023/5/3 18:10,100,22.31886482,0,20.71759224,0,20.74652672,0,21.51330948
2023/5/3 18:11,100,22.31886482,0,20.71759224,0,20.74652672,0,21.51330948
2023/5/3 18:12,100,22.31886482,0,20.71759224,0,20.74652672,0,21.51330948
2023/5/3 18:13,100,22.31886482,0,20.73205948,0,20.74652672,0,21.51330948
2023/5/3 18:14,100,22.30439758,0,20.71759224,0,20.74652672,0,21.51330948
2023/5/3 18:15,100,22.31886482,0,20.71759224,0,20.74652672,0,21.51330948
2023/5/3 18:16,100,22.31886482,0,20.73205948,0,20.74652672,0,21.51330948
2023/5/3 18:17,100,22.31886482,0,20.71759224,0,20.74652672,0,21.51330948
2023/5/3 18:18,100,22.31886482,0,20.71759224,0,20.74652672,0,21.51330948
2023/5/3 18:19,100,22.31886482,0,20.73205948,0,20.74652672,0,21.51330948
2023/5/3 18:20,100,22.31886482,0,20.71759224,0,20.74652672,0,21.51330948
2023/5/3 18:21,100,22.31886482,0,20.71759224,0,20.74652672,0,21.51330948
2023/5/3 18:22,100,22.30439758,0,20.71759224,0,20.74652672,0,21.51330948
2023/5/3 18:23,100,22.31886482,0,20.71759224,0,20.74652672,0,21.51330948
2023/5/3 18:24,100,22.31886482,0,20.71759224,0,20.74652672,0,21.51330948
2023/5/3 18:25,100,22.31886482,0,20.71759224,0,20.74652672,0,21.51330948
2023/5/3 18:26,100,22.30439758,0,20.71759224,0,20.74652672,0,21.51330948
2023/5/3 18:27,100,22.31886482,0,20.71759224,0,20.74652672,0,21.44097328
2023/5/3 18:28,100,22.31886482,0,20.71759224,0,20.74652672,0,21.4120369
2023/5/3 18:29,100,22.31886482,0,20.71759224,0,20.74652672,0,21.51330948
2023/5/3 18:30,100,22.31886482,0,20.71759224,0,20.74652672,0,21.51330948
2023/5/3 18:31,100,22.31886482,0,20.71759224,0,20.74652672,0,21.51330948
2023/5/3 18:32,100,22.31886482,0,20.71759224,0,20.74652672,0,21.51330948
2023/5/3 18:33,100,22.31886482,0,20.71759224,0,20.74652672,0,21.51330948
2023/5/3 18:34,100,22.30439758,0,20.71759224,0,20.74652672,0,21.51330948
2023/5/3 18:35,100,22.31886482,0,20.71759224,0,20.74652672,0,21.51330948
2023/5/3 18:36,100,22.31886482,0,20.71759224,0,20.74652672,0,21.51330948
2023/5/3 18:37,100,22.31886482,0,20.71759224,0,20.74652672,0,21.51330948
2023/5/3 18:38,100,22.31886482,0,20.71759224,0,20.74652672,0,21.51330948
2023/5/3 18:39,100,22.31886482,0,20.71759224,0,20.74652672,0,21.51330948
2023/5/3 18:40,100,22.30439758,0,20.71759224,0,20.74652672,0,21.51330948
2023/5/3 18:41,100,22.31886482,0,20.71759224,0,20.74652672,0,21.51330948
2023/5/3 18:42,100,22.31886482,0,20.73205948,0,20.74652672,0,21.51330948
2023/5/3 18:43,100,22.31886482,0,20.71759224,0,20.74652672,0,21.51330948
2023/5/3 18:44,100,22.31886482,0,20.71759224,0,20.74652672,0,21.51330948
2023/5/3 18:45,100,22.31886482,0,20.71759224,0,20.74652672,0,21.51330948
2023/5/3 18:46,100,22.30439758,0,20.71759224,0,20.73205948,0,21.51330948
2023/5/3 18:47,100,22.31886482,0,20.71759224,0,20.74652672,0,21.51330948
2023/5/3 18:48,100,22.31886482,0,20.71759224,0,20.74652672,0,21.51330948
2023/5/3 18:49,100,22.31886482,0,20.71759224,0,20.74652672,0,21.51330948
2023/5/3 18:50,100,22.21759224,0,20.71759224,0,20.74652672,0,21.51330948
2023/5/3 18:51,100,22.21759224,0,20.73205948,0,20.74652672,0,21.51330948
2023/5/3 18:52,100,22.21759224,0,20.73205948,0,20.74652672,0,21.51330948
2023/5/3 18:53,100,22.21759224,0,20.71759224,0,20.74652672,0,21.51330948
2023/5/3 18:54,100,22.21759224,0,20.71759224,0,20.73205948,0,21.51330948
2023/5/3 18:55,100,22.21759224,0,20.71759224,0,20.74652672,0,21.51330948
2023/5/3 18:56,100,22.21759224,0,20.71759224,0,20.74652672,0,21.51330948
2023/5/3 18:57,100,22.203125,0,20.71759224,0,20.74652672,0,21.51330948
2023/5/3 18:58,100,22.21759224,0,20.6307869,0,20.74652672,0,21.51330948
2023/5/3 18:59,100,22.21759224,0,20.61631966,0,20.73205948,0,21.51330948
2023/5/3 19:00,100,22.21759224,0,20.6307869,0,20.74652672,0,21.51330948
2023/5/3 19:01,100,22.21759224,0,20.61631966,0,20.74652672,0,21.51330948
2023/5/3 19:02,100,22.21759224,0,20.61631966,0,20.74652672,0,21.51330948
2023/5/3 19:03,100,22.21759224,0,20.6307869,0,20.74652672,0,21.484375
2023/5/3 19:04,100,22.10185242,0,20.61631966,0,20.73205948,0,21.44097328
2023/5/3 19:05,100,22.11631966,0,20.61631966,0,20.64525414,0,21.4120369
2023/5/3 19:06,100,22.11631966,0,20.61631966,0,20.64525414,0,21.51330948
2023/5/3 19:07,100,22.11631966,0,20.61631966,0,20.64525414,0,21.51330948
2023/5/3 19:08,100,22.11631966,0,20.61631966,0,20.64525414,0,21.51330948
2023/5/3 19:09,100,22.11631966,0,20.6307869,0,20.64525414,0,21.49884224
2023/5/3 19:10,100,22.11631966,0,20.61631966,0,20.64525414,0,21.4120369
2023/5/3 19:11,100,22.10185242,0,20.61631966,0,20.64525414,0,21.4120369
2023/5/3 19:12,100,22.11631966,0,20.61631966,0,20.64525414,0,21.42650414
2023/5/3 19:13,100,22.11631966,0,20.61631966,0,20.64525414,0,21.51330948
2023/5/3 19:14,100,22.11631966,0,20.6307869,0,20.64525414,0,21.51330948
2023/5/3 19:15,100,22.10185242,0,20.6307869,0,20.64525414,0,21.4120369
2023/5/3 19:16,100,22.11631966,0,20.6307869,0,20.64525414,0,21.4120369
2023/5/3 19:17,100,22.11631966,0,20.6307869,0,20.64525414,0,21.4120369
2023/5/3 19:18,100,22.11631966,0,20.61631966,0,20.64525414,0,21.4120369
2023/5/3 19:19,100,22.11631966,0,20.61631966,0,20.64525414,0,21.4120369
2023/5/3 19:20,100,22.10185242,0,20.61631966,0,20.64525414,0,21.4120369
2023/5/3 19:21,100,22.11631966,0,20.58738518,0,20.64525414,0,21.4120369
2023/5/3 19:22,100,22.11631966,0,20.61631966,0,20.64525414,0,21.4120369
2023/5/3 19:23,100,22.11631966,0,20.6307869,0,20.64525414,0,21.46990776
2023/5/3 19:24,100,22.10185242,0,20.61631966,0,20.64525414,0,21.4120369
2023/5/3 19:25,100,22.11631966,0,20.55844879,0,20.64525414,0,21.4120369
2023/5/3 19:26,100,22.11631966,0,20.52951431,0,20.64525414,0,21.49884224
2023/5/3 19:27,100,22.11631966,0,20.52951431,0,20.64525414,0,21.42650414
2023/5/3 19:28,100,22.11631966,0,20.55844879,0,20.64525414,0,21.4120369
2023/5/3 19:29,100,22.11631966,0,20.61631966,0,20.64525414,0,21.4120369
2023/5/3 19:30,100,22.11631966,0,20.61631966,0,20.64525414,0,21.4120369
2023/5/3 19:31,100,22.11631966,0,20.61631966,0,20.64525414,0,21.4120369
2023/5/3 19:32,100,22.11631966,0,20.61631966,0,20.64525414,0,21.4120369
2023/5/3 19:33,100,22.11631966,0,20.61631966,0,20.64525414,0,21.4120369
2023/5/3 19:34,100,22.11631966,0,20.54398155,0,20.64525414,0,21.4120369
2023/5/3 19:35,100,22.11631966,0,20.61631966,0,20.64525414,0,21.4120369
2023/5/3 19:36,100,22.11631966,0,20.52951431,0,20.64525414,0,21.4120369
2023/5/3 19:37,100,22.11631966,0,20.52951431,0,20.64525414,0,21.4120369
2023/5/3 19:38,100,22.11631966,0,20.52951431,0,20.64525414,0,21.4120369
2023/5/3 19:39,100,22.11631966,0,20.52951431,0,20.64525414,0,21.4120369
2023/5/3 19:40,100,22.11631966,0,20.52951431,0,20.64525414,0,21.4120369
2023/5/3 19:41,100,22.11631966,0,20.52951431,0,20.64525414,0,21.4120369
2023/5/3 19:42,100,22.11631966,0,20.52951431,0,20.64525414,0,21.4120369
2023/5/3 19:43,100,22.11631966,0,20.52951431,0,20.64525414,0,21.4120369
2023/5/3 19:44,100,22.11631966,0,20.52951431,0,20.64525414,0,21.4120369
2023/5/3 19:45,100,22.11631966,0,20.52951431,0,20.64525414,0,21.4120369
2023/5/3 19:46,100,22.11631966,0,20.52951431,0,20.64525414,0,21.4120369
2023/5/3 19:47,100,22.11631966,0,20.52951431,0,20.64525414,0,21.4120369
2023/5/3 19:48,100,22.11631966,0,20.52951431,0,20.64525414,0,21.4120369
2023/5/3 19:49,100,22.11631966,0,20.52951431,0,20.64525414,0,21.4120369
2023/5/3 19:50,100,22.11631966,0,20.52951431,0,20.64525414,0,21.4120369
2023/5/3 19:51,100,22.11631966,0,20.52951431,0,20.64525414,0,21.4120369
2023/5/3 19:52,100,22.11631966,0,20.52951431,0,20.64525414,0,21.4120369
2023/5/3 19:53,100,22.11631966,0,20.52951431,0,20.64525414,0,21.4120369
2023/5/3 19:54,100,22.11631966,0,20.52951431,0,20.64525414,0,21.4120369
2023/5/3 19:55,100,22.11631966,0,20.52951431,0,20.64525414,0,21.4120369
2023/5/3 19:56,100,22.11631966,0,20.52951431,0,20.64525414,0,21.4120369
2023/5/3 19:57,100,22.11631966,0,20.52951431,0,20.64525414,0,21.4120369
2023/5/3 19:58,100,22.11631966,0,20.52951431,0,20.64525414,0,21.4120369
2023/5/3 19:59,100,22.11631966,0,20.52951431,0,20.64525414,0,21.4120369
2023/5/3 20:00,100,22.11631966,0,20.52951431,0,20.64525414,0,21.4120369
2023/5/3 20:01,100,22.11631966,0,20.52951431,0,20.64525414,0,21.4120369
2023/5/3 20:02,100,22.11631966,0,20.52951431,0,20.64525414,0,21.4120369
2023/5/3 20:03,100,22.11631966,0,20.52951431,0,20.64525414,0,21.4120369
2023/5/3 20:04,100,22.11631966,0,20.52951431,0,20.64525414,0,21.4120369
2023/5/3 20:05,100,22.11631966,0,20.52951431,0,20.64525414,0,21.4120369
2023/5/3 20:06,100,22.11631966,0,20.52951431,0,20.64525414,0,21.4120369
2023/5/3 20:07,100,22.11631966,0,20.52951431,0,20.64525414,0,21.4120369
2023/5/3 20:08,100,22.11631966,0,20.52951431,0,20.64525414,0,21.4120369
2023/5/3 20:09,100,22.11631966,0,20.52951431,0,20.64525414,0,21.4120369
2023/5/3 20:10,100,22.11631966,0,20.52951431,0,20.64525414,0,21.4120369
2023/5/3 20:11,100,22.11631966,0,20.52951431,0,20.64525414,0,21.4120369
2023/5/3 20:12,100,22.11631966,0,20.52951431,0,20.64525414,0,21.4120369
2023/5/3 20:13,100,22.11631966,0,20.52951431,0,20.64525414,0,21.4120369
2023/5/3 20:14,100,22.11631966,0,20.52951431,0,20.64525414,0,21.4120369
2023/5/3 20:15,100,22.11631966,0,20.52951431,0,20.64525414,0,21.4120369
2023/5/3 20:16,100,22.11631966,0,20.52951431,0,20.64525414,0,21.4120369
2023/5/3 20:17,100,22.11631966,0,20.52951431,0,20.64525414,0,21.4120369
2023/5/3 20:18,100,22.11631966,0,20.52951431,0,20.64525414,0,21.4120369
2023/5/3 20:19,100,22.11631966,0,20.52951431,0,20.64525414,0,21.4120369
2023/5/3 20:20,100,22.11631966,0,20.52951431,0,20.64525414,0,21.4120369
2023/5/3 20:21,100,22.11631966,0,20.52951431,0,20.64525414,0,21.4120369
2023/5/3 20:22,100,22.11631966,0,20.52951431,0,20.64525414,0,21.4120369
2023/5/3 20:23,100,22.11631966,0,20.52951431,0,20.64525414,0,21.4120369
2023/5/3 20:24,100,22.11631966,0,20.52951431,0,20.64525414,0,21.4120369
2023/5/3 20:25,100,22.11631966,0,20.52951431,0,20.64525414,0,21.4120369
2023/5/3 20:26,100,22.11631966,0,20.52951431,0,20.64525414,0,21.4120369
2023/5/3 20:27,100,22.11631966,0,20.52951431,0,20.64525414,0,21.4120369
2023/5/3 20:28,100,22.11631966,0,20.52951431,0,20.64525414,0,21.4120369
2023/5/3 20:29,100,22.11631966,0,20.52951431,0,20.64525414,0,21.4120369
2023/5/3 20:30,100,22.11631966,0,20.52951431,0,20.64525414,0,21.4120369
2023/5/3 20:31,100,22.11631966,0,20.52951431,0,20.64525414,0,21.4120369
2023/5/3 20:32,100,22.11631966,0,20.52951431,0,20.64525414,0,21.4120369
2023/5/3 20:33,100,22.11631966,0,20.52951431,0,20.64525414,0,21.4120369
2023/5/3 20:34,100,22.11631966,0,20.52951431,0,20.64525414,0,21.4120369
2023/5/3 20:35,100,22.11631966,0,20.52951431,0,20.64525414,0,21.4120369
2023/5/3 20:36,100,22.11631966,0,20.52951431,0,20.64525414,0,21.4120369
2023/5/3 20:37,100,22.11631966,0,20.52951431,0,20.64525414,0,21.4120369
2023/5/3 20:38,100,22.11631966,0,20.52951431,0,20.64525414,0,21.4120369
2023/5/3 20:39,100,22.11631966,0,20.52951431,0,20.64525414,0,21.4120369
2023/5/3 20:40,100,22.11631966,0,20.52951431,0,20.64525414,0,21.4120369
2023/5/3 20:41,100,22.11631966,0,20.52951431,0,20.64525414,0,21.4120369
2023/5/3 20:42,100,22.11631966,0,20.52951431,0,20.64525414,0,21.4120369
2023/5/3 20:43,100,22.11631966,0,20.52951431,0,20.64525414,0,21.4120369
2023/5/3 20:44,100,22.11631966,0,20.52951431,0,20.64525414,0,21.4120369
2023/5/3 20:45,100,22.11631966,0,20.52951431,0,20.64525414,0,21.4120369
2023/5/3 20:46,100,22.11631966,0,20.52951431,0,20.64525414,0,21.4120369
2023/5/3 20:47,100,22.11631966,0,20.52951431,0,20.64525414,0,21.4120369
2023/5/3 20:48,100,22.11631966,0,20.52951431,0,20.64525414,0,21.4120369
2023/5/3 20:49,100,22.11631966,0,20.52951431,0,20.64525414,0,21.4120369
2023/5/3 20:50,100,22.11631966,0,20.52951431,0,20.64525414,0,21.4120369
2023/5/3 20:51,100,22.11631966,0,20.52951431,0,20.64525414,0,21.4120369
2023/5/3 20:52,100,22.11631966,0,20.52951431,0,20.64525414,0,21.4120369
2023/5/3 20:53,100,22.11631966,0,20.52951431,0,20.64525414,0,21.4120369
2023/5/3 20:54,100,22.11631966,0,20.52951431,0,20.64525414,0,21.4120369
2023/5/3 20:55,100,22.11631966,0,20.52951431,0,20.64525414,0,21.4120369
2023/5/3 20:56,100,22.11631966,0,20.52951431,0,20.64525414,0,21.4120369
2023/5/3 20:57,100,22.11631966,0,20.52951431,0,20.64525414,0,21.4120369
2023/5/3 20:58,100,22.11631966,0,20.52951431,0,20.64525414,0,21.4120369
2023/5/3 20:59,100,22.11631966,0,20.52951431,0,20.64525414,0,21.4120369
2023/5/3 21:00,100,22.11631966,0,20.52951431,0,20.64525414,0,21.4120369
2023/5/3 21:01,100,22.11631966,0,20.52951431,0,20.64525414,0,21.4120369
2023/5/3 21:02,100,22.11631966,0,20.52951431,0,20.64525414,0,21.4120369
2023/5/3 21:03,100,22.11631966,0,20.52951431,0,20.64525414,0,21.4120369
2023/5/3 21:04,100,22.11631966,0,20.52951431,0,20.64525414,0,21.4120369
2023/5/3 21:05,100,22.11631966,0,20.52951431,0,20.64525414,0,21.4120369
2023/5/3 21:06,100,22.11631966,0,20.52951431,0,20.64525414,0,21.4120369
2023/5/3 21:07,100,22.11631966,0,20.52951431,0,20.64525414,0,21.4120369
2023/5/3 21:08,100,22.11631966,0,20.52951431,0,20.64525414,0,21.4120369
2023/5/3 21:09,100,22.11631966,0,20.52951431,0,20.64525414,0,21.4120369
2023/5/3 21:10,100,22.11631966,0,20.52951431,0,20.64525414,0,21.4120369
2023/5/3 21:11,100,22.11631966,0,20.52951431,0,20.64525414,0,21.4120369
2023/5/3 21:12,100,22.11631966,0,20.52951431,0,20.64525414,0,21.4120369
2023/5/3 21:13,100,22.11631966,0,20.52951431,0,20.64525414,0,21.4120369
2023/5/3 21:14,100,22.11631966,0,20.52951431,0,20.64525414,0,21.4120369
2023/5/3 21:15,100,22.11631966,0,20.52951431,0,20.64525414,0,21.4120369
2023/5/3 21:16,100,22.11631966,0,20.52951431,0,20.64525414,0,21.4120369
2023/5/3 21:17,100,22.11631966,0,20.52951431,0,20.64525414,0,21.4120369
2023/5/3 21:18,100,22.11631966,0,20.52951431,0,20.64525414,0,21.4120369
2023/5/3 21:19,100,22.11631966,0,20.52951431,0,20.64525414,0,21.4120369
2023/5/3 21:20,100,22.11631966,0,20.52951431,0,20.64525414,0,21.4120369
2023/5/3 21:21,100,22.11631966,0,20.52951431,0,20.64525414,0,21.4120369
2023/5/3 21:22,100,22.11631966,0,20.52951431,0,20.64525414,0,21.4120369
2023/5/3 21:23,100,22.11631966,0,20.52951431,0,20.64525414,0,21.4120369
2023/5/3 21:24,100,22.11631966,0,20.52951431,0,20.64525414,0,21.4120369
2023/5/3 21:25,100,22.11631966,0,20.52951431,0,20.64525414,0,21.4120369
2023/5/3 21:26,100,22.11631966,0,20.52951431,0,20.64525414,0,21.4120369
2023/5/3 21:27,100,22.11631966,0,20.52951431,0,20.64525414,0,21.4120369
2023/5/3 21:28,100,22.11631966,0,20.52951431,0,20.64525414,0,21.4120369
2023/5/3 21:29,100,22.11631966,0,20.52951431,0,20.64525414,0,21.4120369
2023/5/3 21:30,100,22.11631966,0,20.52951431,0,20.64525414,0,21.4120369
2023/5/3 21:31,100,22.11631966,0,20.52951431,0,20.64525414,0,21.4120369
2023/5/3 21:32,100,22.11631966,0,20.52951431,0,20.64525414,0,21.4120369
2023/5/3 21:33,100,22.11631966,0,20.52951431,0,20.64525414,0,21.4120369
2023/5/3 21:34,100,22.11631966,0,20.52951431,0,20.64525414,0,21.4120369
2023/5/3 21:35,100,22.11631966,0,20.52951431,0,20.64525414,0,21.4120369
2023/5/3 21:36,100,22.11631966,0,20.52951431,0,20.64525414,0,21.4120369
2023/5/3 21:37,100,22.11631966,0,20.52951431,0,20.64525414,0,21.4120369
2023/5/3 21:38,100,22.11631966,0,20.52951431,0,20.64525414,0,21.4120369
2023/5/3 21:39,100,22.11631966,0,20.52951431,0,20.64525414,0,21.4120369
2023/5/3 21:40,100,22.11631966,0,20.52951431,0,20.64525414,0,21.4120369
2023/5/3 21:41,100,22.11631966,0,20.52951431,0,20.64525414,0,21.4120369
2023/5/3 21:42,100,22.11631966,0,20.52951431,0,20.64525414,0,21.4120369
2023/5/3 21:43,100,22.11631966,0,20.52951431,0,20.64525414,0,21.4120369
2023/5/3 21:44,100,22.11631966,0,20.52951431,0,20.64525414,0,21.4120369
2023/5/3 21:45,100,22.11631966,0,20.52951431,0,20.64525414,0,21.4120369
2023/5/3 21:46,100,22.11631966,0,20.52951431,0,20.64525414,0,21.4120369
2023/5/3 21:47,100,22.11631966,0,20.52951431,0,20.64525414,0,21.4120369
2023/5/3 21:48,100,22.11631966,0,20.52951431,0,20.64525414,0,21.4120369
2023/5/3 21:49,100,22.11631966,0,20.52951431,0,20.64525414,0,21.4120369
2023/5/3 21:50,100,22.11631966,0,20.52951431,0,20.64525414,0,21.4120369
2023/5/3 21:51,100,22.11631966,0,20.52951431,0,20.64525414,0,21.4120369
2023/5/3 21:52,100,22.11631966,0,20.52951431,0,20.64525414,0,21.4120369
2023/5/3 21:53,100,22.11631966,0,20.52951431,0,20.64525414,0,21.4120369
2023/5/3 21:54,100,22.11631966,0,20.52951431,0,20.64525414,0,21.4120369
2023/5/3 21:55,100,22.11631966,0,20.52951431,0,20.64525414,0,21.4120369
2023/5/3 21:56,100,22.11631966,0,20.52951431,0,20.64525414,0,21.4120369
2023/5/3 21:57,100,22.11631966,0,20.52951431,0,20.64525414,0,21.4120369
2023/5/3 21:58,100,22.11631966,0,20.52951431,0,20.64525414,0,21.4120369
2023/5/3 21:59,100,22.11631966,0,20.52951431,0,20.64525414,0,21.4120369
2023/5/3 22:00,100,22.11631966,0,20.52951431,0,20.64525414,0,21.4120369
2023/5/3 22:01,100,22.11631966,0,20.52951431,0,20.64525414,0,21.4120369
2023/5/3 22:02,100,22.11631966,0,20.52951431,0,20.64525414,0,21.4120369
2023/5/3 22:03,100,22.11631966,0,20.52951431,0,20.64525414,0,21.4120369
2023/5/3 22:04,100,22.11631966,0,20.52951431,0,20.64525414,0,21.4120369
2023/5/3 22:05,100,22.11631966,0,20.52951431,0,20.64525414,0,21.4120369
2023/5/3 22:06,100,22.11631966,0,20.52951431,0,20.64525414,0,21.4120369
2023/5/3 22:07,100,22.11631966,0,20.52951431,0,20.64525414,0,21.4120369
2023/5/3 22:08,100,22.11631966,0,20.52951431,0,20.64525414,0,21.4120369
2023/5/3 22:09,100,22.11631966,0,20.52951431,0,20.64525414,0,21.4120369
2023/5/3 22:10,100,22.11631966,0,20.52951431,0,20.64525414,0,21.4120369
2023/5/3 22:11,100,22.11631966,0,20.52951431,0,20.64525414,0,21.4120369
2023/5/3 22:12,100,22.11631966,0,20.52951431,0,20.64525414,0,21.4120369
2023/5/3 22:13,100,22.11631966,0,20.52951431,0,20.64525414,0,21.4120369
2023/5/3 22:14,100,22.11631966,0,20.52951431,0,20.64525414,0,21.4120369
2023/5/3 22:15,100,22.11631966,0,20.52951431,0,20.64525414,0,21.4120369
2023/5/3 22:16,100,22.11631966,0,20.52951431,0,20.64525414,0,21.4120369
2023/5/3 22:17,100,22.11631966,0,20.52951431,0,20.64525414,0,21.4120369
2023/5/3 22:18,100,22.11631966,0,20.52951431,0,20.64525414,0,21.4120369
2023/5/3 22:19,100,22.11631966,0,20.52951431,0,20.64525414,0,21.4120369
2023/5/3 22:20,100,22.11631966,0,20.52951431,0,20.64525414,0,21.4120369
2023/5/3 22:21,100,22.11631966,0,20.52951431,0,20.64525414,0,21.4120369
2023/5/3 22:22,100,22.11631966,0,20.52951431,0,20.64525414,0,21.4120369
2023/5/3 22:23,100,22.11631966,0,20.52951431,0,20.64525414,0,21.4120369
2023/5/3 22:24,100,22.11631966,0,20.52951431,0,20.64525414,0,21.4120369
2023/5/3 22:25,100,22.11631966,0,20.52951431,0,20.64525414,0,21.4120369
2023/5/3 22:26,100,22.11631966,0,20.52951431,0,20.64525414,0,21.4120369
2023/5/3 22:27,100,22.11631966,0,20.52951431,0,20.64525414,0,21.4120369
2023/5/3 22:28,100,22.11631966,0,20.52951431,0,20.64525414,0,21.4120369
2023/5/3 22:29,100,22.11631966,0,20.52951431,0,20.64525414,0,21.4120369
2023/5/3 22:30,100,22.11631966,0,20.52951431,0,20.64525414,0,21.4120369
2023/5/3 22:31,100,22.11631966,0,20.52951431,0,20.64525414,0,21.4120369
2023/5/3 22:32,100,22.11631966,0,20.52951431,0,20.64525414,0,21.4120369
2023/5/3 22:33,100,22.11631966,0,20.52951431,0,20.64525414,0,21.4120369
2023/5/3 22:34,100,22.11631966,0,20.52951431,0,20.64525414,0,21.4120369
2023/5/3 22:35,100,22.11631966,0,20.52951431,0,20.64525414,0,21.4120369
2023/5/3 22:36,100,22.11631966,0,20.52951431,0,20.64525414,0,21.4120369
2023/5/3 22:37,100,22.11631966,0,20.52951431,0,20.64525414,0,21.4120369
2023/5/3 22:38,100,22.11631966,0,20.52951431,0,20.64525414,0,21.4120369
2023/5/3 22:39,100,22.11631966,0,20.52951431,0,20.64525414,0,21.4120369
2023/5/3 22:40,100,22.11631966,0,20.52951431,0,20.64525414,0,21.4120369
2023/5/3 22:41,100,22.11631966,0,20.52951431,0,20.64525414,0,21.4120369
2023/5/3 22:42,100,22.11631966,0,20.52951431,0,20.64525414,0,21.4120369
2023/5/3 22:43,100,22.11631966,0,20.52951431,0,20.64525414,0,21.4120369
2023/5/3 22:44,100,22.11631966,0,20.52951431,0,20.64525414,0,21.4120369
2023/5/3 22:45,100,22.11631966,0,20.52951431,0,20.64525414,0,21.4120369
2023/5/3 22:46,100,22.11631966,0,20.52951431,0,20.64525414,0,21.4120369
2023/5/3 22:47,100,22.11631966,0,20.52951431,0,20.64525414,0,21.4120369
2023/5/3 22:48,100,22.11631966,0,20.52951431,0,20.64525414,0,21.4120369
2023/5/3 22:49,100,22.11631966,0,20.52951431,0,20.64525414,0,21.4120369
2023/5/3 22:50,100,22.11631966,0,20.52951431,0,20.64525414,0,21.4120369
2023/5/3 22:51,100,22.11631966,0,20.52951431,0,20.64525414,0,21.4120369
2023/5/3 22:52,100,22.11631966,0,20.52951431,0,20.64525414,0,21.4120369
2023/5/3 22:53,100,22.11631966,0,20.52951431,0,20.64525414,0,21.4120369
2023/5/3 22:54,100,22.11631966,0,20.52951431,0,20.64525414,0,21.4120369
2023/5/3 22:55,100,22.11631966,0,20.52951431,0,20.64525414,0,21.4120369
2023/5/3 22:56,100,22.11631966,0,20.52951431,0,20.64525414,0,21.4120369
2023/5/3 22:57,100,22.11631966,0,20.52951431,0,20.64525414,0,21.4120369
2023/5/3 22:58,100,22.11631966,0,20.52951431,0,20.64525414,0,21.4120369
2023/5/3 22:59,100,22.11631966,0,20.52951431,0,20.64525414,0,21.4120369
2023/5/3 23:00,100,22.11631966,0,20.52951431,0,20.64525414,0,21.4120369
2023/5/3 23:01,100,22.11631966,0,20.52951431,0,20.64525414,0,21.4120369
2023/5/3 23:02,100,22.11631966,0,20.52951431,0,20.64525414,0,21.4120369
2023/5/3 23:03,100,22.11631966,0,20.52951431,0,20.64525414,0,21.4120369
2023/5/3 23:04,100,22.11631966,0,20.52951431,0,20.64525414,0,21.4120369
2023/5/3 23:05,100,22.11631966,0,20.52951431,0,20.64525414,0,21.4120369
2023/5/3 23:06,100,22.11631966,0,20.52951431,0,20.64525414,0,21.4120369
2023/5/3 23:07,100,22.11631966,0,20.52951431,0,20.64525414,0,21.4120369
2023/5/3 23:08,100,22.11631966,0,20.52951431,0,20.64525414,0,21.4120369
2023/5/3 23:09,100,22.11631966,0,20.52951431,0,20.64525414,0,21.4120369
2023/5/3 23:10,100,22.11631966,0,20.52951431,0,20.64525414,0,21.4120369
2023/5/3 23:11,100,22.11631966,0,20.52951431,0,20.64525414,0,21.4120369
2023/5/3 23:12,100,22.11631966,0,20.52951431,0,20.64525414,0,21.4120369
2023/5/3 23:13,100,22.11631966,0,20.52951431,0,20.64525414,0,21.4120369
2023/5/3 23:14,100,22.11631966,0,20.52951431,0,20.64525414,0,21.4120369
2023/5/3 23:15,100,22.11631966,0,20.52951431,0,20.64525414,0,21.4120369
2023/5/3 23:16,100,22.11631966,0,20.52951431,0,20.64525414,0,21.4120369
2023/5/3 23:17,100,22.11631966,0,20.52951431,0,20.64525414,0,21.4120369
2023/5/3 23:18,100,22.11631966,0,20.52951431,0,20.64525414,0,21.4120369
2023/5/3 23:19,100,22.11631966,0,20.52951431,0,20.64525414,0,21.4120369
2023/5/3 23:20,100,22.11631966,0,20.52951431,0,20.64525414,0,21.4120369
2023/5/3 23:21,100,22.11631966,0,20.52951431,0,20.64525414,0,21.4120369
2023/5/3 23:22,100,22.11631966,0,20.52951431,0,20.64525414,0,21.4120369
2023/5/3 23:23,100,22.11631966,0,20.52951431,0,20.64525414,0,21.4120369
2023/5/3 23:24,100,22.11631966,0,20.52951431,0,20.64525414,0,21.4120369
2023/5/3 23:25,100,22.11631966,0,20.52951431,0,20.64525414,0,21.4120369
2023/5/3 23:26,100,22.11631966,0,20.52951431,0,20.64525414,0,21.4120369
2023/5/3 23:27,100,22.11631966,0,20.52951431,0,20.64525414,0,21.4120369
2023/5/3 23:28,100,22.11631966,0,20.52951431,0,20.64525414,0,21.4120369
2023/5/3 23:29,100,22.11631966,0,20.52951431,0,20.64525414,0,21.4120369
2023/5/3 23:30,100,22.11631966,0,20.52951431,0,20.64525414,0,21.4120369
2023/5/3 23:31,100,22.11631966,0,20.52951431,0,20.64525414,0,21.4120369
2023/5/3 23:32,100,22.11631966,0,20.52951431,0,20.64525414,0,21.4120369
2023/5/3 23:33,100,22.11631966,0,20.52951431,0,20.64525414,0,21.4120369
2023/5/3 23:34,100,22.11631966,0,20.52951431,0,20.64525414,0,21.4120369
2023/5/3 23:35,100,22.11631966,0,20.52951431,0,20.64525414,0,21.4120369
2023/5/3 23:36,100,22.11631966,0,20.52951431,0,20.64525414,0,21.4120369
2023/5/3 23:37,100,22.11631966,0,20.52951431,0,20.64525414,0,21.4120369
2023/5/3 23:38,100,22.11631966,0,20.52951431,0,20.64525414,0,21.4120369
2023/5/3 23:39,100,22.11631966,0,20.52951431,0,20.64525414,0,21.4120369
2023/5/3 23:40,100,22.11631966,0,20.52951431,0,20.64525414,0,21.4120369
2023/5/3 23:41,100,22.11631966,0,20.52951431,0,20.64525414,0,21.4120369
2023/5/3 23:42,100,22.11631966,0,20.52951431,0,20.64525414,0,21.4120369
2023/5/3 23:43,100,22.11631966,0,20.52951431,0,20.64525414,0,21.4120369
2023/5/3 23:44,100,22.11631966,0,20.52951431,0,20.64525414,0,21.4120369
2023/5/3 23:45,100,22.11631966,0,20.52951431,0,20.64525414,0,21.4120369
2023/5/3 23:46,100,22.11631966,0,20.52951431,0,20.64525414,0,21.4120369
2023/5/3 23:47,100,22.11631966,0,20.52951431,0,20.64525414,0,21.4120369
2023/5/3 23:48,100,22.11631966,0,20.52951431,0,20.64525414,0,21.4120369
2023/5/3 23:49,100,22.11631966,0,20.52951431,0,20.64525414,0,21.4120369
2023/5/3 23:50,100,22.11631966,0,20.52951431,0,20.64525414,0,21.4120369
2023/5/3 23:51,100,22.11631966,0,20.52951431,0,20.64525414,0,21.4120369
2023/5/3 23:52,100,22.11631966,0,20.52951431,0,20.64525414,0,21.4120369
2023/5/3 23:53,100,22.11631966,0,20.52951431,0,20.64525414,0,21.4120369
2023/5/3 23:54,100,22.11631966,0,20.52951431,0,20.64525414,0,21.4120369
2023/5/3 23:55,100,22.11631966,0,20.52951431,0,20.64525414,0,21.4120369
2023/5/3 23:56,100,22.11631966,0,20.52951431,0,20.64525414,0,21.4120369
2023/5/3 23:57,100,22.11631966,0,20.52951431,0,20.64525414,0,21.4120369
2023/5/3 23:58,100,22.11631966,0,20.52951431,0,20.64525414,0,21.4120369
2023/5/3 23:59,100,22.11631966,0,20.52951431,0,20.64525414,0,21.4120369
2023/5/4 0:00,100,22.11631966,0,20.52951431,0,20.64525414,0,21.4120369
2023/5/4 0:01,100,22.11631966,0,20.52951431,0,20.64525414,0,21.4120369
2023/5/4 0:02,100,22.11631966,0,20.52951431,0,20.64525414,0,21.4120369
2023/5/4 0:03,100,22.11631966,0,20.52951431,0,20.64525414,0,21.4120369
2023/5/4 0:04,100,22.11631966,0,20.52951431,0,20.64525414,0,21.4120369
2023/5/4 0:05,100,22.11631966,0,20.52951431,0,20.64525414,0,21.4120369
2023/5/4 0:06,100,22.11631966,0,20.52951431,0,20.64525414,0,21.4120369
2023/5/4 0:07,100,22.11631966,0,20.52951431,0,20.64525414,0,21.4120369
2023/5/4 0:08,100,22.11631966,0,20.52951431,0,20.64525414,0,21.4120369
2023/5/4 0:09,100,22.11631966,0,20.52951431,0,20.64525414,0,21.4120369
2023/5/4 0:10,100,22.11631966,0,20.52951431,0,20.64525414,0,21.4120369
2023/5/4 0:11,100,22.11631966,0,20.52951431,0,20.64525414,0,21.4120369
2023/5/4 0:12,100,22.11631966,0,20.52951431,0,20.64525414,0,21.4120369
2023/5/4 0:13,100,22.11631966,0,20.52951431,0,20.64525414,0,21.4120369
2023/5/4 0:14,100,22.11631966,0,20.52951431,0,20.64525414,0,21.4120369
2023/5/4 0:15,100,22.11631966,0,20.52951431,0,20.64525414,0,21.4120369
2023/5/4 0:16,100,22.11631966,0,20.52951431,0,20.64525414,0,21.4120369
2023/5/4 0:17,100,22.11631966,0,20.52951431,0,20.64525414,0,21.4120369
2023/5/4 0:18,100,22.11631966,0,20.52951431,0,20.64525414,0,21.4120369
2023/5/4 0:19,100,22.11631966,0,20.52951431,0,20.64525414,0,21.4120369
2023/5/4 0:20,100,22.11631966,0,20.52951431,0,20.64525414,0,21.4120369
2023/5/4 0:21,100,22.11631966,0,20.52951431,0,20.64525414,0,21.4120369
2023/5/4 0:22,100,22.11631966,0,20.52951431,0,20.64525414,0,21.4120369
2023/5/4 0:23,100,22.11631966,0,20.52951431,0,20.64525414,0,21.4120369
2023/5/4 0:24,100,22.11631966,0,20.52951431,0,20.64525414,0,21.4120369
2023/5/4 0:25,100,22.11631966,0,20.52951431,0,20.64525414,0,21.4120369
2023/5/4 0:26,100,22.11631966,0,20.52951431,0,20.64525414,0,21.4120369
2023/5/4 0:27,100,22.11631966,0,20.52951431,0,20.64525414,0,21.4120369
2023/5/4 0:28,100,22.11631966,0,20.52951431,0,20.64525414,0,21.4120369
2023/5/4 0:29,100,22.11631966,0,20.52951431,0,20.64525414,0,21.4120369
2023/5/4 0:30,100,22.11631966,0,20.52951431,0,20.64525414,0,21.4120369
2023/5/4 0:31,100,22.11631966,0,20.52951431,0,20.64525414,0,21.4120369
2023/5/4 0:32,100,22.11631966,0,20.52951431,0,20.64525414,0,21.4120369
2023/5/4 0:33,100,22.11631966,0,20.52951431,0,20.64525414,0,21.4120369
2023/5/4 0:34,100,22.11631966,0,20.52951431,0,20.64525414,0,21.4120369
2023/5/4 0:35,100,22.11631966,0,20.52951431,0,20.64525414,0,21.4120369
2023/5/4 0:36,100,22.11631966,0,20.52951431,0,20.64525414,0,21.4120369
2023/5/4 0:37,100,22.11631966,0,20.52951431,0,20.64525414,0,21.4120369
2023/5/4 0:38,100,22.11631966,0,20.52951431,0,20.64525414,0,21.4120369
2023/5/4 0:39,100,22.11631966,0,20.52951431,0,20.64525414,0,21.4120369
2023/5/4 0:40,100,22.11631966,0,20.52951431,0,20.64525414,0,21.4120369
2023/5/4 0:41,100,22.11631966,0,20.52951431,0,20.64525414,0,21.4120369
2023/5/4 0:42,100,22.11631966,0,20.52951431,0,20.64525414,0,21.4120369
2023/5/4 0:43,100,22.11631966,0,20.52951431,0,20.64525414,0,21.4120369
2023/5/4 0:44,100,22.11631966,0,20.52951431,0,20.64525414,0,21.4120369
2023/5/4 0:45,100,22.11631966,0,20.52951431,0,20.64525414,0,21.4120369
2023/5/4 0:46,100,22.11631966,0,20.52951431,0,20.64525414,0,21.4120369
2023/5/4 0:47,100,22.11631966,0,20.52951431,0,20.64525414,0,21.4120369
2023/5/4 0:48,100,22.11631966,0,20.52951431,0,20.64525414,0,21.4120369
2023/5/4 0:49,100,22.11631966,0,20.52951431,0,20.64525414,0,21.4120369
2023/5/4 0:50,100,22.11631966,0,20.52951431,0,20.64525414,0,21.4120369
2023/5/4 0:51,100,22.11631966,0,20.52951431,0,20.64525414,0,21.4120369
2023/5/4 0:52,100,22.11631966,0,20.52951431,0,20.64525414,0,21.4120369
2023/5/4 0:53,100,22.11631966,0,20.52951431,0,20.64525414,0,21.4120369
2023/5/4 0:54,100,22.11631966,0,20.52951431,0,20.64525414,0,21.4120369
2023/5/4 0:55,100,22.11631966,0,20.52951431,0,20.64525414,0,21.4120369
2023/5/4 0:56,100,22.11631966,0,20.52951431,0,20.64525414,0,21.4120369
2023/5/4 0:57,100,22.11631966,0,20.52951431,0,20.64525414,0,21.4120369
2023/5/4 0:58,100,22.11631966,0,20.52951431,0,20.64525414,0,21.4120369
2023/5/4 0:59,100,22.11631966,0,20.52951431,0,20.64525414,0,21.4120369
2023/5/4 1:00,100,22.11631966,0,20.52951431,0,20.64525414,0,21.4120369
2023/5/4 1:01,100,22.11631966,0,20.52951431,0,20.64525414,0,21.4120369
2023/5/4 1:02,100,22.11631966,0,20.52951431,0,20.64525414,0,21.4120369
2023/5/4 1:03,100,22.11631966,0,20.52951431,0,20.64525414,0,21.4120369
2023/5/4 1:04,100,22.11631966,0,20.52951431,0,20.64525414,0,21.4120369
2023/5/4 1:05,100,22.11631966,0,20.52951431,0,20.64525414,0,21.4120369
2023/5/4 1:06,100,22.11631966,0,20.52951431,0,20.64525414,0,21.4120369
2023/5/4 1:07,100,22.11631966,0,20.52951431,0,20.64525414,0,21.4120369
2023/5/4 1:08,100,22.11631966,0,20.52951431,0,20.64525414,0,21.4120369
2023/5/4 1:09,100,22.11631966,0,20.52951431,0,20.64525414,0,21.4120369
2023/5/4 1:10,100,22.11631966,0,20.52951431,0,20.64525414,0,21.4120369
2023/5/4 1:11,100,22.11631966,0,20.52951431,0,20.64525414,0,21.4120369
2023/5/4 1:12,100,22.11631966,0,20.52951431,0,20.64525414,0,21.4120369
2023/5/4 1:13,100,22.11631966,0,20.52951431,0,20.64525414,0,21.4120369
2023/5/4 1:14,100,22.11631966,0,20.52951431,0,20.64525414,0,21.4120369
2023/5/4 1:15,100,22.11631966,0,20.52951431,0,20.64525414,0,21.4120369
2023/5/4 1:16,100,22.11631966,0,20.52951431,0,20.64525414,0,21.4120369
2023/5/4 1:17,100,22.11631966,0,20.52951431,0,20.64525414,0,21.4120369
2023/5/4 1:18,100,22.11631966,0,20.52951431,0,20.64525414,0,21.4120369
2023/5/4 1:19,100,22.11631966,0,20.52951431,0,20.64525414,0,21.4120369
2023/5/4 1:20,100,22.11631966,0,20.52951431,0,20.64525414,0,21.4120369
2023/5/4 1:21,100,22.11631966,0,20.52951431,0,20.64525414,0,21.4120369
2023/5/4 1:22,100,22.11631966,0,20.52951431,0,20.64525414,0,21.4120369
2023/5/4 1:23,100,22.11631966,0,20.52951431,0,20.64525414,0,21.4120369
2023/5/4 1:24,100,22.11631966,0,20.52951431,0,20.64525414,0,21.4120369
2023/5/4 1:25,100,22.11631966,0,20.52951431,0,20.64525414,0,21.4120369
2023/5/4 1:26,100,22.11631966,0,20.52951431,0,20.64525414,0,21.4120369
2023/5/4 1:27,100,22.11631966,0,20.52951431,0,20.64525414,0,21.4120369
2023/5/4 1:28,100,22.11631966,0,20.52951431,0,20.64525414,0,21.4120369
2023/5/4 1:29,100,22.11631966,0,20.52951431,0,20.64525414,0,21.4120369
2023/5/4 1:30,100,22.11631966,0,20.52951431,0,20.64525414,0,21.4120369
2023/5/4 1:31,100,22.11631966,0,20.52951431,0,20.64525414,0,21.4120369
2023/5/4 1:32,100,22.11631966,0,20.52951431,0,20.64525414,0,21.4120369
2023/5/4 1:33,100,22.11631966,0,20.52951431,0,20.64525414,0,21.4120369
2023/5/4 1:34,100,22.11631966,0,20.52951431,0,20.64525414,0,21.4120369
2023/5/4 1:35,100,22.11631966,0,20.52951431,0,20.64525414,0,21.4120369
2023/5/4 1:36,100,22.11631966,0,20.52951431,0,20.64525414,0,21.4120369
2023/5/4 1:37,100,22.11631966,0,20.52951431,0,20.64525414,0,21.4120369
2023/5/4 1:38,100,22.11631966,0,20.52951431,0,20.64525414,0,21.4120369
2023/5/4 1:39,100,22.11631966,0,20.52951431,0,20.64525414,0,21.4120369
2023/5/4 1:40,100,22.11631966,0,20.52951431,0,20.64525414,0,21.4120369
2023/5/4 1:41,100,22.11631966,0,20.52951431,0,20.64525414,0,21.4120369
2023/5/4 1:42,100,22.11631966,0,20.52951431,0,20.64525414,0,21.4120369
2023/5/4 1:43,100,22.11631966,0,20.52951431,0,20.64525414,0,21.4120369
2023/5/4 1:44,100,22.11631966,0,20.52951431,0,20.64525414,0,21.4120369
2023/5/4 1:45,100,22.11631966,0,20.52951431,0,20.64525414,0,21.4120369
2023/5/4 1:46,100,22.11631966,0,20.52951431,0,20.64525414,0,21.4120369
2023/5/4 1:47,100,22.11631966,0,20.52951431,0,20.64525414,0,21.4120369
2023/5/4 1:48,100,22.11631966,0,20.52951431,0,20.64525414,0,21.4120369
2023/5/4 1:49,100,22.11631966,0,20.52951431,0,20.64525414,0,21.4120369
2023/5/4 1:50,100,22.11631966,0,20.52951431,0,20.64525414,0,21.4120369
2023/5/4 1:51,100,22.11631966,0,20.52951431,0,20.64525414,0,21.4120369
2023/5/4 1:52,100,22.11631966,0,20.52951431,0,20.64525414,0,21.4120369
2023/5/4 1:53,100,22.11631966,0,20.52951431,0,20.64525414,0,21.4120369
2023/5/4 1:54,100,22.11631966,0,20.52951431,0,20.64525414,0,21.4120369
2023/5/4 1:55,100,22.11631966,0,20.52951431,0,20.64525414,0,21.4120369
2023/5/4 1:56,100,22.11631966,0,20.52951431,0,20.64525414,0,21.4120369
2023/5/4 1:57,100,22.11631966,0,20.52951431,0,20.64525414,0,21.4120369
2023/5/4 1:58,100,22.11631966,0,20.52951431,0,20.64525414,0,21.4120369
2023/5/4 1:59,100,22.11631966,0,20.52951431,0,20.64525414,0,21.4120369
2023/5/4 2:00,100,22.11631966,0,20.52951431,0,20.64525414,0,21.4120369
2023/5/4 2:01,100,22.11631966,0,20.52951431,0,20.64525414,0,21.4120369
2023/5/4 2:02,100,22.11631966,0,20.52951431,0,20.64525414,0,21.4120369
2023/5/4 2:03,100,22.11631966,0,20.52951431,0,20.64525414,0,21.4120369
2023/5/4 2:04,100,22.11631966,0,20.52951431,0,20.64525414,0,21.4120369
2023/5/4 2:05,100,22.11631966,0,20.52951431,0,20.64525414,0,21.4120369
2023/5/4 2:06,100,22.11631966,0,20.52951431,0,20.64525414,0,21.4120369
2023/5/4 2:07,100,22.11631966,0,20.52951431,0,20.64525414,0,21.4120369
2023/5/4 2:08,100,22.11631966,0,20.52951431,0,20.64525414,0,21.4120369
2023/5/4 2:09,100,22.11631966,0,20.52951431,0,20.64525414,0,21.4120369
2023/5/4 2:10,100,22.11631966,0,20.52951431,0,20.64525414,0,21.4120369
2023/5/4 2:11,100,22.11631966,0,20.52951431,0,20.64525414,0,21.4120369
2023/5/4 2:12,100,22.11631966,0,20.52951431,0,20.64525414,0,21.4120369
2023/5/4 2:13,100,22.11631966,0,20.52951431,0,20.64525414,0,21.4120369
2023/5/4 2:14,100,22.11631966,0,20.52951431,0,20.64525414,0,21.4120369
2023/5/4 2:15,100,22.11631966,0,20.52951431,0,20.64525414,0,21.4120369
2023/5/4 2:16,100,22.11631966,0,20.52951431,0,20.64525414,0,21.4120369
2023/5/4 2:17,100,22.11631966,0,20.52951431,0,20.64525414,0,21.4120369
2023/5/4 2:18,100,22.11631966,0,20.52951431,0,20.64525414,0,21.4120369
2023/5/4 2:19,100,22.11631966,0,20.52951431,0,20.64525414,0,21.4120369
2023/5/4 2:20,100,22.11631966,0,20.52951431,0,20.64525414,0,21.4120369
2023/5/4 2:21,100,22.11631966,0,20.52951431,0,20.64525414,0,21.4120369
2023/5/4 2:22,100,22.11631966,0,20.52951431,0,20.64525414,0,21.4120369
2023/5/4 2:23,100,22.11631966,0,20.52951431,0,20.64525414,0,21.4120369
2023/5/4 2:24,100,22.11631966,0,20.52951431,0,20.64525414,0,21.4120369
2023/5/4 2:25,100,22.11631966,0,20.52951431,0,20.64525414,0,21.4120369
2023/5/4 2:26,100,22.11631966,0,20.52951431,0,20.64525414,0,21.4120369
2023/5/4 2:27,100,22.11631966,0,20.52951431,0,20.64525414,0,21.4120369
2023/5/4 2:28,100,22.11631966,0,20.52951431,0,20.64525414,0,21.4120369
2023/5/4 2:29,100,22.11631966,0,20.52951431,0,20.64525414,0,21.4120369
2023/5/4 2:30,100,22.11631966,0,20.52951431,0,20.64525414,0,21.4120369
2023/5/4 2:31,100,22.11631966,0,20.52951431,0,20.64525414,0,21.4120369
2023/5/4 2:32,100,22.11631966,0,20.52951431,0,20.64525414,0,21.4120369
2023/5/4 2:33,100,22.11631966,0,20.52951431,0,20.64525414,0,21.4120369
2023/5/4 2:34,100,22.11631966,0,20.52951431,0,20.64525414,0,21.4120369
2023/5/4 2:35,100,22.11631966,0,20.52951431,0,20.64525414,0,21.4120369
2023/5/4 2:36,100,22.11631966,0,20.52951431,0,20.64525414,0,21.4120369
2023/5/4 2:37,100,22.11631966,0,20.52951431,0,20.64525414,0,21.4120369
2023/5/4 2:38,100,22.11631966,0,20.52951431,0,20.64525414,0,21.4120369
2023/5/4 2:39,100,22.11631966,0,20.52951431,0,20.64525414,0,21.4120369
2023/5/4 2:40,100,22.11631966,0,20.52951431,0,20.64525414,0,21.4120369
2023/5/4 2:41,100,22.11631966,0,20.52951431,0,20.64525414,0,21.4120369
2023/5/4 2:42,100,22.11631966,0,20.52951431,0,20.64525414,0,21.4120369
2023/5/4 2:43,100,22.11631966,0,20.52951431,0,20.64525414,0,21.4120369
2023/5/4 2:44,100,22.11631966,0,20.52951431,0,20.64525414,0,21.4120369
2023/5/4 2:45,100,22.11631966,0,20.52951431,0,20.64525414,0,21.4120369
2023/5/4 2:46,100,22.11631966,0,20.52951431,0,20.64525414,0,21.4120369
2023/5/4 2:47,100,22.11631966,0,20.52951431,0,20.64525414,0,21.4120369
2023/5/4 2:48,100,22.11631966,0,20.52951431,0,20.64525414,0,21.4120369
2023/5/4 2:49,100,22.11631966,0,20.52951431,0,20.64525414,0,21.4120369
2023/5/4 2:50,100,22.11631966,0,20.52951431,0,20.64525414,0,21.4120369
2023/5/4 2:51,100,22.11631966,0,20.52951431,0,20.64525414,0,21.4120369
2023/5/4 2:52,100,22.11631966,0,20.52951431,0,20.64525414,0,21.4120369
2023/5/4 2:53,100,22.11631966,0,20.52951431,0,20.64525414,0,21.4120369
2023/5/4 2:54,100,22.11631966,0,20.52951431,0,20.64525414,0,21.4120369
2023/5/4 2:55,100,22.11631966,0,20.52951431,0,20.64525414,0,21.4120369
2023/5/4 2:56,100,22.11631966,0,20.52951431,0,20.64525414,0,21.4120369
2023/5/4 2:57,100,22.11631966,0,20.52951431,0,20.64525414,0,21.4120369
2023/5/4 2:58,100,22.11631966,0,20.52951431,0,20.64525414,0,21.4120369
2023/5/4 2:59,100,22.11631966,0,20.52951431,0,20.64525414,0,21.4120369
2023/5/4 3:00,100,22.11631966,0,20.52951431,0,20.64525414,0,21.4120369
2023/5/4 3:01,100,22.11631966,0,20.52951431,0,20.64525414,0,21.4120369
2023/5/4 3:02,100,22.11631966,0,20.52951431,0,20.64525414,0,21.4120369
2023/5/4 3:03,100,22.11631966,0,20.52951431,0,20.64525414,0,21.4120369
2023/5/4 3:04,100,22.11631966,0,20.52951431,0,20.64525414,0,21.4120369
2023/5/4 3:05,100,22.11631966,0,20.52951431,0,20.64525414,0,21.4120369
2023/5/4 3:06,100,22.11631966,0,20.52951431,0,20.64525414,0,21.4120369
2023/5/4 3:07,100,22.11631966,0,20.52951431,0,20.64525414,0,21.4120369
2023/5/4 3:08,100,22.11631966,0,20.52951431,0,20.64525414,0,21.4120369
2023/5/4 3:09,100,22.11631966,0,20.52951431,0,20.64525414,0,21.4120369
2023/5/4 3:10,100,22.11631966,0,20.52951431,0,20.64525414,0,21.4120369
2023/5/4 3:11,100,22.11631966,0,20.52951431,0,20.64525414,0,21.4120369
2023/5/4 3:12,100,22.11631966,0,20.52951431,0,20.64525414,0,21.4120369
2023/5/4 3:13,100,22.11631966,0,20.52951431,0,20.64525414,0,21.4120369
2023/5/4 3:14,100,22.11631966,0,20.52951431,0,20.64525414,0,21.4120369
2023/5/4 3:15,100,22.11631966,0,20.52951431,0,20.64525414,0,21.4120369
2023/5/4 3:16,100,22.11631966,0,20.52951431,0,20.64525414,0,21.4120369
2023/5/4 3:17,100,22.11631966,0,20.52951431,0,20.64525414,0,21.4120369
2023/5/4 3:18,100,22.11631966,0,20.52951431,0,20.64525414,0,21.4120369
2023/5/4 3:19,100,22.11631966,0,20.52951431,0,20.64525414,0,21.4120369
2023/5/4 3:20,100,22.11631966,0,20.52951431,0,20.64525414,0,21.4120369
2023/5/4 3:21,100,22.11631966,0,20.52951431,0,20.64525414,0,21.4120369
2023/5/4 3:22,100,22.11631966,0,20.52951431,0,20.64525414,0,21.4120369
2023/5/4 3:23,100,22.11631966,0,20.52951431,0,20.64525414,0,21.4120369
2023/5/4 3:24,100,22.11631966,0,20.52951431,0,20.64525414,0,21.4120369
2023/5/4 3:25,100,22.11631966,0,20.52951431,0,20.64525414,0,21.4120369
2023/5/4 3:26,100,22.11631966,0,20.52951431,0,20.64525414,0,21.4120369
2023/5/4 3:27,100,22.11631966,0,20.52951431,0,20.64525414,0,21.4120369
2023/5/4 3:28,100,22.11631966,0,20.52951431,0,20.64525414,0,21.4120369
2023/5/4 3:29,100,22.11631966,0,20.52951431,0,20.64525414,0,21.4120369
2023/5/4 3:30,100,22.11631966,0,20.52951431,0,20.64525414,0,21.4120369
2023/5/4 3:31,100,22.11631966,0,20.52951431,0,20.64525414,0,21.4120369
2023/5/4 3:32,100,22.11631966,0,20.52951431,0,20.64525414,0,21.4120369
2023/5/4 3:33,100,22.11631966,0,20.52951431,0,20.64525414,0,21.4120369
2023/5/4 3:34,100,22.11631966,0,20.52951431,0,20.64525414,0,21.4120369
2023/5/4 3:35,100,22.11631966,0,20.52951431,0,20.64525414,0,21.4120369
2023/5/4 3:36,100,22.11631966,0,20.52951431,0,20.64525414,0,21.4120369
2023/5/4 3:37,100,22.11631966,0,20.52951431,0,20.64525414,0,21.4120369
2023/5/4 3:38,100,22.11631966,0,20.52951431,0,20.64525414,0,21.4120369
2023/5/4 3:39,100,22.11631966,0,20.52951431,0,20.64525414,0,21.4120369
2023/5/4 3:40,100,22.11631966,0,20.52951431,0,20.64525414,0,21.4120369
2023/5/4 3:41,100,22.11631966,0,20.52951431,0,20.64525414,0,21.4120369
2023/5/4 3:42,100,22.11631966,0,20.52951431,0,20.64525414,0,21.4120369
2023/5/4 3:43,100,22.11631966,0,20.52951431,0,20.64525414,0,21.4120369
2023/5/4 3:44,100,22.11631966,0,20.52951431,0,20.64525414,0,21.4120369
2023/5/4 3:45,100,22.11631966,0,20.52951431,0,20.64525414,0,21.4120369
2023/5/4 3:46,100,22.11631966,0,20.52951431,0,20.64525414,0,21.4120369
2023/5/4 3:47,100,22.11631966,0,20.52951431,0,20.64525414,0,21.4120369
2023/5/4 3:48,100,22.11631966,0,20.52951431,0,20.64525414,0,21.4120369
2023/5/4 3:49,100,22.11631966,0,20.52951431,0,20.64525414,0,21.4120369
2023/5/4 3:50,100,22.11631966,0,20.52951431,0,20.64525414,0,21.4120369
2023/5/4 3:51,100,22.11631966,0,20.52951431,0,20.64525414,0,21.4120369
2023/5/4 3:52,100,22.11631966,0,20.52951431,0,20.64525414,0,21.4120369
2023/5/4 3:53,100,22.11631966,0,20.52951431,0,20.64525414,0,21.4120369
2023/5/4 3:54,100,22.11631966,0,20.52951431,0,20.64525414,0,21.4120369
2023/5/4 3:55,100,22.11631966,0,20.52951431,0,20.64525414,0,21.4120369
2023/5/4 3:56,100,22.11631966,0,20.52951431,0,20.64525414,0,21.4120369
2023/5/4 3:57,100,22.11631966,0,20.52951431,0,20.64525414,0,21.4120369
2023/5/4 3:58,100,22.11631966,0,20.52951431,0,20.64525414,0,21.4120369
2023/5/4 3:59,100,22.11631966,0,20.52951431,0,20.64525414,0,21.4120369
2023/5/4 4:00,100,22.11631966,0,20.52951431,0,20.64525414,0,21.4120369
2023/5/4 4:01,100,22.11631966,0,20.52951431,0,20.64525414,0,21.4120369
2023/5/4 4:02,100,22.11631966,0,20.52951431,0,20.64525414,0,21.4120369
2023/5/4 4:03,100,22.11631966,0,20.52951431,0,20.64525414,0,21.4120369
2023/5/4 4:04,100,22.11631966,0,20.52951431,0,20.64525414,0,21.4120369
2023/5/4 4:05,100,22.11631966,0,20.52951431,0,20.64525414,0,21.4120369
2023/5/4 4:06,100,22.11631966,0,20.52951431,0,20.64525414,0,21.4120369
2023/5/4 4:07,100,22.11631966,0,20.52951431,0,20.64525414,0,21.4120369
2023/5/4 4:08,100,22.11631966,0,20.52951431,0,20.64525414,0,21.4120369
2023/5/4 4:09,100,22.11631966,0,20.52951431,0,20.64525414,0,21.4120369
2023/5/4 4:10,100,22.11631966,0,20.52951431,0,20.64525414,0,21.4120369
2023/5/4 4:11,100,22.11631966,0,20.52951431,0,20.64525414,0,21.4120369
2023/5/4 4:12,100,22.11631966,0,20.52951431,0,20.64525414,0,21.4120369
2023/5/4 4:13,100,22.11631966,0,20.52951431,0,20.64525414,0,21.4120369
2023/5/4 4:14,100,22.11631966,0,20.52951431,0,20.64525414,0,21.4120369
2023/5/4 4:15,100,22.11631966,0,20.52951431,0,20.64525414,0,21.4120369
2023/5/4 4:16,100,22.11631966,0,20.52951431,0,20.64525414,0,21.4120369
2023/5/4 4:17,100,22.11631966,0,20.52951431,0,20.64525414,0,21.4120369
2023/5/4 4:18,100,22.11631966,0,20.52951431,0,20.64525414,0,21.4120369
2023/5/4 4:19,100,22.11631966,0,20.52951431,0,20.64525414,0,21.4120369
2023/5/4 4:20,100,22.11631966,0,20.52951431,0,20.64525414,0,21.4120369
2023/5/4 4:21,100,22.11631966,0,20.52951431,0,20.64525414,0,21.4120369
2023/5/4 4:22,100,22.11631966,0,20.52951431,0,20.64525414,0,21.4120369
2023/5/4 4:23,100,22.11631966,0,20.52951431,0,20.64525414,0,21.4120369
2023/5/4 4:24,100,22.11631966,0,20.52951431,0,20.64525414,0,21.4120369
2023/5/4 4:25,100,22.11631966,0,20.52951431,0,20.64525414,0,21.4120369
2023/5/4 4:26,100,22.11631966,0,20.52951431,0,20.64525414,0,21.4120369
2023/5/4 4:27,100,22.11631966,0,20.52951431,0,20.64525414,0,21.4120369
2023/5/4 4:28,100,22.11631966,0,20.52951431,0,20.64525414,0,21.4120369
2023/5/4 4:29,100,22.11631966,0,20.52951431,0,20.64525414,0,21.4120369
2023/5/4 4:30,100,22.11631966,0,20.52951431,0,20.64525414,0,21.4120369
2023/5/4 4:31,100,22.11631966,0,20.52951431,0,20.64525414,0,21.4120369
2023/5/4 4:32,100,22.11631966,0,20.52951431,0,20.64525414,0,21.4120369
2023/5/4 4:33,100,22.11631966,0,20.52951431,0,20.64525414,0,21.4120369
2023/5/4 4:34,100,22.11631966,0,20.52951431,0,20.64525414,0,21.4120369
2023/5/4 4:35,100,22.11631966,0,20.52951431,0,20.64525414,0,21.4120369
2023/5/4 4:36,100,22.11631966,0,20.52951431,0,20.64525414,0,21.4120369
2023/5/4 4:37,100,22.11631966,0,20.52951431,0,20.64525414,0,21.4120369
2023/5/4 4:38,100,22.11631966,0,20.52951431,0,20.64525414,0,21.4120369
2023/5/4 4:39,100,22.11631966,0,20.52951431,0,20.64525414,0,21.4120369
2023/5/4 4:40,100,22.11631966,0,20.52951431,0,20.64525414,0,21.4120369
2023/5/4 4:41,100,22.11631966,0,20.52951431,0,20.64525414,0,21.4120369
2023/5/4 4:42,100,22.11631966,0,20.52951431,0,20.64525414,0,21.4120369
2023/5/4 4:43,100,22.11631966,0,20.52951431,0,20.64525414,0,21.4120369
2023/5/4 4:44,100,22.11631966,0,20.52951431,0,20.64525414,0,21.4120369
2023/5/4 4:45,100,22.11631966,0,20.52951431,0,20.64525414,0,21.4120369
2023/5/4 4:46,100,22.11631966,0,20.52951431,0,20.64525414,0,21.4120369
2023/5/4 4:47,100,22.11631966,0,20.52951431,0,20.64525414,0,21.4120369
2023/5/4 4:48,100,22.11631966,0,20.52951431,0,20.64525414,0,21.4120369
2023/5/4 4:49,100,22.11631966,0,20.52951431,0,20.64525414,0,21.4120369
2023/5/4 4:50,100,22.11631966,0,20.52951431,0,20.64525414,0,21.4120369
2023/5/4 4:51,100,22.11631966,0,20.52951431,0,20.64525414,0,21.4120369
2023/5/4 4:52,100,22.11631966,0,20.52951431,0,20.64525414,0,21.4120369
2023/5/4 4:53,100,22.11631966,0,20.52951431,0,20.64525414,0,21.4120369
2023/5/4 4:54,100,22.11631966,0,20.52951431,0,20.64525414,0,21.4120369
2023/5/4 4:55,100,22.11631966,0,20.52951431,0,20.64525414,0,21.4120369
2023/5/4 4:56,100,22.11631966,0,20.52951431,0,20.64525414,0,21.4120369
2023/5/4 4:57,100,22.11631966,0,20.52951431,0,20.64525414,0,21.4120369
2023/5/4 4:58,100,22.11631966,0,20.52951431,0,20.64525414,0,21.4120369
2023/5/4 4:59,100,22.11631966,0,20.52951431,0,20.64525414,0,21.4120369
2023/5/4 5:00,100,22.11631966,0,20.52951431,0,20.64525414,0,21.4120369
2023/5/4 5:01,100,22.11631966,0,20.52951431,0,20.64525414,0,21.4120369
2023/5/4 5:02,100,22.11631966,0,20.52951431,0,20.64525414,0,21.4120369
2023/5/4 5:03,100,22.11631966,0,20.52951431,0,20.64525414,0,21.4120369
2023/5/4 5:04,100,22.11631966,0,20.52951431,0,20.64525414,0,21.4120369
2023/5/4 5:05,100,22.11631966,0,20.52951431,0,20.64525414,0,21.4120369
2023/5/4 5:06,100,22.11631966,0,20.52951431,0,20.64525414,0,21.4120369
2023/5/4 5:07,100,22.11631966,0,20.52951431,0,20.64525414,0,21.4120369
2023/5/4 5:08,100,22.11631966,0,20.52951431,0,20.64525414,0,21.4120369
2023/5/4 5:09,100,22.11631966,0,20.52951431,0,20.64525414,0,21.4120369
2023/5/4 5:10,100,22.11631966,0,20.52951431,0,20.64525414,0,21.4120369
2023/5/4 5:11,100,22.11631966,0,20.52951431,0,20.64525414,0,21.4120369
2023/5/4 5:12,100,22.11631966,0,20.52951431,0,20.64525414,0,21.4120369
2023/5/4 5:13,100,22.11631966,0,20.52951431,0,20.64525414,0,21.4120369
2023/5/4 5:14,100,22.11631966,0,20.52951431,0,20.64525414,0,21.4120369
2023/5/4 5:15,100,22.11631966,0,20.52951431,0,20.64525414,0,21.4120369
2023/5/4 5:16,100,22.11631966,0,20.52951431,0,20.64525414,0,21.4120369
2023/5/4 5:17,100,22.11631966,0,20.52951431,0,20.64525414,0,21.4120369
2023/5/4 5:18,100,22.11631966,0,20.52951431,0,20.64525414,0,21.4120369
2023/5/4 5:19,100,22.11631966,0,20.52951431,0,20.64525414,0,21.4120369
2023/5/4 5:20,100,22.11631966,0,20.52951431,0,20.64525414,0,21.4120369
2023/5/4 5:21,100,22.11631966,0,20.52951431,0,20.64525414,0,21.4120369
2023/5/4 5:22,100,22.11631966,0,20.52951431,0,20.64525414,0,21.4120369
2023/5/4 5:23,100,22.11631966,0,20.52951431,0,20.64525414,0,21.4120369
2023/5/4 5:24,100,22.11631966,0,20.52951431,0,20.64525414,0,21.4120369
2023/5/4 5:25,100,22.11631966,0,20.52951431,0,20.64525414,0,21.4120369
2023/5/4 5:26,100,22.11631966,0,20.52951431,0,20.64525414,0,21.4120369
2023/5/4 5:27,100,22.11631966,0,20.52951431,0,20.64525414,0,21.4120369
2023/5/4 5:28,100,22.11631966,0,20.52951431,0,20.64525414,0,21.4120369
2023/5/4 5:29,100,22.11631966,0,20.52951431,0,20.64525414,0,21.4120369
2023/5/4 5:30,100,22.11631966,0,20.52951431,0,20.64525414,0,21.4120369
2023/5/4 5:31,100,22.11631966,0,20.52951431,0,20.64525414,0,21.4120369
2023/5/4 5:32,100,22.11631966,0,20.52951431,0,20.64525414,0,21.4120369
2023/5/4 5:33,100,22.11631966,0,20.52951431,0,20.64525414,0,21.4120369
2023/5/4 5:34,100,22.11631966,0,20.52951431,0,20.64525414,0,21.4120369
2023/5/4 5:35,100,22.11631966,0,20.52951431,0,20.64525414,0,21.4120369
2023/5/4 5:36,100,22.11631966,0,20.52951431,0,20.64525414,0,21.4120369
2023/5/4 5:37,100,22.11631966,0,20.52951431,0,20.64525414,0,21.4120369
2023/5/4 5:38,100,22.11631966,0,20.52951431,0,20.64525414,0,21.4120369
2023/5/4 5:39,100,22.11631966,0,20.52951431,0,20.64525414,0,21.4120369
2023/5/4 5:40,100,22.11631966,0,20.52951431,0,20.64525414,0,21.4120369
2023/5/4 5:41,100,22.11631966,0,20.52951431,0,20.64525414,0,21.4120369
2023/5/4 5:42,100,22.11631966,0,20.52951431,0,20.64525414,0,21.4120369
2023/5/4 5:43,100,22.11631966,0,20.52951431,0,20.64525414,0,21.4120369
2023/5/4 5:44,100,22.11631966,0,20.52951431,0,20.64525414,0,21.4120369
2023/5/4 5:45,100,22.11631966,0,20.52951431,0,20.64525414,0,21.4120369
2023/5/4 5:46,100,22.11631966,0,20.52951431,0,20.64525414,0,21.4120369
2023/5/4 5:47,100,22.11631966,0,20.52951431,0,20.64525414,0,21.4120369
2023/5/4 5:48,100,22.11631966,0,20.52951431,0,20.64525414,0,21.4120369
2023/5/4 5:49,100,22.11631966,0,20.52951431,0,20.64525414,0,21.4120369
2023/5/4 5:50,100,22.11631966,0,20.52951431,0,20.64525414,0,21.4120369
2023/5/4 5:51,100,22.11631966,0,20.52951431,0,20.64525414,0,21.4120369
2023/5/4 5:52,100,22.11631966,0,20.52951431,0,20.64525414,0,21.4120369
2023/5/4 5:53,100,22.11631966,0,20.52951431,0,20.64525414,0,21.4120369
2023/5/4 5:54,100,22.11631966,0,20.52951431,0,20.64525414,0,21.4120369
2023/5/4 5:55,100,22.11631966,0,20.52951431,0,20.64525414,0,21.4120369
2023/5/4 5:56,100,22.11631966,0,20.52951431,0,20.64525414,0,21.4120369
2023/5/4 5:57,100,22.11631966,0,20.52951431,0,20.64525414,0,21.4120369
2023/5/4 5:58,100,22.11631966,0,20.52951431,0,20.64525414,0,21.4120369
2023/5/4 5:59,100,22.11631966,0,20.52951431,0,20.64525414,0,21.4120369
2023/5/4 6:00,100,22.11631966,0,20.52951431,0,20.64525414,0,21.4120369
2023/5/4 6:01,100,22.11631966,0,20.52951431,0,20.64525414,0,21.4120369
2023/5/4 6:02,100,22.11631966,0,20.52951431,0,20.64525414,0,21.4120369
2023/5/4 6:03,100,22.11631966,0,20.52951431,0,20.64525414,0,21.4120369
2023/5/4 6:04,100,22.11631966,0,20.52951431,0,20.64525414,0,21.4120369
2023/5/4 6:05,100,22.11631966,0,20.52951431,0,20.64525414,0,21.4120369
2023/5/4 6:06,100,22.11631966,0,20.52951431,0,20.64525414,0,21.4120369
2023/5/4 6:07,100,22.11631966,0,20.52951431,0,20.64525414,0,21.4120369
2023/5/4 6:08,100,22.11631966,0,20.52951431,0,20.64525414,0,21.4120369
2023/5/4 6:09,100,22.11631966,0,20.52951431,0,20.64525414,0,21.4120369
2023/5/4 6:10,100,22.11631966,0,20.52951431,0,20.64525414,0,21.4120369
2023/5/4 6:11,100,22.11631966,0,20.52951431,0,20.64525414,0,21.4120369
2023/5/4 6:12,100,22.11631966,0,20.52951431,0,20.64525414,0,21.4120369
2023/5/4 6:13,100,22.11631966,0,20.52951431,0,20.64525414,0,21.4120369
2023/5/4 6:14,100,22.11631966,0,20.52951431,0,20.64525414,0,21.4120369
2023/5/4 6:15,100,22.11631966,0,20.52951431,0,20.64525414,0,21.4120369
2023/5/4 6:16,100,22.11631966,0,20.52951431,0,20.64525414,0,21.4120369
2023/5/4 6:17,100,22.11631966,0,20.52951431,0,20.64525414,0,21.4120369
2023/5/4 6:18,100,22.11631966,0,20.52951431,0,20.64525414,0,21.4120369
2023/5/4 6:19,100,22.11631966,0,20.52951431,0,20.64525414,0,21.4120369
2023/5/4 6:20,100,22.11631966,0,20.52951431,0,20.64525414,0,21.4120369
2023/5/4 6:21,100,22.11631966,0,20.52951431,0,20.64525414,0,21.4120369
2023/5/4 6:22,100,22.11631966,0,20.52951431,0,20.64525414,0,21.4120369
2023/5/4 6:23,100,22.11631966,0,20.52951431,0,20.64525414,0,21.4120369
2023/5/4 6:24,100,22.11631966,0,20.52951431,0,20.64525414,0,21.4120369
2023/5/4 6:25,100,22.11631966,0,20.52951431,0,20.64525414,0,21.4120369
2023/5/4 6:26,100,22.11631966,0,20.52951431,0,20.64525414,0,21.4120369
2023/5/4 6:27,100,22.11631966,0,20.52951431,0,20.64525414,0,21.4120369
2023/5/4 6:28,100,22.11631966,0,20.52951431,0,20.64525414,0,21.4120369
2023/5/4 6:29,100,22.11631966,0,20.52951431,0,20.64525414,0,21.4120369
2023/5/4 6:30,100,22.11631966,0,20.52951431,0,20.64525414,0,21.4120369
2023/5/4 6:31,100,22.11631966,0,20.52951431,0,20.64525414,0,21.4120369
2023/5/4 6:32,100,22.11631966,0,20.52951431,0,20.64525414,0,21.4120369
2023/5/4 6:33,100,22.11631966,0,20.52951431,0,20.64525414,0,21.4120369
2023/5/4 6:34,100,22.11631966,0,20.52951431,0,20.64525414,0,21.4120369
2023/5/4 6:35,100,22.11631966,0,20.52951431,0,20.64525414,0,21.4120369
2023/5/4 6:36,100,22.11631966,0,20.52951431,0,20.64525414,0,21.4120369
2023/5/4 6:37,100,22.11631966,0,20.52951431,0,20.64525414,0,21.4120369
2023/5/4 6:38,100,22.11631966,0,20.52951431,0,20.64525414,0,21.4120369
2023/5/4 6:39,100,22.11631966,0,20.52951431,0,20.64525414,0,21.4120369
2023/5/4 6:40,100,22.11631966,0,20.52951431,0,20.64525414,0,21.4120369
2023/5/4 6:41,100,22.11631966,0,20.52951431,0,20.64525414,0,21.4120369
2023/5/4 6:42,100,22.11631966,0,20.52951431,0,20.64525414,0,21.4120369
2023/5/4 6:43,100,22.11631966,0,20.52951431,0,20.64525414,0,21.4120369
2023/5/4 6:44,100,22.11631966,0,20.52951431,0,20.64525414,0,21.4120369
2023/5/4 6:45,100,22.11631966,0,20.52951431,0,20.64525414,0,21.4120369
2023/5/4 6:46,100,22.11631966,0,20.52951431,0,20.64525414,0,21.4120369
2023/5/4 6:47,100,22.11631966,0,20.52951431,0,20.64525414,0,21.4120369
2023/5/4 6:48,100,22.11631966,0,20.52951431,0,20.64525414,0,21.4120369
2023/5/4 6:49,100,22.11631966,0,20.52951431,0,20.64525414,0,21.4120369
2023/5/4 6:50,100,22.11631966,0,20.52951431,0,20.64525414,0,21.4120369
2023/5/4 6:51,100,22.11631966,0,20.52951431,0,20.64525414,0,21.4120369
2023/5/4 6:52,100,22.11631966,0,20.52951431,0,20.64525414,0,21.4120369
2023/5/4 6:53,100,22.11631966,0,20.52951431,0,20.64525414,0,21.4120369
2023/5/4 6:54,100,22.11631966,0,20.52951431,0,20.64525414,0,21.4120369
2023/5/4 6:55,100,22.11631966,0,20.52951431,0,20.64525414,0,21.4120369
2023/5/4 6:56,100,22.11631966,0,20.52951431,0,20.64525414,0,21.4120369
2023/5/4 6:57,100,22.11631966,0,20.52951431,0,20.64525414,0,21.4120369
2023/5/4 6:58,100,22.11631966,0,20.52951431,0,20.64525414,0,21.4120369
2023/5/4 6:59,100,22.11631966,0,20.52951431,0,20.64525414,0,21.4120369
2023/5/4 7:00,100,22.11631966,0,20.52951431,0,20.64525414,0,21.4120369
2023/5/4 7:01,100,22.11631966,0,20.52951431,0,20.64525414,0,21.4120369
2023/5/4 7:02,100,22.11631966,0,20.52951431,0,20.64525414,0,21.4120369
2023/5/4 7:03,100,22.11631966,0,20.52951431,0,20.64525414,0,21.4120369
2023/5/4 7:04,100,22.11631966,0,20.52951431,0,20.64525414,0,21.4120369
2023/5/4 7:05,100,22.11631966,0,20.52951431,0,20.64525414,0,21.4120369
2023/5/4 7:06,100,22.11631966,0,20.52951431,0,20.64525414,0,21.4120369
2023/5/4 7:07,100,22.11631966,0,20.52951431,0,20.64525414,0,21.4120369
2023/5/4 7:08,100,22.11631966,0,20.52951431,0,20.64525414,0,21.4120369
2023/5/4 7:09,100,22.11631966,0,20.52951431,0,20.64525414,0,21.4120369
2023/5/4 7:10,100,22.11631966,0,20.52951431,0,20.64525414,0,21.4120369
2023/5/4 7:11,100,22.11631966,0,20.52951431,0,20.64525414,0,21.4120369
2023/5/4 7:12,100,22.11631966,0,20.52951431,0,20.64525414,0,21.4120369
2023/5/4 7:13,100,22.11631966,0,20.52951431,0,20.64525414,0,21.4120369
2023/5/4 7:14,100,22.11631966,0,20.52951431,0,20.64525414,0,21.4120369
2023/5/4 7:15,100,22.11631966,0,20.52951431,0,20.64525414,0,21.4120369
2023/5/4 7:16,100,22.11631966,0,20.52951431,0,20.64525414,0,21.4120369
2023/5/4 7:17,100,22.11631966,0,20.52951431,0,20.64525414,0,21.4120369
2023/5/4 7:18,100,22.11631966,0,20.52951431,0,20.64525414,0,21.4120369
2023/5/4 7:19,100,22.11631966,0,20.52951431,0,20.64525414,0,21.4120369
2023/5/4 7:20,100,22.11631966,0,20.52951431,0,20.64525414,0,21.4120369
2023/5/4 7:21,100,22.11631966,0,20.52951431,0,20.64525414,0,21.4120369
2023/5/4 7:22,100,22.11631966,0,20.52951431,0,20.64525414,0,21.4120369
2023/5/4 7:23,100,22.11631966,0,20.52951431,0,20.64525414,0,21.4120369
2023/5/4 7:24,100,22.11631966,0,20.52951431,0,20.64525414,0,21.4120369
2023/5/4 7:25,100,22.11631966,0,20.52951431,0,20.64525414,0,21.4120369
2023/5/4 7:26,100,22.11631966,0,20.52951431,0,20.64525414,0,21.4120369
2023/5/4 7:27,100,22.11631966,0,20.52951431,0,20.64525414,0,21.4120369
2023/5/4 7:28,100,22.11631966,0,20.52951431,0,20.64525414,0,21.4120369
2023/5/4 7:29,100,22.11631966,0,20.52951431,0,20.64525414,0,21.4120369
2023/5/4 7:30,100,22.11631966,0,20.52951431,0,20.64525414,0,21.4120369
2023/5/4 7:31,100,22.11631966,0,20.52951431,0,20.64525414,0,21.4120369
2023/5/4 7:32,100,22.11631966,0,20.52951431,0,20.64525414,0,21.4120369
2023/5/4 7:33,100,22.11631966,0,20.52951431,0,20.64525414,0,21.4120369
2023/5/4 7:34,100,22.11631966,0,20.52951431,0,20.64525414,0,21.4120369
2023/5/4 7:35,100,22.11631966,0,20.52951431,0,20.64525414,0,21.4120369
2023/5/4 7:36,100,22.11631966,0,20.52951431,0,20.64525414,0,21.4120369
2023/5/4 7:37,100,22.11631966,0,20.52951431,0,20.64525414,0,21.4120369
2023/5/4 7:38,100,22.11631966,0,20.52951431,0,20.64525414,0,21.4120369
2023/5/4 7:39,100,22.11631966,0,20.52951431,0,20.64525414,0,21.4120369
2023/5/4 7:40,100,22.11631966,0,20.52951431,0,20.64525414,0,21.4120369
2023/5/4 7:41,100,22.11631966,0,20.52951431,0,20.64525414,0,21.4120369
2023/5/4 7:42,100,22.11631966,0,20.52951431,0,20.64525414,0,21.4120369
2023/5/4 7:43,100,22.11631966,0,20.52951431,0,20.64525414,0,21.4120369
2023/5/4 7:44,100,22.11631966,0,20.52951431,0,20.64525414,0,21.4120369
2023/5/4 7:45,100,22.11631966,0,20.52951431,0,20.64525414,0,21.4120369
2023/5/4 7:46,100,22.11631966,0,20.52951431,0,20.64525414,0,21.4120369
2023/5/4 7:47,100,22.11631966,0,20.52951431,0,20.64525414,0,21.4120369
2023/5/4 7:48,100,22.11631966,0,20.52951431,0,20.64525414,0,21.4120369
2023/5/4 7:49,100,22.11631966,0,20.52951431,0,20.64525414,0,21.4120369
2023/5/4 7:50,100,22.11631966,0,20.52951431,0,20.64525414,0,21.4120369
2023/5/4 7:51,100,22.11631966,0,20.52951431,0,20.64525414,0,21.4120369
2023/5/4 7:52,100,22.11631966,0,20.52951431,0,20.64525414,0,21.4120369
2023/5/4 7:53,100,22.11631966,0,20.52951431,0,20.64525414,0,21.4120369
2023/5/4 7:54,100,22.11631966,0,20.52951431,0,20.64525414,0,21.4120369
2023/5/4 7:55,100,22.11631966,0,20.52951431,0,20.64525414,0,21.4120369
2023/5/4 7:56,100,22.11631966,0,20.52951431,0,20.64525414,0,21.4120369
2023/5/4 7:57,100,22.11631966,0,20.52951431,0,20.64525414,0,21.4120369
2023/5/4 7:58,100,22.11631966,0,20.52951431,0,20.64525414,0,21.4120369
2023/5/4 7:59,100,22.11631966,0,20.52951431,0,20.64525414,0,21.4120369
2023/5/4 8:00,100,22.11631966,0,20.52951431,0,20.64525414,0,21.4120369
2023/5/4 8:01,100,22.11631966,0,20.52951431,0,20.64525414,0,21.4120369
2023/5/4 8:02,100,22.11631966,0,20.52951431,0,20.64525414,0,21.4120369
2023/5/4 8:03,100,22.11631966,0,20.52951431,0,20.64525414,0,21.4120369
2023/5/4 8:04,100,22.11631966,0,20.52951431,0,20.64525414,0,21.4120369
2023/5/4 8:05,100,22.11631966,0,20.52951431,0,20.64525414,0,21.4120369
2023/5/4 8:06,100,22.11631966,0,20.52951431,0,20.64525414,0,21.4120369
2023/5/4 8:07,100,22.11631966,0,20.52951431,0,20.64525414,0,21.4120369
2023/5/4 8:08,100,22.11631966,0,20.52951431,0,20.64525414,0,21.4120369
2023/5/4 8:09,100,22.11631966,0,20.52951431,0,20.64525414,0,21.4120369
2023/5/4 8:10,100,22.11631966,0,20.52951431,0,20.64525414,0,21.4120369
2023/5/4 8:11,100,22.11631966,0,20.52951431,0,20.64525414,0,21.4120369
2023/5/4 8:12,100,22.11631966,0,20.52951431,0,20.64525414,0,21.4120369
2023/5/4 8:13,100,22.11631966,0,20.52951431,0,20.64525414,0,21.4120369
2023/5/4 8:14,100,22.11631966,0,20.52951431,0,20.64525414,0,21.4120369
2023/5/4 8:15,100,22.11631966,0,20.52951431,0,20.64525414,0,21.4120369
2023/5/4 8:16,100,22.11631966,0,20.52951431,0,20.64525414,0,21.4120369
2023/5/4 8:17,100,22.11631966,0,20.52951431,0,20.64525414,0,21.4120369
2023/5/4 8:18,100,22.11631966,0,20.52951431,0,20.64525414,0,21.4120369
2023/5/4 8:19,100,22.11631966,0,20.52951431,0,20.64525414,0,21.4120369
2023/5/4 8:20,100,22.11631966,0,20.52951431,0,20.64525414,0,21.4120369
2023/5/4 8:21,100,22.11631966,0,20.52951431,0,20.64525414,0,21.4120369
2023/5/4 8:22,100,22.11631966,0,20.52951431,0,20.64525414,0,21.4120369
2023/5/4 8:23,100,22.11631966,0,20.52951431,0,20.64525414,0,21.4120369
2023/5/4 8:24,100,22.11631966,0,20.52951431,0,20.64525414,0,21.4120369
2023/5/4 8:25,100,22.11631966,0,20.52951431,0,20.64525414,0,21.4120369
2023/5/4 8:26,100,22.11631966,0,20.52951431,0,20.64525414,0,21.4120369
2023/5/4 8:27,100,22.11631966,0,20.52951431,0,20.64525414,0,21.4120369
2023/5/4 8:28,100,22.11631966,0,20.52951431,0,20.64525414,0,21.4120369
2023/5/4 8:29,100,22.11631966,0,20.52951431,0,20.64525414,0,21.4120369
2023/5/4 8:30,100,22.11631966,0,20.52951431,0,20.64525414,0,21.4120369
2023/5/4 8:31,100,22.11631966,0,20.52951431,0,20.64525414,0,21.4120369
2023/5/4 8:32,100,22.11631966,0,20.52951431,0,20.64525414,0,21.4120369
2023/5/4 8:33,100,22.11631966,0,20.52951431,0,20.64525414,0,21.4120369
2023/5/4 8:34,100,22.11631966,0,20.52951431,0,20.64525414,0,21.4120369
2023/5/4 8:35,100,22.11631966,0,20.52951431,0,20.64525414,0,21.4120369
2023/5/4 8:36,100,22.11631966,0,20.52951431,0,20.64525414,0,21.4120369
2023/5/4 8:37,100,22.11631966,0,20.52951431,0,20.64525414,0,21.4120369
2023/5/4 8:38,100,22.11631966,0,20.52951431,0,20.64525414,0,21.4120369
2023/5/4 8:39,100,22.11631966,0,20.52951431,0,20.64525414,0,21.4120369
2023/5/4 8:40,100,22.11631966,0,20.52951431,0,20.64525414,0,21.4120369
2023/5/4 8:41,100,22.11631966,0,20.52951431,0,20.64525414,0,21.4120369
2023/5/4 8:42,100,22.11631966,0,20.52951431,0,20.64525414,0,21.4120369
2023/5/4 8:43,100,22.11631966,0,20.52951431,0,20.64525414,0,21.4120369
2023/5/4 8:44,100,22.11631966,0,20.52951431,0,20.64525414,0,21.4120369
2023/5/4 8:45,100,22.11631966,0,20.52951431,0,20.64525414,0,21.4120369
2023/5/4 8:46,100,22.11631966,0,20.52951431,0,20.64525414,0,21.4120369
2023/5/4 8:47,100,22.11631966,0,20.52951431,0,20.64525414,0,21.4120369
2023/5/4 8:48,100,22.40567207,74.80586243,21.00694466,0,20.94907379,0,21.91840172
2023/5/4 8:49,100,22.42013931,76.65323639,21.0214119,0,20.93460655,0,21.91840172
2023/5/4 8:50,100,22.40567207,78.51251984,21.0214119,0,20.94907379,0,21.91840172
2023/5/4 8:51,100,22.42013931,80.31835938,21.0214119,0,20.94907379,0,21.91840172
2023/5/4 8:52,100,22.40567207,82.15932465,21.0214119,0,20.94907379,0,21.91840172
2023/5/4 8:53,100,22.42013931,84.01499939,21.0214119,0,20.94907379,0,21.91840172
2023/5/4 8:54,100,22.42013931,85.84910583,21.0214119,0,20.94907379,0,21.91840172
2023/5/4 8:55,100,22.40567207,87.70281982,21.0214119,0,20.94907379,0,21.91840172
2023/5/4 8:56,100,22.40567207,89.51213837,21.00694466,0,20.94907379,0,21.91840172
2023/5/4 8:57,100,22.42013931,91.370224,21.0214119,0,20.94907379,0,21.91840172
2023/5/4 8:58,100,22.40567207,92.54032898,20.93460655,0,20.94907379,0,21.91840172
2023/5/4 8:59,100,22.42013931,87.78354645,20.92013931,0,20.94907379,0,21.91840172
2023/5/4 9:00,100,22.40567207,83.16501617,20.97801018,0,20.93460655,0,21.91840172
2023/5/4 9:01,100,22.42013931,79.79521942,20.92013931,0,20.94907379,0,21.91840172
2023/5/4 9:02,100,22.40567207,73.9897995,20.92013931,0,20.94907379,0,21.90393448
2023/5/4 9:03,100,22.42013931,70.96046448,21.00694466,0,20.94907379,0,21.91840172
2023/5/4 9:04,100,22.42013931,71.66880035,21.00694466,0,20.94907379,0,21.90393448
2023/5/4 9:05,100,22.42013931,73.2690506,21.0214119,0,20.93460655,0,21.91840172
2023/5/4 9:06,100,22.42013931,75.0373764,21.0214119,0,20.94907379,0,21.91840172
2023/5/4 9:07,100,22.40567207,76.8025589,21.0214119,0,20.94907379,0,21.90393448
2023/5/4 9:08,100,22.40567207,78.60745239,21.0214119,0,20.94907379,0,21.90393448
2023/5/4 9:09,100,22.42013931,80.41772461,21.0214119,0,20.93460655,0,21.91840172
2023/5/4 9:10,100,22.40567207,82.25051117,21.0214119,0,20.94907379,0,21.91840172
2023/5/4 9:11,100,22.42013931,84.08285522,21.0214119,0,20.94907379,0,21.90393448
2023/5/4 9:12,100,22.40567207,85.88299561,21.0214119,0,20.94907379,0,21.91840172
2023/5/4 9:13,100,22.40567207,87.7179184,21.0214119,0,20.94907379,0,21.91840172
2023/5/4 9:14,100,22.42013931,89.5174408,21.0214119,0,20.94907379,0,21.91840172
2023/5/4 9:15,100,22.42013931,91.17581177,21.0214119,0,20.94907379,0,21.91840172
2023/5/4 9:16,100,22.42013931,92.92854309,21.0214119,0,20.94907379,0,21.91840172
2023/5/4 9:17,100,22.40567207,94.73709106,21.0214119,0,20.94907379,0,21.91840172
2023/5/4 9:18,100,22.42013931,96.57111359,21.0214119,0,20.94907379,0,21.91840172
2023/5/4 9:19,100,22.40567207,98.40208435,21.0214119,0,20.93460655,0,21.91840172
2023/5/4 9:20,100,22.42013931,100,21.0214119,0,20.93460655,0,21.91840172
2023/5/4 9:21,100,22.42013931,100,21.0214119,0,20.94907379,0,21.91840172
2023/5/4 9:22,100,22.40567207,100,21.0214119,0,20.94907379,0,21.91840172
2023/5/4 9:23,100,22.40567207,100,21.0214119,0,20.94907379,0,21.91840172
2023/5/4 9:24,100,22.40567207,100,21.0214119,0,20.94907379,0,21.91840172
2023/5/4 9:25,100,22.42013931,100,21.0214119,0,20.93460655,0,21.91840172
2023/5/4 9:26,100,22.40567207,100,21.0214119,0,20.94907379,0,21.91840172
2023/5/4 9:27,100,22.42013931,100,21.0214119,0,20.94907379,0,21.91840172
2023/5/4 9:28,100,22.40567207,100,21.0214119,0.098532729,21.00694466,0,21.91840172
2023/5/4 9:29,100,22.40567207,100,21.0214119,2.899620056,21.05034828,0,21.91840172
2023/5/4 9:30,100,22.42013931,100,21.0214119,7.321927071,21.05034828,0,21.91840172
2023/5/4 9:31,100,22.42013931,100,21.00694466,11.75662422,21.05034828,0,21.91840172
2023/5/4 9:32,100,22.42013931,100,21.0214119,16.11459923,21.05034828,0,21.91840172
2023/5/4 9:33,100,22.40567207,100,21.0214119,20.5324173,21.05034828,0,21.90393448
2023/5/4 9:34,100,22.42013931,100,21.0214119,24.95702744,21.05034828,0,21.91840172
2023/5/4 9:35,100,22.40567207,100,21.0214119,29.36216164,21.03587914,0,21.91840172
2023/5/4 9:36,100,22.43460655,100,21.0214119,33.70006561,21.05034828,0,21.91840172
2023/5/4 9:37,100,22.43460655,100,21.0214119,38.13178635,21.05034828,0,21.91840172
2023/5/4 9:38,100,22.50694466,100,21.0214119,42.552845,21.05034828,0,21.91840172
2023/5/4 9:39,100,22.50694466,100,21.00694466,46.96622467,21.03587914,0,21.91840172
2023/5/4 9:40,100,22.50694466,100,21.0214119,51.30082703,21.05034828,0,21.91840172
2023/5/4 9:41,100,22.50694466,100,21.0214119,55.65169907,21.05034828,0,21.91840172
2023/5/4 9:42,100,22.50694466,100,21.12268448,60.06580734,21.05034828,0,21.91840172
2023/5/4 9:43,100,22.50694466,100,21.12268448,64.55591583,21.05034828,0,21.91840172
2023/5/4 9:44,100,22.50694466,100,21.12268448,68.90270233,21.03587914,0,21.91840172
2023/5/4 9:45,100,22.50694466,100,21.12268448,73.30844879,21.05034828,0,21.91840172
2023/5/4 9:46,100,22.50694466,100,21.12268448,77.75182343,21.05034828,0,21.91840172
2023/5/4 9:47,100,22.50694466,100,21.12268448,82.16641235,21.05034828,0,21.90393448
2023/5/4 9:48,100,22.50694466,100,21.12268448,86.58281708,21.05034828,0,21.91840172
2023/5/4 9:49,100,22.50694466,100,21.12268448,90.93099213,21.05034828,0,21.91840172
2023/5/4 9:50,100,22.50694466,100,21.12268448,95.35426331,21.05034828,0,21.91840172
2023/5/4 9:51,100,22.50694466,100,21.12268448,99.77105713,21.05034828,0,21.99073982
2023/5/4 9:52,100,22.50694466,100,21.12268448,100,21.05034828,0,21.90393448
2023/5/4 9:53,100,22.50694466,100,21.12268448,100,21.05034828,2.692055225,22.01967621
2023/5/4 9:54,100,22.50694466,100,21.12268448,100,21.06481552,18.50374222,22.01967621
2023/5/4 9:55,100,22.50694466,100,21.12268448,100,21.05034828,34.74473953,22.01967621
2023/5/4 9:56,100,22.62268448,100,21.12268448,100,21.05034828,51.07444382,22.01967621
2023/5/4 9:57,100,22.62268448,100,21.12268448,100,21.05034828,62.4210434,22.01967621
2023/5/4 9:58,100,22.62268448,100,21.12268448,100,21.07928276,70.91009521,22.00520706
2023/5/4 9:59,100,22.62268448,100,21.12268448,100,21.05034828,27.36237335,21.9473381
2023/5/4 10:00,100,22.62268448,100,21.12268448,100,21.13715172,33.69877243,22.01967621
2023/5/4 10:01,100,22.60821724,100,21.12268448,100,21.07928276,46.82083893,22.01967621
2023/5/4 10:02,100,22.62268448,100,21.12268448,100,21.05034828,55.99937439,22.01967621
2023/5/4 10:03,100,22.62268448,100,21.12268448,100,21.15162086,73.44139099,22.01967621
2023/5/4 10:04,100,22.62268448,100,21.12268448,100,21.15162086,89.9052887,22.01967621
2023/5/4 10:05,100,22.62268448,100,21.12268448,100,21.15162086,100,22.01967621
2023/5/4 10:06,100,22.62268448,100,21.12268448,100,21.15162086,100,22.01967621
2023/5/4 10:07,100,22.62268448,100,21.12268448,100,21.15162086,100,22.01967621
2023/5/4 10:08,100,22.62268448,100,21.12268448,100,21.05034828,100,22.01967621
2023/5/4 10:09,100,22.62268448,100,21.12268448,100,21.13715172,100,22.01967621
2023/5/4 10:10,100,22.62268448,100,21.12268448,100,21.05034828,68.88323212,21.91840172
2023/5/4 10:11,100,22.62268448,100,21.12268448,100,21.05034828,43.79978943,21.96180534
2023/5/4 10:12,100,22.62268448,100,21.12268448,100,21.05034828,39.97898102,22.01967621
2023/5/4 10:13,100,22.62268448,100,21.12268448,100,21.05034828,49.76829529,22.00520706
2023/5/4 10:14,100,22.62268448,100,21.12268448,100,21.05034828,0,21.91840172
2023/5/4 10:15,100,22.60821724,100,21.12268448,100,21.05034828,0,21.91840172
2023/5/4 10:16,100,22.62268448,100,21.12268448,100,21.05034828,0,21.91840172
2023/5/4 10:17,100,22.62268448,100,21.12268448,100,21.06481552,0,21.91840172
2023/5/4 10:18,100,22.62268448,100,21.12268448,100,21.12268448,0,21.91840172
2023/5/4 10:19,100,22.62268448,100,21.12268448,100,21.15162086,0,21.91840172
2023/5/4 10:20,100,22.62268448,100,21.12268448,100,21.15162086,0,21.91840172
2023/5/4 10:21,100,22.60821724,100,21.12268448,100,21.15162086,0,21.91840172
2023/5/4 10:22,100,22.62268448,100,21.12268448,100,21.15162086,0,21.91840172
2023/5/4 10:23,100,22.62268448,100,21.12268448,100,21.15162086,0,21.91840172
2023/5/4 10:24,100,22.62268448,100,21.12268448,100,21.15162086,0.439633995,22.01967621
2023/5/4 10:25,100,22.60821724,100,21.12268448,100,21.15162086,14.63512516,22.01967621
2023/5/4 10:26,100,22.62268448,100,21.12268448,100,21.15162086,30.89282799,22.01967621
2023/5/4 10:27,100,22.62268448,100,21.12268448,100,21.15162086,47.41270828,22.01967621
2023/5/4 10:28,100,22.60821724,100,21.12268448,100,21.15162086,63.50733948,22.01967621
2023/5/4 10:29,100,22.60821724,100,21.12268448,100,21.15162086,79.7350235,22.01967621
2023/5/4 10:30,100,22.62268448,100,21.12268448,100,21.15162086,96.09620667,22.01967621
2023/5/4 10:31,100,22.62268448,100,21.12268448,100,21.15162086,100,22.00520706
2023/5/4 10:32,100,22.60821724,100,21.12268448,100,21.15162086,100,22.01967621
2023/5/4 10:33,100,22.62268448,100,21.12268448,100,21.15162086,100,22.01967621
2023/5/4 10:34,100,22.62268448,100,21.12268448,100,21.15162086,100,22.01967621
2023/5/4 10:35,100,22.62268448,100,21.12268448,100,21.15162086,100,22.01967621
2023/5/4 10:36,100,22.60821724,100,21.12268448,100,21.15162086,100,22.01967621
2023/5/4 10:37,100,22.62268448,100,21.12268448,100,21.15162086,100,22.01967621
2023/5/4 10:38,100,22.62268448,100,21.12268448,100,21.15162086,100,22.01967621
2023/5/4 10:39,100,22.62268448,100,21.12268448,100,21.15162086,100,22.01967621
2023/5/4 10:40,100,22.60821724,100,21.12268448,100,21.15162086,100,22.01967621
2023/5/4 10:41,100,22.6660881,100,21.12268448,100,21.15162086,100,22.01967621
2023/5/4 10:42,100,22.70948982,100,21.12268448,100,21.15162086,100,22.01967621
2023/5/4 10:43,100,22.62268448,100,21.12268448,100,21.15162086,100,22.01967621
2023/5/4 10:44,100,22.70948982,100,21.12268448,100,21.15162086,100,22.01967621
2023/5/4 10:45,100,22.70948982,100,21.12268448,100,21.15162086,93.76581573,22.01967621
2023/5/4 10:46,100,22.63715172,100,21.12268448,100,21.15162086,53.63271332,22.00520706
2023/5/4 10:47,100,22.70948982,100,21.12268448,100,21.13715172,69.21495819,22.01967621
2023/5/4 10:48,100,22.70948982,100,21.12268448,100,21.15162086,85.20628357,22.01967621
2023/5/4 10:49,100,22.70948982,100,21.20948982,100,21.15162086,100,22.01967621
2023/5/4 10:50,100,22.70948982,100,21.20948982,100,21.15162086,100,22.01967621
2023/5/4 10:51,100,22.70948982,100,21.19502258,100,21.15162086,100,22.01967621
2023/5/4 10:52,100,22.70948982,100,21.22395706,100,21.15162086,97.21474457,21.93287086
2023/5/4 10:53,100,22.70948982,100,21.13715172,100,21.13715172,31.71840858,21.91840172
2023/5/4 10:54,100,22.70948982,100,21.12268448,100,21.15162086,0,21.91840172
2023/5/4 10:55,100,22.70948982,100,21.22395706,100,21.15162086,5.663524151,22.01967621
2023/5/4 10:56,100,22.70948982,100,21.1660881,100,21.15162086,11.23364639,22.01967621
2023/5/4 10:57,100,22.70948982,100,21.15162086,100,21.13715172,27.28575134,22.01967621
2023/5/4 10:58,100,22.70948982,100,21.12268448,100,21.15162086,43.51301193,22.01967621
2023/5/4 10:59,100,22.70948982,100,21.22395706,100,21.15162086,57.04587936,22.00520706
2023/5/4 11:00,100,22.70948982,100,21.22395706,100,21.15162086,44.32405853,22.01967621
2023/5/4 11:01,100,22.70948982,100,21.22395706,100,21.15162086,60.82511139,22.01967621
2023/5/4 11:02,100,22.70948982,100,21.22395706,100,21.13715172,77.03408813,22.01967621
2023/5/4 11:03,100,22.70948982,100,21.22395706,100,21.13715172,93.13175201,22.01967621
2023/5/4 11:04,100,22.70948982,100,21.22395706,100,21.13715172,100,22.01967621
2023/5/4 11:05,100,22.70948982,100,21.22395706,100,21.15162086,100,22.01967621
2023/5/4 11:06,100,22.70948982,100,21.22395706,100,21.15162086,100,22.01967621
2023/5/4 11:07,100,22.70948982,100,21.22395706,100,21.15162086,100,22.01967621
2023/5/4 11:08,100,22.70948982,100,21.22395706,100,21.15162086,100,22.00520706
2023/5/4 11:09,100,22.70948982,100,21.22395706,100,21.15162086,100,22.01967621
2023/5/4 11:10,100,22.69502258,100,21.22395706,100,21.15162086,100,22.01967621
2023/5/4 11:11,100,22.70948982,100,21.22395706,100,21.15162086,100,22.01967621
2023/5/4 11:12,100,22.70948982,100,21.22395706,100,21.15162086,100,22.01967621
2023/5/4 11:13,100,22.70948982,100,21.22395706,100,21.15162086,100,22.01967621
2023/5/4 11:14,100,22.70948982,100,21.22395706,100,21.15162086,100,22.01967621
2023/5/4 11:15,100,22.70948982,100,21.22395706,100,21.15162086,100,22.01967621
2023/5/4 11:16,100,22.70948982,100,21.22395706,100,21.15162086,100,22.01967621
2023/5/4 11:17,100,22.70948982,100,21.22395706,100,21.15162086,100,22.01967621
2023/5/4 11:18,100,22.70948982,100,21.22395706,100,21.15162086,100,22.01967621
2023/5/4 11:19,100,22.70948982,100,21.20948982,100,21.15162086,100,22.00520706
2023/5/4 11:20,100,22.70948982,100,21.22395706,100,21.15162086,100,22.01967621
2023/5/4 11:21,100,22.70948982,100,21.22395706,100,21.15162086,100,22.01967621
2023/5/4 11:22,100,22.70948982,100,21.22395706,100,21.15162086,100,22.01967621
2023/5/4 11:23,100,22.75289345,100,21.22395706,100,21.15162086,100,22.01967621
2023/5/4 11:24,100,22.72395706,100,21.22395706,100,21.15162086,100,22.01967621
2023/5/4 11:25,100,22.70948982,100,21.22395706,100,21.15162086,100,22.01967621
2023/5/4 11:26,100,22.70948982,100,21.22395706,100,21.15162086,100,22.01967621
2023/5/4 11:27,100,22.72395706,100,21.22395706,100,21.15162086,100,22.01967621
2023/5/4 11:28,100,22.81076431,100,21.22395706,100,21.15162086,100,22.01967621
2023/5/4 11:29,100,22.72395706,100,21.22395706,100,21.15162086,100,22.01967621
2023/5/4 11:30,100,22.70948982,100,21.22395706,100,21.15162086,100,22.01967621
2023/5/4 11:31,100,22.70948982,100,21.22395706,100,21.15162086,100,22.00520706
2023/5/4 11:32,100,22.70948982,100,21.22395706,100,21.15162086,100,22.01967621
2023/5/4 11:33,100,22.70948982,100,21.22395706,100,21.13715172,100,22.01967621
2023/5/4 11:34,100,22.70948982,100,21.22395706,100,21.15162086,100,22.01967621
2023/5/4 11:35,100,22.70948982,100,21.22395706,100,21.15162086,100,22.01967621
2023/5/4 11:36,100,22.72395706,100,21.22395706,100,21.15162086,100,22.01967621
2023/5/4 11:37,100,22.72395706,100,21.22395706,100,21.15162086,100,22.00520706
2023/5/4 11:38,100,22.70948982,100,21.22395706,100,21.15162086,100,22.01967621
2023/5/4 11:39,100,22.70948982,100,21.22395706,100,21.15162086,100,22.01967621
2023/5/4 11:40,100,22.70948982,100,21.22395706,100,21.15162086,100,22.01967621
2023/5/4 11:41,100,22.70948982,100,21.22395706,100,21.15162086,97.07315826,22.01967621
2023/5/4 11:42,100,22.81076431,100,21.22395706,100,21.15162086,100,22.01967621
2023/5/4 11:43,100,22.81076431,100,21.22395706,100,21.15162086,100,22.01967621
2023/5/4 11:44,100,22.72395706,100,21.22395706,100,21.13715172,100,22.01967621
2023/5/4 11:45,100,22.81076431,100,21.22395706,100,21.15162086,93.90813446,21.96180534
2023/5/4 11:46,100,22.81076431,100,21.15162086,100,21.15162086,39.66532898,21.91840172
2023/5/4 11:47,100,22.81076431,100,21.22395706,100,21.15162086,0,21.91840172
2023/5/4 11:48,100,22.81076431,100,21.22395706,100,21.15162086,0,21.91840172
2023/5/4 11:49,100,22.81076431,100,21.20948982,100,21.15162086,0,22.00520706
2023/5/4 11:50,100,22.79629707,100,21.22395706,100,21.15162086,0.381869972,22.01967621
2023/5/4 11:51,100,22.81076431,100,21.22395706,100,21.13715172,13.35383797,22.01967621
2023/5/4 11:52,100,22.81076431,100,21.22395706,100,21.15162086,5.083921432,22.01967621
2023/5/4 11:53,100,22.81076431,100,21.22395706,100,21.23842621,2.64253211,22.01967621
2023/5/4 11:54,100,22.81076431,100,21.22395706,100,21.19502258,17.44351196,22.01967621
2023/5/4 11:55,100,22.81076431,100,21.20948982,100,21.25289345,33.72316742,22.01967621
2023/5/4 11:56,100,22.81076431,100,21.22395706,100,21.25289345,29.46079445,21.93287086
2023/5/4 11:57,100,22.81076431,100,21.22395706,100,21.25289345,29.50860786,22.01967621
2023/5/4 11:58,100,22.81076431,100,21.22395706,100,21.25289345,46.27223206,22.01967621
2023/5/4 11:59,100,22.81076431,100,21.22395706,100,21.25289345,62.23429871,22.01967621
2023/5/4 12:00,100,22.81076431,100,21.22395706,100,21.25289345,78.60108185,22.01967621
2023/5/4 12:01,100,22.81076431,100,21.22395706,100,21.25289345,94.55059814,22.01967621
2023/5/4 12:02,100,22.81076431,100,21.22395706,100,21.23842621,100,22.01967621
2023/5/4 12:03,100,22.81076431,100,21.22395706,100,21.25289345,100,22.00520706
2023/5/4 12:04,100,22.81076431,100,21.22395706,100,21.25289345,100,22.01967621
2023/5/4 12:05,100,22.79629707,100,21.22395706,100,21.23842621,100,22.01967621
2023/5/4 12:06,100,22.81076431,100,21.22395706,100,21.25289345,100,22.01967621
2023/5/4 12:07,100,22.81076431,100,21.22395706,100,21.25289345,100,22.01967621
2023/5/4 12:08,100,22.81076431,100,21.22395706,100,21.25289345,100,22.01967621
2023/5/4 12:09,100,22.81076431,100,21.22395706,100,21.23842621,100,22.01967621
2023/5/4 12:10,100,22.79629707,100,21.22395706,100,21.25289345,100,22.01967621
2023/5/4 12:11,100,22.81076431,100,21.22395706,100,21.25289345,100,22.01967621
2023/5/4 12:12,100,22.81076431,100,21.22395706,100,21.25289345,100,22.01967621
2023/5/4 12:13,100,22.81076431,100,21.22395706,100,21.25289345,100,22.01967621
2023/5/4 12:14,100,22.81076431,100,21.22395706,100,21.25289345,100,22.01967621
2023/5/4 12:15,100,22.81076431,100,21.22395706,100,21.25289345,100,22.01967621
2023/5/4 12:16,100,22.79629707,100,21.22395706,100,21.25289345,100,22.01967621
2023/5/4 12:17,100,22.81076431,100,21.22395706,100,21.25289345,100,22.01967621
2023/5/4 12:18,100,22.81076431,100,21.22395706,100,21.25289345,100,22.01967621
2023/5/4 12:19,100,22.81076431,100,21.22395706,100,21.25289345,100,22.01967621
2023/5/4 12:20,100,22.81076431,100,21.22395706,100,21.25289345,100,22.00520706
2023/5/4 12:21,100,22.81076431,100,21.22395706,100,21.25289345,100,22.01967621
2023/5/4 12:22,100,22.81076431,100,21.22395706,100,21.25289345,100,22.01967621
2023/5/4 12:23,100,22.81076431,100,21.22395706,100,21.25289345,100,22.01967621
2023/5/4 12:24,100,22.81076431,100,21.22395706,100,21.23842621,100,22.01967621
2023/5/4 12:25,100,22.81076431,100,21.22395706,100,21.25289345,100,22.01967621
2023/5/4 12:26,100,22.81076431,100,21.22395706,100,21.25289345,100,22.01967621
2023/5/4 12:27,100,22.81076431,100,21.22395706,100,21.25289345,100,22.01967621
2023/5/4 12:28,100,22.81076431,100,21.22395706,100,21.25289345,100,22.01967621
2023/5/4 12:29,100,22.81076431,100,21.22395706,100,21.25289345,100,22.01967621
2023/5/4 12:30,100,22.81076431,100,21.22395706,100,21.25289345,100,22.01967621
2023/5/4 12:31,100,22.81076431,100,21.22395706,100,21.25289345,100,22.01967621
2023/5/4 12:32,100,22.81076431,100,21.22395706,100,21.25289345,100,22.01967621
2023/5/4 12:33,100,22.81076431,100,21.20948982,100,21.25289345,100,22.00520706
2023/5/4 12:34,100,22.81076431,100,21.22395706,100,21.25289345,100,22.01967621
2023/5/4 12:35,100,22.81076431,100,21.22395706,100,21.25289345,100,22.01967621
2023/5/4 12:36,100,22.81076431,100,21.22395706,100,21.25289345,100,22.01967621
2023/5/4 12:37,100,22.81076431,100,21.22395706,100,21.25289345,100,22.01967621
2023/5/4 12:38,100,22.81076431,100,21.22395706,100,21.25289345,100,22.01967621
2023/5/4 12:39,100,22.81076431,100,21.22395706,100,21.23842621,100,22.01967621
2023/5/4 12:40,100,22.81076431,100,21.22395706,100,21.25289345,100,22.01967621
2023/5/4 12:41,100,22.81076431,100,21.22395706,100,21.25289345,100,22.01967621
2023/5/4 12:42,100,22.81076431,100,21.22395706,100,21.25289345,100,22.01967621
2023/5/4 12:43,100,22.81076431,100,21.22395706,100,21.23842621,100,22.01967621
2023/5/4 12:44,100,22.79629707,100,21.22395706,100,21.25289345,100,22.01967621
2023/5/4 12:45,100,22.81076431,100,21.20948982,100,21.25289345,100,22.01967621
2023/5/4 12:46,100,22.81076431,100,21.22395706,100,21.23842621,100,22.01967621
2023/5/4 12:47,100,22.81076431,100,21.22395706,100,21.25289345,100,22.01967621
2023/5/4 12:48,100,22.81076431,100,21.22395706,100,21.25289345,100,22.01967621
2023/5/4 12:49,100,22.81076431,100,21.25289345,100,21.25289345,100,22.01967621
2023/5/4 12:50,100,22.79629707,100,21.22395706,100,21.23842621,100,22.01967621
2023/5/4 12:51,100,22.81076431,100,21.22395706,100,21.25289345,100,22.01967621
2023/5/4 12:52,100,22.81076431,100,21.22395706,100,21.25289345,100,22.00520706
2023/5/4 12:53,100,22.81076431,100,21.22395706,100,21.25289345,100,22.01967621
2023/5/4 12:54,100,22.81076431,100,21.22395706,100,21.25289345,100,22.01967621
2023/5/4 12:55,100,22.81076431,100,21.20948982,100,21.25289345,100,22.01967621
2023/5/4 12:56,100,22.81076431,100,21.22395706,100,21.25289345,100,22.01967621
2023/5/4 12:57,100,22.81076431,100,21.22395706,100,21.25289345,100,22.01967621
2023/5/4 12:58,100,22.81076431,100,21.22395706,100,21.25289345,100,22.01967621
2023/5/4 12:59,100,22.81076431,100,21.22395706,100,21.25289345,100,22.01967621
2023/5/4 13:00,100,22.79629707,100,21.22395706,100,21.25289345,100,22.01967621
2023/5/4 13:01,100,22.81076431,100,21.22395706,100,21.25289345,100,22.01967621
2023/5/4 13:02,100,22.81076431,100,21.22395706,100,21.25289345,100,22.01967621
2023/5/4 13:03,100,22.81076431,100,21.22395706,100,21.23842621,100,22.00520706
2023/5/4 13:04,100,22.81076431,100,21.22395706,100,21.25289345,100,22.01967621
2023/5/4 13:05,100,22.81076431,100,21.22395706,100,21.25289345,100,22.01967621
2023/5/4 13:06,100,22.81076431,100,21.22395706,100,21.23842621,100,22.01967621
2023/5/4 13:07,100,22.81076431,100,21.20948982,100,21.23842621,100,22.01967621
2023/5/4 13:08,100,22.81076431,100,21.22395706,100,21.23842621,100,22.01967621
2023/5/4 13:09,100,22.81076431,100,21.22395706,100,21.25289345,100,22.01967621
2023/5/4 13:10,100,22.81076431,100,21.22395706,100,21.23842621,100,22.01967621
2023/5/4 13:11,100,22.81076431,100,21.22395706,100,21.25289345,100,22.01967621
2023/5/4 13:12,100,22.81076431,100,21.22395706,100,21.25289345,100,22.01967621
2023/5/4 13:13,100,22.81076431,100,21.22395706,100,21.25289345,100,22.01967621
2023/5/4 13:14,100,22.81076431,100,21.22395706,100,21.25289345,100,22.01967621
2023/5/4 13:15,100,22.81076431,100,21.22395706,100,21.25289345,100,22.01967621
2023/5/4 13:16,100,22.79629707,100,21.22395706,100,21.25289345,100,22.01967621
2023/5/4 13:17,100,22.81076431,100,21.22395706,100,21.25289345,100,22.01967621
2023/5/4 13:18,100,22.81076431,100,21.23842621,100,21.25289345,100,22.01967621
2023/5/4 13:19,100,22.81076431,100,21.20948982,100,21.25289345,100,22.01967621
2023/5/4 13:20,100,22.86863518,100,21.22395706,100,21.25289345,100,22.01967621
2023/5/4 13:21,100,22.81076431,100,21.22395706,100,21.25289345,100,22.01967621
2023/5/4 13:22,100,22.81076431,100,21.22395706,100,21.25289345,100,22.01967621
2023/5/4 13:23,100,22.81076431,100,21.22395706,100,21.25289345,100,22.01967621
2023/5/4 13:24,100,22.81076431,100,21.22395706,100,21.25289345,100,22.01967621
2023/5/4 13:25,100,22.81076431,100,21.22395706,100,21.23842621,100,22.01967621
2023/5/4 13:26,100,22.81076431,100,21.22395706,100,21.25289345,100,22.01967621
2023/5/4 13:27,100,22.81076431,100,21.22395706,100,21.25289345,100,22.01967621
2023/5/4 13:28,100,22.81076431,100,21.20948982,100,21.25289345,100,22.01967621
2023/5/4 13:29,100,22.81076431,100,21.22395706,100,21.25289345,100,22.01967621
2023/5/4 13:30,100,22.81076431,100,21.22395706,100,21.23842621,100,22.01967621
2023/5/4 13:31,100,22.81076431,100,21.31076431,100,21.25289345,100,22.01967621
2023/5/4 13:32,100,22.81076431,100,21.32523155,100,21.25289345,100,22.01967621
2023/5/4 13:33,100,22.81076431,100,21.22395706,100,21.25289345,100,22.01967621
2023/5/4 13:34,100,22.81076431,100,21.22395706,100,21.25289345,100,22.01967621
2023/5/4 13:35,100,22.81076431,100,21.22395706,100,21.25289345,100,22.01967621
2023/5/4 13:36,100,22.82523155,100,21.25289345,100,21.25289345,100,22.01967621
2023/5/4 13:37,100,22.81076431,100,21.32523155,100,21.25289345,100,22.01967621
2023/5/4 13:38,100,22.81076431,100,21.32523155,100,21.25289345,100,22.01967621
2023/5/4 13:39,100,22.89756966,100,21.31076431,100,21.25289345,100,22.01967621
2023/5/4 13:40,100,22.81076431,100,21.29629707,100,21.23842621,100,22.01967621
2023/5/4 13:41,100,22.81076431,100,21.32523155,100,21.25289345,100,22.01967621
2023/5/4 13:42,100,22.81076431,100,21.31076431,100,21.25289345,100,22.01967621
2023/5/4 13:43,100,22.89756966,100,21.29629707,100,21.25289345,100,22.01967621
2023/5/4 13:44,100,22.88310242,100,21.28182793,100,21.25289345,100,22.00520706
2023/5/4 13:45,100,22.81076431,100,21.23842621,100,21.23842621,100,22.01967621
2023/5/4 13:46,100,22.81076431,100,21.32523155,100,21.25289345,100,22.01967621
2023/5/4 13:47,100,22.9120369,100,21.32523155,100,21.25289345,100,22.01967621
2023/5/4 13:48,100,22.83969879,100,21.32523155,100,21.25289345,100,22.01967621
2023/5/4 13:49,100,22.81076431,100,21.32523155,100,21.23842621,100,22.01967621
2023/5/4 13:50,100,22.9120369,100,21.32523155,100,21.25289345,100,22.01967621
2023/5/4 13:51,100,22.82523155,100,21.22395706,100,21.25289345,100,22.01967621
2023/5/4 13:52,100,22.88310242,100,21.29629707,100,21.25289345,100,22.01967621
2023/5/4 13:53,100,22.89756966,100,21.32523155,100,21.25289345,100,22.01967621
2023/5/4 13:54,100,22.9120369,100,21.32523155,100,21.25289345,100,22.01967621
2023/5/4 13:55,100,22.89756966,100,21.31076431,100,21.25289345,100,22.01967621
2023/5/4 13:56,100,22.85416794,100,21.32523155,100,21.25289345,100,22.01967621
2023/5/4 13:57,100,22.9120369,100,21.31076431,100,21.25289345,100,22.00520706
2023/5/4 13:58,100,22.9120369,100,21.32523155,100,21.25289345,100,22.01967621
2023/5/4 13:59,100,22.81076431,100,21.32523155,100,21.25289345,100,22.00520706
2023/5/4 14:00,100,22.86863518,100,21.32523155,100,21.25289345,100,22.01967621
2023/5/4 14:01,100,22.9120369,100,21.32523155,100,21.25289345,100,22.01967621
2023/5/4 14:02,100,22.9120369,100,21.32523155,100,21.25289345,100,22.01967621
2023/5/4 14:03,100,22.9120369,100,21.32523155,100,21.25289345,100,22.01967621
2023/5/4 14:04,100,22.9120369,100,21.32523155,100,21.25289345,100,22.01967621
2023/5/4 14:05,100,22.9120369,100,21.32523155,100,21.25289345,100,22.01967621
2023/5/4 14:06,100,22.9120369,100,21.32523155,100,21.25289345,100,22.01967621
2023/5/4 14:07,100,22.9120369,100,21.32523155,100,21.23842621,100,22.01967621
2023/5/4 14:08,100,22.9120369,100,21.32523155,100,21.25289345,100,22.01967621
2023/5/4 14:09,100,22.9120369,100,21.32523155,100,21.25289345,100,22.01967621
2023/5/4 14:10,100,22.9120369,100,21.32523155,100,21.25289345,100,22.00520706
2023/5/4 14:11,100,22.9120369,100,21.32523155,100,21.25289345,100,22.01967621
2023/5/4 14:12,100,22.9120369,100,21.32523155,100,21.25289345,100,22.01967621
2023/5/4 14:13,100,22.9120369,100,21.32523155,100,21.25289345,100,22.01967621
2023/5/4 14:14,100,22.9120369,100,21.32523155,100,21.25289345,100,22.01967621
2023/5/4 14:15,100,22.9120369,100,21.32523155,100,21.25289345,100,22.01967621
2023/5/4 14:16,100,22.9120369,100,21.32523155,100,21.25289345,100,22.00520706
2023/5/4 14:17,100,22.9120369,100,21.32523155,100,21.25289345,100,22.01967621
2023/5/4 14:18,100,22.9120369,100,21.32523155,100,21.23842621,100,22.10648155
2023/5/4 14:19,100,22.9120369,100,21.32523155,100,21.25289345,100,22.10648155
2023/5/4 14:20,100,22.9120369,100,21.32523155,100,21.23842621,100,22.03414345
2023/5/4 14:21,100,22.9120369,100,21.32523155,100,21.25289345,100,22.01967621
2023/5/4 14:22,100,22.9120369,100,21.32523155,100,21.25289345,100,22.12094879
2023/5/4 14:23,100,22.9120369,100,21.32523155,100,21.35416794,100,22.01967621
2023/5/4 14:24,100,22.9120369,100,21.32523155,100,21.35416794,100,22.12094879
2023/5/4 14:25,100,22.9120369,100,21.32523155,100,21.35416794,100,22.12094879
2023/5/4 14:26,100,22.9120369,100,21.31076431,100,21.26736069,100,22.12094879
2023/5/4 14:27,100,22.9120369,100,21.32523155,100,21.33969879,100,22.12094879
2023/5/4 14:28,100,22.9120369,100,21.32523155,100,21.35416794,100,22.12094879
2023/5/4 14:29,100,22.9120369,100,21.32523155,100,21.35416794,100,22.12094879
2023/5/4 14:30,100,22.9120369,100,21.32523155,100,21.35416794,100,22.12094879
2023/5/4 14:31,100,22.9120369,100,21.32523155,100,21.35416794,100,22.12094879
2023/5/4 14:32,100,22.9120369,100,21.32523155,100,21.35416794,100,22.09201431
2023/5/4 14:33,100,22.9120369,100,21.32523155,100,21.35416794,100,22.12094879
2023/5/4 14:34,100,22.9120369,100,21.32523155,100,21.35416794,100,22.12094879
2023/5/4 14:35,100,22.9120369,100,21.32523155,100,21.35416794,100,22.10648155
2023/5/4 14:36,100,22.9120369,100,21.32523155,100,21.35416794,100,22.12094879
2023/5/4 14:37,100,22.9120369,100,21.32523155,100,21.35416794,100,22.12094879
2023/5/4 14:38,100,22.9120369,100,21.32523155,100,21.33969879,100,22.10648155
2023/5/4 14:39,100,22.9120369,100,21.32523155,100,21.35416794,100,22.12094879
2023/5/4 14:40,100,22.9120369,100,21.32523155,100,21.33969879,100,22.09201431
2023/5/4 14:41,100,22.9120369,100,21.32523155,100,21.35416794,100,22.01967621
2023/5/4 14:42,100,22.9120369,100,21.32523155,100,21.35416794,100,22.12094879
2023/5/4 14:43,100,22.9120369,100,21.32523155,100,21.33969879,100,22.00520706
2023/5/4 14:44,100,22.9120369,100,21.32523155,100,21.35416794,100,22.03414345
2023/5/4 14:45,100,22.9120369,100,21.32523155,100,21.33969879,100,22.03414345
2023/5/4 14:46,100,22.89756966,100,21.32523155,100,21.35416794,100,22.10648155
2023/5/4 14:47,100,22.9120369,100,21.32523155,100,21.35416794,100,22.12094879
2023/5/4 14:48,100,22.9120369,100,21.31076431,100,21.35416794,100,22.12094879
2023/5/4 14:49,100,22.9120369,100,21.32523155,100,21.33969879,100,22.12094879
2023/5/4 14:50,100,22.9120369,100,21.32523155,100,21.35416794,100,22.12094879
2023/5/4 14:51,100,22.9120369,100,21.32523155,100,21.35416794,100,22.12094879
2023/5/4 14:52,100,22.9120369,100,21.32523155,100,21.35416794,100,22.12094879
2023/5/4 14:53,100,22.9120369,100,21.31076431,100,21.35416794,100,22.12094879
2023/5/4 14:54,100,22.9120369,100,21.32523155,100,21.35416794,100,22.12094879
2023/5/4 14:55,100,22.9120369,100,21.32523155,100,21.35416794,100,22.12094879
2023/5/4 14:56,100,22.9120369,100,21.32523155,100,21.33969879,100,22.12094879
2023/5/4 14:57,100,22.9120369,100,21.32523155,100,21.35416794,100,22.12094879
2023/5/4 14:58,100,22.9120369,100,21.32523155,100,21.35416794,100,22.10648155
2023/5/4 14:59,100,22.9120369,100,21.32523155,100,21.33969879,100,22.12094879
2023/5/4 15:00,100,22.94097328,100,21.32523155,100,21.35416794,100,22.12094879
2023/5/4 15:01,100,22.9120369,100,21.32523155,100,21.35416794,100,22.12094879
2023/5/4 15:02,100,22.9120369,100,21.32523155,100,21.35416794,100,22.12094879
2023/5/4 15:03,100,22.9120369,100,21.42650414,100,21.35416794,100,22.12094879
2023/5/4 15:04,100,23.01330948,100,21.32523155,100,21.33969879,100,22.12094879
2023/5/4 15:05,100,23.01330948,100,21.42650414,100,21.33969879,100,22.12094879
2023/5/4 15:06,100,23.01330948,100,21.42650414,100,21.35416794,100,22.12094879
2023/5/4 15:07,100,23.01330948,100,21.33969879,100,21.35416794,100,22.12094879
2023/5/4 15:08,100,23.01330948,100,21.42650414,100,21.33969879,100,22.12094879
2023/5/4 15:09,100,23.01330948,100,21.42650414,100,21.35416794,100,22.12094879
2023/5/4 15:10,100,23.01330948,100,21.42650414,100,21.33969879,100,22.12094879
2023/5/4 15:11,100,23.01330948,100,21.42650414,100,21.35416794,100,22.10648155
2023/5/4 15:12,100,23.01330948,100,21.42650414,100,21.42650414,100,22.12094879
2023/5/4 15:13,100,23.01330948,100,21.42650414,100,21.35416794,100,22.10648155
2023/5/4 15:14,100,23.01330948,100,21.42650414,100,21.35416794,100,22.12094879
2023/5/4 15:15,100,23.01330948,100,21.42650414,100,21.33969879,100,22.12094879
2023/5/4 15:16,100,23.01330948,100,21.42650414,100,21.35416794,100,22.10648155
2023/5/4 15:17,100,23.01330948,100,21.42650414,100,21.35416794,100,22.12094879
2023/5/4 15:18,100,23.01330948,100,21.42650414,100,21.35416794,100,22.12094879
2023/5/4 15:19,100,22.99884224,100,21.42650414,100,21.33969879,100,22.12094879
2023/5/4 15:20,100,23.01330948,100,21.42650414,100,21.35416794,100,22.12094879
2023/5/4 15:21,100,23.01330948,100,21.42650414,100,21.42650414,100,22.17881966
2023/5/4 15:22,100,23.01330948,100,21.42650414,100,21.45544052,100,22.12094879
2023/5/4 15:23,100,23.01330948,100,21.42650414,100,21.36863518,100,22.12094879
2023/5/4 15:24,100,23.01330948,100,21.42650414,100,21.44097328,100,22.12094879
2023/5/4 15:25,100,23.01330948,100,21.42650414,100,21.35416794,100,22.12094879
2023/5/4 15:26,100,23.01330948,100,21.42650414,100,21.45544052,100,22.12094879
2023/5/4 15:27,100,23.01330948,100,21.42650414,100,21.44097328,100,22.12094879
2023/5/4 15:28,100,23.01330948,100,21.4120369,100,21.45544052,100,22.12094879
2023/5/4 15:29,100,23.01330948,100,21.42650414,100,21.45544052,100,22.12094879
2023/5/4 15:30,100,23.01330948,100,21.42650414,100,21.44097328,100,22.12094879
2023/5/4 15:31,100,23.01330948,100,21.42650414,100,21.44097328,100,22.13541794
2023/5/4 15:32,100,23.01330948,100,21.42650414,100,21.44097328,100,22.12094879
2023/5/4 15:33,100,23.01330948,100,21.42650414,100,21.45544052,100,22.14988518
2023/5/4 15:34,100,23.01330948,100,21.42650414,100,21.44097328,100,22.14988518
2023/5/4 15:35,100,23.01330948,100,21.42650414,100,21.45544052,100,22.12094879
2023/5/4 15:36,100,23.01330948,100,21.42650414,100,21.45544052,100,22.12094879
2023/5/4 15:37,100,23.01330948,100,21.4120369,100,21.45544052,100,22.13541794
2023/5/4 15:38,100,23.01330948,100,21.42650414,100,21.45544052,100,22.13541794
2023/5/4 15:39,100,23.01330948,100,21.42650414,100,21.44097328,100,22.17881966
2023/5/4 15:40,100,23.01330948,100,21.42650414,100,21.45544052,100,22.22222328
2023/5/4 15:41,100,23.01330948,100,21.42650414,100,21.45544052,100,22.22222328
2023/5/4 15:42,100,23.01330948,100,21.42650414,100,21.44097328,100,22.22222328
2023/5/4 15:43,100,23.01330948,100,21.42650414,100,21.45544052,100,22.22222328
2023/5/4 15:44,100,23.01330948,100,21.42650414,100,21.44097328,100,22.22222328
2023/5/4 15:45,100,23.01330948,100,21.42650414,100,21.45544052,100,22.22222328
2023/5/4 15:46,100,23.01330948,100,21.42650414,100,21.44097328,100,22.22222328
2023/5/4 15:47,100,23.01330948,100,21.42650414,100,21.45544052,100,22.20775414
2023/5/4 15:48,100,23.01330948,100,21.42650414,100,21.44097328,100,22.22222328
2023/5/4 15:49,100,23.01330948,100,21.42650414,100,21.44097328,100,22.22222328
2023/5/4 15:50,100,23.01330948,100,21.42650414,100,21.45544052,100,22.22222328
2023/5/4 15:51,100,23.01330948,100,21.42650414,100,21.44097328,100,22.22222328
2023/5/4 15:52,100,22.99884224,100,21.4120369,100,21.45544052,100,22.22222328
2023/5/4 15:53,100,23.01330948,100,21.42650414,100,21.44097328,100,22.22222328
2023/5/4 15:54,100,23.01330948,100,21.42650414,100,21.45544052,100,22.22222328
2023/5/4 15:55,100,23.01330948,100,21.42650414,100,21.44097328,100,22.22222328
2023/5/4 15:56,100,23.01330948,100,21.42650414,100,21.44097328,100,22.22222328
2023/5/4 15:57,100,23.01330948,100,21.42650414,100,21.44097328,100,22.22222328
2023/5/4 15:58,100,22.99884224,100,21.42650414,100,21.44097328,100,22.22222328
2023/5/4 15:59,100,23.01330948,100,21.42650414,100,21.44097328,100,22.22222328
2023/5/4 16:00,100,23.01330948,100,21.42650414,100,21.44097328,100,22.22222328
2023/5/4 16:01,100,23.01330948,100,21.42650414,100,21.45544052,100,22.22222328
2023/5/4 16:02,100,23.01330948,100,21.42650414,100,21.44097328,100,22.22222328
2023/5/4 16:03,100,23.01330948,100,21.42650414,100,21.45544052,100,22.22222328
2023/5/4 16:04,100,23.01330948,100,21.42650414,100,21.45544052,100,22.22222328
2023/5/4 16:05,100,23.01330948,100,21.42650414,100,21.44097328,100,22.22222328
2023/5/4 16:06,100,23.01330948,100,21.42650414,100,21.44097328,100,22.20775414
2023/5/4 16:07,100,23.01330948,100,21.42650414,100,21.45544052,100,22.22222328
2023/5/4 16:08,100,23.01330948,100,21.44097328,100,21.45544052,100,22.22222328
2023/5/4 16:09,100,23.01330948,100,21.42650414,100,21.44097328,100,22.22222328
2023/5/4 16:10,100,23.01330948,100,21.51330948,100,21.44097328,100,22.22222328
2023/5/4 16:11,100,23.01330948,100,21.52777672,100,21.44097328,100,22.22222328
2023/5/4 16:12,100,23.01330948,100,21.52777672,100,21.45544052,100,22.22222328
2023/5/4 16:13,100,23.01330948,100,21.52777672,100,21.44097328,100,22.22222328
2023/5/4 16:14,100,23.01330948,100,21.52777672,100,21.44097328,100,22.22222328
2023/5/4 16:15,100,23.01330948,100,21.52777672,100,21.44097328,100,22.22222328
2023/5/4 16:16,100,23.01330948,100,21.52777672,100,21.44097328,100,22.22222328
2023/5/4 16:17,100,23.01330948,100,21.52777672,100,21.45544052,100,22.22222328
2023/5/4 16:18,100,23.01330948,100,21.52777672,100,21.44097328,100,22.22222328
2023/5/4 16:19,100,23.10011482,100,21.52777672,100,21.44097328,100,22.22222328
2023/5/4 16:20,100,23.10011482,100,21.52777672,100,21.44097328,100,22.22222328
2023/5/4 16:21,100,23.11458206,100,21.52777672,100,21.5567131,100,22.22222328
2023/5/4 16:22,100,23.11458206,100,21.52777672,100,21.5567131,100,22.22222328
2023/5/4 16:23,100,22.99884224,100,21.52777672,100,21.5567131,100,22.22222328
2023/5/4 16:24,100,23.11458206,100,21.52777672,100,21.5567131,100,22.22222328
2023/5/4 16:25,100,23.11458206,100,21.52777672,100,21.54224586,100,22.22222328
2023/5/4 16:26,100,23.11458206,100,21.52777672,100,21.5567131,100,22.20775414
2023/5/4 16:27,100,23.11458206,100,21.52777672,100,21.5567131,100,22.22222328
2023/5/4 16:28,100,23.11458206,100,21.52777672,100,21.5567131,100,22.22222328
2023/5/4 16:29,100,23.11458206,100,21.52777672,100,21.5567131,100,22.22222328
2023/5/4 16:30,100,23.11458206,100,21.52777672,100,21.54224586,100,22.22222328
2023/5/4 16:31,100,23.11458206,100,21.52777672,100,21.54224586,100,22.30902672
2023/5/4 16:32,100,23.11458206,100,21.52777672,100,21.5567131,100,22.30902672
2023/5/4 16:33,100,23.11458206,100,21.52777672,100,21.54224586,100,22.30902672
2023/5/4 16:34,100,23.11458206,100,21.52777672,100,21.54224586,100,22.30902672
2023/5/4 16:35,100,23.10011482,100,21.52777672,100,21.54224586,100,22.30902672
2023/5/4 16:36,100,23.11458206,100,21.52777672,100,21.5567131,100,22.265625
2023/5/4 16:37,100,23.11458206,100,21.51330948,100,21.54224586,100,22.32349586
2023/5/4 16:38,100,23.11458206,100,21.52777672,100,21.5567131,100,22.30902672
2023/5/4 16:39,100,23.11458206,100,21.52777672,100,21.5567131,100,22.30902672
2023/5/4 16:40,100,23.11458206,100,21.52777672,100,21.5567131,100,22.32349586
2023/5/4 16:41,100,23.11458206,100,21.52777672,100,21.5567131,100,22.32349586
2023/5/4 16:42,100,23.11458206,100,21.52777672,100,21.5567131,100,22.30902672
2023/5/4 16:43,100,23.11458206,100,21.52777672,100,21.5567131,100,22.30902672
2023/5/4 16:44,100,23.11458206,100,21.52777672,100,21.54224586,100,22.32349586
2023/5/4 16:45,100,23.11458206,100,21.52777672,100,21.5567131,100,22.32349586
2023/5/4 16:46,100,23.11458206,100,21.58564758,100,21.54224586,100,22.30902672
2023/5/4 16:47,100,23.11458206,100,21.61458206,100,21.5567131,100,22.30902672
2023/5/4 16:48,100,23.11458206,100,21.52777672,100,21.5567131,100,22.30902672
2023/5/4 16:49,100,23.11458206,100,21.52777672,100,21.5567131,100,22.30902672
2023/5/4 16:50,100,23.11458206,100,21.52777672,100,21.54224586,100,22.30902672
2023/5/4 16:51,100,23.10011482,100,21.51330948,100,21.5567131,100,22.30902672
2023/5/4 16:52,100,23.11458206,100,21.62905121,100,21.5567131,100,22.30902672
2023/5/4 16:53,100,23.11458206,100,21.62905121,100,21.54224586,100,22.30902672
2023/5/4 16:54,100,23.11458206,100,21.62905121,100,21.5567131,100,22.30902672
2023/5/4 16:55,100,23.11458206,100,21.62905121,100,21.54224586,100,22.30902672
2023/5/4 16:56,100,23.11458206,100,21.62905121,100,21.5567131,100,22.32349586
2023/5/4 16:57,100,23.11458206,100,21.62905121,100,21.5567131,100,22.30902672
2023/5/4 16:58,100,23.11458206,100,21.62905121,100,21.54224586,100,22.32349586
2023/5/4 16:59,100,23.11458206,100,21.62905121,100,21.5567131,100,22.30902672
2023/5/4 17:00,100,23.11458206,100,21.62905121,100,21.5567131,100,22.32349586
2023/5/4 17:01,100,23.11458206,100,21.62905121,100,21.5567131,100,22.32349586
2023/5/4 17:02,100,23.11458206,100,21.62905121,100,21.54224586,100,22.32349586
2023/5/4 17:03,100,23.11458206,100,21.62905121,100,21.5567131,100,22.30902672
2023/5/4 17:04,100,23.11458206,100,21.62905121,100,21.5567131,100,22.30902672
2023/5/4 17:05,100,23.11458206,100,21.62905121,100,21.5567131,100,22.30902672
2023/5/4 17:06,100,23.11458206,100,21.61458206,100,21.5567131,100,22.32349586
2023/5/4 17:07,100,23.10011482,100,21.62905121,100,21.54224586,100,22.32349586
2023/5/4 17:08,100,23.11458206,100,21.62905121,100,21.5567131,100,22.30902672
2023/5/4 17:09,100,23.11458206,100,21.62905121,100,21.54224586,100,22.30902672
2023/5/4 17:10,100,23.11458206,100,21.62905121,100,21.5567131,100,22.30902672
2023/5/4 17:11,100,23.11458206,100,21.62905121,100,21.5567131,100,22.32349586
2023/5/4 17:12,100,23.11458206,100,21.62905121,100,21.54224586,100,22.30902672
2023/5/4 17:13,100,23.11458206,100,21.62905121,100,21.54224586,100,22.32349586
2023/5/4 17:14,100,23.11458206,100,21.62905121,100,21.5567131,100,22.30902672
2023/5/4 17:15,100,23.11458206,100,21.62905121,100,21.5567131,100,22.32349586
2023/5/4 17:16,100,23.11458206,100,21.62905121,100,21.54224586,100,22.30902672
2023/5/4 17:17,100,23.11458206,100,21.62905121,100,21.5567131,100,22.30902672
2023/5/4 17:18,100,23.11458206,100,21.62905121,100,21.5567131,100,22.32349586
2023/5/4 17:19,100,23.11458206,100,21.62905121,100,21.5567131,100,22.30902672
2023/5/4 17:20,100,23.11458206,100,21.61458206,100,21.54224586,100,22.32349586
2023/5/4 17:21,100,23.21585655,100,21.62905121,100,21.5567131,100,22.32349586
2023/5/4 17:22,100,23.21585655,100,21.62905121,100,21.57118034,100,22.30902672
2023/5/4 17:23,100,23.11458206,100,21.62905121,100,21.64351845,100,22.30902672
2023/5/4 17:24,100,23.11458206,100,21.62905121,100,21.5567131,100,22.30902672
2023/5/4 17:25,100,23.11458206,100,21.62905121,100,21.5567131,100,22.30902672
2023/5/4 17:26,100,23.11458206,100,21.62905121,100,21.5567131,100,22.32349586
2023/5/4 17:27,100,23.10011482,100,21.62905121,100,21.54224586,100,22.30902672
2023/5/4 17:28,100,23.15798569,100,21.62905121,100,21.54224586,100,22.30902672
2023/5/4 17:29,100,23.11458206,100,21.61458206,100,21.5567131,100,22.30902672
2023/5/4 17:30,100,23.11458206,100,21.62905121,100,21.5567131,100,22.30902672
2023/5/4 17:31,100,23.11458206,100,21.62905121,100,21.54224586,100,22.30902672
2023/5/4 17:32,100,23.11458206,100,21.62905121,100,21.62905121,100,22.32349586
2023/5/4 17:33,100,23.11458206,100,21.62905121,100,21.5567131,100,22.30902672
2023/5/4 17:34,100,23.11458206,100,21.62905121,100,21.5567131,100,22.30902672
2023/5/4 17:35,100,23.11458206,100,21.62905121,100,21.5567131,100,22.32349586
2023/5/4 17:36,100,23.11458206,100,21.62905121,100,21.54224586,100,22.30902672
2023/5/4 17:37,100,23.11458206,100,21.62905121,100,21.5567131,100,22.32349586
2023/5/4 17:38,100,23.11458206,100,21.62905121,100,21.5567131,100,22.30902672
2023/5/4 17:39,100,23.11458206,100,21.62905121,100,21.5567131,100,22.30902672
2023/5/4 17:40,100,23.11458206,100,21.62905121,100,21.5567131,100,22.30902672
2023/5/4 17:41,100,23.11458206,100,21.62905121,100,21.54224586,100,22.30902672
2023/5/4 17:42,100,23.11458206,100,21.62905121,100,21.5567131,100,22.30902672
2023/5/4 17:43,100,23.10011482,100,21.62905121,100,21.5567131,100,22.30902672
2023/5/4 17:44,100,23.11458206,100,21.62905121,100,21.5567131,100,22.30902672
2023/5/4 17:45,100,23.18692207,100,21.62905121,100,21.5567131,100,22.32349586
2023/5/4 17:46,100,23.11458206,100,21.62905121,100,21.5567131,100,22.30902672
2023/5/4 17:47,100,23.11458206,100,21.61458206,100,21.54224586,100,22.30902672
2023/5/4 17:48,100,23.11458206,100,21.62905121,100,21.5567131,100,22.30902672
2023/5/4 17:49,100,23.10011482,100,21.62905121,100,21.5567131,100,22.30902672
2023/5/4 17:50,100,23.11458206,100,21.62905121,100,21.5567131,100,22.32349586
2023/5/4 17:51,100,23.11458206,100,21.62905121,100,21.57118034,100,22.30902672
2023/5/4 17:52,100,23.11458206,100,21.62905121,100,21.54224586,100,22.32349586
2023/5/4 17:53,100,23.11458206,100,21.62905121,100,21.5567131,100,22.32349586
2023/5/4 17:54,100,23.11458206,100,21.62905121,100,21.61458206,100,22.30902672
2023/5/4 17:55,100,23.11458206,100,21.62905121,100,21.65798569,100,22.32349586
2023/5/4 17:56,100,23.11458206,100,21.61458206,100,21.64351845,100,22.30902672
2023/5/4 17:57,100,23.11458206,100,21.62905121,100,21.54224586,100,22.30902672
2023/5/4 17:58,100,23.11458206,100,21.62905121,100,21.5567131,100,22.32349586
2023/5/4 17:59,100,23.11458206,100,21.62905121,100,21.5567131,100,22.30902672
2023/5/4 18:00,100,23.11458206,100,21.62905121,100,21.60011482,100,22.30902672
2023/5/4 18:01,100,23.11458206,100,21.62905121,100,21.5567131,100,22.30902672
2023/5/4 18:02,100,23.11458206,100,21.62905121,100,21.64351845,100,22.30902672
2023/5/4 18:03,100,23.18692207,100,21.61458206,100,21.57118034,100,22.30902672
2023/5/4 18:04,100,23.11458206,100,21.62905121,100,21.60011482,100,22.32349586
2023/5/4 18:05,100,23.10011482,100,21.62905121,100,21.57118034,100,22.30902672
2023/5/4 18:06,100,23.21585655,100,21.62905121,100,21.54224586,100,22.30902672
2023/5/4 18:07,100,23.21585655,100,21.62905121,100,21.54224586,100,22.30902672
2023/5/4 18:08,100,23.21585655,100,21.61458206,100,21.65798569,100,22.30902672
2023/5/4 18:09,100,23.20138931,100,21.62905121,100,21.64351845,100,22.30902672
2023/5/4 18:10,100,23.17245293,100,21.61458206,100,21.57118034,100,22.32349586
2023/5/4 18:11,100,23.20138931,100,21.62905121,100,21.65798569,100,22.30902672
2023/5/4 18:12,100,23.17245293,100,21.62905121,100,21.65798569,100,22.30902672
2023/5/4 18:13,100,23.12905121,100,21.62905121,100,21.65798569,100,22.30902672
2023/5/4 18:14,100,23.21585655,100,21.62905121,100,21.57118034,100,22.30902672
2023/5/4 18:15,100,23.21585655,100,21.62905121,100,21.54224586,100,22.30902672
2023/5/4 18:16,100,23.20138931,100,21.62905121,100,21.54224586,100,22.30902672
2023/5/4 18:17,100,23.21585655,100,21.62905121,100,21.5567131,100,22.30902672
2023/5/4 18:18,100,23.20138931,100,21.62905121,100,21.5567131,100,22.30902672
2023/5/4 18:19,100,23.21585655,100,21.62905121,100,21.65798569,100,22.30902672
2023/5/4 18:20,100,23.14351845,100,21.62905121,100,21.65798569,100,22.30902672
2023/5/4 18:21,100,23.21585655,100,21.62905121,100,21.65798569,100,22.30902672
2023/5/4 18:22,100,23.17245293,100,21.62905121,100,21.65798569,100,22.30902672
2023/5/4 18:23,100,23.18692207,100,21.61458206,100,21.64351845,100,22.30902672
2023/5/4 18:24,100,23.17245293,100,21.62905121,100,21.65798569,100,22.32349586
2023/5/4 18:25,100,23.11458206,100,21.62905121,100,21.65798569,100,22.32349586
2023/5/4 18:26,100,23.21585655,100,21.62905121,100,21.64351845,100,22.30902672
2023/5/4 18:27,100,23.21585655,100,21.62905121,100,21.64351845,100,22.30902672
2023/5/4 18:28,100,23.21585655,100,21.62905121,100,21.64351845,100,22.30902672
2023/5/4 18:29,100,23.21585655,100,21.62905121,100,21.65798569,100,22.30902672
2023/5/4 18:30,100,23.21585655,100,21.62905121,100,21.5567131,100,22.30902672
2023/5/4 18:31,100,23.21585655,100,21.62905121,100,21.54224586,100,22.30902672
2023/5/4 18:32,100,23.21585655,100,21.62905121,100,21.5567131,100,22.30902672
2023/5/4 18:33,100,23.21585655,100,21.62905121,100,21.5567131,100,22.32349586
2023/5/4 18:34,100,23.21585655,100,21.62905121,100,21.5567131,100,22.30902672
2023/5/4 18:35,100,23.21585655,100,21.62905121,100,21.5567131,100,22.30902672
2023/5/4 18:36,100,23.21585655,100,21.62905121,100,21.64351845,100,22.32349586
2023/5/4 18:37,100,23.20138931,100,21.61458206,100,21.65798569,100,22.30902672
2023/5/4 18:38,100,23.21585655,100,21.62905121,100,21.64351845,100,22.30902672
2023/5/4 18:39,100,23.21585655,100,21.62905121,100,21.65798569,100,22.32349586
2023/5/4 18:40,100,23.21585655,100,21.62905121,100,21.58564758,100,22.32349586
2023/5/4 18:41,100,23.20138931,100,21.62905121,100,21.57118034,100,22.30902672
2023/5/4 18:42,100,23.21585655,100,21.62905121,100,21.57118034,100,22.32349586
2023/5/4 18:43,100,23.21585655,100,21.62905121,100,21.65798569,100,22.30902672
2023/5/4 18:44,100,23.21585655,100,21.62905121,100,21.61458206,100,22.30902672
2023/5/4 18:45,100,23.21585655,100,21.62905121,100,21.54224586,100,22.30902672
2023/5/4 18:46,100,23.21585655,100,21.62905121,100,21.5567131,100,22.32349586
2023/5/4 18:47,100,23.21585655,100,21.62905121,100,21.5567131,100,22.30902672
2023/5/4 18:48,100,23.21585655,100,21.62905121,100,21.5567131,100,22.30902672
2023/5/4 18:49,100,23.21585655,100,21.62905121,100,21.5567131,100,22.30902672
2023/5/4 18:50,100,23.21585655,100,21.62905121,100,21.5567131,100,22.30902672
2023/5/4 18:51,100,23.21585655,100,21.62905121,100,21.5567131,100,22.30902672
2023/5/4 18:52,100,23.21585655,100,21.62905121,100,21.65798569,100,22.30902672
2023/5/4 18:53,100,23.20138931,100,21.62905121,100,21.58564758,100,22.30902672
2023/5/4 18:54,100,23.21585655,100,21.62905121,100,21.5567131,100,22.30902672
2023/5/4 18:55,100,23.21585655,100,21.62905121,100,21.5567131,100,22.32349586
2023/5/4 18:56,100,23.21585655,100,21.62905121,100,21.5567131,100,22.30902672
2023/5/4 18:57,100,23.20138931,100,21.62905121,100,21.54224586,100,22.32349586
2023/5/4 18:58,100,23.21585655,100,21.62905121,100,21.54224586,100,22.30902672
2023/5/4 18:59,100,23.21585655,100,21.62905121,100,21.5567131,100,22.30902672
2023/5/4 19:00,100,23.21585655,100,21.62905121,100,21.60011482,100,22.30902672
2023/5/4 19:01,100,23.11458206,100,21.61458206,100,21.5567131,100,22.30902672
2023/5/4 19:02,100,23.17245293,100,21.62905121,100,21.54224586,100,22.32349586
2023/5/4 19:03,100,23.21585655,100,21.62905121,100,21.54224586,100,22.30902672
2023/5/4 19:04,100,23.21585655,100,21.62905121,100,21.5567131,100,22.30902672
2023/5/4 19:05,100,23.21585655,100,21.62905121,100,21.5567131,100,22.30902672
2023/5/4 19:06,100,23.21585655,100,21.61458206,100,21.54224586,100,22.30902672
2023/5/4 19:07,100,23.20138931,100,21.62905121,100,21.5567131,100,22.30902672
2023/5/4 19:08,100,23.21585655,100,21.62905121,100,21.54224586,100,22.30902672
2023/5/4 19:09,100,23.20138931,100,21.62905121,100,21.5567131,100,22.30902672
2023/5/4 19:10,100,23.21585655,100,21.62905121,100,21.54224586,100,22.32349586
2023/5/4 19:11,100,23.21585655,100,21.62905121,100,21.5567131,100,22.30902672
2023/5/4 19:12,100,23.20138931,100,21.61458206,100,21.54224586,100,22.32349586
2023/5/4 19:13,100,23.21585655,100,21.62905121,100,21.5567131,100,22.30902672
2023/5/4 19:14,100,23.21585655,100,21.62905121,100,21.5567131,100,22.30902672
2023/5/4 19:15,100,23.21585655,100,21.62905121,100,21.5567131,100,22.32349586
2023/5/4 19:16,100,23.20138931,100,21.62905121,100,21.5567131,100,22.30902672
2023/5/4 19:17,100,23.11458206,100,21.62905121,100,21.5567131,100,22.32349586
2023/5/4 19:18,100,23.21585655,100,21.62905121,100,21.5567131,100,22.32349586
2023/5/4 19:19,100,23.21585655,100,21.61458206,100,21.5567131,100,22.30902672
2023/5/4 19:20,100,23.21585655,100,21.62905121,100,21.54224586,100,22.30902672
2023/5/4 19:21,100,23.21585655,100,21.62905121,100,21.5567131,100,22.30902672
2023/5/4 19:22,100,23.17245293,100,21.61458206,100,21.54224586,100,22.30902672
2023/5/4 19:23,100,23.11458206,100,21.62905121,100,21.5567131,100,22.30902672
2023/5/4 19:24,100,23.14351845,100,21.61458206,100,21.5567131,100,22.30902672
2023/5/4 19:25,100,23.15798569,100,21.62905121,100,21.5567131,100,22.30902672
2023/5/4 19:26,100,23.21585655,100,21.62905121,100,21.5567131,100,22.30902672
2023/5/4 19:27,100,23.18692207,100,21.62905121,100,21.54224586,100,22.30902672
2023/5/4 19:28,100,23.20138931,100,21.62905121,100,21.5567131,100,22.30902672
2023/5/4 19:29,100,23.15798569,100,21.62905121,100,21.5567131,100,22.32349586
2023/5/4 19:30,100,23.21585655,100,21.62905121,100,21.5567131,100,22.30902672
2023/5/4 19:31,100,23.18692207,100,21.61458206,100,21.5567131,100,22.30902672
2023/5/4 19:32,100,23.11458206,100,21.62905121,100,21.54224586,100,22.30902672
2023/5/4 19:33,100,23.15798569,100,21.62905121,100,21.5567131,100,22.32349586
2023/5/4 19:34,100,23.11458206,100,21.62905121,100,21.5567131,100,22.30902672
2023/5/4 19:35,100,23.21585655,100,21.62905121,100,21.54224586,100,22.30902672
2023/5/4 19:36,100,23.18692207,100,21.61458206,100,21.54224586,100,22.32349586
2023/5/4 19:37,100,23.21585655,100,21.62905121,100,21.5567131,100,22.30902672
2023/5/4 19:38,100,23.11458206,100,21.62905121,100,21.54224586,100,22.32349586
2023/5/4 19:39,100,23.21585655,100,21.62905121,100,21.5567131,100,22.30902672
2023/5/4 19:40,100,23.20138931,100,21.5567131,100,21.5567131,100,22.30902672
2023/5/4 19:41,100,23.21585655,100,21.52777672,100,21.54224586,100,22.30902672
2023/5/4 19:42,100,23.21585655,100,21.52777672,100,21.5567131,100,22.32349586
2023/5/4 19:43,100,23.21585655,100,21.52777672,100,21.54224586,100,22.32349586
2023/5/4 19:44,100,23.21585655,100,21.54224586,100,21.54224586,100,22.30902672
2023/5/4 19:45,100,23.21585655,100,21.52777672,100,21.54224586,100,22.30902672
2023/5/4 19:46,100,23.21585655,100,21.52777672,100,21.54224586,100,22.30902672
2023/5/4 19:47,100,23.20138931,100,21.62905121,100,21.5567131,100,22.30902672
2023/5/4 19:48,100,23.21585655,100,21.54224586,100,21.54224586,100,22.32349586
2023/5/4 19:49,100,23.21585655,100,21.52777672,100,21.5567131,100,22.32349586
2023/5/4 19:50,100,23.21585655,100,21.52777672,100,21.54224586,100,22.30902672
2023/5/4 19:51,100,23.21585655,100,21.60011482,100,21.54224586,100,22.30902672
2023/5/4 19:52,100,23.21585655,100,21.62905121,100,21.5567131,100,22.30902672
2023/5/4 19:53,100,23.21585655,100,21.62905121,100,21.5567131,100,22.30902672
2023/5/4 19:54,100,23.21585655,100,21.61458206,100,21.5567131,100,22.32349586
2023/5/4 19:55,100,23.21585655,100,21.62905121,100,21.54224586,100,22.30902672
2023/5/4 19:56,100,23.20138931,100,21.62905121,100,21.54224586,100,22.30902672
2023/5/4 19:57,100,23.21585655,100,21.62905121,100,21.54224586,100,22.32349586
2023/5/4 19:58,100,23.21585655,100,21.62905121,100,21.5567131,100,22.32349586
2023/5/4 19:59,100,23.21585655,100,21.62905121,100,21.5567131,100,22.32349586
2023/5/4 20:00,100,23.21585655,100,21.62905121,100,21.5567131,100,22.30902672
2023/5/4 20:01,100,23.21585655,100,21.54224586,100,21.5567131,100,22.30902672
2023/5/4 20:02,100,23.21585655,100,21.62905121,100,21.54224586,100,22.30902672
2023/5/4 20:03,100,23.21585655,100,21.62905121,100,21.5567131,100,22.30902672
2023/5/4 20:04,100,23.21585655,100,21.62905121,100,21.5567131,100,22.32349586
2023/5/4 20:05,100,23.21585655,100,21.62905121,100,21.54224586,100,22.32349586
2023/5/4 20:06,100,23.21585655,100,21.62905121,100,21.5567131,100,22.30902672
2023/5/4 20:07,100,23.21585655,100,21.61458206,100,21.54224586,100,22.32349586
2023/5/4 20:08,100,23.20138931,100,21.62905121,100,21.5567131,100,22.30902672
2023/5/4 20:09,100,23.21585655,100,21.62905121,100,21.54224586,100,22.30902672
2023/5/4 20:10,100,23.21585655,100,21.62905121,100,21.5567131,100,22.30902672
2023/5/4 20:11,100,23.21585655,100,21.62905121,100,21.5567131,100,22.30902672
2023/5/4 20:12,100,23.21585655,100,21.62905121,100,21.5567131,100,22.30902672
2023/5/4 20:13,100,23.21585655,100,21.62905121,100,21.5567131,100,22.30902672
2023/5/4 20:14,100,23.21585655,100,21.62905121,100,21.5567131,100,22.30902672
2023/5/4 20:15,100,23.21585655,100,21.62905121,100,21.5567131,100,22.30902672
2023/5/4 20:16,100,23.21585655,100,21.62905121,100,21.54224586,100,22.32349586
2023/5/4 20:17,100,23.21585655,100,21.62905121,100,21.5567131,100,22.30902672
2023/5/4 20:18,100,23.21585655,100,21.62905121,100,21.5567131,100,22.30902672
2023/5/4 20:19,100,23.21585655,100,21.62905121,100,21.5567131,100,22.30902672
2023/5/4 20:20,100,23.21585655,100,21.62905121,100,21.54224586,100,22.30902672
2023/5/4 20:21,100,23.21585655,100,21.62905121,100,21.5567131,100,22.30902672
2023/5/4 20:22,100,23.21585655,100,21.62905121,100,21.5567131,100,22.30902672
2023/5/4 20:23,100,23.21585655,100,21.62905121,100,21.54224586,100,22.30902672
2023/5/4 20:24,100,23.21585655,100,21.61458206,100,21.5567131,100,22.30902672
2023/5/4 20:25,100,23.21585655,100,21.62905121,100,21.5567131,100,22.30902672
2023/5/4 20:26,100,23.21585655,100,21.62905121,100,21.5567131,100,22.30902672
2023/5/4 20:27,100,23.21585655,100,21.62905121,100,21.5567131,100,22.30902672
2023/5/4 20:28,100,23.21585655,100,21.61458206,100,21.54224586,100,22.30902672
2023/5/4 20:29,100,23.21585655,100,21.62905121,100,21.5567131,100,22.30902672
2023/5/4 20:30,100,23.21585655,100,21.62905121,100,21.54224586,100,22.32349586
2023/5/4 20:31,100,23.21585655,100,21.62905121,100,21.5567131,100,22.30902672
2023/5/4 20:32,100,23.21585655,100,21.62905121,100,21.54224586,100,22.32349586
2023/5/4 20:33,100,23.21585655,100,21.62905121,100,21.54224586,100,22.30902672
2023/5/4 20:34,100,23.21585655,100,21.62905121,100,21.5567131,100,22.30902672
2023/5/4 20:35,100,23.21585655,100,21.62905121,100,21.5567131,100,22.30902672
2023/5/4 20:36,100,23.20138931,100,21.62905121,100,21.54224586,100,22.30902672
2023/5/4 20:37,100,23.21585655,100,21.62905121,100,21.54224586,100,22.30902672
2023/5/4 20:38,100,23.21585655,100,21.62905121,100,21.54224586,100,22.30902672
2023/5/4 20:39,100,23.21585655,100,21.62905121,100,21.54224586,100,22.30902672
2023/5/4 20:40,100,23.20138931,100,21.61458206,100,21.5567131,100,22.30902672
2023/5/4 20:41,100,23.21585655,100,21.62905121,100,21.5567131,100,22.30902672
2023/5/4 20:42,100,23.21585655,100,21.61458206,100,21.54224586,100,22.30902672
2023/5/4 20:43,100,23.21585655,100,21.62905121,100,21.54224586,100,22.30902672
2023/5/4 20:44,100,23.21585655,100,21.62905121,100,21.54224586,100,22.30902672
2023/5/4 20:45,100,23.21585655,100,21.61458206,100,21.5567131,100,22.30902672
2023/5/4 20:46,100,23.21585655,100,21.62905121,100,21.54224586,100,22.30902672
2023/5/4 20:47,100,23.21585655,100,21.62905121,100,21.57118034,100,22.32349586
2023/5/4 20:48,100,23.21585655,100,21.62905121,100,21.54224586,100,22.30902672
2023/5/4 20:49,100,23.21585655,100,21.62905121,100,21.5567131,100,22.30902672
2023/5/4 20:50,100,23.21585655,100,21.62905121,100,21.54224586,100,22.30902672
2023/5/4 20:51,100,23.21585655,100,21.62905121,100,21.5567131,100,22.32349586
2023/5/4 20:52,100,23.21585655,100,21.61458206,100,21.54224586,100,22.30902672
2023/5/4 20:53,100,23.21585655,100,21.62905121,100,21.54224586,100,22.30902672
2023/5/4 20:54,100,23.21585655,100,21.61458206,100,21.5567131,100,22.32349586
2023/5/4 20:55,100,23.21585655,100,21.62905121,100,21.54224586,100,22.30902672
2023/5/4 20:56,100,23.20138931,100,21.58564758,100,21.54224586,100,22.32349586
2023/5/4 20:57,100,23.21585655,100,21.52777672,100,21.54224586,100,22.30902672
2023/5/4 20:58,100,23.11458206,100,21.52777672,100,21.5567131,100,22.30902672
2023/5/4 20:59,100,23.11458206,100,21.52777672,100,21.54224586,100,22.30902672
2023/5/4 21:00,100,23.11458206,100,21.49884224,100,21.44097328,100,22.30902672
2023/5/4 21:01,100,23.01330948,100,21.42650414,100,21.44097328,100,22.22222328
2023/5/4 21:02,100,23.01330948,100,21.42650414,100,21.35416794,100,22.22222328
2023/5/4 21:03,100,23.01330948,100,21.32523155,100,21.25289345,100,22.22222328
2023/5/4 21:04,100,22.9120369,100,21.22395706,100,21.13715172,100,22.10648155
2023/5/4 21:05,100,22.81076431,100,21.22395706,100,21.15162086,100,22.01967621
2023/5/4 21:06,100,22.81076431,100,21.12268448,100,21.05034828,100,22.01967621
2023/5/4 21:07,100,22.70948982,100,21.0214119,98.55162048,20.94907379,69.05832672,21.91840172
2023/5/4 21:08,100,22.62268448,100,21.0214119,90.52448273,20.84780121,0,21.91840172
2023/5/4 21:09,100,22.62268448,93.20406342,20.92013931,76.7329483,20.83333206,0,21.81712914
2023/5/4 21:10,100,22.60821724,79.57723999,20.83333206,62.95433426,20.84780121,0,21.81712914
2023/5/4 21:11,100,22.50694466,58.87188721,20.71759224,43.1709938,20.74652672,0,21.81712914
2023/5/4 21:12,100,22.50694466,32.51655579,20.61631966,16.87213707,20.64525414,0,21.61458206
2023/5/4 21:13,100,22.42013931,0,20.61631966,0,20.55844879,0,21.61458206
2023/5/4 21:14,100,22.40567207,0,20.52951431,0,20.54398155,0,21.61458206
2023/5/4 21:15,100,22.31886482,0,20.52951431,0,20.44270706,0,21.61458206
2023/5/4 21:16,100,22.30439758,0,20.52951431,0,20.44270706,0,21.61458206
2023/5/4 21:17,100,22.21759224,0,20.52951431,0,20.44270706,0,21.61458206
2023/5/4 21:18,100,22.21759224,0,20.52951431,0,20.42823982,0,21.61458206
2023/5/4 21:19,100,22.21759224,0,20.52951431,0,20.44270706,0,21.61458206
2023/5/4 21:20,100,22.21759224,0,20.52951431,0,20.44270706,0,21.61458206
2023/5/4 21:21,100,22.203125,0,20.52951431,0,20.44270706,0,21.61458206
2023/5/4 21:22,100,22.10185242,0,20.52951431,0,20.44270706,0,21.61458206
2023/5/4 21:23,100,22.11631966,0,20.52951431,0,20.44270706,0,21.61458206
2023/5/4 21:24,100,22.11631966,0,20.52951431,0,20.54398155,0,21.61458206
2023/5/4 21:25,100,22.11631966,0,20.52951431,0,20.54398155,0,21.61458206
2023/5/4 21:26,100,22.11631966,0,20.52951431,0,20.54398155,0,21.61458206
2023/5/4 21:27,100,22.11631966,0,20.52951431,0,20.54398155,0,21.61458206
2023/5/4 21:28,100,22.11631966,0,20.52951431,0,20.54398155,0,21.60011482
2023/5/4 21:29,100,22.11631966,0,20.52951431,0,20.54398155,0,21.61458206
2023/5/4 21:30,100,22.11631966,0,20.52951431,0,20.54398155,0,21.61458206
2023/5/4 21:31,100,22.11631966,0,20.52951431,0,20.54398155,0,21.61458206
2023/5/4 21:32,100,22.01504707,0,20.52951431,0,20.55844879,0,21.61458206
2023/5/4 21:33,100,22.01504707,0,20.51504707,0,20.54398155,0,21.61458206
2023/5/4 21:34,100,22.01504707,0,20.52951431,0,20.54398155,0,21.61458206
2023/5/4 21:35,100,22.01504707,0,20.52951431,0,20.54398155,0,21.61458206
2023/5/4 21:36,100,22.01504707,0,20.52951431,0,20.54398155,0,21.61458206
2023/5/4 21:37,100,21.98611069,0,20.52951431,0,20.44270706,0,21.61458206
2023/5/4 21:38,100,21.91377258,0,20.52951431,0,20.44270706,0,21.61458206
2023/5/4 21:39,100,21.91377258,0,20.52951431,0,20.44270706,0,21.61458206
2023/5/4 21:40,100,21.91377258,0,20.52951431,0,20.44270706,0,21.61458206
2023/5/4 21:41,100,21.91377258,0,20.51504707,0,20.44270706,0,21.61458206
2023/5/4 21:42,100,21.89930534,0,20.52951431,0,20.44270706,0,21.61458206
2023/5/4 21:43,100,21.91377258,0,20.52951431,0,20.44270706,0,21.61458206
2023/5/4 21:44,100,21.91377258,0,20.52951431,0,20.44270706,0,21.61458206
2023/5/4 21:45,100,21.91377258,0,20.52951431,0,20.44270706,0,21.61458206
2023/5/4 21:46,100,21.8125,0,20.42823982,0,20.44270706,0,21.61458206
2023/5/4 21:47,100,21.8125,0,20.42823982,0,20.44270706,0,21.61458206
2023/5/4 21:48,100,21.8125,0,20.42823982,0,20.44270706,0,21.61458206
2023/5/4 21:49,100,21.8125,0,20.42823982,0,20.44270706,0,21.61458206
2023/5/4 21:50,100,21.8125,0,20.42823982,0,20.44270706,0,21.61458206
2023/5/4 21:51,100,21.75462914,0,20.42823982,0,20.44270706,0,21.61458206
2023/5/4 21:52,100,21.71122742,0,20.42823982,0,20.44270706,0,21.61458206
2023/5/4 21:53,100,21.71122742,0,20.42823982,0,20.44270706,0,21.61458206
2023/5/4 21:54,100,21.71122742,0,20.42823982,0,20.34143448,0,21.61458206
2023/5/4 21:55,100,21.71122742,0,20.41377258,0,20.35590172,0,21.51330948
2023/5/4 21:56,100,21.71122742,0,20.42823982,0,20.34143448,0,21.51330948
2023/5/4 21:57,100,21.71122742,0,20.42823982,0,20.35590172,0,21.51330948
2023/5/4 21:58,100,21.71122742,0,20.42823982,0,20.35590172,0,21.51330948
2023/5/4 21:59,100,21.66782379,0,20.42823982,0,20.34143448,0,21.51330948
2023/5/4 22:00,100,21.60995293,0,20.42823982,0,20.35590172,0,21.51330948
2023/5/4 22:01,100,21.60995293,0,20.42823982,0,20.34143448,0,21.51330948
2023/5/4 22:02,100,21.60995293,0,20.42823982,0,20.35590172,0,21.51330948
2023/5/4 22:03,100,21.60995293,0,20.42823982,0,20.35590172,0,21.51330948
2023/5/4 22:04,100,21.60995293,0,20.42823982,0,20.35590172,0,21.51330948
2023/5/4 22:05,100,21.60995293,0,20.42823982,0,20.35590172,0,21.51330948
2023/5/4 22:06,100,21.60995293,0,20.32696724,0,20.35590172,0,21.51330948
2023/5/4 22:07,100,21.60995293,0,20.32696724,0,20.35590172,0,21.51330948
2023/5/4 22:08,100,21.60995293,0,20.3125,0,20.35590172,0,21.51330948
2023/5/4 22:09,100,21.50868034,0,20.32696724,0,20.34143448,0,21.51330948
2023/5/4 22:10,100,21.50868034,0,20.32696724,0,20.25462914,0,21.4120369
2023/5/4 22:11,100,21.50868034,0,20.32696724,0,20.34143448,0,21.4120369
2023/5/4 22:12,100,21.50868034,0,20.32696724,0,20.25462914,0,21.4120369
2023/5/4 22:13,100,21.50868034,0,20.32696724,0,20.25462914,0,21.4120369
2023/5/4 22:14,100,21.50868034,0,20.32696724,0,20.25462914,0,21.4120369
2023/5/4 22:15,100,21.50868034,0,20.32696724,0,20.25462914,0,21.4120369
2023/5/4 22:16,100,21.50868034,0,20.32696724,0,20.25462914,0,21.4120369
2023/5/4 22:17,100,21.50868034,0,20.32696724,0,20.25462914,0,21.42650414
2023/5/4 22:18,100,21.50868034,0,20.32696724,0,20.25462914,0,21.4120369
2023/5/4 22:19,100,21.50868034,0,20.3125,0,20.25462914,0,21.42650414
2023/5/4 22:20,100,21.50868034,0,20.32696724,0,20.25462914,0,21.4120369
2023/5/4 22:21,100,21.50868034,0,20.22569466,0,20.25462914,0,21.4120369
2023/5/4 22:22,100,21.421875,0,20.22569466,0,20.25462914,0,21.42650414
2023/5/4 22:23,100,21.40740776,0,20.22569466,0,20.25462914,0,21.42650414
2023/5/4 22:24,100,21.421875,0,20.22569466,0,20.2401619,0,21.42650414
2023/5/4 22:25,100,21.40740776,0,20.21122742,0,20.25462914,0,21.4120369
2023/5/4 22:26,100,21.421875,0,20.22569466,0,20.25462914,0,21.42650414
2023/5/4 22:27,100,21.421875,0,20.22569466,0,20.25462914,0,21.42650414
2023/5/4 22:28,100,21.40740776,0,20.22569466,0,20.25462914,0,21.32523155
2023/5/4 22:29,100,21.421875,0,20.22569466,0,20.15335655,0,21.36863518
2023/5/4 22:30,100,21.421875,0,20.22569466,0,20.15335655,0,21.35416794
2023/5/4 22:31,100,21.421875,0,20.22569466,0,20.22569466,0,21.4120369
2023/5/4 22:32,100,21.40740776,0,20.22569466,0,20.15335655,0,21.36863518
2023/5/4 22:33,100,21.40740776,0,20.22569466,0,20.18229294,0,21.32523155
2023/5/4 22:34,100,21.32060242,0,20.22569466,0,20.15335655,0,21.32523155
2023/5/4 22:35,100,21.32060242,0,20.22569466,0,20.15335655,0,21.31076431
2023/5/4 22:36,100,21.32060242,0,20.22569466,0,20.15335655,0,21.31076431
2023/5/4 22:37,100,21.32060242,0,20.22569466,0,20.15335655,0,21.32523155
2023/5/4 22:38,100,21.30613518,0,20.22569466,0,20.15335655,0,21.32523155
2023/5/4 22:39,100,21.32060242,0,20.22569466,0,20.15335655,0,21.31076431
2023/5/4 22:40,100,21.32060242,0,20.22569466,0,20.15335655,0,21.31076431
2023/5/4 22:41,100,21.32060242,0,20.22569466,0,20.15335655,0,21.32523155
2023/5/4 22:42,100,21.32060242,0,20.21122742,0,20.15335655,0,21.32523155
2023/5/4 22:43,100,21.32060242,0,20.22569466,0,20.15335655,0,21.32523155
2023/5/4 22:44,100,21.30613518,0,20.21122742,0,20.13888931,0,21.32523155
2023/5/4 22:45,100,21.32060242,0,20.22569466,0,20.15335655,0,21.32523155
2023/5/4 22:46,100,21.32060242,0,20.22569466,0,20.15335655,0,21.32523155
2023/5/4 22:47,100,21.32060242,0,20.22569466,0,20.15335655,0,21.32523155
2023/5/4 22:48,100,21.32060242,0,20.22569466,0,20.15335655,0,21.31076431
2023/5/4 22:49,100,21.32060242,0,20.22569466,0,20.15335655,0,21.31076431
2023/5/4 22:50,100,21.30613518,0,20.22569466,0,20.15335655,0,21.32523155
2023/5/4 22:51,100,21.32060242,0,20.21122742,0,20.15335655,0,21.31076431
2023/5/4 22:52,100,21.32060242,0,20.19676018,0,20.15335655,0,21.26736069
2023/5/4 22:53,100,21.32060242,0,20.10995293,0,20.15335655,0,21.22395706
2023/5/4 22:54,100,21.30613518,0,20.12442207,0,20.15335655,0,21.32523155
2023/5/4 22:55,100,21.32060242,0,20.12442207,0,20.15335655,0,21.22395706
2023/5/4 22:56,100,21.32060242,0,20.12442207,0,20.15335655,0,21.20948982
2023/5/4 22:57,100,21.32060242,0,20.12442207,0,20.15335655,0,21.22395706
2023/5/4 22:58,100,21.32060242,0,20.12442207,0,20.13888931,0,21.22395706
2023/5/4 22:59,100,21.30613518,0,20.12442207,0,20.15335655,0,21.25289345
2023/5/4 23:00,100,21.29166794,0,20.12442207,0,20.15335655,0,21.20948982
2023/5/4 23:01,100,21.32060242,0,20.12442207,0,20.12442207,0,21.22395706
2023/5/4 23:02,100,21.26273155,0,20.12442207,0,20.15335655,0,21.22395706
2023/5/4 23:03,100,21.30613518,0,20.12442207,0,20.15335655,0,21.22395706
2023/5/4 23:04,100,21.21932793,0,20.12442207,0,20.05208206,0,21.22395706
2023/5/4 23:05,100,21.21932793,0,20.12442207,0,20.05208206,0,21.22395706
2023/5/4 23:06,100,21.21932793,0,20.12442207,0,20.05208206,0,21.22395706
2023/5/4 23:07,100,21.21932793,0,20.12442207,0,20.05208206,0,21.22395706
2023/5/4 23:08,100,21.20486069,0,20.12442207,0,20.05208206,0,21.22395706
2023/5/4 23:09,100,21.21932793,0,20.12442207,0,20.05208206,0,21.22395706
2023/5/4 23:10,100,21.21932793,0,20.12442207,0,20.05208206,0,21.22395706
2023/5/4 23:11,100,21.21932793,0,20.10995293,0,20.05208206,0,21.22395706
2023/5/4 23:12,100,21.21932793,0,20.12442207,0,20.05208206,0,21.22395706
2023/5/4 23:13,100,21.20486069,0,20.12442207,0,20.05208206,0,21.22395706
2023/5/4 23:14,100,21.21932793,0,20.12442207,0,20.05208206,0,21.22395706
2023/5/4 23:15,100,21.21932793,0,20.12442207,0,20.05208206,0,21.20948982
2023/5/4 23:16,100,21.21932793,0,20.12442207,0,20.05208206,0,21.22395706
2023/5/4 23:17,100,21.20486069,0,20.12442207,0,20.05208206,0,21.22395706
2023/5/4 23:18,100,21.21932793,0,20.08101845,0,20.05208206,0,21.22395706
2023/5/4 23:19,100,21.21932793,0,20.02314758,0,20.05208206,0,21.22395706
2023/5/4 23:20,100,21.21932793,0,20.03761482,0,20.05208206,0,21.22395706
2023/5/4 23:21,100,21.20486069,0,20.12442207,0,20.05208206,0,21.22395706
2023/5/4 23:22,100,21.21932793,0,20.09548569,0,20.05208206,0,21.22395706
2023/5/4 23:23,100,21.21932793,0,20.12442207,0,20.05208206,0,21.22395706
2023/5/4 23:24,100,21.21932793,0,20.02314758,0,20.05208206,0,21.22395706
2023/5/4 23:25,100,21.20486069,0,20.02314758,0,20.05208206,0,21.20948982
2023/5/4 23:26,100,21.21932793,0,20.02314758,0,20.05208206,0,21.22395706
2023/5/4 23:27,100,21.21932793,0,20.02314758,0,20.05208206,0,21.22395706
2023/5/4 23:28,100,21.21932793,0,20.02314758,0,20.05208206,0,21.20948982
2023/5/4 23:29,100,21.21932793,0,20.00868034,0,20.05208206,0,21.20948982
2023/5/4 23:30,100,21.21932793,0,20.02314758,0,20.05208206,0,21.20948982
2023/5/4 23:31,100,21.20486069,0,20.02314758,0,20.05208206,0,21.22395706
2023/5/4 23:32,100,21.21932793,0,20.02314758,0,20.05208206,0,21.22395706
2023/5/4 23:33,100,21.21932793,0,20.02314758,0,20.05208206,0,21.22395706
2023/5/4 23:34,100,21.21932793,0,20.02314758,0,20.05208206,0,21.22395706
2023/5/4 23:35,100,21.20486069,0,20.02314758,0,20.05208206,0,21.22395706
2023/5/4 23:36,100,21.21932793,0,20.02314758,0,20.03761482,0,21.22395706
2023/5/4 23:37,100,21.21932793,0,20.02314758,0,20.05208206,0,21.22395706
2023/5/4 23:38,100,21.21932793,0,20.02314758,0,20.03761482,0,21.22395706
2023/5/4 23:39,100,21.20486069,0,20.02314758,0,20.05208206,0,21.12268448
2023/5/4 23:40,100,21.20486069,0,20.02314758,0,20.05208206,0,21.12268448
2023/5/4 23:41,100,21.21932793,0,20.02314758,0,20.05208206,0,21.12268448
2023/5/4 23:42,100,21.21932793,0,20.02314758,0,20.05208206,0,21.12268448
2023/5/4 23:43,100,21.20486069,0,20.02314758,0,20.05208206,0,21.10821724
2023/5/4 23:44,100,21.21932793,0,20.02314758,0,20.05208206,0,21.12268448
2023/5/4 23:45,100,21.21932793,0,20.02314758,0,20.05208206,0,21.12268448
2023/5/4 23:46,100,21.21932793,0,20.02314758,0,20.05208206,0,21.12268448
2023/5/4 23:47,100,21.21932793,0,20.02314758,0,20.05208206,0,21.10821724
2023/5/4 23:48,100,21.21932793,0,20.02314758,0,20.05208206,0,21.12268448
2023/5/4 23:49,100,21.20486069,0,20.02314758,0,20.05208206,0,21.12268448
2023/5/4 23:50,100,21.21932793,0,20.02314758,0,20.05208206,0,21.12268448
2023/5/4 23:51,100,21.21932793,0,20.02314758,0,20.03761482,0,21.12268448
2023/5/4 23:52,100,21.21932793,0,20.02314758,0,20.05208206,0,21.12268448
2023/5/4 23:53,100,21.21932793,0,20.02314758,0,20.05208206,0,21.12268448
2023/5/4 23:54,100,21.11805534,0,20.02314758,0,20.05208206,0,21.12268448
2023/5/4 23:55,100,21.11805534,0,20.02314758,0,20.05208206,0,21.12268448
2023/5/4 23:56,100,21.11805534,0,19.921875,0,20.03761482,0,21.12268448
2023/5/4 23:57,100,21.1035881,0,20.02314758,0,20.05208206,0,21.12268448
2023/5/4 23:58,100,21.11805534,0,19.9942131,0,20.05208206,0,21.10821724
2023/5/4 23:59,100,21.11805534,0,20.02314758,0,20.05208206,0,21.12268448
2023/5/5 0:00,100,21.11805534,0,20.02314758,0,20.05208206,0,21.05034828
2023/5/5 0:01,100,21.11805534,0,20.02314758,0,20.05208206,0,21.12268448
2023/5/5 0:02,100,21.11805534,0,19.9942131,0,20.05208206,0,21.10821724
2023/5/5 0:03,100,21.1035881,0,19.921875,0,20.05208206,0,21.0214119
2023/5/5 0:04,100,21.11805534,0,19.921875,0,20.05208206,0,21.0214119
2023/5/5 0:05,100,21.11805534,0,19.921875,0,20.05208206,0,21.09375
2023/5/5 0:06,100,21.11805534,0,19.921875,0,20.05208206,0,21.10821724
2023/5/5 0:07,100,21.11805534,0,19.921875,0,20.05208206,0,21.06481552
2023/5/5 0:08,100,21.11805534,0,19.921875,0,20.05208206,0,21.0214119
2023/5/5 0:09,100,21.11805534,0,19.921875,0,20.05208206,0,21.0214119
2023/5/5 0:10,100,21.1035881,0,19.921875,0,20.05208206,0,21.0214119
2023/5/5 0:11,100,21.11805534,0,19.921875,0,20.05208206,0,21.0214119
2023/5/5 0:12,100,21.11805534,0,19.921875,0,20.03761482,0,21.12268448
2023/5/5 0:13,100,21.11805534,0,19.921875,0,20.02314758,0,21.12268448
2023/5/5 0:14,100,21.11805534,0,19.921875,0,20.03761482,0,21.0214119
2023/5/5 0:15,100,21.11805534,0,19.921875,0,20.00868034,0,21.0214119
2023/5/5 0:16,100,21.11805534,0,19.921875,0,19.93634224,0,21.0214119
2023/5/5 0:17,100,21.11805534,0,19.921875,0,20.05208206,0,21.0214119
2023/5/5 0:18,100,21.06018448,0,19.921875,0,19.95080948,0,21.0214119
2023/5/5 0:19,100,21.01678276,0,19.921875,0,19.93634224,0,21.0214119
2023/5/5 0:20,100,21.01678276,0,19.921875,0,19.95080948,0,21.0214119
2023/5/5 0:21,100,21.01678276,0,19.921875,0,19.93634224,0,21.0214119
2023/5/5 0:22,100,21.1035881,0,19.921875,0,19.95080948,0,21.0214119
2023/5/5 0:23,100,21.11805534,0,19.921875,0,19.95080948,0,21.0214119
2023/5/5 0:24,100,21.11805534,0,19.921875,0,19.95080948,0,21.0214119
2023/5/5 0:25,100,21.11805534,0,19.921875,0,19.95080948,0,21.0214119
2023/5/5 0:26,100,21.11805534,0,19.921875,0,19.95080948,0,21.0214119
2023/5/5 0:27,100,21.01678276,0,19.921875,0,19.95080948,0,21.0214119
2023/5/5 0:28,100,21.11805534,0,19.921875,0,19.95080948,0,21.0214119
2023/5/5 0:29,100,21.11805534,0,19.921875,0,19.95080948,0,21.0214119
2023/5/5 0:30,100,21.01678276,0,19.921875,0,19.93634224,0,21.00694466
2023/5/5 0:31,100,21.01678276,0,19.921875,0,19.95080948,0,21.0214119
2023/5/5 0:32,100,21.01678276,0,19.921875,0,19.95080948,0,21.0214119
2023/5/5 0:33,100,21.01678276,0,19.921875,0,19.95080948,0,21.0214119
2023/5/5 0:34,100,21.01678276,0,19.921875,0,19.95080948,0,21.0214119
2023/5/5 0:35,100,21.01678276,0,19.921875,0,19.93634224,0,21.0214119
2023/5/5 0:36,100,21.01678276,0,19.921875,0,19.95080948,0,21.0214119
2023/5/5 0:37,100,21.01678276,0,19.921875,0,19.95080948,0,21.0214119
2023/5/5 0:38,100,21.01678276,0,19.90740776,0,19.95080948,0,21.0214119
2023/5/5 0:39,100,21.01678276,0,19.921875,0,19.95080948,0,21.0214119
2023/5/5 0:40,100,21.01678276,0,19.921875,0,19.95080948,0,21.0214119
2023/5/5 0:41,100,21.01678276,0,19.8495369,0,19.95080948,0,21.00694466
2023/5/5 0:42,100,21.01678276,0,19.8495369,0,19.95080948,0,21.0214119
2023/5/5 0:43,100,21.01678276,0,19.90740776,0,19.95080948,0,21.0214119
2023/5/5 0:44,100,21.01678276,0,19.82060242,0,19.95080948,0,21.0214119
2023/5/5 0:45,100,21.01678276,0,19.90740776,0,19.95080948,0,21.0214119
2023/5/5 0:46,100,21.01678276,0,19.87847328,0,19.95080948,0,21.00694466
2023/5/5 0:47,100,21.01678276,0,19.82060242,0,19.95080948,0,21.0214119
2023/5/5 0:48,100,21.01678276,0,19.82060242,0,19.95080948,0,21.0214119
2023/5/5 0:49,100,21.01678276,0,19.82060242,0,19.95080948,0,21.0214119
2023/5/5 0:50,100,21.01678276,0,19.82060242,0,19.95080948,0,21.0214119
2023/5/5 0:51,100,21.01678276,0,19.82060242,0,19.95080948,0,21.0214119
2023/5/5 0:52,100,21.01678276,0,19.82060242,0,19.95080948,0,21.0214119
2023/5/5 0:53,100,21.01678276,0,19.82060242,0,19.95080948,0,21.0214119
2023/5/5 0:54,100,21.01678276,0,19.82060242,0,19.95080948,0,21.0214119
2023/5/5 0:55,100,21.01678276,0,19.82060242,0,19.95080948,0,21.0214119
2023/5/5 0:56,100,21.00231552,0,19.82060242,0,19.95080948,0,21.0214119
2023/5/5 0:57,100,21.01678276,0,19.82060242,0,19.95080948,0,21.0214119
2023/5/5 0:58,100,21.01678276,0,19.82060242,0,19.95080948,0,21.0214119
2023/5/5 0:59,100,21.01678276,0,19.82060242,0,19.95080948,0,21.0214119
2023/5/5 1:00,100,21.01678276,0,19.82060242,0,19.95080948,0,21.0214119
2023/5/5 1:01,99.0654068,20.98784828,0,19.82060242,0,19.95080948,0,21.00694466
2023/5/5 1:02,93.22210693,20.91551018,0,19.82060242,0,19.8495369,0,21.0214119
2023/5/5 1:03,87.55603027,20.91551018,0,19.82060242,0,19.86400414,0,21.0214119
2023/5/5 1:04,80.03962708,20.91551018,0,19.82060242,0,19.8495369,0,21.0214119
2023/5/5 1:05,72.68240356,20.90104294,0,19.82060242,0,19.87847328,0,20.90567207
2023/5/5 1:06,65.1662674,20.91551018,0,19.82060242,0,19.8495369,0,20.92013931
2023/5/5 1:07,60.02008438,20.91551018,0,19.82060242,0,19.8495369,0,20.92013931
2023/5/5 1:08,52.29390335,20.91551018,0,19.82060242,0,19.8495369,0,20.90567207
2023/5/5 1:09,46.24264908,20.91551018,0,19.82060242,0,19.8495369,0,20.92013931
2023/5/5 1:10,38.95043564,20.91551018,0,19.82060242,0,19.87847328,0,20.92013931
2023/5/5 1:11,31.73254204,20.91551018,0,19.82060242,0,19.8495369,0,20.92013931
2023/5/5 1:12,29.65525055,20.91551018,0,19.82060242,0,19.8495369,0,20.92013931
2023/5/5 1:13,25.68127441,20.94444466,0,19.82060242,0,19.8495369,0,20.92013931
2023/5/5 1:14,21.14383316,21.01678276,0,19.82060242,0,19.95080948,0,20.92013931
2023/5/5 1:15,22.53082275,21.01678276,0,19.82060242,0,19.95080948,0,20.92013931
2023/5/5 1:16,23.89368248,21.01678276,0,19.82060242,0,19.95080948,0,20.92013931
2023/5/5 1:17,25.27979279,21.01678276,0,19.82060242,0,19.95080948,0,20.92013931
2023/5/5 1:18,26.66438866,21.01678276,0,19.82060242,0,19.95080948,0,20.92013931
2023/5/5 1:19,28.02673721,21.01678276,0,19.83506966,0,19.95080948,0,20.92013931
2023/5/5 1:20,29.40111542,21.01678276,0,19.8495369,0,19.95080948,0,20.90567207
2023/5/5 1:21,30.75680351,21.01678276,0,19.82060242,0,19.95080948,0,20.96354294
2023/5/5 1:22,32.11966705,21.01678276,0,19.921875,0,19.95080948,0,21.0214119
2023/5/5 1:23,33.5078125,21.01678276,0,19.921875,0,19.95080948,0,21.00694466
2023/5/5 1:24,35.85046768,21.01678276,0,19.921875,0,20.00868034,0,20.99247742
2023/5/5 1:25,39.4875145,21.06018448,0,19.921875,0,20.00868034,0,20.96354294
2023/5/5 1:26,45.95098877,21.11805534,0,19.921875,0,20.05208206,0,21.0214119
2023/5/5 1:27,56.37883759,21.11805534,0,19.921875,0,20.05208206,0,21.00694466
2023/5/5 1:28,66.6533432,21.11805534,0,19.921875,0,20.03761482,0,21.0214119
2023/5/5 1:29,77.07554626,21.11805534,0,19.921875,0,20.05208206,0,21.0214119
2023/5/5 1:30,87.50747681,21.11805534,0,19.921875,0,20.05208206,0,21.0214119
2023/5/5 1:31,97.9517746,21.1035881,0,19.921875,0,20.03761482,0,21.0214119
2023/5/5 1:32,100,21.11805534,0,19.921875,0,20.05208206,0,21.0214119
2023/5/5 1:33,100,21.11805534,0,19.921875,0,20.03761482,0,21.0214119
2023/5/5 1:34,100,21.11805534,0,19.921875,0,20.05208206,0,21.0214119
2023/5/5 1:35,100,21.11805534,0,19.921875,0,20.05208206,0,21.0214119
2023/5/5 1:36,100,21.11805534,0,19.921875,0,20.05208206,0,21.0214119
2023/5/5 1:37,100,21.11805534,0,19.921875,0,20.05208206,0,21.0214119
2023/5/5 1:38,100,21.11805534,0,19.921875,0,19.95080948,0,21.0214119
2023/5/5 1:39,100,21.03125,0,19.921875,0,19.95080948,0,21.0214119
2023/5/5 1:40,100,21.11805534,0,19.921875,0,19.95080948,0,21.0214119
2023/5/5 1:41,100,21.11805534,0,19.921875,0,19.95080948,0,21.0214119
2023/5/5 1:42,100,21.11805534,0,19.921875,0,19.95080948,0,21.0214119
2023/5/5 1:43,100,21.01678276,0,19.921875,0,19.95080948,0,21.0214119
2023/5/5 1:44,100,21.01678276,0,19.82060242,0,19.95080948,0,21.00694466
2023/5/5 1:45,100,21.01678276,0,19.82060242,0,19.95080948,0,21.0214119
2023/5/5 1:46,100,21.01678276,0,19.82060242,0,19.95080948,0,21.0214119
2023/5/5 1:47,100,21.01678276,0,19.82060242,0,19.95080948,0,21.0214119
2023/5/5 1:48,100,21.01678276,0,19.82060242,0,19.95080948,0,20.99247742
2023/5/5 1:49,100,21.01678276,0,19.82060242,0,19.95080948,0,20.90567207
2023/5/5 1:50,100,21.01678276,0,19.82060242,0,19.95080948,0,20.96354294
2023/5/5 1:51,100,21.01678276,0,19.82060242,0,19.95080948,0,20.93460655
2023/5/5 1:52,100,21.01678276,0,19.82060242,0,19.95080948,0,20.92013931
2023/5/5 1:53,100,21.01678276,0,19.82060242,0,19.95080948,0,21.0214119
2023/5/5 1:54,100,21.01678276,0,19.82060242,0,19.95080948,0,21.0214119
2023/5/5 1:55,100,21.01678276,0,19.82060242,0,19.8495369,0,20.93460655
2023/5/5 1:56,100,21.01678276,0,19.82060242,0,19.8495369,0,21.00694466
2023/5/5 1:57,100,21.01678276,0,19.82060242,0,19.95080948,0,20.92013931
2023/5/5 1:58,100,21.01678276,0,19.82060242,0,19.921875,0,20.92013931
2023/5/5 1:59,97.63235474,20.91551018,0,19.82060242,0,19.8495369,0,20.92013931
2023/5/5 2:00,90.2542572,20.91551018,0,19.82060242,0,19.8495369,0,20.92013931
2023/5/5 2:01,83.76106262,20.91551018,0,19.82060242,0,19.8495369,0,20.92013931
2023/5/5 2:02,76.30374908,20.91551018,0,19.82060242,0,19.8495369,0,20.92013931
2023/5/5 2:03,68.6055603,20.91551018,0,19.82060242,0,19.8495369,0,20.92013931
2023/5/5 2:04,60.89412308,20.91551018,0,19.82060242,0,19.8495369,0,20.92013931
2023/5/5 2:05,53.27936935,20.91551018,0,19.82060242,0,19.8495369,0,20.92013931
2023/5/5 2:06,45.57810974,20.91551018,0,19.82060242,0,19.8495369,0,20.92013931
2023/5/5 2:07,37.87644577,20.91551018,0,19.82060242,0,19.8495369,0,20.92013931
2023/5/5 2:08,30.14350891,20.91551018,0,19.82060242,0,19.8495369,0,20.92013931
2023/5/5 2:09,22.56284332,20.91551018,0,19.82060242,0,19.8495369,0,20.90567207
2023/5/5 2:10,14.8024826,20.91551018,0,19.82060242,0,19.8495369,0,20.92013931
2023/5/5 2:11,7.049246311,20.91551018,0,19.82060242,0,19.8495369,0,20.92013931
2023/5/5 2:12,0,20.91551018,0,19.82060242,0,19.8495369,0,20.92013931
2023/5/5 2:13,0,20.91551018,0,19.82060242,0,19.8495369,0,20.90567207
2023/5/5 2:14,0.018035445,21.00231552,0,19.82060242,0,19.93634224,0,20.92013931
2023/5/5 2:15,1.036693335,21.01678276,0,19.82060242,0,19.95080948,0,20.92013931
2023/5/5 2:16,2.387132883,21.01678276,0,19.82060242,0,19.95080948,0,20.92013931
2023/5/5 2:17,3.702089071,21.01678276,0,19.82060242,0,19.95080948,0,20.92013931
2023/5/5 2:18,5.127655029,21.01678276,0,19.82060242,0,19.93634224,0,20.90567207
2023/5/5 2:19,6.477519512,21.01678276,0,19.82060242,0,19.95080948,0,20.92013931
2023/5/5 2:20,7.846544266,21.01678276,0,19.921875,0,19.95080948,0,20.92013931
2023/5/5 2:21,9.177911758,21.01678276,0,19.921875,0,19.95080948,0,20.92013931
2023/5/5 2:22,10.57556248,21.01678276,0,19.921875,0,19.95080948,0,20.92013931
2023/5/5 2:23,17.13593674,21.11805534,0,19.921875,0,19.95080948,0,20.92013931
2023/5/5 2:24,27.89403534,21.11805534,0,19.921875,0,19.97974586,0,20.92013931
2023/5/5 2:25,37.98995972,21.11805534,0,19.921875,0,20.05208206,0,20.92013931
2023/5/5 2:26,48.41905594,21.11805534,0,19.921875,0,20.05208206,0,20.92013931
2023/5/5 2:27,58.65429688,21.11805534,0,19.93634224,0,20.05208206,0,20.92013931
2023/5/5 2:28,69.09037781,21.11805534,0,20.02314758,0,20.05208206,0,20.92013931
2023/5/5 2:29,79.54222107,21.11805534,0,20.02314758,0,20.05208206,0,21.0214119
2023/5/5 2:30,90.17446136,21.11805534,0,20.02314758,0,20.05208206,0,20.92013931
2023/5/5 2:31,100,21.11805534,0,19.93634224,0,20.05208206,0,21.0214119
2023/5/5 2:32,100,21.11805534,0,19.921875,0,20.05208206,0,21.00694466
2023/5/5 2:33,100,21.11805534,0,19.921875,0,20.03761482,0,21.0214119
2023/5/5 2:34,100,21.11805534,0,19.921875,0,20.05208206,0,21.0214119
2023/5/5 2:35,100,21.11805534,0,19.921875,0,20.05208206,0,21.0214119
2023/5/5 2:36,100,21.11805534,0,19.921875,0,19.95080948,0,21.0214119
2023/5/5 2:37,100,21.11805534,0,19.921875,0,19.93634224,0,21.0214119
2023/5/5 2:38,100,21.1035881,0,19.921875,0,19.95080948,0,21.0214119
2023/5/5 2:39,100,21.11805534,0,19.921875,0,19.95080948,0,21.0214119
2023/5/5 2:40,100,21.07465172,0,19.921875,0,19.95080948,0,21.0214119
2023/5/5 2:41,100,21.11805534,0,19.921875,0,19.95080948,0,21.0214119
2023/5/5 2:42,100,21.00231552,0,19.921875,0,19.93634224,0,20.96354294
2023/5/5 2:43,100,21.01678276,0,19.82060242,0,19.95080948,0,20.92013931
2023/5/5 2:44,100,21.01678276,0,19.82060242,0,19.95080948,0,20.96354294
2023/5/5 2:45,100,21.01678276,0,19.82060242,0,19.95080948,0,21.00694466
2023/5/5 2:46,100,21.01678276,0,19.82060242,0,19.93634224,0,21.00694466
2023/5/5 2:47,100,21.01678276,0,19.82060242,0,19.93634224,0,20.92013931
2023/5/5 2:48,100,21.01678276,0,19.82060242,0,19.95080948,0,20.92013931
2023/5/5 2:49,100,21.01678276,0,19.82060242,0,19.95080948,0,20.92013931
2023/5/5 2:50,100,21.01678276,0,19.82060242,0,19.95080948,0,20.90567207
2023/5/5 2:51,100,21.01678276,0,19.82060242,0,19.93634224,0,20.92013931
2023/5/5 2:52,100,21.01678276,0,19.82060242,0,19.95080948,0,20.92013931
2023/5/5 2:53,100,21.01678276,0,19.82060242,0,19.95080948,0,20.92013931
2023/5/5 2:54,100,21.01678276,0,19.82060242,0,19.95080948,0,20.92013931
2023/5/5 2:55,99.89956665,21.01678276,0,19.82060242,0,19.95080948,0,20.92013931
2023/5/5 2:56,96.22212982,20.91551018,0,19.82060242,0,19.95080948,0,20.92013931
2023/5/5 2:57,89.16382599,20.98784828,0,19.82060242,0,19.95080948,0,20.92013931
2023/5/5 2:58,83.98468781,21.01678276,0,19.82060242,0,19.8495369,0,20.92013931
2023/5/5 2:59,78.83900452,20.91551018,0,19.82060242,0,19.8495369,0,20.92013931
2023/5/5 3:00,71.26341248,20.91551018,0,19.82060242,0,19.8495369,0,20.92013931
2023/5/5 3:01,63.56314468,20.90104294,0,19.82060242,0,19.8495369,0,20.92013931
2023/5/5 3:02,55.85575867,20.91551018,0,19.82060242,0,19.8495369,0,20.92013931
2023/5/5 3:03,48.16547394,20.91551018,0,19.82060242,0,19.8495369,0,20.92013931
2023/5/5 3:04,40.5992012,20.91551018,0,19.82060242,0,19.8495369,0,20.92013931
2023/5/5 3:05,32.87010956,20.91551018,0,19.82060242,0,19.8495369,0,20.92013931
2023/5/5 3:06,25.15367889,20.91551018,0,19.82060242,0,19.8495369,0,20.92013931
2023/5/5 3:07,17.46104431,20.91551018,0,19.82060242,0,19.8495369,0,20.92013931
2023/5/5 3:08,9.876730919,20.91551018,0,19.82060242,0,19.8495369,0,20.92013931
2023/5/5 3:09,2.164550543,20.91551018,0,19.82060242,0,19.8495369,0,20.92013931
2023/5/5 3:10,0,20.91551018,0,19.82060242,0,19.8495369,0,20.90567207
2023/5/5 3:11,0,20.91551018,0,19.82060242,0,19.8495369,0,20.92013931
2023/5/5 3:12,0.069533683,21.01678276,0,19.82060242,0,19.95080948,0,20.92013931
2023/5/5 3:13,0.577540815,21.01678276,0,19.82060242,0,19.95080948,0,20.92013931
2023/5/5 3:14,1.916075706,21.01678276,0,19.82060242,0,19.95080948,0,20.92013931
2023/5/5 3:15,3.277067661,21.01678276,0,19.82060242,0,19.95080948,0,20.92013931
2023/5/5 3:16,4.672999382,21.00231552,0,19.82060242,0,19.95080948,0,20.92013931
2023/5/5 3:17,6.008379459,21.01678276,0,19.82060242,0,19.95080948,0,20.92013931
2023/5/5 3:18,7.381373405,21.01678276,0,19.8495369,0,19.95080948,0,20.92013931
2023/5/5 3:19,8.741292,21.01678276,0,19.921875,0,19.95080948,0,20.92013931
2023/5/5 3:20,10.12622738,21.01678276,0,19.921875,0,19.95080948,0,20.92013931
2023/5/5 3:21,11.45998287,21.00231552,0,19.921875,0,19.95080948,0,20.92013931
2023/5/5 3:22,15.79648876,21.11805534,0,19.921875,0,20.05208206,0,20.92013931
2023/5/5 3:23,26.0850563,21.11805534,0,19.921875,0,20.05208206,0,20.92013931
2023/5/5 3:24,36.49887085,21.11805534,0,19.921875,0,20.05208206,0,20.92013931
2023/5/5 3:25,46.7401886,21.1035881,0,19.921875,0,20.05208206,0,20.90567207
2023/5/5 3:26,57.12613678,21.11805534,0,19.921875,0,20.05208206,0,20.92013931
2023/5/5 3:27,67.5422821,21.11805534,0,19.921875,0,20.03761482,0,20.92013931
2023/5/5 3:28,77.7791214,21.11805534,0,19.921875,0,20.05208206,0,20.92013931
2023/5/5 3:29,88.16178894,21.11805534,0,20.02314758,0,20.05208206,0,20.92013931
2023/5/5 3:30,98.5684433,21.11805534,0,19.97974586,0,20.05208206,0,20.92013931
2023/5/5 3:31,100,21.11805534,0,19.921875,0,20.05208206,0,20.96354294
2023/5/5 3:32,100,21.11805534,0,19.921875,0,20.05208206,0,21.0214119
2023/5/5 3:33,100,21.11805534,0,19.921875,0,20.05208206,0,21.0214119
2023/5/5 3:34,100,21.11805534,0,19.921875,0,20.05208206,0,20.93460655
2023/5/5 3:35,100,21.11805534,0,19.921875,0,20.05208206,0,21.0214119
2023/5/5 3:36,100,21.11805534,0,19.921875,0,20.05208206,0,21.0214119
2023/5/5 3:37,100,21.1035881,0,19.921875,0,19.95080948,0,21.0214119
2023/5/5 3:38,100,21.11805534,0,19.921875,0,19.95080948,0,21.0214119
2023/5/5 3:39,100,21.11805534,0,19.89294052,0,19.95080948,0,21.0214119
2023/5/5 3:40,100,21.01678276,0,19.82060242,0,19.95080948,0,21.0214119
2023/5/5 3:41,100,21.01678276,0,19.82060242,0,19.95080948,0,21.0214119
2023/5/5 3:42,100,21.01678276,0,19.82060242,0,19.93634224,0,21.0214119
2023/5/5 3:43,100,21.01678276,0,19.82060242,0,19.95080948,0,21.0214119
2023/5/5 3:44,100,21.01678276,0,19.82060242,0,19.95080948,0,21.0214119
2023/5/5 3:45,100,21.01678276,0,19.82060242,0,19.95080948,0,21.0214119
2023/5/5 3:46,100,21.01678276,0,19.82060242,0,19.93634224,0,21.0214119
2023/5/5 3:47,100,21.01678276,0,19.82060242,0,19.90740776,0,21.00694466
2023/5/5 3:48,100,21.01678276,0,19.82060242,0,19.8495369,0,20.96354294
2023/5/5 3:49,100,21.01678276,0,19.82060242,0,19.8495369,0,21.0214119
2023/5/5 3:50,100,21.01678276,0,19.82060242,0,19.8495369,0,21.0214119
2023/5/5 3:51,100,21.01678276,0,19.82060242,0,19.83506966,0,20.93460655
2023/5/5 3:52,99.47635651,21.01678276,0,19.82060242,0,19.8495369,0,20.93460655
2023/5/5 3:53,94.15651703,20.91551018,0,19.82060242,0,19.8495369,0,20.92013931
2023/5/5 3:54,86.3955307,20.91551018,0,19.82060242,0,19.8495369,0,20.92013931
2023/5/5 3:55,78.66623688,20.91551018,0,19.82060242,0,19.8495369,0,20.92013931
2023/5/5 3:56,71.01966095,20.91551018,0,19.82060242,0,19.83506966,0,20.92013931
2023/5/5 3:57,63.70965576,20.91551018,0,19.82060242,0,19.8495369,0,20.92013931
2023/5/5 3:58,55.73555756,20.91551018,0,19.82060242,0,19.8495369,0,20.92013931
2023/5/5 3:59,48.27505493,20.91551018,0,19.82060242,0,19.8495369,0,20.92013931
2023/5/5 4:00,40.30254364,20.91551018,0,19.82060242,0,19.8495369,0,20.92013931
2023/5/5 4:01,32.80900955,20.91551018,0,19.82060242,0,19.8495369,0,20.92013931
2023/5/5 4:02,25.14045715,20.91551018,0,19.82060242,0,19.8495369,0,20.92013931
2023/5/5 4:03,17.26885414,20.91551018,0,19.82060242,0,19.8495369,0,20.92013931
2023/5/5 4:04,9.544462204,20.91551018,0,19.82060242,0,19.8495369,0,20.92013931
2023/5/5 4:05,1.9662503,20.91551018,0,19.82060242,0,19.8495369,0,20.92013931
2023/5/5 4:06,0,20.91551018,0,19.82060242,0,19.8495369,0,20.92013931
2023/5/5 4:07,0,20.91551018,0,19.82060242,0,19.95080948,0,20.92013931
2023/5/5 4:08,0,20.91551018,0,19.82060242,0,19.95080948,0,20.92013931
2023/5/5 4:09,0,20.91551018,0,19.82060242,0,19.95080948,0,20.92013931
2023/5/5 4:10,0.884473801,21.01678276,0,19.82060242,0,19.95080948,0,20.92013931
2023/5/5 4:11,2.174921274,21.01678276,0,19.82060242,0,19.95080948,0,20.92013931
2023/5/5 4:12,3.5584023,21.01678276,0,19.82060242,0,19.95080948,0,20.92013931
2023/5/5 4:13,4.889362812,21.01678276,0,19.83506966,0,19.95080948,0,20.92013931
2023/5/5 4:14,6.271002769,21.01678276,0,19.921875,0,19.95080948,0,20.92013931
2023/5/5 4:15,7.630586624,21.01678276,0,19.921875,0,19.95080948,0,20.92013931
2023/5/5 4:16,9.434648514,21.1035881,0,19.90740776,0,19.95080948,0,20.92013931
2023/5/5 4:17,18.81887054,21.11805534,0,19.921875,0,19.95080948,0,20.92013931
2023/5/5 4:18,29.21393967,21.11805534,0,19.921875,0,19.9942131,0,20.92013931
2023/5/5 4:19,39.59218979,21.11805534,0,19.921875,0,20.03761482,0,20.92013931
2023/5/5 4:20,49.84130859,21.1035881,0,19.921875,0,20.05208206,0,20.92013931
2023/5/5 4:21,60.20962524,21.11805534,0,19.921875,0,20.05208206,0,20.94907379
2023/5/5 4:22,70.59910583,21.11805534,0,19.921875,0,20.03761482,0,20.90567207
2023/5/5 4:23,81.17503357,21.11805534,0,19.921875,0,20.05208206,0,20.96354294
2023/5/5 4:24,92.29907227,21.17592621,0,19.921875,0,20.05208206,0,20.99247742
2023/5/5 4:25,100,21.11805534,0,19.921875,0,20.05208206,0,21.00694466
2023/5/5 4:26,100,21.11805534,0,19.921875,0,20.05208206,0,20.93460655
2023/5/5 4:27,100,21.1035881,0,19.921875,0,20.05208206,0,21.0214119
2023/5/5 4:28,100,21.11805534,0,19.921875,0,20.05208206,0,21.0214119
2023/5/5 4:29,100,21.11805534,0,19.90740776,0,20.05208206,0,21.00694466
2023/5/5 4:30,100,21.11805534,0,19.921875,0,19.95080948,0,20.92013931
2023/5/5 4:31,100,21.11805534,0,19.921875,0,19.95080948,0,21.0214119
2023/5/5 4:32,100,21.11805534,0,19.921875,0,19.95080948,0,21.00694466
2023/5/5 4:33,100,21.01678276,0,19.82060242,0,19.95080948,0,21.0214119
2023/5/5 4:34,100,21.01678276,0,19.82060242,0,19.95080948,0,21.0214119
2023/5/5 4:35,100,21.01678276,0,19.82060242,0,19.95080948,0,21.0214119
2023/5/5 4:36,100,21.01678276,0,19.82060242,0,19.95080948,0,21.00694466
2023/5/5 4:37,100,21.01678276,0,19.82060242,0,19.93634224,0,21.00694466
2023/5/5 4:38,100,21.01678276,0,19.82060242,0,19.95080948,0,21.0214119
2023/5/5 4:39,100,21.01678276,0,19.82060242,0,19.95080948,0,21.0214119
2023/5/5 4:40,100,21.01678276,0,19.82060242,0,19.93634224,0,21.00694466
2023/5/5 4:41,100,21.01678276,0,19.82060242,0,19.89294052,0,21.0214119
2023/5/5 4:42,100,21.01678276,0,19.82060242,0,19.8495369,0,21.0214119
2023/5/5 4:43,96.21685028,20.91551018,0,19.82060242,0,19.8495369,0,20.93460655
2023/5/5 4:44,88.77112579,20.91551018,0,19.82060242,0,19.8495369,0,21.00694466
2023/5/5 4:45,81.30023956,20.91551018,0,19.82060242,0,19.83506966,0,20.92013931
2023/5/5 4:46,73.84922791,20.91551018,0,19.82060242,0,19.8495369,0,20.92013931
2023/5/5 4:47,66.13544464,20.91551018,0,19.82060242,0,19.8495369,0,20.92013931
2023/5/5 4:48,58.24939346,20.91551018,0,19.82060242,0,19.8495369,0,20.92013931
2023/5/5 4:49,50.80127335,20.91551018,0,19.82060242,0,19.8495369,0,20.92013931
2023/5/5 4:50,43.05884933,20.91551018,0,19.82060242,0,19.8495369,0,20.92013931
2023/5/5 4:51,35.34949112,20.91551018,0,19.82060242,0,19.8495369,0,20.92013931
2023/5/5 4:52,27.47188377,20.91551018,0,19.82060242,0,19.8495369,0,20.92013931
2023/5/5 4:53,20.02809715,20.91551018,0,19.82060242,0,19.8495369,0,20.92013931
2023/5/5 4:54,12.31910896,20.91551018,0,19.82060242,0,19.8495369,0,20.92013931
2023/5/5 4:55,4.593865871,20.91551018,0,19.82060242,0,19.8495369,0,20.92013931
2023/5/5 4:56,0,20.90104294,0,19.82060242,0,19.8495369,0,20.92013931
2023/5/5 4:57,0,20.90104294,0,19.82060242,0,19.8495369,0,20.92013931
2023/5/5 4:58,0,20.91551018,0,19.82060242,0,19.8495369,0,20.92013931
2023/5/5 4:59,0,20.91551018,0,19.82060242,0,19.95080948,0,20.92013931
2023/5/5 5:00,0,20.90104294,0,19.82060242,0,19.95080948,0,20.92013931
2023/5/5 5:01,0.5523386,21.01678276,0,19.82060242,0,19.95080948,0,20.92013931
2023/5/5 5:02,1.914382815,21.01678276,0,19.82060242,0,19.95080948,0,20.92013931
2023/5/5 5:03,3.289437056,21.01678276,0,19.82060242,0,19.95080948,0,20.92013931
2023/5/5 5:04,4.652601719,21.01678276,0,19.921875,0,19.95080948,0,20.92013931
2023/5/5 5:05,5.99484396,21.01678276,0,19.921875,0,19.95080948,0,20.92013931
2023/5/5 5:06,7.408391476,21.01678276,0,19.921875,0,19.95080948,0,20.92013931
2023/5/5 5:07,10.25564289,21.01678276,0,19.921875,0,19.95080948,0,20.92013931
2023/5/5 5:08,16.88008499,21.11805534,0,19.921875,0,20.05208206,0,20.92013931
2023/5/5 5:09,27.28850555,21.11805534,0,19.921875,0,20.05208206,0,20.92013931
2023/5/5 5:10,37.70814514,21.1035881,0,19.921875,0,20.05208206,0,20.92013931
2023/5/5 5:11,48.13929367,21.11805534,0,19.921875,0,20.05208206,0,20.99247742
2023/5/5 5:12,58.57522583,21.1035881,0,19.921875,0,20.05208206,0,21.0214119
2023/5/5 5:13,68.76338959,21.11805534,0,19.921875,0,20.05208206,0,20.96354294
2023/5/5 5:14,79.17318726,21.11805534,0,20.00868034,0,20.05208206,0,20.99247742
2023/5/5 5:15,89.41083527,21.11805534,0,20.00868034,0,20.05208206,0,21.0214119
2023/5/5 5:16,100,21.11805534,0,19.921875,0,20.05208206,0,21.00694466
2023/5/5 5:17,100,21.11805534,0,19.921875,0,20.05208206,0,21.0214119
2023/5/5 5:18,100,21.11805534,0,19.921875,0,20.05208206,0,21.0214119
2023/5/5 5:19,100,21.11805534,0,19.921875,0,20.05208206,0,21.00694466
2023/5/5 5:20,100,21.11805534,0,19.921875,0,20.05208206,0,21.0214119
2023/5/5 5:21,100,21.11805534,0,19.90740776,0,19.97974586,0,21.0214119
2023/5/5 5:22,100,21.1035881,0,19.921875,0,19.95080948,0,21.0214119
2023/5/5 5:23,100,21.11805534,0,19.921875,0,19.95080948,0,21.0214119
2023/5/5 5:24,100,21.01678276,0,19.921875,0,19.95080948,0,21.0214119
2023/5/5 5:25,100,21.01678276,0,19.82060242,0,19.95080948,0,21.0214119
2023/5/5 5:26,100,21.01678276,0,19.82060242,0,19.93634224,0,21.0214119
2023/5/5 5:27,100,21.01678276,0,19.82060242,0,19.95080948,0,21.0214119
2023/5/5 5:28,100,21.01678276,0,19.82060242,0,19.95080948,0,21.0214119
2023/5/5 5:29,100,21.01678276,0,19.82060242,0,19.95080948,0,21.0214119
2023/5/5 5:30,100,21.01678276,0,19.82060242,0,19.95080948,0,21.00694466
2023/5/5 5:31,100,21.01678276,0,19.82060242,0,19.95080948,0,20.99247742
2023/5/5 5:32,100,21.00231552,0,19.82060242,0,19.8495369,0,20.93460655
2023/5/5 5:33,97.35665131,20.9589119,0,19.82060242,0,19.93634224,0,20.92013931
2023/5/5 5:34,96.72580719,20.91551018,0,19.82060242,0,19.95080948,0,20.99247742
2023/5/5 5:35,89.16762543,20.91551018,0,19.82060242,0,19.921875,0,20.96354294
2023/5/5 5:36,81.4504776,20.90104294,0,19.82060242,0,19.87847328,0,20.92013931
2023/5/5 5:37,73.7583847,20.91551018,0,19.82060242,0,19.8495369,0,20.90567207
2023/5/5 5:38,66.16486359,20.91551018,0,19.82060242,0,19.8495369,0,20.92013931
2023/5/5 5:39,58.48057556,20.91551018,0,19.82060242,0,19.8495369,0,20.90567207
2023/5/5 5:40,50.75068283,20.90104294,0,19.82060242,0,19.83506966,0,20.92013931
2023/5/5 5:41,43.04190445,20.91551018,0,19.82060242,0,19.8495369,0,20.92013931
2023/5/5 5:42,35.48173523,20.91551018,0,19.82060242,0,19.83506966,0,20.92013931
2023/5/5 5:43,27.76316643,20.91551018,0,19.82060242,0,19.8495369,0,20.92013931
2023/5/5 5:44,20.04881096,20.91551018,0,19.82060242,0,19.8495369,0,20.92013931
2023/5/5 5:45,12.3479023,20.91551018,0,19.82060242,0,19.83506966,0,20.92013931
2023/5/5 5:46,4.654799461,20.91551018,0,19.82060242,0,19.8495369,0,20.92013931
2023/5/5 5:47,0,20.91551018,0,19.82060242,0,19.8495369,0,20.92013931
2023/5/5 5:48,0,20.91551018,0,19.82060242,0,19.8495369,0,20.92013931
2023/5/5 5:49,0,20.91551018,0,19.82060242,0,19.83506966,0,20.92013931
2023/5/5 5:50,0,20.91551018,0,19.82060242,0,19.95080948,0,20.92013931
2023/5/5 5:51,0,20.91551018,0,19.82060242,0,19.95080948,0,20.92013931
2023/5/5 5:52,0,20.91551018,0,19.82060242,0,19.95080948,0,20.92013931
2023/5/5 5:53,0,20.91551018,0,19.82060242,0,19.95080948,0,20.92013931
2023/5/5 5:54,0.330297023,21.01678276,0,19.82060242,0,19.95080948,0,20.92013931
2023/5/5 5:55,1.704298019,21.01678276,0,19.82060242,0,19.95080948,0,20.92013931
2023/5/5 5:56,3.053878307,21.01678276,0,19.82060242,0,19.95080948,0,20.92013931
2023/5/5 5:57,4.425414085,21.01678276,0,19.921875,0,19.95080948,0,20.92013931
2023/5/5 5:58,5.773361683,21.01678276,0,19.921875,0,19.95080948,0,20.90567207
2023/5/5 5:59,7.133361816,21.01678276,0,19.921875,0,19.95080948,0,20.90567207
2023/5/5 6:00,12.76879978,21.1035881,0,19.921875,0,19.95080948,0,20.92013931
2023/5/5 6:01,23.13456345,21.11805534,0,19.921875,0,19.95080948,0,20.90567207
2023/5/5 6:02,33.40070724,21.11805534,0,19.921875,0,20.05208206,0,20.92013931
2023/5/5 6:03,43.79858398,21.11805534,0,19.921875,0,20.03761482,0,20.92013931
2023/5/5 6:04,54.23049927,21.11805534,0,19.921875,0,20.05208206,0,20.92013931
2023/5/5 6:05,64.62989807,21.11805534,0,19.921875,0,20.05208206,0,20.92013931
2023/5/5 6:06,75.11924744,21.11805534,0,19.921875,0,20.05208206,0,20.92013931
2023/5/5 6:07,85.60219574,21.11805534,0,19.921875,0,20.05208206,0,20.92013931
2023/5/5 6:08,96.03279114,21.11805534,0,19.921875,0,20.05208206,0,20.92013931
2023/5/5 6:09,100,21.11805534,0,19.921875,0,20.05208206,0,21.0214119
2023/5/5 6:10,100,21.11805534,0,19.921875,0,20.05208206,0,20.97801018
2023/5/5 6:11,100,21.11805534,0,19.921875,0,20.03761482,0,20.92013931
2023/5/5 6:12,100,21.11805534,0,19.921875,0,19.95080948,0,21.00694466
2023/5/5 6:13,100,21.11805534,0,19.921875,0,19.95080948,0,20.99247742
2023/5/5 6:14,100,21.11805534,0,19.921875,0,19.95080948,0,21.0214119
2023/5/5 6:15,100,21.11805534,0,19.921875,0,19.95080948,0,21.0214119
2023/5/5 6:16,100,21.00231552,0,19.87847328,0,19.93634224,0,21.0214119
2023/5/5 6:17,100,21.01678276,0,19.82060242,0,19.95080948,0,20.92013931
2023/5/5 6:18,100,21.01678276,0,19.82060242,0,19.95080948,0,20.92013931
2023/5/5 6:19,100,21.01678276,0,19.82060242,0,19.93634224,0,20.92013931
2023/5/5 6:20,100,21.00231552,0,19.82060242,0,19.95080948,0,20.92013931
2023/5/5 6:21,100,21.01678276,0,19.82060242,0,19.93634224,0,20.92013931
2023/5/5 6:22,100,21.01678276,0,19.82060242,0,19.89294052,0,20.92013931
2023/5/5 6:23,99.20528412,20.91551018,0,19.82060242,0,19.89294052,0,20.92013931
2023/5/5 6:24,91.47225952,20.91551018,0,19.82060242,0,19.8495369,0,20.92013931
2023/5/5 6:25,84.15814209,20.91551018,0,19.82060242,0,19.8495369,0,20.92013931
2023/5/5 6:26,76.06171417,20.90104294,0,19.82060242,0,19.8495369,0,20.92013931
2023/5/5 6:27,68.6204834,20.91551018,0,19.82060242,0,19.8495369,0,20.92013931
2023/5/5 6:28,60.79247665,20.91551018,0,19.82060242,0,19.8495369,0,20.92013931
2023/5/5 6:29,53.08791351,20.91551018,0,19.82060242,0,19.8495369,0,20.92013931
2023/5/5 6:30,45.36369705,20.91551018,0,19.82060242,0,19.83506966,0,20.92013931
2023/5/5 6:31,37.78651428,20.91551018,0,19.82060242,0,19.8495369,0,20.92013931
2023/5/5 6:32,30.20567513,20.91551018,0,19.82060242,0,19.8495369,0,20.92013931
2023/5/5 6:33,22.3727684,20.91551018,0,19.82060242,0,19.8495369,0,20.92013931
2023/5/5 6:34,14.64989185,20.91551018,0,19.82060242,0,19.83506966,0,20.92013931
2023/5/5 6:35,7.209112644,20.91551018,0,19.82060242,0,19.8495369,0,20.92013931
2023/5/5 6:36,0,20.91551018,0,19.82060242,0,19.83506966,0,20.90567207
2023/5/5 6:37,0,20.91551018,0,19.82060242,0,19.8495369,0,20.92013931
2023/5/5 6:38,0,20.91551018,0,19.82060242,0,19.8495369,0,20.92013931
2023/5/5 6:39,0,20.91551018,0,19.82060242,0,19.8495369,0,20.92013931
2023/5/5 6:40,0,20.91551018,0,19.82060242,0,19.8495369,0,20.92013931
2023/5/5 6:41,0,20.91551018,0,19.82060242,0,19.83506966,0,20.90567207
2023/5/5 6:42,0,20.90104294,0,19.82060242,0,19.8495369,0,20.92013931
2023/5/5 6:43,0.002379889,21.00231552,0,19.82060242,0,19.95080948,0,20.92013931
2023/5/5 6:44,0.598877788,21.01678276,0,19.82060242,0,19.95080948,0,20.92013931
2023/5/5 6:45,1.894024968,21.01678276,0,19.82060242,0,19.95080948,0,20.92013931
2023/5/5 6:46,3.265416861,21.01678276,0,19.82060242,0,19.95080948,0,20.92013931
2023/5/5 6:47,4.655097961,21.01678276,0,19.82060242,0,19.95080948,0,20.92013931
2023/5/5 6:48,5.97777462,21.01678276,0,19.82060242,0,19.95080948,0,20.92013931
2023/5/5 6:49,7.50463438,21.00231552,0,19.82060242,0,19.95080948,0,20.92013931
2023/5/5 6:50,14.7357111,21.1035881,0,19.87847328,0,19.95080948,0,20.92013931
2023/5/5 6:51,24.9213562,21.11805534,0,19.921875,0,19.95080948,0,20.92013931
2023/5/5 6:52,35.55217361,21.11805534,0,19.921875,0,19.95080948,0,20.92013931
2023/5/5 6:53,45.99334335,21.11805534,0,19.921875,0,19.95080948,0,20.92013931
2023/5/5 6:54,56.07573318,21.11805534,0,19.921875,0,19.95080948,0,20.92013931
2023/5/5 6:55,66.53456879,21.11805534,0,19.921875,0,19.95080948,0,20.92013931
2023/5/5 6:56,77.14916992,21.11805534,0,19.921875,0,19.95080948,0,20.92013931
2023/5/5 6:57,87.57234192,21.1035881,0,19.921875,0,20.03761482,0,20.92013931
2023/5/5 6:58,99.51693726,21.11805534,0,19.921875,0,19.97974586,0,20.92013931
2023/5/5 6:59,100,21.11805534,0,19.90740776,0,19.9942131,0,20.92013931
2023/5/5 7:00,100,21.11805534,0,19.921875,0,19.95080948,0,20.90567207
2023/5/5 7:01,100,21.11805534,0,19.921875,0,19.95080948,0,20.92013931
2023/5/5 7:02,100,21.11805534,0,19.921875,0,19.95080948,0,20.92013931
2023/5/5 7:03,100,21.11805534,0,19.83506966,0,19.95080948,0,20.92013931
2023/5/5 7:04,100,21.01678276,0,19.82060242,0,19.95080948,0,20.90567207
2023/5/5 7:05,100,21.01678276,0,19.82060242,0,19.95080948,0,20.92013931
2023/5/5 7:06,100,21.01678276,0,19.82060242,0,19.95080948,0,20.92013931
2023/5/5 7:07,100,21.01678276,0,19.82060242,0,19.8495369,0,20.92013931
2023/5/5 7:08,100,21.01678276,0,19.82060242,0,19.8495369,0,20.92013931
2023/5/5 7:09,100,21.01678276,0,19.82060242,0,19.8495369,0,20.92013931
2023/5/5 7:10,99.79434967,20.9589119,0,19.82060242,0,19.8495369,0,20.92013931
2023/5/5 7:11,96.32198334,20.91551018,0,19.82060242,0,19.8495369,0,20.92013931
2023/5/5 7:12,88.62445831,20.91551018,0,19.82060242,0,19.8495369,0,20.92013931
2023/5/5 7:13,81.03900146,20.91551018,0,19.82060242,0,19.8495369,0,20.92013931
2023/5/5 7:14,73.30493164,20.91551018,0,19.79166794,0,19.8495369,0,20.92013931
2023/5/5 7:15,65.71187592,20.91551018,0,19.71932793,0,19.8495369,0,20.92013931
2023/5/5 7:16,57.85709,20.91551018,0,19.71932793,0,19.8495369,0,20.92013931
2023/5/5 7:17,50.2898941,20.91551018,0,19.70486069,0,19.8495369,0,20.92013931
2023/5/5 7:18,42.37651443,20.91551018,0,19.71932793,0,19.8495369,0,20.92013931
2023/5/5 7:19,30.28318787,20.81423569,0,19.71932793,0,19.8495369,0,20.92013931
2023/5/5 7:20,14.05785751,20.81423569,0,19.71932793,0,19.8495369,0,20.81886482
2023/5/5 7:21,0,20.81423569,0,19.71932793,0,19.8495369,0,20.80439758
2023/5/5 7:22,0,20.90104294,0,19.71932793,0,19.83506966,0,20.81886482
2023/5/5 7:23,0,20.81423569,0,19.71932793,0,19.74826431,0,20.81886482
2023/5/5 7:24,0,20.84317207,0,19.71932793,0,19.8495369,0,20.81886482
2023/5/5 7:25,0,20.90104294,0,19.71932793,0,19.8495369,0,20.81886482
2023/5/5 7:26,0,20.91551018,0,19.71932793,0,19.83506966,0,20.81886482
2023/5/5 7:27,0,20.91551018,0,19.71932793,0,19.8495369,0,20.81886482
2023/5/5 7:28,0,20.91551018,0,19.74826431,0,19.8495369,0,20.81886482
2023/5/5 7:29,0,20.91551018,0,19.82060242,0,19.8495369,0,20.81886482
2023/5/5 7:30,0,20.91551018,0,19.82060242,0,19.8495369,0,20.81886482
2023/5/5 7:31,0,20.91551018,0,19.82060242,0,19.83506966,0,20.81886482
2023/5/5 7:32,0.353296936,21.00231552,0,19.82060242,0,19.8495369,0,20.81886482
2023/5/5 7:33,1.728151679,21.01678276,0,19.82060242,0,19.95080948,0,20.81886482
2023/5/5 7:34,3.109613895,21.01678276,0,19.82060242,0,19.95080948,0,20.80439758
2023/5/5 7:35,4.482527256,21.01678276,0,19.82060242,0,19.95080948,0,20.81886482
2023/5/5 7:36,5.867509842,21.00231552,0,19.82060242,0,19.93634224,0,20.81886482
2023/5/5 7:37,7.225489616,21.01678276,0,19.82060242,0,19.95080948,0,20.81886482
2023/5/5 7:38,10.64368629,21.08912086,0,19.82060242,0,19.93634224,0,20.83333206
2023/5/5 7:39,19.31560898,21.11805534,0,19.82060242,0,19.95080948,0,20.84780121
2023/5/5 7:40,29.77559662,21.11805534,0,19.921875,0,19.95080948,0,20.81886482
2023/5/5 7:41,40.07204437,21.1035881,0,19.921875,0,19.95080948,0,20.81886482
2023/5/5 7:42,50.50169754,21.11805534,0,19.921875,0,19.93634224,0,20.81886482
2023/5/5 7:43,60.95238113,21.11805534,0,19.921875,0,19.95080948,0,20.92013931
2023/5/5 7:44,71.3850708,21.11805534,0,19.921875,0,19.95080948,0,20.92013931
2023/5/5 7:45,81.71744537,21.11805534,0,19.921875,0,19.9942131,0,20.92013931
2023/5/5 7:46,93.69567871,21.11805534,0,19.921875,0,19.95080948,0,20.92013931
2023/5/5 7:47,100,21.11805534,0,19.921875,0,19.95080948,0,20.90567207
2023/5/5 7:48,100,21.1035881,0,19.921875,0,19.95080948,0,20.92013931
2023/5/5 7:49,100,21.11805534,0,19.921875,0,19.95080948,0,20.92013931
2023/5/5 7:50,100,21.11805534,0,19.89294052,0,19.95080948,0,20.92013931
2023/5/5 7:51,100,21.07465172,0,19.82060242,0,19.95080948,0,20.92013931
2023/5/5 7:52,100,21.00231552,0,19.82060242,0,19.93634224,0,20.90567207
2023/5/5 7:53,100,21.01678276,0,19.82060242,0,19.8495369,0,20.83333206
2023/5/5 7:54,100,21.01678276,0,19.82060242,0,19.8495369,0,20.81886482
2023/5/5 7:55,100,21.01678276,0,19.82060242,0,19.8495369,0,20.81886482
2023/5/5 7:56,100,21.01678276,0,19.82060242,0,19.83506966,0,20.81886482
2023/5/5 7:57,99.6359787,20.91551018,0,19.73379707,0,19.8495369,0,20.81886482
2023/5/5 7:58,93.37812042,20.91551018,0,19.71932793,0,19.8495369,0,20.81886482
2023/5/5 7:59,85.70965576,20.91551018,0,19.71932793,0,19.8495369,0,20.81886482
2023/5/5 8:00,78.00894165,20.91551018,0,19.70486069,0,19.8495369,0,20.81886482
2023/5/5 8:01,70.38067627,20.91551018,0,19.71932793,0,19.8495369,0,20.81886482
2023/5/5 8:02,62.68193817,20.91551018,0,19.71932793,0,19.8495369,0,20.81886482
2023/5/5 8:03,54.97013474,20.91551018,0,19.73379707,0,19.74826431,0,20.81886482
2023/5/5 8:04,47.39755249,20.91551018,0,19.70486069,0,19.74826431,0,20.81886482
2023/5/5 8:05,39.42243195,20.91551018,0,19.71932793,0,19.74826431,0,20.81886482
2023/5/5 8:06,30.19212723,20.91551018,0,19.71932793,0,19.74826431,0,20.81886482
2023/5/5 8:07,15.33134556,20.79976845,0,19.71932793,0,19.74826431,0,20.81886482
2023/5/5 8:08,0,20.81423569,0,19.71932793,0,19.74826431,0,20.81886482
2023/5/5 8:09,0,20.81423569,0,19.71932793,0,19.74826431,0,20.81886482
2023/5/5 8:10,0,20.81423569,0,19.70486069,0,19.74826431,0,20.81886482
2023/5/5 8:11,0,20.81423569,0,19.71932793,0,19.74826431,0,20.81886482
2023/5/5 8:12,0,20.91551018,0,19.71932793,0,19.74826431,0,20.81886482
2023/5/5 8:13,0,20.91551018,0,19.70486069,0,19.74826431,0,20.81886482
2023/5/5 8:14,0,20.91551018,0,19.71932793,0,19.74826431,0,20.81886482
2023/5/5 8:15,0,20.90104294,0,19.71932793,0,19.8495369,0,20.81886482
2023/5/5 8:16,0.508648515,21.01678276,0,19.71932793,0,19.8495369,0,20.81886482
2023/5/5 8:17,1.866410255,21.01678276,0,19.71932793,0,19.8495369,0,20.81886482
2023/5/5 8:18,3.268172741,21.01678276,0,19.71932793,0,19.8495369,0,20.81886482
2023/5/5 8:19,6.747753143,21.11805534,0,19.71932793,0,19.8495369,0,20.81886482
2023/5/5 8:20,16.93580055,21.1035881,0,19.82060242,0,19.8495369,0,20.81886482
2023/5/5 8:21,27.35207748,21.11805534,0,19.82060242,0,19.921875,0,20.81886482
2023/5/5 8:22,37.59123993,21.11805534,0,19.82060242,0,19.95080948,0,20.81886482
2023/5/5 8:23,48.17786407,21.11805534,0,19.82060242,0,19.95080948,0,20.81886482
2023/5/5 8:24,58.57620239,21.11805534,0,19.82060242,0,19.95080948,0,20.81886482
2023/5/5 8:25,68.82115936,21.11805534,0,19.921875,0,19.95080948,0,20.81886482
2023/5/5 8:26,79.24723053,21.11805534,0,19.921875,0,19.95080948,0,20.81886482
2023/5/5 8:27,90.76540375,21.11805534,0,19.921875,0,19.95080948,0,20.81886482
2023/5/5 8:28,100,21.11805534,0,19.921875,0,19.95080948,0,20.81886482
2023/5/5 8:29,100,21.11805534,0,19.921875,0,19.95080948,0,20.81886482
2023/5/5 8:30,100,21.11805534,0,19.921875,0,19.95080948,0,20.81886482
2023/5/5 8:31,100,21.11805534,0,19.921875,0,19.95080948,0,20.81886482
2023/5/5 8:32,100,21.11805534,0,19.921875,0,19.95080948,0,20.81886482
2023/5/5 8:33,100,21.1035881,0,19.921875,0,19.95080948,0,20.92013931
2023/5/5 8:34,100,21.01678276,0,19.921875,0,19.95080948,0,20.90567207
2023/5/5 8:35,100,21.01678276,0,19.921875,0,19.95080948,0,20.92013931
2023/5/5 8:36,100,21.01678276,0,19.82060242,0,19.95080948,0,20.92013931
2023/5/5 8:37,100,21.01678276,0,19.82060242,0,19.95080948,0,20.92013931
2023/5/5 8:38,100,21.01678276,0,19.82060242,0,19.95080948,0,20.92013931
2023/5/5 8:39,100,21.01678276,0,19.82060242,0,19.95080948,0,20.92013931
2023/5/5 8:40,100,21.01678276,0,19.82060242,0,19.95080948,0,20.92013931
2023/5/5 8:41,100,21.01678276,0,19.82060242,0,19.8495369,0,20.92013931
2023/5/5 8:42,100,21.01678276,0,19.82060242,0,19.8495369,0,20.92013931
2023/5/5 8:43,100,21.01678276,0,19.82060242,0,19.8495369,0,20.92013931
2023/5/5 8:44,100,21.01678276,0,19.82060242,0,19.8495369,0,20.92013931
2023/5/5 8:45,99.24562836,20.91551018,0,19.82060242,0,19.8495369,0,20.92013931
2023/5/5 8:46,91.82610321,20.90104294,0,19.82060242,0,19.8495369,0,20.92013931
2023/5/5 8:47,84.33876801,20.91551018,0,19.82060242,0,19.8495369,0,20.92013931
2023/5/5 8:48,76.72528076,20.91551018,0,19.82060242,0,19.8495369,0,21.0214119
2023/5/5 8:49,69.05950928,20.91551018,0,19.82060242,0,19.8495369,0,21.0214119
2023/5/5 8:50,61.51143265,20.91551018,0,19.82060242,0,19.83506966,0,21.00694466
2023/5/5 8:51,53.82685089,20.90104294,0,19.82060242,0,19.8495369,0,20.96354294
2023/5/5 8:52,46.12803268,20.91551018,0,19.82060242,0,19.8495369,0,20.92013931
2023/5/5 8:53,38.44291306,20.91551018,0,19.82060242,0,19.83506966,0,20.90567207
2023/5/5 8:54,30.73363495,20.91551018,0,19.82060242,0,19.8495369,0,20.92013931
2023/5/5 8:55,23.19023323,20.90104294,0,19.82060242,0,19.74826431,0,20.92013931
2023/5/5 8:56,15.49856853,20.91551018,0,19.74826431,0,19.80613518,0,20.92013931
2023/5/5 8:57,7.812695503,20.91551018,0,19.82060242,0,19.74826431,0,20.92013931
2023/5/5 8:58,0.244302541,20.91551018,0,19.79166794,0,19.73379707,0,20.92013931
2023/5/5 8:59,0,20.90104294,0,19.82060242,0,19.8495369,0,20.92013931
2023/5/5 9:00,0,20.81423569,0,19.71932793,0,19.74826431,0,20.92013931
2023/5/5 9:01,0,20.81423569,0,19.71932793,0,19.74826431,0,20.92013931
2023/5/5 9:02,0,20.91551018,0,19.71932793,0,19.74826431,0,20.92013931
2023/5/5 9:03,0,20.79976845,0,19.63252258,0,19.74826431,0,20.81886482
2023/5/5 9:04,0,20.81423569,0,19.63252258,0,19.73379707,0,20.81886482
2023/5/5 9:05,0,20.91551018,0,19.63252258,0,19.74826431,0,20.81886482
2023/5/5 9:06,0,20.91551018,0,19.63252258,0,19.74826431,0,20.81886482
2023/5/5 9:07,0,20.91551018,0,19.63252258,0,19.74826431,0,20.80439758
2023/5/5 9:08,0,20.91551018,0,19.61805534,0,19.82060242,0,20.81886482
2023/5/5 9:09,0,20.91551018,0,19.63252258,0,19.80613518,0,20.81886482
2023/5/5 9:10,0,20.91551018,0,19.63252258,0,19.8495369,0,20.73205948
2023/5/5 9:11,0,20.91551018,0,19.63252258,0,19.8495369,0,20.78993034
2023/5/5 9:12,0.178724289,21.01678276,0,19.63252258,0,19.8495369,0,20.71759224
2023/5/5 9:13,1.485639334,21.01678276,0,19.71932793,0,19.8495369,0,20.71759224
2023/5/5 9:14,2.773066521,21.01678276,0,19.71932793,0,19.8495369,0,20.71759224
2023/5/5 9:15,4.150477409,21.01678276,0,19.73379707,0,19.8495369,0,20.71759224
2023/5/5 9:16,5.447947502,21.01678276,0,19.73379707,0,19.8495369,0,20.71759224
2023/5/5 9:17,6.816866875,21.01678276,0,19.73379707,0,19.8495369,0,20.71759224
2023/5/5 9:18,8.156259537,21.01678276,0,19.73379707,0,19.8495369,0,20.71759224
2023/5/5 9:19,9.504297256,21.01678276,0,19.71932793,0,19.8495369,0,20.71759224
2023/5/5 9:20,13.67698288,21.11805534,0,19.73379707,0,19.8495369,0,20.71759224
2023/5/5 9:21,23.82160187,21.11805534,0,19.73379707,0,19.8495369,0,20.71759224
2023/5/5 9:22,34.22758484,21.11805534,0,19.73379707,0,19.95080948,0,20.71759224
2023/5/5 9:23,44.15633011,21.11805534,0,19.73379707,0,19.95080948,0,20.71759224
2023/5/5 9:24,54.13927078,21.11805534,0,19.82060242,0,19.95080948,0,20.71759224
2023/5/5 9:25,64.46607208,21.11805534,0,19.82060242,0,19.95080948,0,20.71759224
2023/5/5 9:26,74.56075287,21.11805534,0,19.83506966,0,19.93634224,0,20.71759224
2023/5/5 9:27,84.80180359,21.11805534,0,19.82060242,0,19.95080948,0,20.71759224
2023/5/5 9:28,95.39993286,21.11805534,0,19.83506966,0,19.95080948,0,20.71759224
2023/5/5 9:29,100,21.11805534,0,19.83506966,0,19.95080948,0,20.71759224
2023/5/5 9:30,100,21.01678276,0,19.73379707,0,19.95080948,0,20.71759224
2023/5/5 9:31,100,21.01678276,0,19.73379707,0,19.921875,0,20.71759224
2023/5/5 9:32,98.15055847,20.91551018,0,19.73379707,0,19.8495369,0,20.71759224
2023/5/5 9:33,90.4938736,20.90104294,0,19.73379707,0,19.8495369,0,20.71759224
2023/5/5 9:34,82.84051514,20.91551018,0,19.73379707,0,19.8495369,0,20.71759224
2023/5/5 9:35,74.36077881,20.81423569,0,19.73379707,0,19.8495369,0,20.71759224
2023/5/5 9:36,58.56541443,20.81423569,0,19.71932793,0,19.83506966,0,20.81886482
2023/5/5 9:37,42.19918823,20.81423569,0,19.63252258,0,19.8495369,0,20.81886482
2023/5/5 9:38,25.64849281,20.81423569,0,19.63252258,0,19.8495369,0,20.81886482
2023/5/5 9:39,8.967207909,20.81423569,0,19.63252258,0,19.8495369,0,20.80439758
2023/5/5 9:40,0,20.81423569,0,19.63252258,0,19.8495369,0,20.81886482
2023/5/5 9:41,0,20.81423569,0,19.63252258,0,19.8495369,0,20.73205948
2023/5/5 9:42,0,20.90104294,0,19.64698982,0,19.8495369,0,20.81886482
2023/5/5 9:43,0,20.91551018,0,19.71932793,0,19.83506966,0,20.78993034
2023/5/5 9:44,0,20.91551018,0,19.73379707,0,19.8495369,0,20.80439758
2023/5/5 9:45,0.133069828,21.01678276,0,19.73379707,0,19.8495369,0,20.81886482
2023/5/5 9:46,1.52308476,21.01678276,0,19.73379707,0,19.95080948,0,20.81886482
2023/5/5 9:47,2.910490751,21.01678276,0,19.82060242,0,19.95080948,0,20.81886482
2023/5/5 9:48,4.775029182,21.03125,0,19.82060242,0,19.95080948,0,20.81886482
2023/5/5 9:49,14.8953886,21.11805534,0,19.83506966,0,19.95080948,0,20.81886482
2023/5/5 9:50,25.29790497,21.11805534,0,19.82060242,0,19.95080948,0,20.81886482
2023/5/5 9:51,35.73973083,21.1035881,0,19.82060242,0,19.9942131,0,20.81886482
2023/5/5 9:52,46.38566971,21.11805534,0,19.83506966,0,20.05208206,0,20.81886482
2023/5/5 9:53,63.09508133,21.21932793,0,19.921875,0,20.05208206,0,20.81886482
2023/5/5 9:54,82.53941345,21.21932793,0,19.921875,0,20.05208206,0,20.92013931
2023/5/5 9:55,100,21.21932793,0,19.921875,0,20.05208206,0,20.92013931
2023/5/5 9:56,100,21.21932793,0,19.921875,0,20.05208206,0,20.92013931
2023/5/5 9:57,100,21.11805534,0,19.921875,0,20.05208206,0,20.92013931
2023/5/5 9:58,100,21.11805534,0,19.921875,0,20.05208206,0,20.92013931
2023/5/5 9:59,100,21.03125,0,19.921875,0,20.05208206,0,20.90567207
2023/5/5 10:00,100,21.01678276,0,19.83506966,0,19.95080948,0,20.92013931
2023/5/5 10:01,100,21.01678276,0,19.83506966,0,19.95080948,0,20.92013931
2023/5/5 10:02,96.16320038,20.91551018,0,19.82060242,0,19.95080948,0,20.92013931
2023/5/5 10:03,88.51216888,20.91551018,0,19.82060242,0,19.93634224,0,20.92013931
2023/5/5 10:04,80.98854828,20.91551018,0,19.83506966,0,19.95080948,0,20.92013931
2023/5/5 10:05,73.35113525,20.91551018,0,19.82060242,0,19.95080948,0,20.92013931
2023/5/5 10:06,65.70433807,20.91551018,0,19.82060242,0,19.95080948,0,20.92013931
2023/5/5 10:07,58.06130219,20.91551018,0,19.83506966,0,19.93634224,0,20.92013931
2023/5/5 10:08,50.42341995,20.91551018,0,19.83506966,0,19.95080948,0,20.92013931
2023/5/5 10:09,42.88587952,20.91551018,0,19.83506966,0,19.95080948,0,21.0214119
2023/5/5 10:10,35.26421738,20.90104294,0,19.82060242,0,19.95080948,0,20.96354294
2023/5/5 10:11,27.57597542,20.91551018,0,19.83506966,0,19.95080948,0,21.0214119
2023/5/5 10:12,20.03608131,20.91551018,0,19.83506966,0,20.05208206,0,21.0214119
2023/5/5 10:13,12.38458824,20.91551018,0,19.82060242,0,20.05208206,0,21.0214119
2023/5/5 10:14,12.52019024,21.01678276,0,19.921875,0,20.05208206,0,21.0214119
2023/5/5 10:15,13.91173172,21.01678276,0,19.921875,0,20.05208206,0,21.0214119
2023/5/5 10:16,15.92387199,21.11805534,0,19.921875,0,20.05208206,0,21.0214119
2023/5/5 10:17,26.49852753,21.11805534,0,20.02314758,0,20.05208206,0,20.99247742
2023/5/5 10:18,36.9113884,21.11805534,0,20.02314758,0,20.05208206,0,21.0214119
2023/5/5 10:19,53.52263641,21.21932793,0,20.02314758,0,20.08101845,0,21.0214119
2023/5/5 10:20,72.97919464,21.21932793,0,20.10995293,0,20.15335655,0,21.12268448
2023/5/5 10:21,92.78401947,21.21932793,0,20.12442207,0,20.15335655,0,21.12268448
2023/5/5 10:22,100,21.21932793,0,20.12442207,0,20.15335655,0,21.12268448
2023/5/5 10:23,100,21.21932793,0,20.12442207,0,20.15335655,0,21.22395706
2023/5/5 10:24,100,21.21932793,0,20.12442207,0,20.15335655,0,21.22395706
2023/5/5 10:25,100,21.20486069,0,20.12442207,0,20.15335655,0,21.22395706
2023/5/5 10:26,100,21.21932793,0,20.12442207,0,20.15335655,0,21.22395706
2023/5/5 10:27,100,21.21932793,0,20.12442207,0,20.15335655,0,21.22395706
2023/5/5 10:28,100,21.21932793,0,20.12442207,0,20.15335655,0,21.22395706
2023/5/5 10:29,100,21.21932793,0,20.13888931,0,20.13888931,0,21.20948982
2023/5/5 10:30,100,21.21932793,0,20.12442207,0,20.15335655,0,21.22395706
2023/5/5 10:31,100,21.14698982,0,20.12442207,0,20.25462914,0,21.32523155
2023/5/5 10:32,100,21.21932793,0,20.22569466,0,20.2401619,0,21.31076431
2023/5/5 10:33,100,21.11805534,0,20.22569466,0,20.2401619,0,21.31076431
2023/5/5 10:34,100,21.21932793,0,20.22569466,0,20.25462914,0,21.32523155
2023/5/5 10:35,100,21.21932793,0,20.22569466,0,20.25462914,0,21.32523155
2023/5/5 10:36,100,21.21932793,0,20.22569466,0,20.25462914,0,21.32523155
2023/5/5 10:37,100,21.20486069,0,20.22569466,0,20.25462914,0,21.32523155
2023/5/5 10:38,100,21.21932793,0,20.22569466,0,20.26909828,0,21.31076431
2023/5/5 10:39,100,21.21932793,0,20.32696724,0,20.35590172,0,21.32523155
2023/5/5 10:40,100,21.21932793,0,20.32696724,0,20.35590172,0,21.32523155
2023/5/5 10:41,100,21.21932793,0,20.32696724,0,20.35590172,0,21.31076431
2023/5/5 10:42,100,21.21932793,0,20.32696724,0,20.35590172,0,21.32523155
2023/5/5 10:43,100,21.21932793,0,20.32696724,0,20.35590172,0,21.32523155
2023/5/5 10:44,100,21.21932793,0,20.32696724,0,20.44270706,0,21.32523155
2023/5/5 10:45,100,21.32060242,0,20.42823982,0,20.45717621,0,21.39756966
2023/5/5 10:46,100,21.32060242,0,20.42823982,0,20.45717621,0,21.42650414
2023/5/5 10:47,100,21.32060242,0,20.42823982,0,20.45717621,0,21.42650414
2023/5/5 10:48,100,21.421875,0,20.42823982,0,20.45717621,0,21.42650414
2023/5/5 10:49,100,21.421875,0,20.51504707,0,20.55844879,0,21.42650414
2023/5/5 10:50,100,21.52314758,0,20.52951431,0,20.55844879,0,21.42650414
2023/5/5 10:51,100,21.52314758,0,20.51504707,0,20.55844879,0,21.42650414
2023/5/5 10:52,100,21.62442207,0,20.52951431,0,20.64525414,0,21.42650414
2023/5/5 10:53,100,21.62442207,0,20.52951431,0,20.64525414,0,21.4120369
2023/5/5 10:54,100,21.71122742,0,20.52951431,0,20.64525414,0,21.42650414
2023/5/5 10:55,100,21.8125,0,20.52951431,0,20.64525414,0,21.42650414
2023/5/5 10:56,100,21.87037086,0,20.61631966,0,20.64525414,0,21.42650414
2023/5/5 10:57,100,21.91377258,0,20.6307869,0,20.76099586,0,21.42650414
2023/5/5 10:58,100,21.91377258,0,20.6307869,0,20.74652672,0,21.51330948
2023/5/5 10:59,100,22.01504707,0,20.73205948,0,20.86226845,0,21.51330948
2023/5/5 11:00,100,22.01504707,0,20.73205948,0,20.84780121,0,21.51330948
2023/5/5 11:01,100,22.11631966,0,20.73205948,0,20.84780121,0,21.51330948
2023/5/5 11:02,100,22.11631966,0,20.83333206,0,20.86226845,0,21.51330948
2023/5/5 11:03,100,22.11631966,0,20.83333206,0,20.86226845,0,21.51330948
2023/5/5 11:04,100,22.11631966,0,20.93460655,0,20.92013931,0,21.51330948
2023/5/5 11:05,100,22.21759224,0,20.93460655,0,20.94907379,0,21.61458206
2023/5/5 11:06,100,22.21759224,0,20.93460655,0,20.94907379,0,21.61458206
2023/5/5 11:07,100,22.31886482,0,20.97801018,0,20.94907379,0,21.61458206
2023/5/5 11:08,100,22.42013931,2.783789873,21.03587914,1.420509934,21.05034828,0,21.61458206
2023/5/5 11:09,100,22.42013931,5.754090786,21.03587914,5.916117191,21.05034828,0,21.61458206
2023/5/5 11:10,100,22.5214119,8.611338615,21.03587914,10.34139538,21.05034828,0,21.61458206
2023/5/5 11:11,100,22.62268448,16.74897194,21.12268448,14.8401823,21.05034828,0,21.61458206
2023/5/5 11:12,100,22.62268448,28.31969452,21.12268448,26.53172684,21.15162086,0,21.62905121
2023/5/5 11:13,100,22.62268448,39.89349747,21.12268448,40.03263855,21.15162086,0,21.61458206
2023/5/5 11:14,100,22.72395706,51.24367142,21.12268448,53.3001709,21.15162086,0,21.61458206
2023/5/5 11:15,100,22.82523155,70.16249847,21.22395706,66.92790985,21.15162086,0,21.61458206
2023/5/5 11:16,100,22.81076431,89.87669373,21.22395706,85.7218399,21.25289345,0,21.78819466
2023/5/5 11:17,100,22.82523155,100,21.22395706,100,21.15162086,0,21.81712914
2023/5/5 11:18,100,22.9120369,100,21.22395706,100,21.15162086,0,21.74479294
2023/5/5 11:19,100,22.92650414,100,21.22395706,100,21.05034828,0,21.81712914
2023/5/5 11:20,100,22.9120369,100,21.12268448,99.96801758,20.96354294,0,21.81712914
2023/5/5 11:21,100,22.92650414,100,21.03587914,95.96879578,20.94907379,0,21.65798569
2023/5/5 11:22,100,22.9120369,100,21.03587914,86.92977142,20.84780121,0,21.61458206
2023/5/5 11:23,100,23.02777672,99.51285553,20.92013931,73.79311371,20.84780121,0,21.61458206
2023/5/5 11:24,100,23.01330948,93.66217804,20.93460655,61.01983643,20.84780121,0,21.61458206
2023/5/5 11:25,100,23.01330948,87.71259308,20.93460655,48.22216034,20.84780121,0,21.61458206
2023/5/5 11:26,100,23.01330948,73.27398682,20.83333206,34.87321854,20.84780121,0,21.61458206
2023/5/5 11:27,100,23.01330948,58.48766327,20.83333206,22.02788925,20.84780121,0,21.61458206
2023/5/5 11:28,100,23.02777672,43.49262238,20.83333206,9.041888237,20.86226845,0,21.61458206
2023/5/5 11:29,100,23.02777672,28.48628616,20.81886482,0,20.84780121,0,21.61458206
2023/5/5 11:30,100,23.11458206,17.95170212,20.93460655,0,20.86226845,0,21.61458206
2023/5/5 11:31,100,23.11458206,11.91916847,20.92013931,0,20.94907379,0,21.61458206
2023/5/5 11:32,100,23.20138931,7.371469021,21.03587914,0.628654182,21.05034828,0,21.62905121
2023/5/5 11:33,100,23.21585655,10.3282795,21.03587914,5.872286797,21.15162086,0,21.61458206
2023/5/5 11:34,100,23.21585655,19.63952446,21.12268448,19.40575981,21.15162086,0,21.61458206
2023/5/5 11:35,100,23.31712914,34.05383301,21.22395706,39.54672241,21.25289345,0,21.62905121
2023/5/5 11:36,100,23.31712914,54.76241684,21.32523155,66.95597839,21.35416794,0,21.81712914
2023/5/5 11:37,100,23.41840172,83.5353241,21.32523155,99.2816925,21.45544052,0,21.81712914
2023/5/5 11:38,100,23.40393448,100,21.42650414,100,21.45544052,0,21.81712914
2023/5/5 11:39,100,23.51967621,100,21.42650414,100,21.45544052,0,21.81712914
2023/5/5 11:40,100,23.51967621,100,21.52777672,100,21.45544052,0,21.81712914
2023/5/5 11:41,100,23.62094879,100,21.42650414,100,21.35416794,0,21.81712914
2023/5/5 11:42,100,23.62094879,100,21.42650414,100,21.35416794,0,21.83159828
2023/5/5 11:43,100,23.62094879,100,21.42650414,100,21.45544052,0,21.81712914
2023/5/5 11:44,100,23.62094879,100,21.42650414,100,21.35416794,0,21.81712914
2023/5/5 11:45,100,23.60648155,100,21.42650414,100,21.35416794,0,21.81712914
2023/5/5 11:46,100,23.63541794,100,21.42650414,100,21.35416794,0,21.81712914
2023/5/5 11:47,100,23.72222328,100,21.42650414,100,21.35416794,0,21.81712914
2023/5/5 11:48,100,23.72222328,100,21.42650414,100,21.35416794,0,21.81712914
2023/5/5 11:49,100,23.72222328,100,21.42650414,100,21.35416794,0,21.81712914
2023/5/5 11:50,100,23.72222328,100,21.42650414,100,21.35416794,0,21.81712914
2023/5/5 11:51,100,23.72222328,100,21.42650414,100,21.35416794,0,21.81712914
2023/5/5 11:52,100,23.72222328,100,21.42650414,100,21.35416794,0,21.81712914
2023/5/5 11:53,100,23.72222328,100,21.42650414,100,21.35416794,0,21.81712914
2023/5/5 11:54,100,23.82349586,100,21.42650414,100,21.35416794,0,21.81712914
2023/5/5 11:55,100,23.82349586,100,21.42650414,100,21.35416794,0,21.81712914
2023/5/5 11:56,100,23.82349586,100,21.42650414,100,21.35416794,0,21.81712914
2023/5/5 11:57,100,23.82349586,100,21.42650414,100,21.45544052,0,21.81712914
2023/5/5 11:58,100,23.82349586,100,21.52777672,100,21.45544052,0,21.81712914
2023/5/5 11:59,100,23.82349586,100,21.52777672,100,21.44097328,0,21.81712914
2023/5/5 12:00,100,23.82349586,100,21.52777672,100,21.45544052,0,21.81712914
2023/5/5 12:01,100,23.82349586,100,21.52777672,100,21.45544052,0,21.81712914
2023/5/5 12:02,100,23.80902672,100,21.52777672,100,21.45544052,0,21.81712914
2023/5/5 12:03,100,23.92476845,100,21.52777672,100,21.45544052,0,21.81712914
2023/5/5 12:04,100,23.92476845,100,21.54224586,100,21.45544052,0,21.81712914
2023/5/5 12:05,100,23.92476845,100,21.52777672,100,21.45544052,0,21.81712914
2023/5/5 12:06,100,23.92476845,100,21.52777672,100,21.45544052,0,21.81712914
2023/5/5 12:07,100,23.92476845,100,21.52777672,100,21.45544052,0,21.83159828
2023/5/5 12:08,100,23.92476845,100,21.57118034,100,21.45544052,0,21.81712914
2023/5/5 12:09,100,23.92476845,100,21.52777672,100,21.45544052,0,21.81712914
2023/5/5 12:10,100,23.92476845,100,21.62905121,100,21.45544052,0,21.81712914
2023/5/5 12:11,100,23.92476845,100,21.62905121,100,21.45544052,0,21.81712914
2023/5/5 12:12,100,23.92476845,100,21.62905121,100,21.45544052,0,21.81712914
2023/5/5 12:13,100,23.92476845,100,21.62905121,100,21.45544052,0,21.70138931
2023/5/5 12:14,100,23.92476845,100,21.62905121,100,21.45544052,0,21.81712914
2023/5/5 12:15,100,23.92476845,100,21.62905121,100,21.45544052,0,21.81712914
2023/5/5 12:16,100,23.92476845,100,21.62905121,100,21.45544052,0,21.81712914
2023/5/5 12:17,100,24.01157379,100,21.62905121,100,21.45544052,0,21.81712914
2023/5/5 12:18,100,24.01157379,100,21.62905121,100,21.45544052,0,21.81712914
2023/5/5 12:19,100,23.92476845,100,21.62905121,100,21.44097328,0,21.81712914
2023/5/5 12:20,100,24.02604294,100,21.52777672,100,21.35416794,0,21.81712914
2023/5/5 12:21,100,24.02604294,100,21.62905121,100,21.45544052,0,21.81712914
2023/5/5 12:22,100,24.02604294,100,21.62905121,100,21.44097328,0,21.83159828
2023/5/5 12:23,100,24.02604294,100,21.62905121,100,21.45544052,0,21.81712914
2023/5/5 12:24,100,24.02604294,100,21.62905121,100,21.45544052,0,21.81712914
2023/5/5 12:25,100,24.02604294,100,21.62905121,100,21.44097328,0,21.81712914
2023/5/5 12:26,100,24.02604294,100,21.62905121,100,21.45544052,0,21.81712914
2023/5/5 12:27,100,24.02604294,100,21.62905121,100,21.45544052,0,21.81712914
2023/5/5 12:28,100,24.02604294,100,21.62905121,100,21.45544052,0,21.81712914
2023/5/5 12:29,100,24.02604294,100,21.62905121,100,21.45544052,0,21.81712914
2023/5/5 12:30,100,24.02604294,100,21.62905121,100,21.45544052,0,21.81712914
2023/5/5 12:31,100,24.02604294,100,21.62905121,100,21.45544052,0,21.65798569
2023/5/5 12:32,100,24.02604294,100,21.62905121,100,21.45544052,0,21.61458206
2023/5/5 12:33,100,24.02604294,100,21.62905121,100,21.4120369,0,21.62905121
2023/5/5 12:34,100,24.02604294,100,21.62905121,100,21.35416794,0,21.62905121
2023/5/5 12:35,100,24.02604294,100,21.61458206,100,21.35416794,0,21.61458206
2023/5/5 12:36,100,24.02604294,100,21.52777672,100,21.35416794,0,21.62905121
2023/5/5 12:37,100,24.02604294,100,21.62905121,100,21.35416794,0,21.62905121
2023/5/5 12:38,100,24.02604294,100,21.62905121,100,21.35416794,0,21.62905121
2023/5/5 12:39,100,24.12731552,100,21.62905121,100,21.45544052,0,21.62905121
2023/5/5 12:40,100,24.12731552,100,21.62905121,100,21.44097328,0,21.62905121
2023/5/5 12:41,100,24.12731552,100,21.62905121,100,21.45544052,0,21.62905121
2023/5/5 12:42,100,24.12731552,100,21.62905121,100,21.45544052,0,21.62905121
2023/5/5 12:43,100,24.12731552,100,21.62905121,100,21.45544052,0,21.62905121
2023/5/5 12:44,100,24.12731552,100,21.62905121,100,21.45544052,0,21.62905121
2023/5/5 12:45,100,24.12731552,100,21.62905121,100,21.45544052,0,21.62905121
2023/5/5 12:46,100,24.12731552,100,21.62905121,100,21.45544052,0,21.62905121
2023/5/5 12:47,100,24.12731552,100,21.62905121,100,21.45544052,0,21.62905121
2023/5/5 12:48,100,24.11284828,100,21.62905121,100,21.45544052,0,21.62905121
2023/5/5 12:49,100,24.12731552,100,21.62905121,100,21.45544052,0,21.62905121
2023/5/5 12:50,100,24.12731552,100,21.62905121,100,21.45544052,0,21.62905121
2023/5/5 12:51,100,24.19965172,100,21.52777672,100,21.44097328,0,21.62905121
2023/5/5 12:52,100,24.12731552,100,21.62905121,100,21.45544052,0,21.62905121
2023/5/5 12:53,100,24.12731552,100,21.62905121,100,21.45544052,0,21.61458206
2023/5/5 12:54,100,24.12731552,100,21.62905121,100,21.45544052,0,21.62905121
2023/5/5 12:55,100,24.12731552,100,21.62905121,100,21.44097328,0,21.61458206
2023/5/5 12:56,100,24.12731552,100,21.62905121,100,21.45544052,0,21.62905121
2023/5/5 12:57,100,24.12731552,100,21.62905121,100,21.45544052,0,21.62905121
2023/5/5 12:58,100,24.14178276,100,21.62905121,100,21.44097328,0,21.61458206
2023/5/5 12:59,100,24.21412086,100,21.62905121,100,21.45544052,0,21.62905121
2023/5/5 13:00,100,24.12731552,100,21.62905121,100,21.35416794,0,21.61458206
2023/5/5 13:01,100,24.2285881,100,21.52777672,100,21.35416794,0,21.62905121
2023/5/5 13:02,100,24.21412086,100,21.62905121,100,21.35416794,0,21.61458206
2023/5/5 13:03,100,24.21412086,100,21.62905121,100,21.45544052,0,21.62905121
2023/5/5 13:04,100,24.21412086,100,21.62905121,100,21.45544052,0,21.62905121
2023/5/5 13:05,100,24.2285881,100,21.62905121,100,21.35416794,0,21.61458206
2023/5/5 13:06,100,24.2285881,100,21.62905121,100,21.45544052,0,21.61458206
2023/5/5 13:07,100,24.21412086,100,21.70138931,100,21.45544052,0,21.62905121
2023/5/5 13:08,100,24.21412086,100,21.62905121,100,21.45544052,0,21.62905121
2023/5/5 13:09,100,24.2285881,100,21.62905121,100,21.44097328,0,21.61458206
2023/5/5 13:10,100,24.2285881,100,21.62905121,100,21.35416794,0,21.62905121
2023/5/5 13:11,100,24.12731552,100,21.62905121,100,21.35416794,0,21.61458206
2023/5/5 13:12,100,24.21412086,100,21.62905121,100,21.35416794,0,21.62905121
2023/5/5 13:13,100,24.21412086,100,21.62905121,100,21.35416794,0,21.62905121
2023/5/5 13:14,100,24.21412086,100,21.62905121,100,21.38310242,0,21.62905121
2023/5/5 13:15,100,24.21412086,100,21.62905121,100,21.45544052,0,21.62905121
2023/5/5 13:16,100,24.21412086,100,21.62905121,100,21.45544052,0,21.62905121
2023/5/5 13:17,100,24.2285881,100,21.62905121,100,21.45544052,0,21.62905121
2023/5/5 13:18,100,24.21412086,100,21.62905121,100,21.35416794,0,21.62905121
2023/5/5 13:19,100,24.32986069,100,21.62905121,100,21.35416794,0,21.62905121
2023/5/5 13:20,100,24.31539345,100,21.62905121,100,21.35416794,0,21.62905121
2023/5/5 13:21,100,24.21412086,100,21.62905121,100,21.35416794,0,21.62905121
2023/5/5 13:22,100,24.21412086,100,21.62905121,100,21.35416794,0,21.62905121
2023/5/5 13:23,100,24.2285881,100,21.62905121,100,21.35416794,0,21.62905121
2023/5/5 13:24,100,24.21412086,100,21.62905121,100,21.35416794,0,21.52777672
2023/5/5 13:25,100,24.21412086,100,21.62905121,100,21.35416794,0,21.62905121
2023/5/5 13:26,100,24.21412086,100,21.62905121,100,21.35416794,0,21.61458206
2023/5/5 13:27,100,24.2285881,100,21.52777672,100,21.35416794,0,21.54224586
2023/5/5 13:28,100,24.2285881,100,21.52777672,100,21.35416794,0,21.52777672
2023/5/5 13:29,100,24.2285881,100,21.52777672,100,21.35416794,0,21.52777672
2023/5/5 13:30,100,24.12731552,100,21.52777672,100,21.35416794,0,21.52777672
2023/5/5 13:31,100,24.11284828,100,21.52777672,100,21.35416794,0,21.51330948
2023/5/5 13:32,100,24.2285881,100,21.52777672,100,21.35416794,0,21.52777672
2023/5/5 13:33,100,24.12731552,100,21.52777672,100,21.35416794,0,21.52777672
2023/5/5 13:34,100,24.21412086,100,21.52777672,100,21.35416794,0,21.52777672
2023/5/5 13:35,100,24.21412086,100,21.52777672,100,21.35416794,0,21.51330948
2023/5/5 13:36,100,24.21412086,100,21.52777672,100,21.35416794,0,21.52777672
2023/5/5 13:37,100,24.2285881,100,21.52777672,100,21.35416794,0,21.52777672
2023/5/5 13:38,100,24.2285881,100,21.52777672,100,21.35416794,0,21.51330948
2023/5/5 13:39,100,24.2285881,100,21.52777672,100,21.33969879,0,21.52777672
2023/5/5 13:40,100,24.12731552,100,21.52777672,100,21.35416794,0,21.52777672
2023/5/5 13:41,100,24.2285881,100,21.52777672,100,21.35416794,0,21.52777672
2023/5/5 13:42,100,24.2285881,100,21.52777672,100,21.35416794,0,21.51330948
2023/5/5 13:43,100,24.2285881,100,21.52777672,100,21.35416794,0,21.52777672
2023/5/5 13:44,100,24.21412086,100,21.52777672,100,21.35416794,0,21.52777672
2023/5/5 13:45,100,24.2285881,100,21.52777672,100,21.35416794,0,21.42650414
2023/5/5 13:46,100,24.15625,100,21.52777672,100,21.35416794,0,21.42650414
2023/5/5 13:47,100,24.12731552,100,21.52777672,100,21.35416794,0,21.42650414
2023/5/5 13:48,100,24.12731552,100,21.54224586,100,21.35416794,0,21.42650414
2023/5/5 13:49,100,24.21412086,100,21.62905121,100,21.35416794,0,21.42650414
2023/5/5 13:50,100,24.2285881,100,21.62905121,100,21.45544052,0,21.42650414
2023/5/5 13:51,100,24.21412086,100,21.61458206,100,21.35416794,0,21.42650414
2023/5/5 13:52,100,24.21412086,100,21.52777672,100,21.35416794,0,21.42650414
2023/5/5 13:53,100,24.21412086,100,21.52777672,100,21.35416794,0,21.42650414
2023/5/5 13:54,100,24.2285881,100,21.52777672,100,21.35416794,0,21.42650414
2023/5/5 13:55,100,24.2285881,100,21.52777672,100,21.35416794,0,21.42650414
2023/5/5 13:56,100,24.2285881,100,21.52777672,100,21.35416794,0,21.42650414
2023/5/5 13:57,100,24.21412086,100,21.52777672,100,21.35416794,0,21.42650414
2023/5/5 13:58,100,24.21412086,100,21.52777672,100,21.35416794,0,21.42650414
2023/5/5 13:59,100,24.2285881,100,21.52777672,100,21.35416794,0,21.42650414
2023/5/5 14:00,100,24.31539345,100,21.52777672,100,21.35416794,0,21.42650414
2023/5/5 14:01,100,24.32986069,100,21.54224586,100,21.35416794,0,21.42650414
2023/5/5 14:02,100,24.31539345,100,21.52777672,100,21.35416794,0,21.42650414
2023/5/5 14:03,100,24.2285881,100,21.52777672,100,21.35416794,0,21.42650414
2023/5/5 14:04,100,24.2285881,100,21.52777672,100,21.35416794,0,21.42650414
2023/5/5 14:05,100,24.2285881,100,21.52777672,100,21.35416794,0,21.42650414
2023/5/5 14:06,100,24.21412086,100,21.52777672,100,21.35416794,0,21.42650414
2023/5/5 14:07,100,24.32986069,100,21.52777672,100,21.35416794,0,21.42650414
2023/5/5 14:08,100,24.32986069,100,21.52777672,100,21.35416794,0,21.42650414
2023/5/5 14:09,100,24.32986069,100,21.52777672,100,21.35416794,0,21.4120369
2023/5/5 14:10,100,24.32986069,100,21.52777672,100,21.35416794,0,21.42650414
2023/5/5 14:11,100,24.31539345,100,21.62905121,100,21.35416794,0,21.42650414
2023/5/5 14:12,100,24.32986069,100,21.62905121,100,21.42650414,0,21.42650414
2023/5/5 14:13,100,24.41666794,100,21.62905121,100,21.45544052,0,21.42650414
2023/5/5 14:14,100,24.43113518,100,21.62905121,100,21.44097328,0,21.42650414
2023/5/5 14:15,100,24.41666794,100,21.62905121,100,21.45544052,0,21.52777672
2023/5/5 14:16,100,24.41666794,100,21.73032379,100,21.45544052,0,21.52777672
2023/5/5 14:17,100,24.43113518,100,21.73032379,100,21.5567131,0,21.52777672
2023/5/5 14:18,100,24.51794052,100,21.73032379,100,21.46990776,0,21.51330948
2023/5/5 14:19,100,24.53240776,100,21.71585655,100,21.5567131,0,21.52777672
2023/5/5 14:20,100,24.43113518,100,21.73032379,100,21.5567131,0,21.52777672
2023/5/5 14:21,100,24.51794052,100,21.71585655,100,21.5567131,0,21.52777672
2023/5/5 14:22,100,24.51794052,100,21.73032379,100,21.5567131,0,21.62905121
2023/5/5 14:23,100,24.51794052,100,21.81712914,100,21.5567131,0,21.62905121
2023/5/5 14:24,100,24.51794052,100,21.83159828,100,21.5567131,0,21.62905121
2023/5/5 14:25,100,24.53240776,100,21.83159828,100,21.5567131,0,21.62905121
2023/5/5 14:26,100,24.51794052,100,21.83159828,100,21.5567131,0,21.62905121
2023/5/5 14:27,100,24.51794052,100,21.83159828,100,21.5567131,0,21.62905121
2023/5/5 14:28,100,24.6192131,100,21.83159828,100,21.65798569,0,21.62905121
2023/5/5 14:29,100,24.6192131,100,21.83159828,100,21.65798569,0,21.62905121
2023/5/5 14:30,100,24.6192131,100,21.83159828,100,21.65798569,0,21.62905121
2023/5/5 14:31,100,24.60474586,100,21.83159828,100,21.65798569,0,21.62905121
2023/5/5 14:32,100,24.6192131,100,21.83159828,100,21.65798569,0,21.62905121
2023/5/5 14:33,100,24.6192131,100,21.83159828,100,21.65798569,0,21.62905121
2023/5/5 14:34,100,24.72048569,100,21.83159828,100,21.75926018,0,21.61458206
2023/5/5 14:35,100,24.6192131,100,21.81712914,100,21.75926018,0,21.62905121
2023/5/5 14:36,100,24.72048569,100,21.81712914,100,21.65798569,0,21.62905121
2023/5/5 14:37,100,24.6192131,100,21.81712914,100,21.65798569,0,21.61458206
2023/5/5 14:38,100,24.6192131,100,21.83159828,100,21.65798569,0,21.62905121
2023/5/5 14:39,100,24.6192131,100,21.83159828,100,21.65798569,0,21.62905121
2023/5/5 14:40,100,24.72048569,100,21.83159828,100,21.65798569,0,21.71585655
2023/5/5 14:41,100,24.72048569,100,21.83159828,100,21.65798569,0,21.83159828
2023/5/5 14:42,100,24.72048569,100,21.83159828,100,21.65798569,0,21.81712914
2023/5/5 14:43,100,24.72048569,100,21.83159828,100,21.75926018,0,21.83159828
2023/5/5 14:44,100,24.72048569,100,21.83159828,100,21.75926018,0,21.83159828
2023/5/5 14:45,100,24.72048569,100,21.93287086,100,21.75926018,0,21.83159828
2023/5/5 14:46,100,24.82176018,100,21.93287086,100,21.75926018,0,21.83159828
2023/5/5 14:47,100,24.72048569,100,21.93287086,100,21.75926018,0,21.83159828
2023/5/5 14:48,100,24.82176018,100,21.83159828,100,21.75926018,0,21.81712914
2023/5/5 14:49,100,24.82176018,100,21.93287086,100,21.75926018,0,21.81712914
2023/5/5 14:50,100,24.82176018,100,21.93287086,100,21.75926018,0,21.81712914
2023/5/5 14:51,100,24.92303276,100,21.93287086,100,21.75926018,0,21.83159828
2023/5/5 14:52,100,24.92303276,100,21.93287086,100,21.75926018,0,21.81712914
2023/5/5 14:53,100,24.92303276,100,21.93287086,100,21.75926018,0,21.83159828
2023/5/5 14:54,100,24.92303276,100,21.93287086,100,21.86053276,0,21.83159828
2023/5/5 14:55,100,24.92303276,100,21.93287086,100,21.86053276,0,21.83159828
2023/5/5 14:56,100,24.92303276,100,22.03414345,100,21.86053276,0,21.83159828
2023/5/5 14:57,100,24.92303276,100,22.03414345,100,21.86053276,0,21.83159828
2023/5/5 14:58,100,24.92303276,100,22.03414345,100,21.86053276,0,21.88946724
2023/5/5 14:59,100,24.92303276,100,22.03414345,100,21.86053276,0,21.91840172
2023/5/5 15:00,100,24.90856552,100,22.03414345,100,21.86053276,0,21.91840172
2023/5/5 15:01,100,24.9375,100,22.03414345,100,21.86053276,0,21.91840172
2023/5/5 15:02,100,24.92303276,100,22.03414345,100,21.96180534,0,21.91840172
2023/5/5 15:03,100,25.02430534,100,22.03414345,100,21.96180534,0,21.91840172
2023/5/5 15:04,100,25.02430534,100,22.03414345,100,21.9473381,0,21.91840172
2023/5/5 15:05,100,25.02430534,100,22.03414345,100,21.96180534,1.02362442,21.96180534
2023/5/5 15:06,100,25.02430534,100,22.03414345,100,21.96180534,6.966148376,22.01967621
2023/5/5 15:07,100,25.02430534,100,22.03414345,100,21.96180534,24.62139893,22.01967621
2023/5/5 15:08,100,25.22685242,100,22.03414345,100,21.96180534,42.08132553,22.01967621
2023/5/5 15:09,100,25.19791794,100,22.13541794,100,22.06307793,59.1665802,22.01967621
2023/5/5 15:10,100,25.22685242,100,22.13541794,100,22.06307793,76.76104736,22.01967621
2023/5/5 15:11,100,25.22685242,100,22.13541794,100,21.9473381,94.22159576,22.01967621
2023/5/5 15:12,100,25.22685242,100,22.13541794,100,21.96180534,100,22.01967621
2023/5/5 15:13,100,25.22685242,100,22.13541794,100,22.06307793,100,22.12094879
2023/5/5 15:14,100,25.22685242,100,22.13541794,100,22.04861069,100,22.01967621
2023/5/5 15:15,100,25.22685242,100,22.13541794,100,22.06307793,100,22.12094879
2023/5/5 15:16,100,25.22685242,100,22.13541794,100,21.96180534,96.27362061,21.93287086
2023/5/5 15:17,100,25.22685242,100,22.13541794,100,21.96180534,24.35977364,21.91840172
2023/5/5 15:18,100,25.22685242,100,22.03414345,100,21.96180534,0,21.83159828
2023/5/5 15:19,100,25.22685242,100,22.03414345,100,21.9473381,0,21.91840172
2023/5/5 15:20,100,25.22685242,100,22.03414345,100,21.96180534,0,21.91840172
2023/5/5 15:21,100,25.22685242,100,22.13541794,100,21.96180534,0,21.91840172
2023/5/5 15:22,100,25.22685242,100,22.13541794,100,21.9473381,0,21.91840172
2023/5/5 15:23,100,25.22685242,100,22.13541794,100,22.06307793,0,21.91840172
2023/5/5 15:24,100,25.22685242,100,22.13541794,100,22.06307793,0,21.91840172
2023/5/5 15:25,100,25.22685242,100,22.23669052,100,22.16435242,7.064209461,22.01967621
2023/5/5 15:26,100,25.02430534,100,22.23669052,100,22.16435242,24.34385681,22.01967621
2023/5/5 15:27,100,25.22685242,100,22.23669052,100,22.16435242,41.90488434,22.01967621
2023/5/5 15:28,100,25.22685242,100,22.23669052,100,22.16435242,59.10805511,22.01967621
2023/5/5 15:29,100,25.22685242,100,22.23669052,100,22.16435242,76.58039856,22.01967621
2023/5/5 15:30,100,25.22685242,100,22.23669052,100,22.16435242,99.08305359,22.01967621
2023/5/5 15:31,100,25.22685242,100,22.23669052,100,22.16435242,100,22.12094879
2023/5/5 15:32,100,25.22685242,100,22.3379631,100,22.16435242,100,22.12094879
2023/5/5 15:33,100,25.22685242,100,22.3379631,100,22.16435242,100,22.12094879
2023/5/5 15:34,100,25.22685242,100,22.23669052,100,22.16435242,100,22.07754707
2023/5/5 15:35,100,25.29919052,100,22.23669052,100,22.16435242,100,22.01967621
2023/5/5 15:36,100,25.22685242,100,22.23669052,100,22.16435242,100,22.01967621
2023/5/5 15:37,100,25.22685242,100,22.23669052,100,22.16435242,100,22.01967621
2023/5/5 15:38,100,25.22685242,100,22.23669052,100,22.16435242,100,22.01967621
2023/5/5 15:39,100,25.21238518,100,22.23669052,100,22.16435242,66.73793793,21.91840172
2023/5/5 15:40,100,25.22685242,100,22.23669052,100,22.16435242,0,21.91840172
2023/5/5 15:41,100,25.22685242,100,22.23669052,100,22.14988518,0,21.91840172
2023/5/5 15:42,100,25.22685242,100,22.23669052,100,22.06307793,0,21.91840172
2023/5/5 15:43,100,25.22685242,100,22.23669052,100,22.06307793,0,21.91840172
2023/5/5 15:44,100,25.22685242,100,22.23669052,100,22.09201431,0,21.91840172
2023/5/5 15:45,100,25.22685242,100,22.23669052,100,22.16435242,0,21.91840172
2023/5/5 15:46,100,25.22685242,100,22.23669052,100,22.16435242,9.739800453,22.01967621
2023/5/5 15:47,100,25.22685242,100,22.23669052,100,22.16435242,27.18494987,22.01967621
2023/5/5 15:48,100,25.22685242,100,22.23669052,100,22.16435242,44.4799614,22.01967621
2023/5/5 15:49,100,25.22685242,100,22.23669052,100,22.14988518,61.69651794,22.01967621
2023/5/5 15:50,100,25.22685242,100,22.23669052,100,22.16435242,79.33164978,22.01967621
2023/5/5 15:51,100,25.31365776,100,22.23669052,100,22.16435242,100,22.07754707
2023/5/5 15:52,100,25.328125,100,22.23669052,100,22.14988518,100,22.12094879
2023/5/5 15:53,100,25.328125,100,22.23669052,100,22.16435242,100,22.03414345
2023/5/5 15:54,100,25.328125,100,22.13541794,100,22.06307793,100,22.01967621
2023/5/5 15:55,100,25.328125,100,22.13541794,100,22.06307793,100,22.01967621
2023/5/5 15:56,100,25.328125,100,22.13541794,100,22.06307793,100,22.01967621
2023/5/5 15:57,100,25.328125,100,22.13541794,100,22.06307793,98.30867004,21.93287086
2023/5/5 15:58,100,25.328125,100,22.13541794,100,22.06307793,33.51470947,21.91840172
2023/5/5 15:59,100,25.328125,100,22.13541794,100,22.06307793,0,21.91840172
2023/5/5 16:00,100,25.22685242,100,22.13541794,100,22.06307793,0,21.91840172
2023/5/5 16:01,100,25.24131966,100,22.13541794,100,22.06307793,0,21.91840172
2023/5/5 16:02,100,25.29919052,100,22.13541794,100,22.06307793,0,21.91840172
2023/5/5 16:03,100,25.22685242,100,22.13541794,100,22.06307793,0,21.91840172
2023/5/5 16:04,100,25.22685242,100,22.13541794,100,22.06307793,0,21.91840172
2023/5/5 16:05,100,25.22685242,100,22.13541794,100,22.04861069,2.396173954,22.01967621
2023/5/5 16:06,100,25.22685242,100,22.12094879,100,22.06307793,17.91244316,22.01967621
2023/5/5 16:07,100,25.22685242,100,22.22222328,100,22.06307793,23.46167946,22.01967621
2023/5/5 16:08,100,25.22685242,100,22.22222328,100,22.06307793,40.83158493,22.01967621
2023/5/5 16:09,100,25.22685242,100,22.22222328,100,22.16435242,58.28557205,22.01967621
2023/5/5 16:10,100,25.22685242,100,22.22222328,100,22.16435242,75.62557983,22.01967621
2023/5/5 16:11,100,25.328125,100,22.23669052,100,22.16435242,91.98699951,22.01967621
2023/5/5 16:12,100,25.328125,100,22.23669052,100,22.16435242,99.99023438,22.00520706
2023/5/5 16:13,100,25.24131966,100,22.23669052,100,22.16435242,100,22.01967621
2023/5/5 16:14,100,25.22685242,100,22.23669052,100,22.14988518,100,22.01967621
2023/5/5 16:15,100,25.22685242,100,22.23669052,100,22.16435242,100,22.01967621
2023/5/5 16:16,100,25.21238518,100,22.23669052,100,22.16435242,100,22.01967621
2023/5/5 16:17,100,25.22685242,100,22.13541794,100,22.14988518,100,22.01967621
2023/5/5 16:18,100,25.22685242,100,22.13541794,100,22.16435242,100,22.01967621
2023/5/5 16:19,100,25.22685242,100,22.12094879,100,22.14988518,56.12983704,21.91840172
2023/5/5 16:20,100,25.22685242,100,22.13541794,100,22.06307793,0,21.91840172
2023/5/5 16:21,100,25.22685242,100,22.13541794,100,22.06307793,0,21.91840172
2023/5/5 16:22,100,25.22685242,100,22.13541794,100,22.06307793,0,21.91840172
2023/5/5 16:23,100,25.22685242,100,22.13541794,100,22.06307793,0,21.91840172
2023/5/5 16:24,100,25.22685242,100,22.13541794,100,22.06307793,0,21.91840172
2023/5/5 16:25,100,25.22685242,100,22.13541794,100,22.06307793,0,21.91840172
2023/5/5 16:26,100,25.22685242,100,22.23669052,100,22.16435242,0,21.91840172
2023/5/5 16:27,100,25.22685242,100,22.13541794,100,22.16435242,6.669699669,22.01967621
2023/5/5 16:28,100,25.22685242,100,22.14988518,100,22.14988518,23.23983765,22.01967621
2023/5/5 16:29,100,25.21238518,100,22.23669052,100,22.16435242,40.0557785,22.01967621
2023/5/5 16:30,100,25.21238518,100,22.23669052,100,22.265625,100,22.10648155
2023/5/5 16:31,100,25.31365776,100,22.23669052,100,22.265625,100,22.12094879
2023/5/5 16:32,100,25.328125,100,22.23669052,100,22.16435242,100,22.10648155
2023/5/5 16:33,100,25.31365776,100,22.23669052,100,22.16435242,100,22.12094879
2023/5/5 16:34,100,25.328125,100,22.23669052,100,22.16435242,100,22.12094879
2023/5/5 16:35,100,25.42939758,100,22.13541794,100,22.06307793,100,22.10648155
2023/5/5 16:36,100,25.31365776,100,22.13541794,100,22.06307793,100,22.12094879
2023/5/5 16:37,100,25.328125,100,22.13541794,100,22.06307793,100,22.01967621
2023/5/5 16:38,100,25.328125,100,22.03414345,100,22.06307793,100,22.01967621
2023/5/5 16:39,100,25.328125,100,22.03414345,100,22.06307793,100,22.01967621
2023/5/5 16:40,100,25.31365776,100,22.01967621,100,22.06307793,98.36347198,22.01967621
2023/5/5 16:41,100,25.31365776,100,22.03414345,100,22.06307793,72.13243866,21.97627258
2023/5/5 16:42,100,25.328125,100,22.03414345,100,22.06307793,29.34359741,21.91840172
2023/5/5 16:43,100,25.328125,100,22.03414345,100,22.06307793,0,21.91840172
2023/5/5 16:44,100,25.328125,100,22.13541794,100,22.06307793,0,21.91840172
2023/5/5 16:45,100,25.328125,100,22.13541794,100,22.06307793,0,21.91840172
2023/5/5 16:46,100,25.328125,100,22.13541794,100,22.06307793,0,21.91840172
2023/5/5 16:47,100,25.328125,100,22.13541794,100,22.13541794,12.11568832,22.01967621
2023/5/5 16:48,100,25.328125,100,22.13541794,100,22.06307793,27.98343277,22.01967621
2023/5/5 16:49,100,25.328125,100,22.13541794,100,22.06307793,47.25744247,22.01967621
2023/5/5 16:50,100,25.328125,100,22.13541794,100,22.06307793,86.1427536,22.12094879
2023/5/5 16:51,100,25.328125,100,22.13541794,100,22.06307793,100,22.12094879
2023/5/5 16:52,100,25.328125,100,22.13541794,100,22.06307793,100,22.12094879
2023/5/5 16:53,100,23.828125,100,22.13541794,100,22.06307793,100,22.12094879
2023/5/5 16:54,100,22.92939758,100,22.13541794,100,22.06307793,100,22.12094879
2023/5/5 16:55,100,22.92939758,100,22.13541794,100,22.06307793,100,22.12094879
2023/5/5 16:56,100,22.91493034,100,22.13541794,100,22.06307793,100,22.01967621
2023/5/5 16:57,100,22.91493034,100,22.13541794,100,22.06307793,100,22.01967621
2023/5/5 16:58,100,22.92939758,100,22.03414345,100,22.06307793,100,22.01967621
2023/5/5 16:59,100,22.828125,100,22.06307793,100,22.04861069,100,22.00520706
2023/5/5 17:00,100,22.828125,100,22.01967621,100,22.06307793,100,22.01967621
2023/5/5 17:01,100,22.828125,100,22.01967621,100,22.06307793,99.66784668,21.9473381
2023/5/5 17:02,100,22.81365776,100,22.03414345,100,22.06307793,45.73521423,21.91840172
2023/5/5 17:03,100,22.828125,100,22.01967621,100,22.06307793,0,21.91840172
2023/5/5 17:04,100,22.79919052,100,22.01967621,100,22.04861069,0,21.91840172
2023/5/5 17:05,100,22.72685242,100,22.01967621,100,21.96180534,0,21.91840172
2023/5/5 17:06,100,22.72685242,100,21.91840172,100,21.96180534,0,21.91840172
2023/5/5 17:07,100,22.72685242,100,21.93287086,100,21.93287086,0,21.91840172
2023/5/5 17:08,100,22.71238518,100,21.93287086,100,21.84606552,0,21.91840172
2023/5/5 17:09,100,22.72685242,100,21.93287086,100,21.86053276,0,21.91840172
2023/5/5 17:10,100,22.72685242,100,21.93287086,100,21.84606552,0,21.91840172
2023/5/5 17:11,100,22.71238518,100,21.93287086,100,21.84606552,0,21.91840172
2023/5/5 17:12,100,22.71238518,100,21.93287086,100,21.84606552,0,21.91840172
2023/5/5 17:13,100,22.71238518,100,21.93287086,100,21.84606552,0,21.91840172
2023/5/5 17:14,100,22.66898155,100,21.91840172,100,21.84606552,0,21.91840172
2023/5/5 17:15,100,22.52430534,100,21.93287086,100,21.84606552,0,21.91840172
2023/5/5 17:16,100,22.52430534,100,21.93287086,100,21.86053276,0,21.91840172
2023/5/5 17:17,100,22.52430534,100,21.93287086,100,21.84606552,0,21.91840172
2023/5/5 17:18,100,22.52430534,100,21.93287086,100,21.84606552,0,21.91840172
2023/5/5 17:19,100,22.52430534,100,21.93287086,100,21.86053276,0,21.81712914
2023/5/5 17:20,100,22.42303276,100,21.93287086,100,21.86053276,0,21.81712914
2023/5/5 17:21,100,22.42303276,100,21.83159828,100,21.86053276,0,21.81712914
2023/5/5 17:22,100,22.42303276,100,21.83159828,100,21.75926018,0,21.81712914
2023/5/5 17:23,100,22.42303276,100,21.83159828,100,21.75926018,0,21.81712914
2023/5/5 17:24,100,22.40856552,100,21.83159828,100,21.84606552,0,21.81712914
2023/5/5 17:25,100,22.42303276,100,21.83159828,100,21.74479294,0,21.81712914
2023/5/5 17:26,100,22.42303276,100,21.83159828,100,21.75926018,0,21.81712914
2023/5/5 17:27,100,22.32176018,100,21.83159828,100,21.75926018,0,21.81712914
2023/5/5 17:28,100,22.32176018,100,21.83159828,100,21.75926018,0,21.81712914
2023/5/5 17:29,100,22.32176018,100,21.83159828,100,21.74479294,0,21.81712914
2023/5/5 17:30,100,22.32176018,100,21.83159828,100,21.75926018,0,21.81712914
2023/5/5 17:31,100,22.30729294,100,21.83159828,100,21.75926018,0,21.81712914
2023/5/5 17:32,100,22.32176018,100,21.83159828,100,21.74479294,0,21.81712914
2023/5/5 17:33,100,22.32176018,100,21.83159828,100,21.75926018,0,21.81712914
2023/5/5 17:34,100,22.32176018,100,21.83159828,100,21.74479294,0,21.81712914
2023/5/5 17:35,100,22.32176018,100,21.83159828,100,21.74479294,0,21.81712914
2023/5/5 17:36,100,22.40856552,100,21.83159828,100,21.74479294,0,21.8026619
2023/5/5 17:37,100,22.32176018,100,21.83159828,100,21.74479294,0,21.81712914
2023/5/5 17:38,100,22.42303276,100,21.81712914,100,21.74479294,0,21.81712914
2023/5/5 17:39,100,22.32176018,100,21.83159828,100,21.65798569,0,21.81712914
2023/5/5 17:40,100,22.32176018,100,21.73032379,100,21.65798569,0,21.62905121
2023/5/5 17:41,100,22.32176018,100,21.71585655,100,21.5567131,0,21.61458206
2023/5/5 17:42,100,22.22048569,100,21.62905121,100,21.5567131,0,21.61458206
2023/5/5 17:43,100,22.30729294,100,21.61458206,100,21.65798569,0,21.61458206
2023/5/5 17:44,100,22.22048569,100,21.62905121,100,21.65798569,0,21.61458206
2023/5/5 17:45,100,22.22048569,100,21.62905121,100,21.5567131,0,21.61458206
2023/5/5 17:46,100,22.22048569,100,21.62905121,100,21.5567131,0,21.61458206
2023/5/5 17:47,100,22.20601845,100,21.62905121,100,21.5567131,0,21.61458206
2023/5/5 17:48,100,22.22048569,100,21.62905121,100,21.5567131,0,21.61458206
2023/5/5 17:49,100,22.22048569,100,21.73032379,100,21.5567131,0,21.61458206
2023/5/5 17:50,100,22.1192131,100,21.64351845,100,21.5567131,0,21.61458206
2023/5/5 17:51,100,22.1192131,100,21.73032379,100,21.5567131,0,21.61458206
2023/5/5 17:52,100,22.1192131,100,21.71585655,100,21.5567131,0,21.61458206
2023/5/5 17:53,100,22.1192131,100,21.73032379,100,21.5567131,0,21.61458206
2023/5/5 17:54,100,22.1192131,100,21.73032379,100,21.5567131,0,21.61458206
2023/5/5 17:55,100,22.1192131,100,21.64351845,100,21.5567131,0,21.61458206
2023/5/5 17:56,100,22.1192131,100,21.62905121,100,21.5567131,0,21.61458206
2023/5/5 17:57,100,22.10474586,100,21.62905121,100,21.45544052,0,21.61458206
2023/5/5 17:58,100,22.1192131,100,21.62905121,100,21.45544052,0,21.61458206
2023/5/5 17:59,100,22.1192131,100,21.62905121,100,21.45544052,0,21.61458206
2023/5/5 18:00,100,22.1192131,100,21.52777672,100,21.45544052,0,21.61458206
2023/5/5 18:01,100,22.1192131,100,21.52777672,100,21.44097328,0,21.61458206
2023/5/5 18:02,100,22.1192131,100,21.52777672,100,21.45544052,0,21.61458206
2023/5/5 18:03,100,22.01794052,100,21.52777672,100,21.45544052,0,21.61458206
2023/5/5 18:04,100,22.01794052,100,21.52777672,100,21.45544052,0,21.61458206
2023/5/5 18:05,100,22.01794052,100,21.52777672,100,21.45544052,0,21.51330948
2023/5/5 18:06,100,22.01794052,100,21.52777672,100,21.45544052,0,21.51330948
2023/5/5 18:07,100,22.01794052,100,21.61458206,100,21.45544052,0,21.51330948
2023/5/5 18:08,100,22.01794052,100,21.52777672,100,21.45544052,0,21.51330948
2023/5/5 18:09,100,22.00347328,100,21.52777672,100,21.45544052,0,21.51330948
2023/5/5 18:10,100,22.01794052,100,21.52777672,100,21.44097328,0,21.51330948
2023/5/5 18:11,100,22.00347328,100,21.52777672,100,21.45544052,0,21.51330948
2023/5/5 18:12,100,22.01794052,100,21.52777672,100,21.45544052,0,21.51330948
2023/5/5 18:13,100,22.01794052,100,21.52777672,100,21.45544052,0,21.51330948
2023/5/5 18:14,100,22.01794052,100,21.52777672,100,21.33969879,0,21.51330948
2023/5/5 18:15,100,22.01794052,100,21.42650414,100,21.35416794,0,21.51330948
2023/5/5 18:16,100,22.01794052,100,21.42650414,100,21.35416794,0,21.49884224
2023/5/5 18:17,100,22.01794052,100,21.42650414,100,21.35416794,0,21.51330948
2023/5/5 18:18,100,22.01794052,100,21.42650414,100,21.35416794,0,21.4120369
2023/5/5 18:19,100,22.01794052,100,21.42650414,100,21.35416794,0,21.4120369
2023/5/5 18:20,100,22.01794052,100,21.42650414,100,21.35416794,0,21.42650414
2023/5/5 18:21,100,22.01794052,100,21.42650414,100,21.35416794,0,21.42650414
2023/5/5 18:22,100,21.91666794,100,21.42650414,100,21.35416794,0,21.4120369
2023/5/5 18:23,100,21.91666794,100,21.42650414,100,21.35416794,0,21.4120369
2023/5/5 18:24,100,21.91666794,100,21.42650414,100,21.35416794,0,21.4120369
2023/5/5 18:25,100,21.91666794,100,21.42650414,100,21.35416794,0,21.4120369
2023/5/5 18:26,100,21.91666794,100,21.42650414,100,21.35416794,0,21.4120369
2023/5/5 18:27,100,21.90219879,100,21.4120369,100,21.35416794,0,21.42650414
2023/5/5 18:28,100,21.91666794,100,21.42650414,100,21.33969879,0,21.4120369
2023/5/5 18:29,100,21.91666794,100,21.42650414,100,21.35416794,0,21.4120369
2023/5/5 18:30,100,21.91666794,100,21.42650414,100,21.35416794,0,21.4120369
2023/5/5 18:31,100,21.90219879,100,21.42650414,100,21.35416794,0,21.42650414
2023/5/5 18:32,100,21.91666794,100,21.42650414,100,21.35416794,0,21.42650414
2023/5/5 18:33,100,21.91666794,100,21.32523155,100,21.25289345,0,21.32523155
2023/5/5 18:34,100,21.91666794,100,21.32523155,100,21.25289345,0,21.32523155
2023/5/5 18:35,100,21.91666794,100,21.32523155,100,21.25289345,0,21.31076431
2023/5/5 18:36,100,21.91666794,100,21.31076431,100,21.25289345,0,21.32523155
2023/5/5 18:37,100,21.90219879,100,21.32523155,100,21.25289345,0,21.32523155
2023/5/5 18:38,100,21.91666794,100,21.32523155,100,21.25289345,0,21.31076431
2023/5/5 18:39,100,21.81539345,100,21.32523155,100,21.25289345,0,21.32523155
2023/5/5 18:40,100,21.91666794,100,21.32523155,100,21.25289345,0,21.32523155
2023/5/5 18:41,100,21.91666794,100,21.32523155,100,21.25289345,0,21.31076431
2023/5/5 18:42,100,21.91666794,100,21.32523155,100,21.25289345,0,21.31076431
2023/5/5 18:43,100,21.91666794,100,21.32523155,100,21.25289345,0,21.32523155
2023/5/5 18:44,100,21.91666794,100,21.32523155,100,21.23842621,0,21.31076431
2023/5/5 18:45,100,21.91666794,100,21.42650414,100,21.35416794,0,21.32523155
2023/5/5 18:46,100,21.91666794,100,21.32523155,100,21.25289345,0,21.31076431
2023/5/5 18:47,100,21.91666794,100,21.32523155,100,21.25289345,0,21.31076431
2023/5/5 18:48,100,21.91666794,100,21.32523155,100,21.25289345,0,21.32523155
2023/5/5 18:49,100,21.91666794,100,21.32523155,100,21.25289345,0,21.32523155
2023/5/5 18:50,100,21.91666794,100,21.32523155,100,21.25289345,0,21.31076431
2023/5/5 18:51,100,21.91666794,100,21.31076431,100,21.25289345,0,21.32523155
2023/5/5 18:52,100,21.91666794,100,21.32523155,100,21.25289345,0,21.32523155
2023/5/5 18:53,100,21.80092621,100,21.32523155,100,21.15162086,0,21.31076431
2023/5/5 18:54,100,21.91666794,100,21.22395706,100,21.15162086,0,21.31076431
2023/5/5 18:55,100,21.91666794,100,21.22395706,100,21.15162086,0,21.23842621
2023/5/5 18:56,100,21.81539345,100,21.22395706,100,21.15162086,0,21.32523155
2023/5/5 18:57,100,21.81539345,100,21.22395706,100,21.15162086,0,21.22395706
2023/5/5 18:58,100,21.81539345,100,21.22395706,100,21.15162086,0,21.22395706
2023/5/5 18:59,100,21.80092621,100,21.22395706,100,21.15162086,0,21.22395706
2023/5/5 19:00,100,21.81539345,100,21.22395706,100,21.15162086,0,21.22395706
2023/5/5 19:01,100,21.7285881,100,21.22395706,100,21.15162086,0,21.22395706
2023/5/5 19:02,100,21.71412086,100,21.22395706,100,21.15162086,0,21.22395706
2023/5/5 19:03,100,21.81539345,100,21.22395706,100,21.15162086,0,21.22395706
2023/5/5 19:04,100,21.81539345,100,21.22395706,100,21.15162086,0,21.22395706
2023/5/5 19:05,100,21.81539345,100,21.22395706,100,21.15162086,0,21.22395706
2023/5/5 19:06,100,21.81539345,100,21.22395706,100,21.15162086,0,21.22395706
2023/5/5 19:07,100,21.81539345,100,21.22395706,100,21.15162086,0,21.22395706
2023/5/5 19:08,100,21.71412086,100,21.22395706,100,21.15162086,0,21.20948982
2023/5/5 19:09,100,21.71412086,100,21.22395706,100,21.15162086,0,21.22395706
2023/5/5 19:10,100,21.71412086,100,21.22395706,100,21.15162086,0,21.22395706
2023/5/5 19:11,100,21.71412086,100,21.22395706,100,21.15162086,0,21.22395706
2023/5/5 19:12,100,21.71412086,100,21.32523155,100,21.15162086,0,21.22395706
2023/5/5 19:13,100,21.71412086,100,21.32523155,100,21.15162086,0,21.22395706
2023/5/5 19:14,100,21.71412086,100,21.29629707,100,21.15162086,0,21.22395706
2023/5/5 19:15,100,21.71412086,100,21.22395706,100,21.15162086,0,21.22395706
2023/5/5 19:16,100,21.71412086,100,21.22395706,100,21.15162086,0,21.22395706
2023/5/5 19:17,100,21.71412086,100,21.22395706,100,21.15162086,0,21.22395706
2023/5/5 19:18,100,21.71412086,100,21.22395706,100,21.05034828,0,21.22395706
2023/5/5 19:19,100,21.71412086,100,21.13715172,100,21.15162086,0,21.20948982
2023/5/5 19:20,100,21.71412086,100,21.12268448,100,21.15162086,0,21.22395706
2023/5/5 19:21,100,21.61284828,100,21.13715172,100,21.05034828,0,21.22395706
2023/5/5 19:22,100,21.71412086,100,21.12268448,100,21.05034828,0,21.20948982
2023/5/5 19:23,100,21.62731552,100,21.12268448,100,21.05034828,0,21.22395706
2023/5/5 19:24,100,21.59837914,100,21.12268448,100,21.05034828,0,21.20948982
2023/5/5 19:25,100,21.61284828,100,21.12268448,100,21.05034828,0,21.20948982
2023/5/5 19:26,100,21.61284828,100,21.13715172,100,21.05034828,0,21.22395706
2023/5/5 19:27,100,21.61284828,100,21.12268448,100,21.05034828,0,21.12268448
2023/5/5 19:28,100,21.61284828,100,21.12268448,100,21.13715172,0,21.18055534
2023/5/5 19:29,100,21.61284828,100,21.12268448,100,21.05034828,0,21.22395706
2023/5/5 19:30,100,21.61284828,100,21.12268448,100,21.03587914,0,21.18055534
2023/5/5 19:31,100,21.61284828,100,21.12268448,100,21.05034828,0,21.19502258
2023/5/5 19:32,100,21.61284828,100,21.12268448,100,21.05034828,0,21.1660881
2023/5/5 19:33,100,21.61284828,100,21.12268448,100,21.05034828,0,21.19502258
2023/5/5 19:34,100,21.61284828,100,21.12268448,100,21.03587914,0,21.22395706
2023/5/5 19:35,100,21.61284828,100,21.12268448,100,21.05034828,0,21.22395706
2023/5/5 19:36,100,21.61284828,100,21.12268448,100,21.05034828,0,21.22395706
2023/5/5 19:37,100,21.61284828,100,21.12268448,100,21.05034828,0,21.20948982
2023/5/5 19:38,100,21.61284828,100,21.22395706,100,21.15162086,0,21.22395706
2023/5/5 19:39,100,21.61284828,100,21.22395706,100,21.13715172,0,21.22395706
2023/5/5 19:40,100,21.52604294,100,21.22395706,100,21.15162086,0,21.20948982
2023/5/5 19:41,100,21.61284828,100,21.22395706,100,21.15162086,0,21.19502258
2023/5/5 19:42,100,21.61284828,100,21.20948982,100,21.15162086,0,21.22395706
2023/5/5 19:43,100,21.61284828,100,21.22395706,100,21.15162086,0,21.22395706
2023/5/5 19:44,100,21.61284828,100,21.22395706,100,21.13715172,0,21.12268448
2023/5/5 19:45,100,21.61284828,100,21.12268448,100,21.15162086,0,21.12268448
2023/5/5 19:46,100,21.61284828,100,21.22395706,100,21.15162086,0,21.12268448
2023/5/5 19:47,100,21.52604294,100,21.12268448,100,21.15162086,0,21.12268448
2023/5/5 19:48,100,21.52604294,100,21.12268448,100,21.05034828,0,21.12268448
2023/5/5 19:49,100,21.51157379,100,21.12268448,100,21.05034828,0,21.12268448
2023/5/5 19:50,100,21.52604294,100,21.12268448,100,21.05034828,0,21.12268448
2023/5/5 19:51,100,21.52604294,100,21.07928276,100,21.05034828,0,21.12268448
2023/5/5 19:52,100,21.52604294,100,21.0214119,100,21.05034828,0,21.12268448
2023/5/5 19:53,100,21.52604294,100,21.0214119,100,21.03587914,0,21.12268448
2023/5/5 19:54,100,21.51157379,100,21.0214119,96.16397095,20.94907379,0,21.12268448
2023/5/5 19:55,100,21.52604294,100,21.0214119,91.7802124,20.94907379,0,21.10821724
2023/5/5 19:56,100,21.52604294,100,21.00694466,87.436203,20.94907379,0,21.10821724
2023/5/5 19:57,100,21.51157379,100,21.0214119,83.02838135,20.94907379,0,21.12268448
2023/5/5 19:58,100,21.51157379,100,21.0214119,78.64382935,20.94907379,0,21.12268448
2023/5/5 19:59,100,21.51157379,100,21.0214119,74.25511169,20.94907379,0,21.00694466
2023/5/5 20:00,100,21.52604294,100,21.0214119,69.91325378,20.94907379,0,21.12268448
2023/5/5 20:01,100,21.52604294,100,21.0214119,65.50645447,20.94907379,0,21.0214119
2023/5/5 20:02,100,21.52604294,100,21.0214119,61.10406876,20.94907379,0,21.0214119
2023/5/5 20:03,100,21.52604294,100,21.03587914,56.69174957,20.94907379,0,21.0214119
2023/5/5 20:04,100,21.52604294,100,21.12268448,52.33938217,20.94907379,0,21.0214119
2023/5/5 20:05,100,21.61284828,100,21.12268448,47.94905472,20.94907379,0,21.0214119
2023/5/5 20:06,100,21.52604294,100,21.12268448,43.68556976,20.94907379,0,21.0214119
2023/5/5 20:07,100,21.52604294,100,21.12268448,39.28361511,20.94907379,0,21.12268448
2023/5/5 20:08,100,21.52604294,100,21.12268448,36.42007446,20.96354294,0,21.12268448
2023/5/5 20:09,100,21.51157379,100,21.12268448,40.67290878,21.05034828,0,21.12268448
2023/5/5 20:10,100,21.61284828,100,21.12268448,44.91744614,21.05034828,0,21.12268448
2023/5/5 20:11,100,21.61284828,100,21.12268448,49.13515091,21.05034828,0,21.12268448
2023/5/5 20:12,100,21.52604294,100,21.22395706,55.8911171,21.15162086,0,21.1660881
2023/5/5 20:13,100,21.51157379,100,21.22395706,68.70445251,21.15162086,0,21.22395706
2023/5/5 20:14,100,21.52604294,100,21.22395706,81.52819824,21.15162086,0,21.22395706
2023/5/5 20:15,100,21.61284828,100,21.22395706,94.40006256,21.15162086,0,21.22395706
2023/5/5 20:16,100,21.61284828,100,21.22395706,100,21.15162086,0,21.20948982
2023/5/5 20:17,100,21.61284828,100,21.22395706,100,21.15162086,0,21.22395706
2023/5/5 20:18,100,21.61284828,100,21.20948982,100,21.15162086,0,21.20948982
2023/5/5 20:19,100,21.61284828,100,21.22395706,100,21.15162086,0,21.20948982
2023/5/5 20:20,100,21.61284828,100,21.13715172,100,21.05034828,0,21.22395706
2023/5/5 20:21,100,21.61284828,100,21.22395706,100,21.15162086,0,21.22395706
2023/5/5 20:22,100,21.61284828,100,21.22395706,100,21.15162086,0,21.22395706
2023/5/5 20:23,100,21.61284828,100,21.22395706,100,21.15162086,0,21.22395706
2023/5/5 20:24,100,21.61284828,100,21.22395706,100,21.15162086,0,21.22395706
2023/5/5 20:25,100,21.61284828,100,21.22395706,100,21.13715172,0,21.22395706
2023/5/5 20:26,100,21.61284828,100,21.22395706,100,21.15162086,0,21.22395706
2023/5/5 20:27,100,21.71412086,100,21.22395706,100,21.05034828,0,21.22395706
2023/5/5 20:28,100,21.81539345,100,21.12268448,100,21.05034828,0,21.22395706
2023/5/5 20:29,100,21.81539345,100,21.22395706,100,21.05034828,0,21.22395706
2023/5/5 20:30,100,21.61284828,100,21.22395706,100,21.05034828,0,21.22395706
2023/5/5 20:31,100,21.71412086,100,21.20948982,100,21.05034828,0,21.22395706
2023/5/5 20:32,100,21.71412086,100,21.12268448,100,21.05034828,0,21.22395706
2023/5/5 20:33,100,21.71412086,100,21.22395706,100,21.05034828,0,21.20948982
2023/5/5 20:34,100,21.81539345,100,21.22395706,100,21.05034828,0,21.22395706
2023/5/5 20:35,100,21.71412086,100,21.22395706,100,21.05034828,0,21.22395706
2023/5/5 20:36,100,21.71412086,100,21.12268448,99.65890503,20.97801018,0,21.12268448
2023/5/5 20:37,100,21.71412086,100,21.12268448,99.68914032,21.05034828,0,21.12268448
2023/5/5 20:38,100,21.71412086,100,21.12268448,100,21.05034828,0,21.12268448
2023/5/5 20:39,100,21.81539345,100,21.12268448,97.58782959,20.94907379,0,21.12268448
2023/5/5 20:40,100,21.81539345,100,21.12268448,93.21325684,20.94907379,0,21.12268448
2023/5/5 20:41,100,21.81539345,100,21.12268448,88.83076477,20.94907379,0,21.12268448
2023/5/5 20:42,100,21.81539345,100,21.12268448,84.43284607,20.94907379,0,21.0214119
2023/5/5 20:43,100,21.71412086,100,21.12268448,80.18243408,20.94907379,0,21.0214119
2023/5/5 20:44,100,21.71412086,100,21.22395706,77.86281586,21.05034828,0,21.0214119
2023/5/5 20:45,100,21.71412086,100,21.20948982,82.10604858,21.05034828,0,21.0214119
2023/5/5 20:46,100,21.71412086,100,21.12268448,86.3314743,21.05034828,0,21.0214119
2023/5/5 20:47,100,21.71412086,100,21.12268448,90.52257538,21.05034828,0,21.0214119
2023/5/5 20:48,100,21.81539345,100,21.22395706,94.75538635,21.05034828,0,21.0214119
2023/5/5 20:49,100,21.71412086,100,21.22395706,92.71810913,20.94907379,0,21.00694466
2023/5/5 20:50,100,21.71412086,100,21.12268448,88.33738708,20.94907379,0,21.0214119
2023/5/5 20:51,100,21.61284828,100,21.12268448,83.94633484,20.94907379,0,21.0214119
2023/5/5 20:52,100,21.69965172,100,21.18055534,84.19680786,20.94907379,0,21.00694466
2023/5/5 20:53,100,21.81539345,100,21.1660881,80.18255615,20.94907379,0,21.00694466
2023/5/5 20:54,100,21.71412086,100,21.12268448,75.79702759,20.94907379,0,21.0214119
2023/5/5 20:55,100,21.71412086,100,21.22395706,71.4032135,20.94907379,0,21.0214119
2023/5/5 20:56,100,21.71412086,100,21.22395706,67.1018219,20.94907379,0,21.0214119
2023/5/5 20:57,100,21.71412086,100,21.22395706,62.68574905,20.94907379,0,21.0214119
2023/5/5 20:58,100,21.71412086,100,21.22395706,58.33046341,20.94907379,0,21.0214119
2023/5/5 20:59,100,21.81539345,100,21.22395706,54.16062546,20.94907379,0,21.0214119
2023/5/5 21:00,100,21.81539345,100,21.22395706,50.61401749,21.05034828,0,21.0214119
2023/5/5 21:01,100,21.81539345,100,21.32523155,54.977005,21.05034828,0,21.0214119
2023/5/5 21:02,100,21.81539345,100,21.32523155,60.41323471,21.15162086,0,21.0214119
2023/5/5 21:03,100,21.81539345,100,21.42650414,73.25790405,21.15162086,0,21.0214119
2023/5/5 21:04,100,21.81539345,100,21.42650414,86.09064484,21.15162086,0,21.12268448
2023/5/5 21:05,100,21.81539345,100,21.42650414,98.7535553,21.15162086,0,21.10821724
2023/5/5 21:06,100,21.81539345,100,21.42650414,100,21.15162086,0,21.05034828
2023/5/5 21:07,100,21.81539345,100,21.32523155,100,21.15162086,0,21.10821724
2023/5/5 21:08,100,21.81539345,100,21.32523155,100,21.05034828,0,21.12268448
2023/5/5 21:09,100,21.81539345,100,21.32523155,100,21.15162086,0,21.0214119
2023/5/5 21:10,100,21.71412086,100,21.32523155,100,21.05034828,0,21.0214119
2023/5/5 21:11,100,21.81539345,100,21.22395706,100,21.05034828,0,21.0214119
2023/5/5 21:12,100,21.81539345,100,21.22395706,99.02340698,20.94907379,0,21.0214119
2023/5/5 21:13,100,21.81539345,100,21.12268448,94.55436707,20.94907379,0,21.0214119
2023/5/5 21:14,100,21.81539345,100,21.1660881,90.24014282,20.94907379,0,21.0214119
2023/5/5 21:15,100,21.81539345,100,21.20948982,85.87443542,20.94907379,0,21.0214119
2023/5/5 21:16,100,21.81539345,100,21.12268448,81.57250977,20.94907379,0,21.0214119
2023/5/5 21:17,100,21.81539345,100,21.12268448,77.10787964,20.94907379,0,20.92013931
2023/5/5 21:18,100,21.71412086,100,21.12268448,72.7820282,20.94907379,0,20.94907379
2023/5/5 21:19,100,21.71412086,100,21.12268448,68.37997437,20.94907379,0,21.0214119
2023/5/5 21:20,100,21.71412086,100,21.22395706,64.05993652,20.94907379,0,21.00694466
2023/5/5 21:21,100,21.71412086,100,21.22395706,59.59758377,20.94907379,0,20.92013931
2023/5/5 21:22,100,21.71412086,100,21.22395706,55.49854279,20.94907379,0,20.92013931
2023/5/5 21:23,100,21.71412086,100,21.22395706,51.4558754,20.94907379,0,20.92013931
2023/5/5 21:24,100,21.71412086,100,21.32523155,54.12972641,21.05034828,0,21.0214119
2023/5/5 21:25,100,21.71412086,100,21.32523155,58.37607193,21.05034828,0,21.0214119
2023/5/5 21:26,100,21.71412086,100,21.32523155,62.57976913,21.05034828,0,21.0214119
2023/5/5 21:27,100,21.71412086,100,21.32523155,66.80136108,21.05034828,0,21.0214119
2023/5/5 21:28,100,21.71412086,100,21.32523155,72.31475067,21.05034828,0,21.0214119
2023/5/5 21:29,100,21.71412086,100,21.32523155,77.21874237,21.05034828,0,21.0214119
2023/5/5 21:30,100,21.71412086,100,21.31076431,88.01861572,21.15162086,0,21.0214119
2023/5/5 21:31,100,21.71412086,100,21.32523155,100,21.15162086,0,21.00694466
2023/5/5 21:32,100,21.71412086,100,21.32523155,100,21.15162086,0,21.0214119
2023/5/5 21:33,100,21.71412086,100,21.32523155,100,21.05034828,0,21.0214119
2023/5/5 21:34,100,21.71412086,100,21.32523155,100,21.05034828,0,21.03587914
2023/5/5 21:35,100,21.81539345,100,21.32523155,100,21.05034828,0,21.09375
2023/5/5 21:36,100,21.81539345,100,21.22395706,100,21.05034828,0,21.0214119
2023/5/5 21:37,100,21.81539345,100,21.22395706,100,21.05034828,0,21.0214119
2023/5/5 21:38,100,21.81539345,100,21.22395706,100,21.05034828,0,21.0214119
2023/5/5 21:39,100,21.81539345,100,21.22395706,100,21.05034828,0,21.0214119
2023/5/5 21:40,100,21.81539345,100,21.22395706,100,21.05034828,0,21.0214119
2023/5/5 21:41,100,21.81539345,100,21.22395706,100,21.05034828,0,21.0214119
2023/5/5 21:42,100,21.81539345,100,21.22395706,100,21.05034828,0,21.0214119
2023/5/5 21:43,100,21.91666794,100,21.32523155,100,21.05034828,0,21.0214119
2023/5/5 21:44,100,21.80092621,100,21.31076431,100,21.05034828,0,21.0214119
2023/5/5 21:45,100,21.71412086,100,21.22395706,100,21.05034828,0,21.00694466
2023/5/5 21:46,100,21.81539345,100,21.22395706,100,21.05034828,0,21.0214119
2023/5/5 21:47,100,21.81539345,100,21.29629707,100,21.05034828,0,21.0214119
2023/5/5 21:48,100,21.81539345,100,21.22395706,100,21.05034828,0,21.0214119
2023/5/5 21:49,100,21.81539345,100,21.22395706,98.36984253,21.05034828,0,21.0214119
2023/5/5 21:50,100,21.71412086,100,21.22395706,100,21.05034828,0,21.00694466
2023/5/5 21:51,100,21.81539345,100,21.22395706,100,21.05034828,0,21.0214119
2023/5/5 21:52,100,21.71412086,100,21.22395706,99.38349915,20.94907379,0,21.0214119
2023/5/5 21:53,100,21.81539345,100,21.12268448,95.01347351,20.94907379,0,21.0214119
2023/5/5 21:54,100,21.81539345,100,21.12268448,90.66175842,20.94907379,0,21.0214119
2023/5/5 21:55,100,21.81539345,100,21.12268448,86.2671814,20.94907379,0,20.92013931
2023/5/5 21:56,100,21.80092621,100,21.12268448,81.95135498,20.94907379,0,20.92013931
2023/5/5 21:57,100,21.71412086,100,21.22395706,77.55563354,20.94907379,0,20.92013931
2023/5/5 21:58,100,21.71412086,100,21.22395706,73.19569397,20.94907379,0,20.93460655
2023/5/5 21:59,100,21.61284828,100,21.22395706,68.8862915,20.94907379,0,21.0214119
2023/5/5 22:00,100,21.61284828,100,21.22395706,64.47215271,20.94907379,0,21.0214119
2023/5/5 22:01,100,21.71412086,100,21.12268448,60.12713242,20.94907379,0,21.0214119
2023/5/5 22:02,100,21.75752258,100,21.12268448,55.79967117,20.94907379,0,21.0214119
2023/5/5 22:03,100,21.71412086,100,21.12268448,51.424263,20.94907379,0,21.00694466
2023/5/5 22:04,100,21.81539345,100,21.12268448,47.01509094,20.94907379,0,21.0214119
2023/5/5 22:05,100,21.71412086,100,21.12268448,42.6974678,20.94907379,0,21.00694466
2023/5/5 22:06,100,21.81539345,100,21.22395706,38.34023285,21.00694466,0,21.0214119
2023/5/5 22:07,100,21.81539345,100,21.22395706,42.24484253,21.05034828,0,21.0214119
2023/5/5 22:08,100,21.81539345,100,21.32523155,46.48850632,21.05034828,0,21.0214119
2023/5/5 22:09,100,21.81539345,100,21.32523155,50.65248489,21.05034828,0,21.0214119
2023/5/5 22:10,100,21.71412086,100,21.32523155,62.43043137,21.15162086,0,21.0214119
2023/5/5 22:11,100,21.71412086,100,21.32523155,75.17928314,21.15162086,0,21.0214119
2023/5/5 22:12,100,21.71412086,100,21.42650414,87.65116119,21.15162086,0,21.12268448
2023/5/5 22:13,100,21.81539345,100,21.32523155,100,21.15162086,0,21.12268448
2023/5/5 22:14,100,21.80092621,100,21.33969879,100,21.05034828,0,21.12268448
2023/5/5 22:15,100,21.75752258,100,21.12268448,98.82568359,20.94907379,0,21.12268448
2023/5/5 22:16,100,21.71412086,99.89656067,20.96354294,92.11972809,20.84780121,0,21.0214119
2023/5/5 22:17,100,21.71412086,90.61218262,20.81886482,79.26055145,20.84780121,0,21.0214119
2023/5/5 22:18,100,21.71412086,72.21548462,20.73205948,62.76104355,20.74652672,0,20.96354294
2023/5/5 22:19,100,21.71412086,49.23784637,20.73205948,41.23157883,20.74652672,0,20.92013931
2023/5/5 22:20,100,21.61284828,26.65328789,20.73205948,18.07319069,20.64525414,0,20.92013931
2023/5/5 22:21,100,21.61284828,0,20.6307869,0,20.64525414,0,20.81886482
2023/5/5 22:22,100,21.61284828,0,20.61631966,0,20.64525414,0,20.80439758
2023/5/5 22:23,100,21.61284828,0,20.73205948,0,20.74652672,0,20.81886482
2023/5/5 22:24,100,21.61284828,0,20.73205948,0,20.74652672,0,20.81886482
2023/5/5 22:25,100,21.61284828,0,20.83333206,0,20.84780121,0,20.81886482
2023/5/5 22:26,100,21.71412086,0,20.93460655,0,20.84780121,0,20.92013931
2023/5/5 22:27,100,21.81539345,0.956992626,21.0214119,0,20.94907379,0,20.92013931
2023/5/5 22:28,100,21.91666794,9.785923004,21.12268448,0.947474122,21.05034828,0,20.92013931
2023/5/5 22:29,100,22.01794052,28.00990486,21.22395706,5.168406487,21.05034828,0,21.0214119
2023/5/5 22:30,100,22.01794052,47.24861908,21.32523155,10.81007481,21.15162086,0,21.12268448
2023/5/5 22:31,100,22.01794052,74.79459381,21.32523155,23.63703346,21.15162086,0,21.12268448
2023/5/5 22:32,100,22.1192131,100,21.32523155,38.12897873,21.22395706,0,21.20948982
2023/5/5 22:33,100,22.01794052,100,21.32523155,59.57294083,21.25289345,0,21.22395706
2023/5/5 22:34,100,22.09027672,100,21.32523155,74.93477631,21.13715172,0,21.32523155
2023/5/5 22:35,100,22.01794052,100,21.22395706,87.83773804,21.15162086,0,21.32523155
2023/5/5 22:36,100,22.01794052,100,21.12268448,93.98875427,21.05034828,0,21.32523155
2023/5/5 22:37,100,21.91666794,100,21.12268448,91.07817078,20.94907379,0,21.4120369
2023/5/5 22:38,100,21.91666794,100,21.0214119,83.26118469,20.84780121,0,21.4120369
2023/5/5 22:39,100,21.81539345,96.60673523,20.92013931,70.09720612,20.84780121,0,21.31076431
2023/5/5 22:40,100,21.81539345,88.13681793,20.83333206,57.36729431,20.84780121,0,21.32523155
2023/5/5 22:41,100,21.81539345,73.83208466,20.83333206,36.84244156,20.74652672,0,21.32523155
2023/5/5 22:42,100,21.81539345,59.49887466,20.83333206,15.28210354,20.74652672,0,21.32523155
2023/5/5 22:43,100,21.81539345,40.89041901,20.73205948,0,20.74652672,0,21.32523155
2023/5/5 22:44,100,21.81539345,25.98347473,20.83333206,0,20.74652672,0,21.22395706
2023/5/5 22:45,100,21.81539345,11.83388424,20.83333206,0,20.84780121,0,21.22395706
2023/5/5 22:46,100,21.80092621,0.007544962,20.92013931,0,20.86226845,0,21.22395706
2023/5/5 22:47,100,21.81539345,0.941745102,21.0214119,0,20.84780121,0,21.32523155
2023/5/5 22:48,100,21.81539345,8.596485138,21.12268448,0,20.94907379,0,21.32523155
2023/5/5 22:49,100,21.91666794,22.00904655,21.22395706,1.160924554,21.05034828,0,21.32523155
2023/5/5 22:50,100,21.91666794,41.07513428,21.22395706,5.399659157,21.05034828,0,21.31076431
2023/5/5 22:51,100,21.91666794,60.11879349,21.22395706,13.71889019,21.15162086,0,21.4120369
2023/5/5 22:52,100,21.91666794,87.26072693,21.32523155,26.54868889,21.15162086,0,21.42650414
2023/5/5 22:53,100,21.90219879,100,21.32523155,39.3633461,21.15162086,0,21.51330948
2023/5/5 22:54,100,22.01794052,100,21.32523155,58.49977875,21.1660881,0,21.51330948
2023/5/5 22:55,100,21.91666794,100,21.32523155,71.39420319,21.15162086,0,21.51330948
2023/5/5 22:56,100,21.91666794,100,21.22395706,84.18508911,21.15162086,0,21.61458206
2023/5/5 22:57,100,21.81539345,100,21.12268448,94.7093277,21.05034828,0,21.61458206
2023/5/5 22:58,100,21.81539345,100,21.0214119,97.4287262,20.94907379,0,21.61458206
2023/5/5 22:59,100,21.81539345,99.34760284,20.93460655,92.92247772,20.86226845,0,21.61458206
2023/5/5 23:00,100,21.81539345,93.01828003,20.92013931,80.17990875,20.86226845,0,21.51330948
2023/5/5 23:01,100,21.81539345,86.66721344,20.89120293,67.25942993,20.84780121,0,21.51330948
2023/5/5 23:02,100,21.81539345,73.80644226,20.83333206,54.27962875,20.84780121,0,21.42650414
2023/5/5 23:03,100,21.81539345,59.6830368,20.83333206,41.49401855,20.84780121,0,21.42650414
2023/5/5 23:04,100,21.81539345,45.33695984,20.83333206,28.52373505,20.84780121,0,21.42650414
2023/5/5 23:05,100,21.80092621,31.00878334,20.81886482,15.52395344,20.84780121,0,21.42650414
2023/5/5 23:06,100,21.81539345,20.02128601,20.92013931,3.202316284,20.84780121,0,21.31076431
2023/5/5 23:07,100,21.81539345,13.3874712,20.93460655,0,20.84780121,0,21.38310242
2023/5/5 23:08,100,21.81539345,10.07583237,21.0214119,0,20.86226845,0,21.32523155
2023/5/5 23:09,100,21.91666794,14.90602493,21.12268448,0,20.93460655,0,21.33969879
2023/5/5 23:10,100,21.91666794,25.23158646,21.12268448,3.611309767,21.05034828,0,21.42650414
2023/5/5 23:11,100,22.01794052,41.24538422,21.22395706,9.618509293,21.15162086,0,21.4120369
2023/5/5 23:12,100,22.01794052,59.98154449,21.22395706,22.24061012,21.15162086,0,21.42650414
2023/5/5 23:13,100,22.1192131,87.85678101,21.32523155,39.8789711,21.25289345,0,21.51330948
2023/5/5 23:14,100,22.1192131,100,21.32523155,60.58993912,21.25289345,0,21.51330948
2023/5/5 23:15,100,22.01794052,100,21.32523155,81.74194336,21.25289345,0,21.61458206
2023/5/5 23:16,100,22.01794052,100,21.32523155,100,21.25289345,0,21.61458206
2023/5/5 23:17,100,22.01794052,100,21.32523155,100,21.15162086,0,21.61458206
2023/5/5 23:18,100,22.01794052,100,21.22395706,100,21.15162086,0,21.61458206
2023/5/5 23:19,100,22.01794052,100,21.22395706,100,21.05034828,0,21.61458206
2023/5/5 23:20,100,22.01794052,100,21.12268448,100,21.05034828,0,21.61458206
2023/5/5 23:21,100,22.00347328,100,21.07928276,97.67259216,20.94907379,0,21.61458206
2023/5/5 23:22,100,22.01794052,100,21.0214119,93.37339783,20.94907379,0,21.51330948
2023/5/5 23:23,100,22.01794052,100,21.0214119,84.82444,20.84780121,0,21.51330948
2023/5/5 23:24,100,22.01794052,99.97190857,20.93460655,71.85359192,20.84780121,0,21.51330948
2023/5/5 23:25,100,22.01794052,93.8564682,20.92013931,59.09380722,20.84780121,0,21.51330948
2023/5/5 23:26,100,22.00347328,83.84869385,20.83333206,46.1538887,20.78993034,0,21.42650414
2023/5/5 23:27,100,21.96006966,69.56730652,20.83333206,27.89045525,20.74652672,0,21.4120369
2023/5/5 23:28,100,21.91666794,54.32614517,20.74652672,6.353773117,20.74652672,0,21.42650414
2023/5/5 23:29,100,21.91666794,32.14668655,20.73205948,0,20.74652672,0,21.42650414
2023/5/5 23:30,100,21.91666794,15.76560116,20.83333206,0,20.84780121,0,21.42650414
2023/5/5 23:31,100,21.81539345,7.375496864,20.93460655,0,20.84780121,0,21.42650414
2023/5/5 23:32,100,21.81539345,8.995351791,21.0214119,0,20.84780121,0,21.42650414
2023/5/5 23:33,100,21.81539345,13.85232449,21.12268448,0,20.94907379,0,21.4120369
2023/5/5 23:34,100,21.91666794,25.40587997,21.22395706,0.974028945,21.05034828,0,21.4120369
2023/5/5 23:35,100,22.01794052,44.1876297,21.22395706,6.304902077,21.15162086,0,21.42650414
2023/5/5 23:36,100,22.1192131,71.67771149,21.32523155,19.3297863,21.15162086,0,21.51330948
2023/5/5 23:37,100,22.1192131,100,21.42650414,37.99094391,21.25289345,0,21.51330948
2023/5/5 23:38,100,22.1192131,100,21.42650414,59.28754044,21.25289345,0,21.51330948
2023/5/5 23:39,100,22.1192131,100,21.32523155,80.74443054,21.23842621,0,21.61458206
2023/5/5 23:40,100,22.07580948,100,21.32523155,99.71343231,21.15162086,0,21.61458206
2023/5/5 23:41,100,22.1192131,100,21.22395706,100,21.15162086,0,21.61458206
2023/5/5 23:42,100,22.01794052,100,21.12268448,100,21.05034828,0,21.61458206
2023/5/5 23:43,100,22.01794052,100,21.0214119,95.99050903,20.94907379,0,21.61458206
2023/5/5 23:44,100,21.91666794,96.47663116,20.93460655,85.28211975,20.84780121,0,21.61458206
2023/5/5 23:45,100,21.81539345,89.89561462,20.93460655,72.37017822,20.84780121,0,21.61458206
2023/5/5 23:46,100,21.81539345,77.41597748,20.83333206,59.69623566,20.84780121,0,21.61458206
2023/5/5 23:47,100,21.81539345,60.23830414,20.73205948,40.24881363,20.74652672,0,21.51330948
2023/5/5 23:48,100,21.81539345,37.26555634,20.73205948,12.35048389,20.64525414,0,21.51330948
2023/5/5 23:49,100,21.81539345,14.61415195,20.73205948,0,20.64525414,0,21.51330948
2023/5/5 23:50,100,21.81539345,0,20.73205948,0,20.74652672,0,21.4120369
2023/5/5 23:51,100,21.81539345,0,20.83333206,0,20.74652672,0,21.42650414
2023/5/5 23:52,100,21.81539345,0,20.92013931,0,20.84780121,0,21.42650414
2023/5/5 23:53,100,21.91666794,0.578878462,21.03587914,0,20.84780121,0,21.4120369
2023/5/5 23:54,100,21.91666794,3.340714693,21.12268448,0,20.94907379,0,21.42650414
2023/5/5 23:55,100,22.01794052,13.85848141,21.12268448,0,20.94907379,0,21.51330948
2023/5/5 23:56,100,22.01794052,31.02728653,21.22395706,3.74433589,21.05034828,0,21.51330948
2023/5/5 23:57,100,22.01794052,51.24303436,21.32523155,11.25064087,21.15162086,0,21.51330948
2023/5/5 23:58,100,22.1192131,78.33798981,21.32523155,23.83317757,21.15162086,0,21.60011482
2023/5/5 23:59,100,22.1192131,100,21.32523155,42.97629166,21.25289345,0,21.61458206
2023/5/6 0:00,100,22.1192131,100,21.42650414,64.05181122,21.25289345,0,21.61458206
2023/5/6 0:01,100,22.1192131,100,21.4120369,85.88710785,21.25289345,0,21.61458206
2023/5/6 0:02,100,22.01794052,100,21.32523155,100,21.25289345,0,21.61458206
2023/5/6 0:03,100,22.01794052,100,21.28182793,100,21.15162086,0,21.61458206
2023/5/6 0:04,100,22.01794052,100,21.12268448,100,21.05034828,0,21.61458206
2023/5/6 0:05,100,22.01794052,100,21.12268448,96.77253723,20.94907379,0,21.61458206
2023/5/6 0:06,100,21.91666794,100,21.0214119,89.24977875,20.84780121,0,21.61458206
2023/5/6 0:07,100,21.81539345,96.80891418,20.92013931,76.07086945,20.86226845,0,21.61458206
2023/5/6 0:08,100,21.81539345,87.9565506,20.83333206,63.67316437,20.84780121,0,21.61458206
2023/5/6 0:09,100,21.84432793,72.77490234,20.73205948,43.63304138,20.74652672,0,21.51330948
2023/5/6 0:10,100,21.81539345,51.09923935,20.83333206,22.44345856,20.73205948,0,21.51330948
2023/5/6 0:11,100,21.81539345,28.22788048,20.73205948,0.508892059,20.74652672,0,21.51330948
2023/5/6 0:12,100,21.81539345,12.53324699,20.83333206,0,20.74652672,0,21.42650414
2023/5/6 0:13,100,21.81539345,0,20.83333206,0,20.84780121,0,21.4120369
2023/5/6 0:14,100,21.90219879,0,20.93460655,0,20.84780121,0,21.42650414
2023/5/6 0:15,100,21.91666794,0.172111884,21.0214119,0,20.84780121,0,21.42650414
2023/5/6 0:16,100,22.01794052,2.24807024,21.00694466,0,20.94907379,0,21.42650414
2023/5/6 0:17,100,22.01794052,11.67418385,21.12268448,0.040820882,21.05034828,0,21.49884224
2023/5/6 0:18,100,22.01794052,22.70785522,21.19502258,4.251767635,21.05034828,0,21.51330948
2023/5/6 0:19,100,22.01794052,39.7044487,21.22395706,8.520036697,21.05034828,0,21.51330948
2023/5/6 0:20,100,22.1192131,58.51686096,21.32523155,20.11769104,21.15162086,0,21.61458206
2023/5/6 0:21,100,22.1192131,86.10781097,21.32523155,34.6761055,21.25289345,0,21.61458206
2023/5/6 0:22,100,22.1192131,100,21.32523155,56.10039902,21.23842621,0,21.61458206
2023/5/6 0:23,100,22.1192131,100,21.32523155,76.82935333,21.25289345,0,21.61458206
2023/5/6 0:24,100,22.1192131,100,21.32523155,96.91693115,21.1660881,0,21.61458206
2023/5/6 0:25,100,22.01794052,100,21.22395706,100,21.15162086,0,21.61458206
2023/5/6 0:26,100,22.01794052,100,21.12268448,100,21.05034828,0,21.61458206
2023/5/6 0:27,100,22.01794052,100,21.03587914,97.69473267,20.94907379,0,21.61458206
2023/5/6 0:28,100,22.01794052,100,21.03587914,93.3483429,20.94907379,0,21.61458206
2023/5/6 0:29,100,22.01794052,98.21525574,20.93460655,81.78482819,20.84780121,0,21.61458206
2023/5/6 0:30,100,21.91666794,91.89429474,20.92013931,68.85482025,20.84780121,0,21.61458206
2023/5/6 0:31,100,21.91666794,82.02186584,20.83333206,55.27762222,20.83333206,0,21.62905121
2023/5/6 0:32,100,21.91666794,67.91522217,20.83333206,34.29388046,20.74652672,0,21.52777672
2023/5/6 0:33,100,21.81539345,47.91148758,20.73205948,12.33614349,20.67419052,0,21.52777672
2023/5/6 0:34,100,21.81539345,24.86865997,20.73205948,0,20.64525414,0,21.42650414
2023/5/6 0:35,100,21.91666794,1.839281678,20.73205948,0,20.74652672,0,21.42650414
2023/5/6 0:36,100,21.91666794,0,20.81886482,0,20.84780121,0,21.4120369
2023/5/6 0:37,100,21.81539345,0,20.92013931,0,20.84780121,0,21.42650414
2023/5/6 0:38,100,21.91666794,0.290409803,21.0214119,0,20.86226845,0,21.42650414
2023/5/6 0:39,100,22.01794052,2.822865486,21.12268448,0,20.94907379,0,21.51330948
2023/5/6 0:40,100,22.01794052,13.36718941,21.12268448,1.745518446,21.05034828,0,21.51330948
2023/5/6 0:41,100,22.1192131,27.66296959,21.22395706,5.973705292,21.05034828,0,21.51330948
2023/5/6 0:42,100,22.10474586,46.93846893,21.32523155,15.65772533,21.15162086,0,21.61458206
2023/5/6 0:43,100,22.1192131,74.51621246,21.32523155,30.36024094,21.25289345,0,21.61458206
2023/5/6 0:44,100,22.13368034,100,21.32523155,51.44488525,21.25289345,0,21.61458206
2023/5/6 0:45,100,22.22048569,100,21.42650414,72.88459015,21.25289345,0,21.61458206
2023/5/6 0:46,100,22.22048569,100,21.32523155,94.96981049,21.25289345,0,21.81712914
2023/5/6 0:47,100,22.1192131,100,21.32523155,100,21.25289345,0,21.81712914
2023/5/6 0:48,100,22.1192131,100,21.22395706,100,21.13715172,0,21.81712914
2023/5/6 0:49,100,22.1192131,100,21.12268448,100,21.05034828,0,21.81712914
2023/5/6 0:50,100,22.1192131,100,21.13715172,97.8591156,20.94907379,0,21.71585655
2023/5/6 0:51,100,22.1192131,100,21.0214119,93.49345398,20.94907379,0,21.61458206
2023/5/6 0:52,100,22.01794052,100,21.0214119,82.75998688,20.84780121,0,21.61458206
2023/5/6 0:53,100,22.01794052,99.08180237,20.92013931,69.85655975,20.83333206,0,21.61458206
2023/5/6 0:54,100,22.01794052,92.80804443,20.93460655,56.89567947,20.84780121,0,21.61458206
2023/5/6 0:55,100,22.01794052,79.61536407,20.81886482,37.38969803,20.74652672,0,21.61458206
2023/5/6 0:56,100,22.01794052,62.43906403,20.73205948,15.83415031,20.74652672,0,21.61458206
2023/5/6 0:57,100,22.01794052,40.43626022,20.73205948,0,20.74652672,0,21.58564758
2023/5/6 0:58,100,21.91666794,22.47946167,20.83333206,0,20.74652672,0,21.51330948
2023/5/6 0:59,100,21.91666794,9.307240486,20.92013931,0,20.84780121,0,21.51330948
2023/5/6 1:00,100,22.01794052,3.09899807,20.93460655,0,20.84780121,0,21.51330948
2023/5/6 1:01,100,22.01794052,1.56673491,21.0214119,0,20.84780121,0,21.51330948
2023/5/6 1:02,100,22.01794052,6.593270302,21.12268448,0,20.94907379,0,21.51330948
2023/5/6 1:03,100,22.1192131,17.15641022,21.12268448,3.539780378,21.05034828,0,21.61458206
2023/5/6 1:04,100,22.1192131,35.48180389,21.22395706,12.33658791,21.15162086,0,21.61458206
2023/5/6 1:05,100,22.1192131,60.72434998,21.32523155,26.25520134,21.25289345,0,21.61458206
2023/5/6 1:06,100,22.1192131,87.82118225,21.32523155,47.28846359,21.25289345,0,21.61458206
2023/5/6 1:07,100,22.22048569,100,21.32523155,68.74034882,21.25289345,0,21.61458206
2023/5/6 1:08,100,22.22048569,100,21.32523155,90.48469543,21.25289345,0,21.81712914
2023/5/6 1:09,100,22.22048569,100,21.32523155,100,21.25289345,0,21.81712914
2023/5/6 1:10,100,22.1192131,100,21.22395706,100,21.22395706,0,21.81712914
2023/5/6 1:11,100,22.1192131,100,21.12268448,100,21.15162086,0,21.81712914
2023/5/6 1:12,100,22.1192131,100,21.12268448,100,21.05034828,0,21.81712914
2023/5/6 1:13,100,22.1192131,100,21.0214119,96.30209351,20.94907379,0,21.81712914
2023/5/6 1:14,100,22.01794052,100,21.0214119,87.5703125,20.84780121,0,21.61458206
2023/5/6 1:15,100,22.01794052,94.40365601,20.92013931,74.67889404,20.84780121,0,21.61458206
2023/5/6 1:16,100,22.01794052,85.38658142,20.83333206,61.74344635,20.84780121,0,21.61458206
2023/5/6 1:17,100,22.01794052,71.19368744,20.83333206,48.89519501,20.84780121,0,21.61458206
2023/5/6 1:18,100,22.01794052,56.94140244,20.83333206,35.72612,20.74652672,0,21.61458206
2023/5/6 1:19,100,22.01794052,42.31774521,20.81886482,14.23880672,20.74652672,0,21.61458206
2023/5/6 1:20,100,21.91666794,27.99080849,20.83333206,0,20.74652672,0,21.51330948
2023/5/6 1:21,100,22.01794052,13.90010738,20.83333206,0,20.84780121,0,21.51330948
2023/5/6 1:22,100,21.91666794,3.440680265,20.92013931,0,20.84780121,0,21.51330948
2023/5/6 1:23,100,22.01794052,0.446368903,21.0214119,0,20.84780121,0,21.51330948
2023/5/6 1:24,100,22.1192131,3.03811717,21.12268448,0,20.94907379,0,21.51330948
2023/5/6 1:25,100,22.1192131,13.36750126,21.12268448,3.173747778,21.05034828,0,21.51330948
2023/5/6 1:26,100,22.1192131,30.43839073,21.22395706,9.025184631,21.15162086,0,21.61458206
2023/5/6 1:27,100,22.22048569,53.09873199,21.32523155,21.89390182,21.15162086,0,21.61458206
2023/5/6 1:28,100,22.22048569,80.13131714,21.32523155,39.24395752,21.25289345,0,21.61458206
2023/5/6 1:29,100,22.22048569,100,21.42650414,63.11562347,21.35416794,0,21.61458206
2023/5/6 1:30,100,22.22048569,100,21.42650414,93.43524933,21.35416794,0,21.81712914
2023/5/6 1:31,100,22.22048569,100,21.32523155,100,21.29629707,0,21.81712914
2023/5/6 1:32,100,22.22048569,100,21.32523155,100,21.25289345,0,21.81712914
2023/5/6 1:33,100,22.1192131,100,21.22395706,100,21.15162086,0,21.81712914
2023/5/6 1:34,100,22.1192131,100,21.12268448,100,21.05034828,0,21.81712914
2023/5/6 1:35,100,22.1192131,100,21.06481552,96.6224823,20.94907379,0,21.81712914
2023/5/6 1:36,100,22.1192131,100,21.0214119,87.95941162,20.84780121,0,21.68692207
2023/5/6 1:37,100,22.1192131,98.36571503,20.93460655,75.127388,20.84780121,0,21.61458206
2023/5/6 1:38,100,22.01794052,91.98002625,20.92013931,62.2447319,20.84780121,0,21.61458206
2023/5/6 1:39,100,22.01794052,85.76043701,20.92013931,49.38706589,20.86226845,0,21.61458206
2023/5/6 1:40,100,22.01794052,77.90438843,20.83333206,36.24857712,20.81886482,0,21.61458206
2023/5/6 1:41,100,22.01794052,63.68877792,20.83333206,15.43301201,20.74652672,0,21.61458206
2023/5/6 1:42,100,22.01794052,44.96761703,20.71759224,0,20.74652672,0,21.61458206
2023/5/6 1:43,100,22.00347328,23.96000099,20.83333206,0,20.84780121,0,21.61458206
2023/5/6 1:44,100,22.01794052,10.65037727,20.93460655,0,20.84780121,0,21.61458206
2023/5/6 1:45,100,22.01794052,4.662485123,20.93460655,0,20.84780121,0,21.61458206
2023/5/6 1:46,100,22.01794052,6.505865097,21.0214119,0,20.94907379,0,21.61458206
2023/5/6 1:47,100,22.1192131,16.81550789,21.12268448,2.137339115,21.05034828,0,21.61458206
2023/5/6 1:48,100,22.1192131,35.39844513,21.32523155,10.00277901,21.15162086,0,21.61458206
2023/5/6 1:49,100,22.1192131,62.8603363,21.32523155,25.5870285,21.25289345,0,21.61458206
2023/5/6 1:50,100,22.22048569,94.27610016,21.42650414,48.05934906,21.35416794,0,21.61458206
2023/5/6 1:51,100,22.1192131,100,21.42650414,78.51592255,21.35416794,0,21.61458206
2023/5/6 1:52,100,22.1192131,100,21.42650414,100,21.35416794,0,21.81712914
2023/5/6 1:53,100,22.1192131,100,21.4120369,100,21.25289345,0,21.81712914
2023/5/6 1:54,100,22.1192131,100,21.32523155,100,21.25289345,0,21.81712914
2023/5/6 1:55,100,22.1192131,100,21.22395706,100,21.15162086,0,21.81712914
2023/5/6 1:56,100,22.1192131,100,21.12268448,100,21.05034828,0,21.81712914
2023/5/6 1:57,100,22.1192131,100,21.12268448,96.65028381,20.94907379,0,21.81712914
2023/5/6 1:58,100,22.1192131,100,21.0214119,92.34121704,20.94907379,0,21.81712914
2023/5/6 1:59,100,22.1192131,100,21.0214119,80.41582489,20.84780121,0,21.61458206
2023/5/6 2:00,100,22.1192131,95.81681824,20.93460655,67.52999878,20.84780121,0,21.61458206
2023/5/6 2:01,100,22.01794052,89.48439026,20.92013931,54.65305328,20.84780121,0,21.61458206
2023/5/6 2:02,100,22.01794052,82.9984436,20.92013931,41.75746536,20.84780121,0,21.61458206
2023/5/6 2:03,100,22.01794052,69.16854095,20.83333206,26.75152969,20.76099586,0,21.61458206
2023/5/6 2:04,100,22.01794052,55.4414978,20.83333206,6.127654076,20.74652672,0,21.61458206
2023/5/6 2:05,100,22.01794052,41.30168533,20.83333206,0,20.84780121,0,21.61458206
2023/5/6 2:06,100,22.01794052,30.58514023,20.93460655,0,20.84780121,0,21.61458206
2023/5/6 2:07,100,22.01794052,24.10827065,20.92013931,0,20.84780121,0,21.61458206
2023/5/6 2:08,100,22.01794052,25.22320557,21.03587914,0,20.94907379,0,21.61458206
2023/5/6 2:09,100,22.01794052,30.10302544,21.12268448,0,20.94907379,0,21.61458206
2023/5/6 2:10,100,22.1192131,43.4162178,21.22395706,3.933990955,21.05034828,0,21.61458206
2023/5/6 2:11,100,22.1192131,68.3405304,21.32523155,15.73404312,21.15162086,0,21.61458206
2023/5/6 2:12,100,22.1192131,95.72775269,21.38310242,33.63867188,21.25289345,0,21.61458206
2023/5/6 2:13,100,22.1192131,100,21.32523155,55.75265503,21.25289345,0,21.61458206
2023/5/6 2:14,100,22.1192131,100,21.32523155,76.52622223,21.25289345,0,21.61458206
2023/5/6 2:15,100,22.01794052,100,21.32523155,98.50344086,21.25289345,0,21.61458206
2023/5/6 2:16,100,22.01794052,100,21.22395706,100,21.15162086,0,21.61458206
2023/5/6 2:17,100,22.01794052,100,21.22395706,100,21.05034828,0,21.81712914
2023/5/6 2:18,100,22.01794052,100,21.12268448,99.57055664,20.94907379,0,21.74479294
2023/5/6 2:19,100,21.91666794,100,21.0214119,95.27693176,20.94907379,0,21.61458206
2023/5/6 2:20,100,21.91666794,96.10508728,20.92013931,83.07706451,20.84780121,0,21.61458206
2023/5/6 2:21,100,21.91666794,85.24975586,20.83333206,69.83483887,20.83333206,0,21.61458206
2023/5/6 2:22,100,21.91666794,69.23664856,20.73205948,53.56682205,20.74652672,0,21.61458206
2023/5/6 2:23,100,21.91666794,46.24427414,20.73205948,29.77856827,20.64525414,0,21.61458206
2023/5/6 2:24,100,21.81539345,17.29500008,20.6307869,0,20.64525414,0,21.61458206
2023/5/6 2:25,100,21.81539345,0,20.61631966,0,20.64525414,0,21.52777672
2023/5/6 2:26,100,21.81539345,0,20.73205948,0,20.74652672,0,21.51330948
2023/5/6 2:27,100,22.01794052,0,20.90567207,0,20.84780121,0,21.51330948
2023/5/6 2:28,100,22.01794052,0.729468644,21.0214119,0,20.84780121,0,21.51330948
2023/5/6 2:29,100,21.91666794,7.764472961,21.12268448,0,20.94907379,0,21.51330948
2023/5/6 2:30,100,22.01794052,18.11170769,21.12268448,1.419489741,21.05034828,0,21.51330948
2023/5/6 2:31,100,22.01794052,32.94242096,21.22395706,7.881337166,21.15162086,0,21.61458206
2023/5/6 2:32,100,22.01794052,55.9164772,21.32523155,23.24330521,21.25289345,0,21.61458206
2023/5/6 2:33,100,22.01794052,84.46994781,21.42650414,44.34967422,21.25289345,0,21.61458206
2023/5/6 2:34,100,22.00347328,100,21.42650414,68.98664093,21.35416794,0,21.61458206
2023/5/6 2:35,100,22.01794052,100,21.42650414,99.03405762,21.35416794,0,21.61458206
2023/5/6 2:36,100,21.91666794,100,21.42650414,100,21.35416794,0,21.81712914
2023/5/6 2:37,100,21.81539345,100,21.32523155,100,21.25289345,0,21.81712914
2023/5/6 2:38,100,21.81539345,100,21.32523155,100,21.15162086,0,21.81712914
2023/5/6 2:39,100,21.81539345,100,21.22395706,100,21.15162086,0,21.81712914
2023/5/6 2:40,100,21.81539345,100,21.12268448,99.87193298,20.96354294,0,21.74479294
2023/5/6 2:41,100,21.81539345,100,21.0214119,95.55056763,20.94907379,0,21.61458206
2023/5/6 2:42,100,21.81539345,100,21.0214119,88.4941864,20.84780121,0,21.61458206
2023/5/6 2:43,100,21.81539345,97.39597321,20.92013931,75.45831299,20.84780121,0,21.61458206
2023/5/6 2:44,100,21.81539345,91.14566803,20.92013931,62.7579155,20.83333206,0,21.61458206
2023/5/6 2:45,100,21.71412086,76.97497559,20.83333206,43.69441986,20.74652672,0,21.61458206
2023/5/6 2:46,100,21.81539345,54.30708313,20.73205948,22.14777946,20.74652672,0,21.51330948
2023/5/6 2:47,100,21.81539345,31.66410637,20.73205948,0.943616509,20.74652672,0,21.51330948
2023/5/6 2:48,100,21.71412086,8.652951241,20.73205948,0,20.74652672,0,21.51330948
2023/5/6 2:49,100,21.71412086,0,20.81886482,0,20.84780121,0,21.51330948
2023/5/6 2:50,100,21.71412086,0,20.92013931,0,20.84780121,0,21.51330948
2023/5/6 2:51,100,21.81539345,0.405203193,21.0214119,0,20.84780121,0,21.51330948
2023/5/6 2:52,100,21.81539345,2.542316675,21.0214119,0,20.94907379,0,21.51330948
2023/5/6 2:53,100,21.91666794,9.82840538,21.12268448,0.441729724,21.05034828,0,21.51330948
2023/5/6 2:54,100,21.91666794,26.91837883,21.22395706,4.659532547,21.05034828,0,21.60011482
2023/5/6 2:55,100,22.01794052,51.59294128,21.32523155,17.14385033,21.15162086,0,21.61458206
2023/5/6 2:56,100,22.01794052,83.18228149,21.42650414,37.28355789,21.25289345,0,21.62905121
2023/5/6 2:57,100,22.01794052,100,21.42650414,62.76459122,21.33969879,0,21.61458206
2023/5/6 2:58,100,22.01794052,100,21.52777672,92.92034149,21.35416794,0,21.81712914
2023/5/6 2:59,100,22.01794052,100,21.42650414,100,21.35416794,0,21.81712914
2023/5/6 3:00,100,22.01794052,100,21.42650414,100,21.25289345,0,21.81712914
2023/5/6 3:01,100,21.91666794,100,21.32523155,100,21.25289345,0,21.81712914
2023/5/6 3:02,100,21.81539345,100,21.31076431,100,21.15162086,0,21.81712914
2023/5/6 3:03,100,21.81539345,100,21.22395706,100,21.05034828,0,21.8026619
2023/5/6 3:04,100,21.81539345,100,21.12268448,97.9985199,20.94907379,0,21.61458206
2023/5/6 3:05,100,21.81539345,100,21.0214119,91.4173584,20.84780121,0,21.61458206
2023/5/6 3:06,100,21.81539345,100,21.0214119,78.43672943,20.84780121,0,21.61458206
2023/5/6 3:07,100,21.81539345,99.99005127,21.0214119,65.71508026,20.84780121,0,21.61458206
2023/5/6 3:08,100,21.81539345,94.64526367,20.93460655,52.77874374,20.84780121,0,21.61458206
2023/5/6 3:09,100,21.71412086,88.27715302,20.93460655,39.91843414,20.84780121,0,21.5567131
2023/5/6 3:10,100,21.69965172,74.42884064,20.83333206,26.66287994,20.76099586,0,21.51330948
2023/5/6 3:11,100,21.71412086,56.20265198,20.73205948,5.46002388,20.74652672,0,21.51330948
2023/5/6 3:12,100,21.71412086,33.16667938,20.73205948,0,20.64525414,0,21.42650414
2023/5/6 3:13,100,21.71412086,10.16753578,20.73205948,0,20.64525414,0,21.51330948
2023/5/6 3:14,100,21.71412086,0,20.83333206,0,20.74652672,0,21.51330948
2023/5/6 3:15,100,21.71412086,0,20.92013931,0,20.84780121,0,21.51330948
2023/5/6 3:16,100,21.71412086,0,20.93460655,0,20.84780121,0,21.51330948
2023/5/6 3:17,100,21.71412086,1.776889324,21.0214119,0,20.94907379,0,21.51330948
2023/5/6 3:18,100,21.81539345,11.26804352,21.12268448,2.592132568,21.05034828,0,21.62905121
2023/5/6 3:19,100,21.81539345,28.17882919,21.22395706,11.90246201,21.15162086,0,21.61458206
2023/5/6 3:20,100,21.81539345,51.65332413,21.32523155,27.17486,21.25289345,0,21.61458206
2023/5/6 3:21,100,21.91666794,79.71498871,21.42650414,48.67662048,21.35416794,0,21.61458206
2023/5/6 3:22,100,22.01794052,100,21.42650414,78.69741058,21.35416794,0,21.61458206
2023/5/6 3:23,100,21.91666794,100,21.52777672,100,21.45544052,0,21.81712914
2023/5/6 3:24,100,21.91666794,100,21.42650414,100,21.35416794,0,21.81712914
2023/5/6 3:25,100,21.88773155,100,21.22395706,100,21.15162086,0,21.81712914
2023/5/6 3:26,100,21.81539345,100,21.12268448,100,21.05034828,0,21.81712914
2023/5/6 3:27,100,21.81539345,100,21.03587914,99.02888489,20.94907379,0,21.81712914
2023/5/6 3:28,100,21.81539345,100,21.0214119,94.66595459,20.94907379,0,21.61458206
2023/5/6 3:29,100,21.71412086,100,21.0214119,90.31503296,20.94907379,0,21.61458206
2023/5/6 3:30,100,21.71412086,97.16909027,20.92013931,83.16386414,20.84780121,0,21.61458206
2023/5/6 3:31,100,21.71412086,91.05963898,20.92013931,70.45959473,20.84780121,0,21.61458206
2023/5/6 3:32,100,21.71412086,84.84975433,20.93460655,57.56793594,20.84780121,0,21.61458206
2023/5/6 3:33,100,21.61284828,72.16602325,20.83333206,44.66212845,20.84780121,0,21.61458206
2023/5/6 3:34,100,21.61284828,57.67625427,20.83333206,31.65357018,20.84780121,0,21.51330948
2023/5/6 3:35,100,21.61284828,43.09850311,20.83333206,12.41270924,20.74652672,0,21.51330948
2023/5/6 3:36,100,21.61284828,28.71956635,20.83333206,0,20.73205948,0,21.51330948
2023/5/6 3:37,100,21.61284828,14.40697098,20.81886482,0,20.86226845,0,21.51330948
2023/5/6 3:38,100,21.61284828,4.210384369,20.92013931,0,20.84780121,0,21.51330948
2023/5/6 3:39,100,21.61284828,0,20.93460655,0,20.84780121,0,21.51330948
2023/5/6 3:40,100,21.71412086,0.730182827,21.0214119,0,20.84780121,0,21.51330948
2023/5/6 3:41,100,21.71412086,2.919161558,21.07928276,0,20.94907379,0,21.51330948
2023/5/6 3:42,100,21.71412086,13.012537,21.12268448,0.934322,21.05034828,0,21.51330948
2023/5/6 3:43,100,21.81539345,28.07940674,21.22395706,6.14626503,21.07928276,0,21.61458206
2023/5/6 3:44,100,21.81539345,48.4151268,21.32523155,18.96879578,21.15162086,0,21.61458206
2023/5/6 3:45,100,21.81539345,76.90195465,21.42650414,37.98176575,21.25289345,0,21.61458206
2023/5/6 3:46,100,21.81539345,100,21.42650414,59.42354584,21.25289345,0,21.61458206
2023/5/6 3:47,100,21.81539345,100,21.33969879,80.47546387,21.25289345,0,21.61458206
2023/5/6 3:48,100,21.81539345,100,21.38310242,100,21.25289345,0,21.81712914
2023/5/6 3:49,100,21.71412086,100,21.32523155,100,21.25289345,0,21.81712914
2023/5/6 3:50,100,21.71412086,100,21.22395706,100,21.15162086,0,21.81712914
2023/5/6 3:51,100,21.71412086,100,21.12268448,100,21.05034828,0,21.81712914
2023/5/6 3:52,100,21.71412086,100,21.0214119,96.30541992,20.94907379,0,21.61458206
2023/5/6 3:53,100,21.64178276,99.72485352,20.93460655,90.84061432,20.84780121,0,21.61458206
2023/5/6 3:54,100,21.61284828,93.45845795,20.92013931,77.88637543,20.84780121,0,21.61458206
2023/5/6 3:55,100,21.61284828,87.33799744,20.92013931,65.17987061,20.84780121,0,21.61458206
2023/5/6 3:56,100,21.61284828,76.67652893,20.83333206,52.29826736,20.84780121,0,21.61458206
2023/5/6 3:57,100,21.61284828,62.3406601,20.83333206,32.15991211,20.74652672,0,21.61458206
2023/5/6 3:58,100,21.61284828,47.12635422,20.83333206,10.56540108,20.74652672,0,21.61458206
2023/5/6 3:59,100,21.61284828,28.11941338,20.83333206,0,20.74652672,0,21.61458206
2023/5/6 4:00,100,21.61284828,13.80650997,20.81886482,0,20.76099586,0,21.61458206
2023/5/6 4:01,100,21.61284828,0,20.83333206,0,20.84780121,0,21.51330948
2023/5/6 4:02,100,21.61284828,0,20.92013931,0,20.84780121,0,21.52777672
2023/5/6 4:03,100,21.71412086,0.04979296,21.0214119,0,20.84780121,0,21.51330948
2023/5/6 4:04,100,21.71412086,2.150644302,21.03587914,0,20.94907379,0,21.61458206
2023/5/6 4:05,100,21.71412086,11.59365749,21.12268448,0,20.94907379,0,21.61458206
2023/5/6 4:06,100,21.81539345,28.10603905,21.22395706,3.962291241,21.05034828,0,21.61458206
2023/5/6 4:07,100,21.81539345,47.20941925,21.22395706,13.62948227,21.13715172,0,21.61458206
2023/5/6 4:08,100,21.91666794,72.77191925,21.32523155,26.46373177,21.15162086,0,21.61458206
2023/5/6 4:09,100,21.91666794,100,21.32523155,47.05685043,21.25289345,0,21.61458206
2023/5/6 4:10,100,21.91666794,100,21.32523155,68.53652191,21.25289345,0,21.81712914
2023/5/6 4:11,100,21.91666794,100,21.32523155,90.08144379,21.25289345,0,21.81712914
2023/5/6 4:12,100,21.81539345,100,21.22395706,100,21.15162086,0,21.81712914
2023/5/6 4:13,100,21.81539345,100,21.22395706,100,21.05034828,0,21.81712914
2023/5/6 4:14,100,21.81539345,100,21.12268448,100,21.05034828,0,21.81712914
2023/5/6 4:15,100,21.71412086,100,21.12268448,98.5761261,20.94907379,0,21.8026619
2023/5/6 4:16,100,21.71412086,100,21.0214119,94.1232605,20.94907379,0,21.81712914
2023/5/6 4:17,100,21.71412086,99.93782806,21.00694466,81.59903717,20.84780121,0,21.81712914
2023/5/6 4:18,100,21.71412086,93.84069061,20.92013931,68.8883667,20.84780121,0,21.74479294
2023/5/6 4:19,100,21.71412086,84.07090759,20.83333206,53.73700333,20.74652672,0,21.61458206
2023/5/6 4:20,100,21.71412086,69.73548126,20.83333206,32.14117813,20.74652672,0,21.61458206
2023/5/6 4:21,100,21.61284828,49.73000336,20.73205948,10.57660294,20.74652672,0,21.61458206
2023/5/6 4:22,100,21.61284828,27.1346302,20.73205948,0,20.74652672,0,21.61458206
2023/5/6 4:23,100,21.61284828,10.94648266,20.83333206,0,20.74652672,0,21.51330948
2023/5/6 4:24,100,21.61284828,0,20.93460655,0,20.84780121,0,21.51330948
2023/5/6 4:25,100,21.71412086,0.154369488,20.94907379,0,20.84780121,0,21.51330948
2023/5/6 4:26,100,21.71412086,2.165205956,21.0214119,0,20.84780121,0,21.57118034
2023/5/6 4:27,100,21.81539345,6.723098278,21.12268448,0,20.94907379,0,21.61458206
2023/5/6 4:28,100,21.81539345,17.19458008,21.12268448,0.482906431,21.05034828,0,21.61458206
2023/5/6 4:29,100,21.81539345,34.17952347,21.22395706,4.996136189,21.13715172,0,21.61458206
2023/5/6 4:30,100,21.81539345,55.53519058,21.32523155,17.58308983,21.15162086,0,21.61458206
2023/5/6 4:31,100,21.91666794,83.53884888,21.42650414,36.84002686,21.25289345,0,21.61458206
2023/5/6 4:32,100,22.01794052,100,21.42650414,59.3950119,21.35416794,0,21.81712914
2023/5/6 4:33,100,22.01794052,100,21.42650414,89.88690948,21.35416794,0,21.81712914
2023/5/6 4:34,100,21.91666794,100,21.32523155,100,21.25289345,0,21.81712914
2023/5/6 4:35,100,21.81539345,100,21.22395706,100,21.15162086,0,21.81712914
2023/5/6 4:36,100,21.81539345,100,21.13715172,100,21.05034828,0,21.81712914
2023/5/6 4:37,100,21.81539345,100,21.03587914,96.65989685,20.93460655,0,21.81712914
2023/5/6 4:38,100,21.81539345,100,21.03587914,90.52162933,20.84780121,0,21.81712914
2023/5/6 4:39,100,21.81539345,96.25249481,20.92013931,77.59529114,20.84780121,0,21.81712914
2023/5/6 4:40,100,21.71412086,85.12506104,20.83333206,64.85749817,20.84780121,0,21.81712914
2023/5/6 4:41,100,21.71412086,70.77289581,20.83333206,50.84354019,20.74652672,0,21.61458206
2023/5/6 4:42,100,21.62731552,52.69403458,20.73205948,29.32741547,20.74652672,0,21.61458206
2023/5/6 4:43,100,21.69965172,30.00631714,20.73205948,7.493121624,20.703125,0,21.61458206
2023/5/6 4:44,100,21.61284828,6.987138748,20.73205948,0,20.74652672,0,21.61458206
2023/5/6 4:45,100,21.71412086,0,20.73205948,0,20.74652672,0,21.61458206
2023/5/6 4:46,100,21.71412086,0,20.81886482,0,20.84780121,0,21.61458206
2023/5/6 4:47,100,21.80092621,0,20.92013931,0,20.84780121,0,21.61458206
2023/5/6 4:48,100,21.81539345,1.638760805,21.0214119,0,20.84780121,0,21.61458206
2023/5/6 4:49,100,21.81539345,9.28120327,21.12268448,0,20.94907379,0,21.61458206
2023/5/6 4:50,100,21.91666794,24.0940876,21.22395706,4.061797619,21.05034828,0,21.61458206
2023/5/6 4:51,100,21.91666794,45.39220428,21.32523155,15.28304958,21.15162086,0,21.61458206
2023/5/6 4:52,100,21.91666794,72.9704361,21.32523155,30.17413521,21.25289345,0,21.61458206
2023/5/6 4:53,100,22.01794052,100,21.42650414,51.64586258,21.25289345,0,21.61458206
2023/5/6 4:54,100,22.01794052,100,21.42650414,73.88568115,21.35416794,0,21.81712914
2023/5/6 4:55,100,22.01794052,100,21.42650414,100,21.35416794,0,21.81712914
2023/5/6 4:56,100,21.91666794,100,21.32523155,100,21.25289345,0,21.81712914
2023/5/6 4:57,100,21.81539345,100,21.22395706,100,21.15162086,0,21.81712914
2023/5/6 4:58,100,21.81539345,100,21.22395706,100,21.05034828,0,21.81712914
2023/5/6 4:59,100,21.81539345,100,21.12268448,96.829422,20.94907379,0,21.81712914
2023/5/6 5:00,100,21.81539345,100,21.0214119,85.19311523,20.84780121,0,21.81712914
2023/5/6 5:01,100,21.71412086,96.40270996,20.92013931,72.45832062,20.84780121,0,21.61458206
2023/5/6 5:02,100,21.71412086,90.21231079,20.93460655,59.53995895,20.84780121,0,21.61458206
2023/5/6 5:03,100,21.71412086,77.63368225,20.83333206,39.94166946,20.74652672,0,21.61458206
2023/5/6 5:04,100,21.61284828,63.28742981,20.83333206,18.35034752,20.74652672,0,21.61458206
2023/5/6 5:05,100,21.61284828,45.7448349,20.73205948,0,20.74652672,0,21.61458206
2023/5/6 5:06,100,21.71412086,26.2794075,20.78993034,0,20.74652672,0,21.61458206
2023/5/6 5:07,100,21.71412086,10.50842285,20.83333206,0,20.74652672,0,21.61458206
2023/5/6 5:08,100,21.71412086,0,20.93460655,0,20.84780121,0,21.61458206
2023/5/6 5:09,100,21.81539345,0,20.92013931,0,20.84780121,0,21.61458206
2023/5/6 5:10,100,21.81539345,1.068989158,21.0214119,0,20.84780121,0,21.61458206
2023/5/6 5:11,100,21.81539345,7.630187035,21.12268448,0,20.93460655,0,21.61458206
2023/5/6 5:12,100,21.81539345,21.50650597,21.22395706,2.014086485,21.05034828,0,21.61458206
2023/5/6 5:13,100,21.91666794,42.07263947,21.32523155,7.361247063,21.15162086,0,21.61458206
2023/5/6 5:14,100,21.91666794,69.72421265,21.32523155,20.19754219,21.15162086,0,21.61458206
2023/5/6 5:15,100,22.00347328,96.96628571,21.35416794,40.33597565,21.25289345,0,21.61458206
2023/5/6 5:16,100,21.9745369,100,21.42650414,64.21596527,21.35416794,0,21.81712914
2023/5/6 5:17,100,22.01794052,100,21.42650414,93.97465515,21.35416794,0,21.81712914
2023/5/6 5:18,100,21.91666794,100,21.42650414,100,21.25289345,0,21.81712914
2023/5/6 5:19,100,21.91666794,100,21.32523155,100,21.15162086,0,21.81712914
2023/5/6 5:20,100,21.81539345,100,21.22395706,100,21.05034828,0,21.81712914
2023/5/6 5:21,100,21.81539345,100,21.12268448,98.85513306,20.94907379,0,21.81712914
2023/5/6 5:22,100,21.81539345,100,21.03587914,92.93560791,20.84780121,0,21.81712914
2023/5/6 5:23,100,21.81539345,99.64555359,20.97801018,80.23009491,20.86226845,0,21.81712914
2023/5/6 5:24,100,21.71412086,93.36734009,20.93460655,67.29127502,20.84780121,0,21.61458206
2023/5/6 5:25,100,21.71412086,82.87250519,20.83333206,52.10203171,20.74652672,0,21.61458206
2023/5/6 5:26,100,21.71412086,68.53182983,20.81886482,30.52713776,20.74652672,0,21.61458206
2023/5/6 5:27,100,21.71412086,51.31399155,20.83333206,9.275769234,20.74652672,0,21.61458206
2023/5/6 5:28,100,21.71412086,29.75179863,20.73205948,0,20.74652672,0,21.62905121
2023/5/6 5:29,100,21.71412086,9.207083702,20.83333206,0,20.74652672,0,21.61458206
2023/5/6 5:30,100,21.71412086,0,20.92013931,0,20.84780121,0,21.61458206
2023/5/6 5:31,100,21.71412086,0,20.93460655,0,20.84780121,0,21.61458206
2023/5/6 5:32,100,21.81539345,1.584417701,21.0214119,0,20.84780121,0,21.61458206
2023/5/6 5:33,100,21.81539345,7.258832932,21.12268448,0,20.94907379,0,21.61458206
2023/5/6 5:34,100,21.88773155,17.76904488,21.12268448,2.054094315,21.05034828,0,21.61458206
2023/5/6 5:35,100,21.91666794,35.99753571,21.22395706,10.45712471,21.15162086,0,21.61458206
2023/5/6 5:36,100,21.91666794,61.54066467,21.32523155,25.17188072,21.25289345,0,21.61458206
2023/5/6 5:37,100,22.01794052,93.37438965,21.42650414,46.66065979,21.25289345,0,21.81712914
2023/5/6 5:38,100,22.01794052,100,21.42650414,74.13104248,21.35416794,0,21.81712914
2023/5/6 5:39,100,21.91666794,100,21.42650414,100,21.35416794,0,21.81712914
2023/5/6 5:40,100,21.91666794,100,21.32523155,100,21.23842621,0,21.81712914
2023/5/6 5:41,100,21.81539345,100,21.31076431,100,21.25289345,0,21.81712914
2023/5/6 5:42,100,21.81539345,100,21.22395706,100,21.05034828,0,21.81712914
2023/5/6 5:43,100,21.81539345,100,21.12268448,100,21.05034828,0,21.81712914
2023/5/6 5:44,100,21.81539345,100,21.12268448,97.21804047,20.93460655,0,21.81712914
2023/5/6 5:45,100,21.81539345,100,21.0214119,87.39788818,20.84780121,0,21.81712914
2023/5/6 5:46,100,21.71412086,94.48974609,20.92013931,74.65000153,20.84780121,0,21.61458206
2023/5/6 5:47,100,21.71412086,88.19586182,20.92013931,61.44079208,20.78993034,0,21.61458206
2023/5/6 5:48,100,21.71412086,77.2440567,20.83333206,40.77044678,20.74652672,0,21.61458206
2023/5/6 5:49,100,21.71412086,62.91417694,20.83333206,19.19395828,20.74652672,0,21.61458206
2023/5/6 5:50,100,21.71412086,45.39302444,20.73205948,0,20.74652672,0,21.62905121
2023/5/6 5:51,100,21.71412086,22.71423721,20.73205948,0,20.74652672,0,21.51330948
2023/5/6 5:52,100,21.71412086,0,20.73205948,0,20.74652672,0,21.51330948
2023/5/6 5:53,100,21.71412086,0,20.83333206,0,20.84780121,0,21.51330948
2023/5/6 5:54,100,21.81539345,0,20.83333206,0,20.84780121,0,21.51330948
2023/5/6 5:55,100,21.81539345,0.274264395,21.0214119,0,20.84780121,0,21.61458206
2023/5/6 5:56,100,21.81539345,2.381458044,21.03587914,0,20.94907379,0,21.61458206
2023/5/6 5:57,100,21.81539345,12.25779152,21.13715172,1.66240108,21.05034828,0,21.61458206
2023/5/6 5:58,100,21.91666794,27.08866882,21.22395706,9.006199837,21.15162086,0,21.61458206
2023/5/6 5:59,100,21.96006966,50.45429611,21.32523155,21.84591293,21.15162086,0,21.61458206
2023/5/6 6:00,100,22.01794052,77.60915375,21.32523155,40.7118454,21.25289345,0,21.61458206
2023/5/6 6:01,100,22.01794052,100,21.42650414,64.85128784,21.35416794,0,21.81712914
2023/5/6 6:02,100,22.01794052,100,21.42650414,94.63299561,21.35416794,0,21.81712914
2023/5/6 6:03,100,22.01794052,100,21.35416794,100,21.25289345,0,21.81712914
2023/5/6 6:04,100,21.91666794,100,21.32523155,100,21.25289345,0,21.81712914
2023/5/6 6:05,100,21.91666794,100,21.31076431,100,21.15162086,0,21.81712914
2023/5/6 6:06,100,21.81539345,100,21.22395706,100,21.05034828,0,21.81712914
2023/5/6 6:07,100,21.81539345,100,21.12268448,100,21.05034828,0,21.81712914
2023/5/6 6:08,100,21.81539345,100,21.03587914,95.95201111,20.94907379,0,21.81712914
2023/5/6 6:09,100,21.71412086,100,21.0214119,85.45787048,20.84780121,0,21.81712914
2023/5/6 6:10,100,21.71412086,94.43011475,20.93460655,72.77644348,20.84780121,0,21.61458206
2023/5/6 6:11,100,21.71412086,88.19215393,20.92013931,59.78900909,20.84780121,0,21.61458206
2023/5/6 6:12,100,21.71412086,81.66510773,20.84780121,42.58000183,20.74652672,0,21.61458206
2023/5/6 6:13,100,21.71412086,67.78800964,20.83333206,21.02124596,20.74652672,0,21.61458206
2023/5/6 6:14,100,21.61284828,53.64424896,20.83333206,0,20.74652672,0,21.61458206
2023/5/6 6:15,100,21.61284828,39.35691071,20.83333206,0,20.83333206,0,21.51330948
2023/5/6 6:16,100,21.71412086,27.32349968,20.92013931,0,20.84780121,0,21.51330948
2023/5/6 6:17,100,21.71412086,21.30125237,20.93460655,0,20.84780121,0,21.51330948
2023/5/6 6:18,100,21.81539345,25.79715919,21.12268448,0,20.94907379,0,21.57118034
2023/5/6 6:19,100,21.81539345,36.3739357,21.12268448,0.568024933,21.05034828,0,21.61458206
2023/5/6 6:20,100,21.81539345,46.8849678,21.12268448,4.782806873,21.05034828,0,21.61458206
2023/5/6 6:21,100,21.81539345,59.74750519,21.22395706,9.039355278,21.05034828,0,21.61458206
2023/5/6 6:22,100,21.91666794,80.26938629,21.31076431,19.63105392,21.15162086,0,21.61458206
2023/5/6 6:23,100,21.91666794,100,21.32523155,32.46186447,21.15162086,0,21.61458206
2023/5/6 6:24,100,21.91666794,100,21.32523155,45.05696487,21.15162086,0,21.61458206
2023/5/6 6:25,100,21.81539345,100,21.32523155,58.61781693,21.20948982,0,21.61458206
2023/5/6 6:26,100,21.81539345,100,21.32523155,78.54270172,21.1660881,0,21.81712914
2023/5/6 6:27,100,21.81539345,100,21.31076431,91.95116425,21.15162086,0,21.81712914
2023/5/6 6:28,100,21.81539345,100,21.22395706,100,21.15162086,0,21.81712914
2023/5/6 6:29,100,21.71412086,100,21.12268448,100,21.05034828,0,21.81712914
2023/5/6 6:30,100,21.71412086,100,21.0214119,96.28036499,20.94907379,0,21.81712914
2023/5/6 6:31,100,21.71412086,96.93210602,20.93460655,85.23897552,20.84780121,0,21.81712914
2023/5/6 6:32,100,21.71412086,88.33065033,20.83333206,72.34631348,20.84780121,0,21.61458206
2023/5/6 6:33,100,21.71412086,74.21743774,20.83333206,52.61406708,20.74652672,0,21.61458206
2023/5/6 6:34,100,21.61284828,59.89686203,20.83333206,31.06742859,20.74652672,0,21.61458206
2023/5/6 6:35,100,21.61284828,42.36502838,20.73205948,10.06340313,20.74652672,0,21.61458206
2023/5/6 6:36,100,21.61284828,24.36290359,20.83333206,0,20.74652672,0,21.61458206
2023/5/6 6:37,100,21.67071724,10.29288387,20.83333206,0,20.83333206,0,21.61458206
2023/5/6 6:38,100,21.71412086,0,20.83333206,0,20.84780121,0,21.61458206
2023/5/6 6:39,100,21.71412086,0,20.92013931,0,20.84780121,0,21.61458206
2023/5/6 6:40,100,21.71412086,1.728770852,21.0214119,0,20.84780121,0,21.61458206
2023/5/6 6:41,100,21.81539345,10.00505447,21.12268448,0,20.94907379,0,21.61458206
2023/5/6 6:42,100,21.81539345,23.38157845,21.22395706,2.035258532,21.05034828,0,21.61458206
2023/5/6 6:43,100,21.91666794,43.02504349,21.26736069,9.706651688,21.15162086,0,21.61458206
2023/5/6 6:44,100,21.9745369,70.58150482,21.32523155,22.83744812,21.25289345,0,21.61458206
2023/5/6 6:45,100,22.01794052,98.24622345,21.32523155,44.20074463,21.25289345,0,21.81712914
2023/5/6 6:46,100,21.91666794,100,21.42650414,65.29072571,21.23842621,0,21.81712914
2023/5/6 6:47,100,21.91666794,100,21.42650414,88.08008575,21.29629707,0,21.81712914
2023/5/6 6:48,100,21.81539345,100,21.32523155,100,21.25289345,0,21.81712914
2023/5/6 6:49,100,21.81539345,100,21.32523155,100,21.25289345,0,21.81712914
2023/5/6 6:50,100,21.81539345,100,21.22395706,100,21.13715172,0,21.81712914
2023/5/6 6:51,100,21.81539345,100,21.13715172,100,21.05034828,0,21.8026619
2023/5/6 6:52,100,21.81539345,100,21.03587914,100,21.05034828,0,21.81712914
2023/5/6 6:53,100,21.81539345,100,21.0214119,96.75592804,20.93460655,0,21.81712914
2023/5/6 6:54,100,21.81539345,97.55210114,20.92013931,92.02799225,20.84780121,0,21.81712914
2023/5/6 6:55,100,21.81539345,90.81134033,20.89120293,79.83998108,20.84780121,0,21.61458206
2023/5/6 6:56,100,21.71412086,76.54898834,20.83333206,66.9634552,20.84780121,0,21.61458206
2023/5/6 6:57,100,21.71412086,55.36701584,20.73205948,45.46635437,20.74652672,0,21.61458206
2023/5/6 6:58,100,21.71412086,30.23676109,20.6307869,16.7277832,20.64525414,0,21.61458206
2023/5/6 6:59,100,21.71412086,3.334427357,20.71759224,0,20.74652672,0,21.61458206
2023/5/6 7:00,100,21.71412086,0,20.83333206,0,20.74652672,0,21.61458206
2023/5/6 7:01,100,21.71412086,0,20.93460655,0,20.84780121,0,21.52777672
2023/5/6 7:02,100,21.81539345,0,20.92013931,0,20.84780121,0,21.51330948
2023/5/6 7:03,100,21.81539345,2.127023458,21.12268448,0,20.94907379,0,21.61458206
2023/5/6 7:04,100,21.81539345,12.60066986,21.12268448,0.740104556,21.05034828,0,21.61458206
2023/5/6 7:05,100,21.91666794,26.21984482,21.22395706,6.042781353,21.15162086,0,21.61458206
2023/5/6 7:06,100,21.91666794,45.9446907,21.32523155,18.63980484,21.15162086,0,21.61458206
2023/5/6 7:07,100,22.00347328,73.57159424,21.32523155,38.38914871,21.25289345,0,21.61458206
2023/5/6 7:08,100,22.01794052,100,21.42650414,59.83935928,21.25289345,0,21.61458206
2023/5/6 7:09,100,21.91666794,100,21.42650414,87.79529572,21.32523155,0,21.61458206
2023/5/6 7:10,100,21.91666794,100,21.31076431,100,21.25289345,0,21.81712914
2023/5/6 7:11,100,21.91666794,100,21.32523155,100,21.25289345,0,21.81712914
2023/5/6 7:12,100,21.87326431,100,21.22395706,100,21.12268448,0,21.81712914
2023/5/6 7:13,100,21.81539345,100,21.12268448,100,21.05034828,0,21.81712914
2023/5/6 7:14,100,21.81539345,100,21.03587914,96.92541504,20.94907379,0,21.81712914
2023/5/6 7:15,100,21.81539345,100,21.03587914,92.63722229,20.94907379,0,21.61458206
2023/5/6 7:16,100,21.71412086,97.02146149,20.93460655,83.86333466,20.84780121,0,21.61458206
2023/5/6 7:17,100,21.71412086,89.55822754,20.83333206,70.95436859,20.84780121,0,21.61458206
2023/5/6 7:18,100,21.71412086,75.45317841,20.83333206,56.56869507,20.74652672,0,21.61458206
2023/5/6 7:19,100,21.71412086,59.30206299,20.73205948,35.05632401,20.74652672,0,21.61458206
2023/5/6 7:20,100,21.71412086,36.26412582,20.73205948,13.4888401,20.74652672,0,21.61458206
2023/5/6 7:21,100,21.69965172,13.17555332,20.71759224,0,20.74652672,0,21.61458206
2023/5/6 7:22,100,21.71412086,0,20.73205948,0,20.74652672,0,21.61458206
2023/5/6 7:23,100,21.71412086,0,20.81886482,0,20.84780121,0,21.51330948
2023/5/6 7:24,100,21.81539345,0,20.83333206,0,20.84780121,0,21.51330948
2023/5/6 7:25,100,21.81539345,0,20.92013931,0,20.84780121,0,21.52777672
2023/5/6 7:26,100,21.81539345,0.031211536,21.0214119,0,20.94907379,0,21.61458206
2023/5/6 7:27,100,21.81539345,2.148084879,21.03587914,0.682700515,21.05034828,0,21.61458206
2023/5/6 7:28,100,21.91666794,8.234194756,21.12268448,4.829788685,21.05034828,0,21.61458206
2023/5/6 7:29,100,22.01794052,19.00135803,21.13715172,13.7212019,21.15162086,0,21.61458206
2023/5/6 7:30,100,22.01794052,36.96854401,21.22395706,26.9321022,21.25289345,0,21.61458206
2023/5/6 7:31,100,22.01794052,55.89188766,21.23842621,47.97230148,21.25289345,0,21.8026619
2023/5/6 7:32,100,22.01794052,82.89620972,21.32523155,71.33952332,21.35416794,0,21.81712914
2023/5/6 7:33,100,22.1192131,100,21.32523155,100,21.33969879,0,21.81712914
2023/5/6 7:34,100,22.01794052,100,21.32523155,100,21.35416794,0,21.81712914
2023/5/6 7:35,100,22.00347328,100,21.32523155,100,21.25289345,0,21.81712914
2023/5/6 7:36,100,21.93113518,100,21.22395706,100,21.15162086,0,21.81712914
2023/5/6 7:37,100,21.91666794,100,21.19502258,100,21.15162086,0,21.81712914
2023/5/6 7:38,100,21.91666794,100,21.12268448,100,21.05034828,0,21.81712914
2023/5/6 7:39,100,21.91666794,100,21.0214119,100,21.05034828,0,21.81712914
2023/5/6 7:40,100,21.81539345,100,21.0214119,97.9825592,20.94907379,0,21.81712914
2023/5/6 7:41,100,21.78645706,100,21.0214119,93.61523438,20.94907379,0,21.62905121
2023/5/6 7:42,100,21.71412086,94.72360992,20.93460655,89.27478027,20.94907379,0,21.61458206
2023/5/6 7:43,100,21.71412086,88.52444458,20.93460655,80.08113098,20.84780121,0,21.61458206
2023/5/6 7:44,100,21.71412086,82.43795013,20.92013931,67.42144012,20.86226845,0,21.62905121
2023/5/6 7:45,100,21.81539345,75.9727478,20.92013931,54.63779068,20.84780121,0,21.61458206
2023/5/6 7:46,100,21.71412086,63.20311737,20.87673569,41.75524521,20.84780121,0,21.61458206
2023/5/6 7:47,100,21.71412086,55.20107269,20.93460655,28.87725258,20.84780121,0,21.61458206
2023/5/6 7:48,100,21.71412086,49.1415863,20.92013931,16.23244858,20.84780121,0,21.51330948
2023/5/6 7:49,100,21.71412086,43.01166916,20.93460655,9.879507065,20.94907379,0,21.51330948
2023/5/6 7:50,100,21.71412086,40.47159195,21.0214119,5.509830475,20.94907379,0,21.51330948
2023/5/6 7:51,100,21.71412086,42.67467117,21.03587914,1.174081206,20.94907379,0,21.51330948
2023/5/6 7:52,100,21.81539345,50.29123306,21.12268448,4.853797436,21.05034828,0,21.51330948
2023/5/6 7:53,100,21.81539345,60.96249771,21.22395706,11.02741051,21.15162086,0,21.51330948
2023/5/6 7:54,100,21.81539345,79.98384857,21.22395706,23.8286171,21.15162086,0,21.61458206
2023/5/6 7:55,100,21.81539345,99.08589935,21.22395706,36.69845963,21.15162086,0,21.61458206
2023/5/6 7:56,100,21.81539345,100,21.22395706,51.77327728,21.25289345,0,21.61458206
2023/5/6 7:57,100,21.81539345,100,21.22395706,73.17228699,21.25289345,0,21.61458206
2023/5/6 7:58,100,21.81539345,100,21.22395706,94.24136353,21.25289345,0,21.61458206
2023/5/6 7:59,100,21.81539345,100,21.12268448,100,21.25289345,0,21.62905121
2023/5/6 8:00,100,21.71412086,100,21.12268448,100,21.13715172,0,21.73032379
2023/5/6 8:01,100,21.81539345,100,21.13715172,100,21.05034828,0,21.61458206
2023/5/6 8:02,100,21.71412086,100,21.0214119,100,21.05034828,0,21.61458206
2023/5/6 8:03,100,21.71412086,100,21.03587914,98.06274414,20.94907379,0,21.61458206
2023/5/6 8:04,100,21.71412086,100,21.03587914,93.78379822,20.94907379,0,21.61458206
2023/5/6 8:05,100,21.71412086,98.00551605,20.92013931,88.05891418,20.84780121,0,21.61458206
2023/5/6 8:06,100,21.71412086,91.82121277,20.93460655,75.29865265,20.84780121,0,21.61458206
2023/5/6 8:07,100,21.61284828,83.79083252,20.81886482,62.44314575,20.84780121,0,21.51330948
2023/5/6 8:08,100,21.61284828,69.85508728,20.83333206,49.89076614,20.84780121,0,21.52777672
2023/5/6 8:09,100,21.61284828,55.54216385,20.83333206,37.06715775,20.84780121,0,21.51330948
2023/5/6 8:10,100,21.61284828,41.18379211,20.83333206,24.1619339,20.84780121,0,21.49884224
2023/5/6 8:11,100,21.52604294,29.49610519,20.93460655,11.37927341,20.84780121,0,21.42650414
2023/5/6 8:12,100,21.52604294,23.55144691,20.92013931,0,20.84780121,0,21.4120369
2023/5/6 8:13,100,21.61284828,21.8348999,21.0214119,0,20.94907379,0,21.42650414
2023/5/6 8:14,100,21.61284828,24.22695732,21.07928276,0,20.94907379,0,21.42650414
2023/5/6 8:15,100,21.71412086,34.5377388,21.12268448,1.775030017,21.05034828,0,21.51330948
2023/5/6 8:16,100,21.71412086,52.29985809,21.25289345,6.683935165,21.15162086,0,21.51330948
2023/5/6 8:17,100,21.71412086,79.08812714,21.32523155,19.46793747,21.15162086,0,21.51330948
2023/5/6 8:18,100,21.71412086,100,21.42650414,39.55597687,21.25289345,0,21.61458206
2023/5/6 8:19,100,21.71412086,100,21.42650414,59.17741776,21.25289345,0,21.61458206
2023/5/6 8:20,100,21.71412086,100,21.42650414,87.51629639,21.35416794,0,21.61458206
2023/5/6 8:21,100,21.71412086,100,21.42650414,100,21.25289345,0,21.61458206
2023/5/6 8:22,100,21.61284828,100,21.32523155,100,21.25289345,0,21.61458206
2023/5/6 8:23,100,21.61284828,100,21.32523155,100,21.22395706,0,21.61458206
2023/5/6 8:24,100,21.71412086,100,21.22395706,100,21.15162086,0,21.61458206
2023/5/6 8:25,100,21.61284828,100,21.12268448,100,21.05034828,0,21.61458206
2023/5/6 8:26,100,21.61284828,100,21.12268448,100,21.05034828,0,21.61458206
2023/5/6 8:27,100,21.61284828,100,21.0214119,96.78823853,20.94907379,0,21.61458206
2023/5/6 8:28,100,21.61284828,100,21.0214119,92.55984497,20.94907379,0,21.61458206
2023/5/6 8:29,100,21.61284828,100,21.0214119,85.78469849,20.84780121,0,21.51330948
2023/5/6 8:30,100,21.52604294,96.98815155,20.93460655,73.19091797,20.84780121,0,21.51330948
2023/5/6 8:31,100,21.52604294,90.81073761,20.93460655,60.47685242,20.84780121,0,21.51330948
2023/5/6 8:32,100,21.51157379,84.55640411,20.93460655,47.55444717,20.84780121,0,21.4120369
2023/5/6 8:33,100,21.52604294,78.34141541,20.93460655,34.60618591,20.84780121,0,21.42650414
2023/5/6 8:34,100,21.52604294,72.17472076,20.92013931,22.05893898,20.84780121,0,21.42650414
2023/5/6 8:35,100,21.52604294,66.03949738,20.92013931,10.581357,20.86226845,0,21.33969879
2023/5/6 8:36,100,21.52604294,59.88904572,20.93460655,2.139401436,20.90567207,0,21.39756966
2023/5/6 8:37,100,21.52604294,58.22034454,21.03587914,0,20.94907379,0,21.4120369
2023/5/6 8:38,100,21.52604294,60.39603806,21.0214119,0.175135612,21.05034828,0,21.4120369
2023/5/6 8:39,100,21.52604294,67.09623718,21.12268448,4.301433563,21.05034828,0,21.42650414
2023/5/6 8:40,100,21.52604294,77.47253418,21.12268448,8.476288795,21.05034828,0,21.42650414
2023/5/6 8:41,100,21.52604294,88.08539581,21.12268448,18.71146011,21.15162086,0,21.51330948
2023/5/6 8:42,100,21.51157379,100,21.22395706,31.30660057,21.15162086,0,21.51330948
2023/5/6 8:43,100,21.52604294,100,21.22395706,43.86474991,21.15162086,0,21.60011482
2023/5/6 8:44,100,21.52604294,100,21.22395706,56.76272964,21.15162086,0,21.61458206
2023/5/6 8:45,100,21.52604294,100,21.12268448,71.00250244,21.15162086,0,21.61458206
2023/5/6 8:46,100,21.52604294,100,21.13715172,83.45394897,21.15162086,0,21.61458206
2023/5/6 8:47,100,21.52604294,100,21.12268448,96.34832001,21.15162086,0,21.61458206
2023/5/6 8:48,100,21.52604294,100,21.12268448,100,21.15162086,0,21.61458206
2023/5/6 8:49,100,21.52604294,100,21.12268448,100,21.05034828,0,21.61458206
2023/5/6 8:50,100,21.52604294,100,21.0214119,100,21.03587914,0,21.61458206
2023/5/6 8:51,100,21.52604294,100,21.0214119,96.76419067,20.94907379,0,21.61458206
2023/5/6 8:52,100,21.51157379,100,21.0214119,92.46531677,20.94907379,0,21.61458206
2023/5/6 8:53,100,21.52604294,94.33822632,20.93460655,87.19139099,20.84780121,0,21.52777672
2023/5/6 8:54,100,21.52604294,88.33345795,20.92013931,74.72988129,20.84780121,0,21.51330948
2023/5/6 8:55,100,21.52604294,81.37221527,20.92013931,61.9071312,20.84780121,0,21.51330948
2023/5/6 8:56,100,21.52604294,75.14280701,20.92013931,49.15447998,20.84780121,0,21.42650414
2023/5/6 8:57,100,21.52604294,69.18202972,20.92013931,36.60689163,20.84780121,0,21.4120369
2023/5/6 8:58,100,21.42476845,60.3202858,20.93460655,23.83202362,20.84780121,0,21.42650414
2023/5/6 8:59,100,21.42476845,54.18374634,20.92013931,11.07260323,20.83333206,0,21.42650414
2023/5/6 9:00,100,21.42476845,48.08185577,20.93460655,0,20.84780121,0,21.42650414
2023/5/6 9:01,100,21.42476845,42.84777069,21.0214119,0,20.94907379,0,21.42650414
2023/5/6 9:02,100,21.52604294,44.90651703,21.0214119,0,20.94907379,0,21.42650414
2023/5/6 9:03,100,21.52604294,52.40132523,21.12268448,3.055226803,21.05034828,0,21.42650414
2023/5/6 9:04,100,21.52604294,62.66222382,21.12268448,7.179594994,21.05034828,0,21.4120369
2023/5/6 9:05,100,21.52604294,75.2425766,21.22395706,16.04296684,21.15162086,0,21.4120369
2023/5/6 9:06,100,21.52604294,93.80884552,21.22395706,28.52661705,21.15162086,0,21.51330948
2023/5/6 9:07,100,21.51157379,100,21.32523155,45.61019516,21.25289345,0,21.51330948
2023/5/6 9:08,100,21.52604294,100,21.32523155,66.86868286,21.25289345,0,21.60011482
2023/5/6 9:09,100,21.52604294,100,21.32523155,87.36688995,21.25289345,0,21.61458206
2023/5/6 9:10,100,21.51157379,100,21.22395706,100,21.25289345,0,21.61458206
2023/5/6 9:11,100,21.52604294,100,21.22395706,100,21.15162086,0,21.61458206
2023/5/6 9:12,100,21.52604294,100,21.22395706,100,21.15162086,0,21.61458206
2023/5/6 9:13,100,21.52604294,100,21.12268448,100,21.05034828,0,21.61458206
2023/5/6 9:14,100,21.52604294,100,21.12268448,98.16217041,20.94907379,0,21.61458206
2023/5/6 9:15,100,21.52604294,100,21.03587914,93.79205322,20.94907379,0,21.5567131
2023/5/6 9:16,100,21.52604294,100,21.0214119,89.59262848,20.84780121,0,21.51330948
2023/5/6 9:17,100,21.52604294,99.99490356,20.99247742,77.0151062,20.84780121,0,21.51330948
2023/5/6 9:18,100,21.42476845,94.48134613,20.92013931,64.1341095,20.84780121,0,21.4120369
2023/5/6 9:19,100,21.42476845,88.55929565,20.93460655,51.6790657,20.86226845,0,21.42650414
2023/5/6 9:20,100,21.42476845,82.64919281,20.93460655,39.23496246,20.84780121,0,21.38310242
2023/5/6 9:21,100,21.42476845,76.44049072,20.92013931,26.34054565,20.84780121,0,21.31076431
2023/5/6 9:22,100,21.42476845,70.438591,20.93460655,13.63826275,20.84780121,0,21.32523155
2023/5/6 9:23,100,21.52604294,64.49932861,20.92013931,1.154205084,20.84780121,0,21.32523155
2023/5/6 9:24,100,21.42476845,58.76874542,21.00694466,0,20.84780121,0,21.32523155
2023/5/6 9:25,100,21.42476845,60.48457336,21.00694466,0,20.94907379,0,21.32523155
2023/5/6 9:26,100,21.42476845,62.66752625,21.0214119,0,20.94907379,0,21.31076431
2023/5/6 9:27,100,21.51157379,70.90489197,21.12268448,3.204601288,21.05034828,0,21.32523155
2023/5/6 9:28,100,21.52604294,83.83879089,21.22395706,11.46579361,21.15162086,0,21.4120369
2023/5/6 9:29,100,21.52604294,100,21.22395706,23.94531822,21.15162086,0,21.4120369
2023/5/6 9:30,100,21.52604294,100,21.22395706,36.58675003,21.13715172,0,21.4120369
2023/5/6 9:31,100,21.52604294,100,21.22395706,49.23496246,21.15162086,0,21.51330948
2023/5/6 9:32,100,21.52604294,100,21.22395706,61.92129517,21.15162086,0,21.51330948
2023/5/6 9:33,100,21.52604294,100,21.22395706,74.54542542,21.13715172,0,21.51330948
2023/5/6 9:34,100,21.52604294,100,21.22395706,86.96340942,21.15162086,0,21.51330948
2023/5/6 9:35,100,21.42476845,100,21.12268448,99.49343109,21.05034828,0,21.51330948
2023/5/6 9:36,100,21.42476845,100,21.12268448,100,21.12268448,0,21.51330948
2023/5/6 9:37,100,21.52604294,100,21.12268448,100,21.05034828,0,21.51330948
2023/5/6 9:38,100,21.52604294,100,21.12268448,100,21.03587914,0,21.51330948
2023/5/6 9:39,100,21.52604294,100,21.03587914,96.61785889,20.94907379,0,21.4120369
2023/5/6 9:40,100,21.52604294,94.28934479,20.92013931,84.7644043,20.84780121,0,21.42650414
2023/5/6 9:41,100,21.51157379,83.09680176,20.83333206,71.98242188,20.84780121,0,21.4120369
2023/5/6 9:42,100,21.52604294,69.0422287,20.81886482,59.29761505,20.84780121,0,21.4120369
2023/5/6 9:43,100,21.52604294,55.17888641,20.83333206,46.79198074,20.84780121,0,21.4120369
2023/5/6 9:44,100,21.52604294,41.05491257,20.83333206,34.10552597,20.84780121,0,21.32523155
2023/5/6 9:45,100,21.52604294,26.94332123,20.83333206,21.3605175,20.86226845,0,21.32523155
2023/5/6 9:46,100,21.52604294,18.40216446,20.93460655,8.694484711,20.84780121,0,21.32523155
2023/5/6 9:47,100,21.52604294,15.93134689,21.0214119,0,20.94907379,0,21.32523155
2023/5/6 9:48,100,21.52604294,18.19527054,21.03587914,0,20.94907379,0,21.32523155
2023/5/6 9:49,100,21.52604294,28.39179039,21.12268448,2.072727919,21.05034828,0,21.32523155
2023/5/6 9:50,100,21.61284828,46.9785881,21.32523155,10.38964939,21.15162086,0,21.32523155
2023/5/6 9:51,100,21.61284828,74.16828918,21.32523155,26.56098175,21.25289345,0,21.39756966
2023/5/6 9:52,100,21.61284828,100,21.42650414,48.23219299,21.25289345,0,21.4120369
2023/5/6 9:53,100,21.71412086,100,21.42650414,75.01831055,21.35416794,0,21.42650414
2023/5/6 9:54,100,21.62731552,100,21.52777672,100,21.35416794,0,21.42650414
2023/5/6 9:55,100,21.61284828,100,21.42650414,100,21.33969879,0,21.51330948
2023/5/6 9:56,100,21.61284828,100,21.42650414,100,21.33969879,0,21.51330948
2023/5/6 9:57,100,21.61284828,100,21.32523155,100,21.25289345,0,21.51330948
2023/5/6 9:58,100,21.61284828,100,21.22395706,100,21.15162086,0,21.51330948
2023/5/6 9:59,100,21.61284828,100,21.12268448,100,21.03587914,0,21.51330948
2023/5/6 10:00,100,21.61284828,100,21.12268448,100,21.05034828,0,21.42650414
2023/5/6 10:01,100,21.61284828,100,21.12268448,100,21.05034828,0,21.42650414
2023/5/6 10:02,100,21.61284828,100,21.12268448,100,21.05034828,0,21.42650414
2023/5/6 10:03,100,21.61284828,100,21.12268448,100,21.05034828,0,21.42650414
2023/5/6 10:04,100,21.61284828,100,21.13715172,100,21.05034828,0,21.38310242
2023/5/6 10:05,100,21.62731552,100,21.15162086,100,21.05034828,0,21.32523155
2023/5/6 10:06,100,21.61284828,100,21.12268448,100,21.05034828,0,21.31076431
2023/5/6 10:07,100,21.61284828,100,21.12268448,97.5632019,20.94907379,0,21.32523155
2023/5/6 10:08,100,21.61284828,100,21.12268448,93.26113892,20.94907379,0,21.32523155
2023/5/6 10:09,100,21.61284828,100,21.07928276,88.96974182,20.94907379,0,21.20948982
2023/5/6 10:10,100,21.61284828,100,21.0214119,84.73324585,20.94907379,0,21.22395706
2023/5/6 10:11,100,21.61284828,100,21.03587914,79.03675079,20.84780121,0,21.20948982
2023/5/6 10:12,100,21.61284828,100,21.03587914,66.79924774,20.84780121,0,21.22395706
2023/5/6 10:13,100,21.52604294,100,21.03587914,54.09273148,20.84780121,0,21.22395706
2023/5/6 10:14,100,21.52604294,95.31240082,20.93460655,41.65808868,20.84780121,0,21.22395706
2023/5/6 10:15,100,21.52604294,89.27018738,20.93460655,28.96614075,20.86226845,0,21.12268448
2023/5/6 10:16,100,21.52604294,83.21800995,20.93460655,16.19361115,20.84780121,0,21.12268448
2023/5/6 10:17,100,21.51157379,77.2057724,20.93460655,3.658704281,20.84780121,0,21.12268448
2023/5/6 10:18,100,21.52604294,76.05315399,21.0214119,0,20.94907379,0,21.12268448
2023/5/6 10:19,100,21.52604294,78.22663116,21.0214119,0,20.94907379,0,21.12268448
2023/5/6 10:20,100,21.52604294,82.7015152,21.12268448,0,20.94907379,0,21.12268448
2023/5/6 10:21,100,21.51157379,92.9070282,21.13715172,3.08564806,21.05034828,0,21.20948982
2023/5/6 10:22,100,21.52604294,100,21.12268448,7.201838493,21.05034828,0,21.22395706
2023/5/6 10:23,100,21.61284828,100,21.22395706,17.57694626,21.15162086,0,21.22395706
2023/5/6 10:24,100,21.61284828,100,21.22395706,30.42790413,21.15162086,0,21.31076431
2023/5/6 10:25,100,21.61284828,100,21.13715172,42.86284637,21.15162086,0,21.32523155
2023/5/6 10:26,100,21.61284828,100,21.12268448,55.48377228,21.15162086,0,21.31076431
2023/5/6 10:27,100,21.5839119,100,21.12268448,67.92214966,21.15162086,0,21.4120369
2023/5/6 10:28,100,21.52604294,100,21.12268448,80.32450867,21.06481552,0,21.42650414
2023/5/6 10:29,100,21.52604294,100,21.12268448,85.91597748,21.05034828,0,21.4120369
2023/5/6 10:30,100,21.52604294,100,21.12268448,94.34736633,21.05034828,0,21.4120369
2023/5/6 10:31,100,21.51157379,100,21.12268448,98.53298187,21.05034828,0,21.42650414
2023/5/6 10:32,100,21.52604294,100,21.03587914,97.81611633,20.94907379,0,21.42650414
2023/5/6 10:33,100,21.52604294,98.87038422,20.93460655,93.24957275,20.84780121,0,21.42650414
2023/5/6 10:34,100,21.52604294,92.73935699,20.92013931,80.90833282,20.84780121,0,21.39756966
2023/5/6 10:35,100,21.51157379,81.6701355,20.83333206,68.19450378,20.84780121,0,21.32523155
2023/5/6 10:36,100,21.52604294,67.5417099,20.83333206,55.42567444,20.84780121,0,21.32523155
2023/5/6 10:37,100,21.52604294,54.10682297,20.83333206,43.34149551,20.84780121,0,21.32523155
2023/5/6 10:38,100,21.52604294,39.73121262,20.83333206,30.36612892,20.84780121,0,21.22395706
2023/5/6 10:39,100,21.52604294,25.57863808,20.83333206,17.60078049,20.84780121,0,21.22395706
2023/5/6 10:40,100,21.52604294,16.62013817,20.92013931,4.697191715,20.84780121,0,21.22395706
2023/5/6 10:41,100,21.52604294,13.22275066,21.03587914,0,20.94907379,0,21.22395706
2023/5/6 10:42,100,21.52604294,17.02493858,21.12268448,0.202790752,21.05034828,0,21.22395706
2023/5/6 10:43,100,21.61284828,28.97184944,21.22395706,4.238631725,21.05034828,0,21.22395706
2023/5/6 10:44,100,21.61284828,50.21082306,21.32523155,16.33280182,21.13715172,0,21.29629707
2023/5/6 10:45,100,21.61284828,77.55565643,21.4120369,32.91230392,21.25289345,0,21.32523155
2023/5/6 10:46,100,21.61284828,100,21.42650414,54.06497955,21.25289345,0,21.32523155
2023/5/6 10:47,100,21.65625,100,21.42650414,78.31594849,21.33969879,0,21.32523155
2023/5/6 10:48,100,21.68518448,100,21.42650414,100,21.35416794,0,21.42650414
2023/5/6 10:49,100,21.61284828,100,21.42650414,100,21.35416794,0,21.4120369
2023/5/6 10:50,100,21.61284828,100,21.35416794,100,21.25289345,0,21.42650414
2023/5/6 10:51,100,21.61284828,100,21.32523155,100,21.25289345,0,21.4120369
2023/5/6 10:52,100,21.61284828,100,21.32523155,100,21.15162086,0,21.42650414
2023/5/6 10:53,100,21.61284828,100,21.22395706,100,21.15162086,0,21.42650414
2023/5/6 10:54,100,21.61284828,100,21.22395706,100,21.15162086,0,21.4120369
2023/5/6 10:55,100,21.61284828,100,21.20948982,100,21.15162086,0,21.32523155
2023/5/6 10:56,100,21.61284828,100,21.22395706,100,21.15162086,0,21.32523155
2023/5/6 10:57,100,21.61284828,100,21.13715172,100,21.05034828,0,21.32523155
2023/5/6 10:58,100,21.61284828,100,21.12268448,100,21.05034828,0,21.31076431
2023/5/6 10:59,100,21.61284828,100,21.12268448,97.32589722,20.94907379,0,21.31076431
2023/5/6 11:00,100,21.61284828,100,21.12268448,93.03468323,20.94907379,0,21.32523155
2023/5/6 11:01,100,21.61284828,100,21.03587914,88.72233582,20.94907379,0,21.22395706
2023/5/6 11:02,100,21.51157379,100,21.12268448,84.49247742,20.94907379,0,21.22395706
2023/5/6 11:03,100,21.52604294,100,21.0214119,74.85756683,20.84780121,0,21.22395706
2023/5/6 11:04,100,21.51157379,94.29574585,20.92013931,62.14318085,20.84780121,0,21.18055534
2023/5/6 11:05,100,21.52604294,88.25572968,20.93460655,49.41831207,20.84780121,0,21.12268448
2023/5/6 11:06,100,21.52604294,82.20065308,20.92013931,36.75796127,20.84780121,0,21.12268448
2023/5/6 11:07,100,21.52604294,76.2794342,20.92013931,24.19138527,20.84780121,0,21.12268448
2023/5/6 11:08,100,21.51157379,70.12771606,20.93460655,11.47045612,20.84780121,0,21.12268448
2023/5/6 11:09,100,21.52604294,64.01473236,20.93460655,0,20.84780121,0,21.07928276
2023/5/6 11:10,100,21.52604294,58.00667953,20.93460655,0,20.84780121,0,21.12268448
2023/5/6 11:11,100,21.52604294,52.10890961,20.92013931,0,20.84780121,0,21.12268448
2023/5/6 11:12,100,21.61284828,45.78957367,20.93460655,0,20.84780121,0,21.12268448
2023/5/6 11:13,100,21.61284828,46.39441681,21.0214119,0,20.94907379,0,21.12268448
2023/5/6 11:14,100,21.61284828,55.35237122,21.12268448,3.076513052,21.05034828,0,21.22395706
2023/5/6 11:15,100,21.61284828,72.99925995,21.22395706,11.94327736,21.15162086,0,21.22395706
2023/5/6 11:16,100,21.61284828,93.49419403,21.32523155,24.59683228,21.15162086,0,21.22395706
2023/5/6 11:17,100,21.59837914,100,21.32523155,42.68193436,21.25289345,0,21.31076431
2023/5/6 11:18,100,21.61284828,100,21.32523155,63.80886078,21.23842621,0,21.32523155
2023/5/6 11:19,100,21.61284828,100,21.32523155,84.98994446,21.25289345,0,21.42650414
2023/5/6 11:20,100,21.52604294,100,21.26736069,100,21.22395706,0,21.4120369
2023/5/6 11:21,100,21.61284828,100,21.22395706,100,21.15162086,0,21.42650414
2023/5/6 11:22,100,21.61284828,100,21.22395706,100,21.15162086,0,21.4120369
2023/5/6 11:23,100,21.61284828,100,21.22395706,100,21.13715172,0,21.42650414
2023/5/6 11:24,100,21.61284828,100,21.12268448,100,21.05034828,0,21.42650414
2023/5/6 11:25,100,21.52604294,100,21.12268448,98.35668945,20.94907379,0,21.4120369
2023/5/6 11:26,100,21.52604294,100,21.0214119,94.07270813,20.94907379,0,21.42650414
2023/5/6 11:27,100,21.52604294,100,21.0214119,89.79017639,20.94907379,0,21.32523155
2023/5/6 11:28,100,21.61284828,100,21.03587914,85.41471863,20.94907379,0,21.32523155
2023/5/6 11:29,100,21.61284828,100,21.03587914,81.25997925,20.94907379,0,21.32523155
2023/5/6 11:30,100,21.52604294,97.20184326,20.92013931,72.04473114,20.84780121,0,21.32523155
2023/5/6 11:31,100,21.52604294,91.62360382,20.93460655,59.13782883,20.84780121,0,21.22395706
2023/5/6 11:32,100,21.51157379,91.32697296,21.0214119,46.39849854,20.84780121,0,21.22395706
2023/5/6 11:33,100,21.52604294,89.27124023,20.99247742,33.83043289,20.84780121,0,21.22395706
2023/5/6 11:34,100,21.52604294,87.95333099,20.93460655,21.10836029,20.86226845,0,21.22395706
2023/5/6 11:35,100,21.52604294,82.14776611,20.92013931,8.396450996,20.84780121,0,21.20948982
2023/5/6 11:36,100,21.52604294,76.04980469,20.93460655,0,20.84780121,0,21.20948982
2023/5/6 11:37,100,21.52604294,70.09194183,20.92013931,0,20.84780121,0,21.22395706
2023/5/6 11:38,100,21.52604294,63.99130249,20.93460655,0,20.86226845,0,21.22395706
2023/5/6 11:39,100,21.52604294,62.91609955,21.0214119,0,20.94907379,0,21.22395706
2023/5/6 11:40,100,21.52604294,65.17427063,21.0214119,0,20.94907379,0,21.22395706
2023/5/6 11:41,100,21.52604294,74.23081207,21.12268448,0.53277427,20.94907379,0,21.22395706
2023/5/6 11:42,100,21.59837914,84.4567337,21.12268448,4.589805126,21.05034828,0,21.29629707
2023/5/6 11:43,100,21.61284828,98.68331146,21.22395706,8.881022453,21.05034828,0,21.32523155
2023/5/6 11:44,100,21.52604294,100,21.22395706,21.01389122,21.15162086,0,21.32523155
2023/5/6 11:45,100,21.61284828,100,21.22395706,33.63602066,21.15162086,0,21.42650414
2023/5/6 11:46,100,21.61284828,100,21.22395706,46.04929733,21.15162086,0,21.4120369
2023/5/6 11:47,100,21.61284828,100,21.22395706,58.46248245,21.15162086,0,21.42650414
2023/5/6 11:48,100,21.52604294,100,21.22395706,71.32558441,21.15162086,0,21.42650414
2023/5/6 11:49,100,21.61284828,100,21.12268448,83.78153229,21.15162086,0,21.51330948
2023/5/6 11:50,100,21.61284828,100,21.12268448,96.00346375,21.05034828,0,21.51330948
2023/5/6 11:51,100,21.54051018,100,21.12268448,100,21.05034828,0,21.51330948
2023/5/6 11:52,100,21.59837914,100,21.0214119,100,21.05034828,0,21.52777672
2023/5/6 11:53,100,21.52604294,100,21.0214119,98.8687439,20.94907379,0,21.51330948
2023/5/6 11:54,100,21.52604294,100,21.0214119,94.47763062,20.94907379,0,21.42650414
2023/5/6 11:55,100,21.52604294,99.9337616,20.93460655,90.15612793,20.94907379,0,21.42650414
2023/5/6 11:56,100,21.52604294,93.96179962,20.92013931,82.72020721,20.84780121,0,21.42650414
2023/5/6 11:57,100,21.61284828,87.75640106,20.93460655,69.78491211,20.84780121,0,21.4120369
2023/5/6 11:58,100,21.61284828,81.73570251,20.93460655,57.17055893,20.84780121,0,21.32523155
2023/5/6 11:59,100,21.61284828,75.02907562,20.83333206,44.42077255,20.84780121,0,21.31076431
2023/5/6 12:00,100,21.52604294,60.95141983,20.81886482,31.63880348,20.84780121,0,21.32523155
2023/5/6 12:01,100,21.52604294,51.3924942,20.92013931,18.86671448,20.84780121,0,21.22395706
2023/5/6 12:02,100,21.52604294,45.34151077,20.93460655,6.345479012,20.84780121,0,21.26736069
2023/5/6 12:03,100,21.52604294,39.23269653,20.92013931,0,20.84780121,0,21.22395706
2023/5/6 12:04,100,21.56944466,36.93294144,21.03587914,0,20.94907379,0,21.20948982
2023/5/6 12:05,100,21.52604294,41.22216415,21.12268448,0.902720332,21.05034828,0,21.22395706
2023/5/6 12:06,100,21.52604294,51.44695663,21.12268448,4.969952106,21.05034828,0,21.22395706
2023/5/6 12:07,100,21.61284828,61.89288712,21.12268448,11.23549938,21.15162086,0,21.23842621
2023/5/6 12:08,100,21.61284828,80.01556396,21.22395706,23.92789841,21.15162086,0,21.32523155
2023/5/6 12:09,100,21.61284828,100,21.32523155,38.40573502,21.25289345,0,21.31076431
2023/5/6 12:10,100,21.61284828,100,21.32523155,59.43322754,21.25289345,0,21.4120369
2023/5/6 12:11,100,21.61284828,100,21.32523155,80.39190674,21.25289345,0,21.4120369
2023/5/6 12:12,100,21.61284828,100,21.32523155,100,21.25289345,0,21.42650414
2023/5/6 12:13,100,21.61284828,100,21.32523155,100,21.23842621,0,21.51330948
2023/5/6 12:14,100,21.61284828,100,21.22395706,100,21.15162086,0,21.49884224
2023/5/6 12:15,100,21.61284828,100,21.12268448,100,21.15162086,0,21.51330948
2023/5/6 12:16,100,21.61284828,100,21.12268448,100,21.05034828,0,21.42650414
2023/5/6 12:17,100,21.61284828,100,21.0214119,98.79199219,20.94907379,0,21.4120369
2023/5/6 12:18,100,21.61284828,100,21.0214119,94.42266846,20.94907379,0,21.4120369
2023/5/6 12:19,100,21.61284828,95.44545746,20.93460655,83.01570892,20.84780121,0,21.42650414
2023/5/6 12:20,100,21.52604294,89.3373642,20.93460655,70.24741364,20.84780121,0,21.4120369
2023/5/6 12:21,100,21.52604294,83.32613373,20.92013931,57.74953461,20.84780121,0,21.32523155
2023/5/6 12:22,100,21.52604294,70.53188324,20.83333206,44.98615646,20.84780121,0,21.32523155
2023/5/6 12:23,100,21.52604294,56.37651443,20.81886482,32.19823456,20.84780121,0,21.23842621
2023/5/6 12:24,100,21.61284828,42.64976501,20.92013931,19.48118591,20.84780121,0,21.22395706
2023/5/6 12:25,100,21.61284828,34.55952454,20.92013931,7.160549164,20.84780121,0,21.22395706
2023/5/6 12:26,100,21.61284828,28.32826233,20.92013931,0,20.84780121,0,21.22395706
2023/5/6 12:27,100,21.61284828,29.32767105,21.0214119,0,20.94907379,0,21.22395706
2023/5/6 12:28,100,21.61284828,33.22457504,21.12268448,0,20.94907379,0,21.22395706
2023/5/6 12:29,100,21.61284828,45.71447754,21.22395706,3.684092999,21.05034828,0,21.32523155
2023/5/6 12:30,100,21.67071724,69.3789978,21.32523155,15.94369411,21.15162086,0,21.31076431
2023/5/6 12:31,100,21.71412086,97.57590485,21.42650414,36.15236664,21.25289345,0,21.32523155
2023/5/6 12:32,100,21.62731552,100,21.42650414,57.2914238,21.25289345,0,21.32523155
2023/5/6 12:33,100,21.71412086,100,21.42650414,82.05251312,21.25289345,0,21.4120369
2023/5/6 12:34,100,21.67071724,100,21.32523155,100,21.25289345,0,21.42650414
2023/5/6 12:35,100,21.61284828,100,21.32523155,100,21.25289345,0,21.4120369
2023/5/6 12:36,100,21.61284828,100,21.22395706,100,21.15162086,0,21.42650414
2023/5/6 12:37,100,21.61284828,100,21.12268448,100,21.05034828,0,21.42650414
2023/5/6 12:38,100,21.61284828,100,21.12268448,100,21.03587914,0,21.42650414
2023/5/6 12:39,100,21.61284828,100,21.12268448,99.10214233,20.94907379,0,21.42650414
2023/5/6 12:40,100,21.61284828,100,21.0214119,94.77453613,20.94907379,0,21.42650414
2023/5/6 12:41,100,21.61284828,98.39459991,20.93460655,90.45933533,20.94907379,0,21.4120369
2023/5/6 12:42,100,21.61284828,90.65076447,20.83333206,80.74897003,20.84780121,0,21.32523155
2023/5/6 12:43,100,21.61284828,76.77719116,20.83333206,68.23209381,20.84780121,0,21.32523155
2023/5/6 12:44,100,21.61284828,60.37190247,20.73205948,55.20706558,20.84780121,0,21.32523155
2023/5/6 12:45,100,21.61284828,38.02454376,20.73205948,42.67960739,20.84780121,0,21.32523155
2023/5/6 12:46,100,21.61284828,17.68595695,20.83333206,29.92061615,20.84780121,0,21.32523155
2023/5/6 12:47,100,21.61284828,2.140519857,20.83333206,16.9321003,20.84780121,0,21.22395706
2023/5/6 12:48,100,21.61284828,0,20.92013931,4.408071041,20.84780121,0,21.22395706
2023/5/6 12:49,100,21.61284828,1.406580567,21.00694466,0,20.94907379,0,21.22395706
2023/5/6 12:50,100,21.61284828,10.05979252,21.12268448,2.044314146,21.05034828,0,21.20948982
2023/5/6 12:51,100,21.71412086,26.47562408,21.22395706,10.21655655,21.15162086,0,21.22395706
2023/5/6 12:52,100,21.71412086,51.52680588,21.32523155,24.85844421,21.25289345,0,21.22395706
2023/5/6 12:53,100,21.78645706,85.07008362,21.42650414,46.04492188,21.25289345,0,21.32523155
2023/5/6 12:54,100,21.81539345,100,21.42650414,72.35427856,21.35416794,0,21.32523155
2023/5/6 12:55,100,21.81539345,100,21.42650414,100,21.35416794,0,21.4120369
2023/5/6 12:56,100,21.81539345,100,21.42650414,100,21.35416794,0,21.42650414
2023/5/6 12:57,100,21.81539345,100,21.32523155,100,21.25289345,0,21.4120369
2023/5/6 12:58,100,21.71412086,100,21.32523155,100,21.25289345,0,21.4120369
2023/5/6 12:59,100,21.71412086,100,21.22395706,100,21.15162086,0,21.4120369
2023/5/6 13:00,100,21.71412086,100,21.22395706,100,21.15162086,0,21.42650414
2023/5/6 13:01,100,21.69965172,100,21.15162086,100,21.15162086,0,21.4120369
2023/5/6 13:02,100,21.71412086,100,21.12268448,100,21.05034828,0,21.32523155
2023/5/6 13:03,100,21.71412086,100,21.0214119,98.17176819,20.94907379,0,21.31076431
2023/5/6 13:04,100,21.71412086,100,21.0214119,94.01586914,20.94907379,0,21.32523155
2023/5/6 13:05,100,21.71412086,100,21.0214119,87.81412506,20.86226845,0,21.22395706
2023/5/6 13:06,100,21.61284828,95.13780212,20.93460655,75.2000351,20.84780121,0,21.22395706
2023/5/6 13:07,100,21.61284828,89.11669922,20.93460655,62.63022614,20.84780121,0,21.22395706
2023/5/6 13:08,100,21.61284828,82.98108673,20.93460655,49.88185501,20.84780121,0,21.22395706
2023/5/6 13:09,100,21.71412086,76.89930725,20.93460655,37.17825317,20.84780121,0,21.20948982
2023/5/6 13:10,100,21.71412086,70.92480469,20.93460655,24.80260849,20.84780121,0,21.22395706
2023/5/6 13:11,100,21.61284828,64.748703,20.93460655,11.86835194,20.86226845,0,21.19502258
2023/5/6 13:12,100,21.61284828,58.74719238,20.92013931,0,20.84780121,0,21.1660881
2023/5/6 13:13,100,21.61284828,57.84124374,21.0214119,0,20.94907379,0,21.20948982
2023/5/6 13:14,100,21.61284828,62.27361298,21.12268448,1.547102451,21.05034828,0,21.22395706
2023/5/6 13:15,100,21.61284828,72.509552,21.13715172,5.669033051,21.05034828,0,21.22395706
2023/5/6 13:16,100,21.61284828,83.17321014,21.12268448,10.01497841,21.05034828,0,21.22395706
2023/5/6 13:17,100,21.61284828,100,21.22395706,22.16869736,21.15162086,0,21.22395706
2023/5/6 13:18,100,21.61284828,100,21.22395706,34.63003159,21.15162086,0,21.32523155
2023/5/6 13:19,100,21.61284828,100,21.22395706,47.32039261,21.13715172,0,21.31076431
2023/5/6 13:20,100,21.61284828,100,21.22395706,67.38936615,21.19502258,0,21.32523155
2023/5/6 13:21,100,21.61284828,100,21.22395706,83.99931335,21.15162086,0,21.42650414
2023/5/6 13:22,100,21.61284828,100,21.22395706,97.19908905,21.15162086,0,21.4120369
2023/5/6 13:23,100,21.69965172,100,21.22395706,100,21.15162086,0,21.4120369
2023/5/6 13:24,100,21.61284828,100,21.22395706,100,21.23842621,0,21.4120369
2023/5/6 13:25,100,21.71412086,100,21.22395706,100,21.25289345,0,21.42650414
2023/5/6 13:26,100,21.61284828,100,21.22395706,100,21.15162086,0,21.4120369
2023/5/6 13:27,100,21.61284828,100,21.12268448,100,21.05034828,0,21.42650414
2023/5/6 13:28,100,21.61284828,100,21.12268448,100,21.03587914,0,21.31076431
2023/5/6 13:29,100,21.61284828,100,21.03587914,96.09159851,20.94907379,0,21.32523155
2023/5/6 13:30,100,21.61284828,100,21.0214119,91.87316895,20.94907379,0,21.31076431
2023/5/6 13:31,100,21.61284828,100,21.0214119,87.55699158,20.94907379,0,21.22395706
2023/5/6 13:32,100,21.61284828,95.9133606,20.93460655,82.11749268,20.94907379,0,21.22395706
2023/5/6 13:33,100,21.61284828,89.88246918,20.93460655,71.25629425,20.84780121,0,21.22395706
2023/5/6 13:34,100,21.61284828,83.81745148,20.93460655,58.52142334,20.84780121,0,21.22395706
2023/5/6 13:35,100,21.61284828,77.73397064,20.93460655,45.79499817,20.84780121,0,21.12268448
2023/5/6 13:36,100,21.61284828,73.98342896,21.03587914,33.16257095,20.84780121,0,21.12268448
2023/5/6 13:37,100,21.61284828,76.18284607,21.0214119,21.3474102,20.84780121,0,21.12268448
2023/5/6 13:38,100,21.61284828,78.30052948,21.03587914,15.70960331,20.94907379,0,21.12268448
2023/5/6 13:39,100,21.61284828,80.31450653,21.0214119,11.46898746,20.94907379,0,21.10821724
2023/5/6 13:40,100,21.61284828,84.45378113,21.12268448,7.166093826,20.94907379,0,21.12268448
2023/5/6 13:41,100,21.61284828,94.81681824,21.12268448,5.653383255,21.05034828,0,21.12268448
2023/5/6 13:42,100,21.61284828,100,21.12268448,9.779729843,21.05034828,0,21.20948982
2023/5/6 13:43,100,21.61284828,100,21.12268448,13.87047005,21.05034828,0,21.22395706
2023/5/6 13:44,100,21.61284828,100,21.12268448,18.04895973,21.05034828,0,21.22395706
2023/5/6 13:45,100,21.61284828,100,21.12268448,22.20601273,21.05034828,0,21.22395706
2023/5/6 13:46,100,21.61284828,100,21.22395706,26.28408051,21.05034828,0,21.22395706
2023/5/6 13:47,100,21.61284828,100,21.22395706,37.07281494,21.15162086,0,21.31076431
2023/5/6 13:48,100,21.52604294,100,21.19502258,47.68000031,21.05034828,0,21.32523155
2023/5/6 13:49,100,21.52604294,100,21.12268448,51.85788727,21.05034828,0,21.4120369
2023/5/6 13:50,100,21.61284828,100,21.12268448,55.95396042,21.05034828,0,21.42650414
2023/5/6 13:51,100,21.61284828,100,21.0214119,60.11082458,21.05034828,0,21.4120369
2023/5/6 13:52,100,21.61284828,100,21.03587914,64.29663849,21.05034828,0,21.49884224
2023/5/6 13:53,100,21.61284828,100,21.0214119,68.47064972,21.05034828,0,21.51330948
2023/5/6 13:54,100,21.61284828,100,21.0214119,72.5752182,21.05034828,0,21.51330948
2023/5/6 13:55,100,21.61284828,100,21.00694466,74.55822754,20.94907379,0,21.51330948
2023/5/6 13:56,100,21.61284828,100,21.0214119,70.2540741,20.94907379,0,21.4120369
2023/5/6 13:57,100,21.61284828,99.58866119,20.92013931,63.16376114,20.84780121,0,21.42650414
2023/5/6 13:58,100,21.61284828,93.56141663,20.92013931,50.69186783,20.84780121,0,21.4120369
2023/5/6 13:59,100,21.52604294,86.94599152,20.93460655,38.00473022,20.84780121,0,21.42650414
2023/5/6 14:00,100,21.52604294,75.07569885,20.83333206,25.3048954,20.84780121,0,21.4120369
2023/5/6 14:01,100,21.54051018,63.53546906,20.92013931,12.58996105,20.84780121,0,21.4120369
2023/5/6 14:02,100,21.61284828,57.41094589,20.93460655,0.038779408,20.84780121,0,21.32523155
2023/5/6 14:03,100,21.52604294,51.22267914,20.92013931,0,20.84780121,0,21.32523155
2023/5/6 14:04,100,21.52604294,47.28728867,21.0214119,0,20.94907379,0,21.42650414
2023/5/6 14:05,100,21.61284828,49.25013351,21.03587914,0,20.94907379,0,21.4120369
2023/5/6 14:06,100,21.61284828,51.33064651,21.0214119,1.794825554,21.05034828,0,21.42650414
2023/5/6 14:07,100,21.61284828,56.95971298,21.12268448,5.972764492,21.05034828,0,21.42650414
2023/5/6 14:08,100,21.71412086,70.48786163,21.22395706,15.21024132,21.15162086,0,21.42650414
2023/5/6 14:09,100,21.71412086,91.90927887,21.32523155,29.45446968,21.25289345,0,21.51330948
2023/5/6 14:10,100,21.71412086,100,21.32523155,50.67554474,21.25289345,0,21.51330948
2023/5/6 14:11,100,21.61284828,100,21.32523155,71.69631195,21.25289345,0,21.61458206
2023/5/6 14:12,100,21.61284828,100,21.22395706,90.77141571,21.15162086,0,21.60011482
2023/5/6 14:13,100,21.61284828,100,21.12268448,100,21.15162086,0,21.61458206
2023/5/6 14:14,100,21.61284828,100,21.12268448,100,21.13715172,0,21.61458206
2023/5/6 14:15,100,21.61284828,100,21.03587914,100,21.05034828,0,21.61458206
2023/5/6 14:16,100,21.61284828,100,21.0214119,99.13204956,20.94907379,0,21.61458206
2023/5/6 14:17,100,21.61284828,98.0398407,20.92013931,94.80583191,20.94907379,0,21.61458206
2023/5/6 14:18,100,21.61284828,91.85324097,20.93460655,90.49293518,20.93460655,0,21.61458206
2023/5/6 14:19,100,21.61284828,85.75745392,20.92013931,86.24934387,20.94907379,0,21.51330948
2023/5/6 14:20,100,21.61284828,79.53266144,20.93460655,81.95019531,20.94907379,0,21.51330948
2023/5/6 14:21,100,21.61284828,73.36743927,20.93460655,77.65596008,20.94907379,0,21.4120369
2023/5/6 14:22,100,21.61284828,67.37718201,20.92013931,73.05060577,20.84780121,0,21.4120369
2023/5/6 14:23,100,21.61284828,61.16638565,20.93460655,60.36868668,20.84780121,0,21.42650414
2023/5/6 14:24,100,21.61284828,54.94166565,20.92013931,47.60233688,20.84780121,0,21.31076431
2023/5/6 14:25,100,21.61284828,50.60726929,21.0214119,34.81264877,20.84780121,0,21.31076431
2023/5/6 14:26,100,21.61284828,52.65233994,21.0214119,29.53070259,20.94907379,0,21.32523155
2023/5/6 14:27,100,21.61284828,60.760952,21.12268448,28.68297195,21.05034828,0,21.31076431
2023/5/6 14:28,100,21.61284828,75.8624115,21.22395706,32.88428497,21.05034828,0,21.32523155
2023/5/6 14:29,100,21.61284828,96.01489258,21.32523155,40.67077637,21.15162086,0,21.31076431
2023/5/6 14:30,100,21.71412086,100,21.31076431,53.19164658,21.15162086,0,21.32523155
2023/5/6 14:31,100,21.61284828,100,21.32523155,65.85766602,21.15162086,0,21.32523155
2023/5/6 14:32,100,21.71412086,100,21.32523155,78.50436401,21.15162086,0,21.32523155
2023/5/6 14:33,100,21.71412086,100,21.32523155,95.00707245,21.25289345,0,21.32523155
2023/5/6 14:34,100,21.71412086,100,21.32523155,100,21.15162086,0,21.32523155
2023/5/6 14:35,100,21.61284828,100,21.32523155,100,21.18055534,0,21.31076431
2023/5/6 14:36,100,21.61284828,100,21.22395706,100,21.15162086,0,21.32523155
2023/5/6 14:37,100,21.61284828,100,21.12268448,100,21.05034828,0,21.32523155
2023/5/6 14:38,100,21.61284828,100,21.12268448,100,21.05034828,0,21.22395706
2023/5/6 14:39,100,21.61284828,100,21.13715172,100,21.05034828,0,21.20948982
2023/5/6 14:40,100,21.61284828,100,21.12268448,99.36697388,20.94907379,0,21.22395706
2023/5/6 14:41,100,21.61284828,100,21.12268448,95.04393005,20.94907379,0,21.22395706
2023/5/6 14:42,100,21.61284828,100,21.0214119,90.78689575,20.94907379,0,21.22395706
2023/5/6 14:43,100,21.61284828,100,21.0214119,83.09375763,20.84780121,0,21.10821724
2023/5/6 14:44,100,21.61284828,100,21.0214119,70.49346924,20.84780121,0,21.12268448
2023/5/6 14:45,100,21.61284828,95.72114563,20.92013931,57.72949982,20.84780121,0,21.12268448
2023/5/6 14:46,100,21.61284828,89.55194855,20.93460655,44.97330093,20.84780121,0,21.12268448
2023/5/6 14:47,100,21.61284828,81.8634491,20.93460655,32.16289902,20.84780121,0,21.12268448
2023/5/6 14:48,100,21.61284828,75.75606537,20.93460655,19.62066078,20.86226845,0,21.12268448
2023/5/6 14:49,100,21.61284828,69.36231995,20.83333206,6.901391029,20.84780121,0,21.12268448
2023/5/6 14:50,100,21.52604294,63.13690186,20.93460655,0,20.84780121,0,21.12268448
2023/5/6 14:51,100,21.52604294,57.00238419,20.93460655,0,20.86226845,0,21.12268448
2023/5/6 14:52,100,21.61284828,50.99147797,20.93460655,0,20.84780121,0,21.12268448
2023/5/6 14:53,100,21.61284828,45.75279999,21.0214119,0,20.94907379,0,21.22395706
2023/5/6 14:54,100,21.61284828,50.92490387,21.12268448,0.431174427,21.05034828,0,21.20948982
2023/5/6 14:55,100,21.61284828,68.1339798,21.31076431,6.852991104,21.15162086,0,21.22395706
2023/5/6 14:56,100,21.61284828,98.24721527,21.42650414,20.34092522,21.25289345,0,21.20948982
2023/5/6 14:57,100,21.71412086,100,21.52777672,41.46808243,21.25289345,0,21.26736069
2023/5/6 14:58,100,21.61284828,100,21.51330948,64.46340179,21.35416794,0,21.31076431
2023/5/6 14:59,100,21.61284828,100,21.52777672,93.90447998,21.25289345,0,21.42650414
2023/5/6 15:00,100,21.61284828,100,21.51330948,100,21.35416794,0,21.42650414
2023/5/6 15:01,100,21.61284828,100,21.52777672,100,21.35416794,0,21.4120369
2023/5/6 15:02,100,21.61284828,100,21.52777672,100,21.25289345,0,21.42650414
2023/5/6 15:03,100,21.61284828,100,21.42650414,100,21.25289345,0,21.42650414
2023/5/6 15:04,100,21.61284828,100,21.32523155,100,21.25289345,0,21.4120369
2023/5/6 15:05,100,21.61284828,100,21.32523155,100,21.15162086,0,21.4120369
2023/5/6 15:06,100,21.61284828,100,21.22395706,100,21.15162086,0,21.42650414
2023/5/6 15:07,100,21.61284828,100,21.22395706,100,21.05034828,0,21.32523155
2023/5/6 15:08,100,21.61284828,100,21.12268448,100,21.05034828,0,21.32523155
2023/5/6 15:09,100,21.61284828,100,21.12268448,99.93338013,20.94907379,0,21.32523155
2023/5/6 15:10,100,21.61284828,100,21.03587914,95.83094788,20.94907379,0,21.31076431
2023/5/6 15:11,100,21.61284828,100,21.0214119,91.49832153,20.94907379,0,21.22395706
2023/5/6 15:12,100,21.61284828,97.40457916,20.93460655,83.73986053,20.84780121,0,21.22395706
2023/5/6 15:13,100,21.61284828,91.34671021,20.92013931,71.02279663,20.84780121,0,21.22395706
2023/5/6 15:14,100,21.52604294,79.74996948,20.83333206,58.53715134,20.84780121,0,21.22395706
2023/5/6 15:15,100,21.51157379,65.65473938,20.81886482,45.83139801,20.86226845,0,21.22395706
2023/5/6 15:16,100,21.51157379,52.01367188,20.83333206,33.13334274,20.84780121,0,21.22395706
2023/5/6 15:17,100,21.52604294,44.48339844,20.92013931,20.59304428,20.84780121,0,21.12268448
2023/5/6 15:18,100,21.52604294,38.39195633,20.93460655,7.882531643,20.84780121,0,21.12268448
2023/5/6 15:19,100,21.52604294,36.31515503,21.03587914,0,20.94907379,0,21.12268448
2023/5/6 15:20,100,21.52604294,38.501091,21.03587914,0,20.94907379,0,21.12268448
2023/5/6 15:21,100,21.61284828,41.08169937,21.12268448,0.266929418,21.05034828,0,21.12268448
2023/5/6 15:22,100,21.61284828,51.38005066,21.12268448,4.437530041,21.05034828,0,21.22395706
2023/5/6 15:23,100,21.61284828,63.90475464,21.22395706,11.16278744,21.15162086,0,21.22395706
2023/5/6 15:24,100,21.61284828,84.88408661,21.32523155,23.79803848,21.15162086,0,21.22395706
2023/5/6 15:25,100,21.61284828,100,21.32523155,43.90902328,21.25289345,0,21.32523155
2023/5/6 15:26,100,21.61284828,100,21.32523155,65.06990051,21.25289345,0,21.31076431
2023/5/6 15:27,100,21.61284828,100,21.32523155,86.20719147,21.25289345,0,21.42650414
2023/5/6 15:28,100,21.61284828,100,21.32523155,100,21.25289345,0,21.42650414
2023/5/6 15:29,100,21.52604294,100,21.31076431,100,21.25289345,0,21.4120369
2023/5/6 15:30,100,21.61284828,100,21.22395706,100,21.15162086,0,21.4120369
2023/5/6 15:31,100,21.61284828,100,21.22395706,100,21.15162086,0,21.4120369
2023/5/6 15:32,100,21.61284828,100,21.12268448,100,21.05034828,0,21.51330948
2023/5/6 15:33,100,21.61284828,100,21.12268448,100,21.05034828,0,21.4120369
2023/5/6 15:34,100,21.61284828,100,21.12268448,99.26106262,20.94907379,0,21.42650414
2023/5/6 15:35,100,21.51157379,100,21.0214119,94.97192383,20.94907379,0,21.42650414
2023/5/6 15:36,100,21.52604294,100,21.03587914,90.58421326,20.86226845,0,21.42650414
2023/5/6 15:37,100,21.52604294,96.11302948,20.92013931,78.02745056,20.83333206,0,21.4120369
2023/5/6 15:38,100,21.54051018,90.12508392,20.92013931,65.49354553,20.84780121,0,21.42650414
2023/5/6 15:39,100,21.61284828,83.97464752,20.92013931,52.7432785,20.84780121,0,21.4120369
2023/5/6 15:40,100,21.56944466,77.83084106,20.92013931,40.04854202,20.84780121,0,21.42650414
2023/5/6 15:41,100,21.52604294,71.78078461,20.92013931,27.50749779,20.84780121,0,21.4120369
2023/5/6 15:42,100,21.52604294,65.83257294,20.92013931,14.73266315,20.84780121,0,21.4120369
2023/5/6 15:43,100,21.52604294,59.7177124,20.92013931,2.436415911,20.94907379,0,21.32523155
2023/5/6 15:44,100,21.61284828,56.62885666,21.0214119,0,20.94907379,0,21.42650414
2023/5/6 15:45,100,21.61284828,58.83255005,21.0214119,0,20.94907379,0,21.4120369
2023/5/6 15:46,100,21.61284828,61.00124741,21.0214119,0,20.94907379,0,21.4120369
2023/5/6 15:47,100,21.61284828,66.05186462,21.12268448,3.296740294,21.05034828,0,21.42650414
2023/5/6 15:48,100,21.61284828,76.21124268,21.12268448,7.387203217,21.05034828,0,21.51330948
2023/5/6 15:49,100,21.61284828,89.43471527,21.22395706,18.24843025,21.15162086,0,21.51330948
2023/5/6 15:50,100,21.61284828,100,21.22395706,30.69944,21.15162086,0,21.61458206
2023/5/6 15:51,100,21.61284828,100,21.22395706,43.32481766,21.15162086,0,21.61458206
2023/5/6 15:52,100,21.61284828,100,21.22395706,56.0080986,21.15162086,0,21.61458206
2023/5/6 15:53,100,21.61284828,100,21.20948982,68.44142151,21.15162086,0,21.61458206
2023/5/6 15:54,100,21.61284828,100,21.22395706,81.10522461,21.15162086,0,21.61458206
2023/5/6 15:55,100,21.61284828,100,21.12268448,93.75175476,21.15162086,0,21.61458206
2023/5/6 15:56,100,21.61284828,100,21.12268448,100,21.15162086,0,21.81712914
2023/5/6 15:57,100,21.61284828,100,21.12268448,100,21.05034828,0,21.81712914
2023/5/6 15:58,100,21.61284828,100,21.0214119,100,21.05034828,0,21.81712914
2023/5/6 15:59,100,21.61284828,100,21.0214119,97.90539551,20.94907379,0,21.81712914
2023/5/6 16:00,100,21.61284828,100,21.0214119,93.65620422,20.94907379,0,21.64351845
2023/5/6 16:01,100,21.52604294,99.86930084,20.92013931,89.3578186,20.94907379,0,21.61458206
2023/5/6 16:02,100,21.61284828,93.65988922,20.92013931,81.05226898,20.84780121,0,21.61458206
2023/5/6 16:03,100,21.61284828,87.44343567,20.93460655,68.27277374,20.84780121,0,21.61458206
2023/5/6 16:04,100,21.61284828,81.24614716,20.93460655,55.57943344,20.84780121,0,21.61458206
2023/5/6 16:05,100,21.61284828,74.97137451,20.93460655,42.97855377,20.84780121,0,21.61458206
2023/5/6 16:06,100,21.52604294,62.34664536,20.83333206,30.29725266,20.84780121,0,21.61458206
2023/5/6 16:07,100,21.52604294,48.20466614,20.83333206,17.53483009,20.84780121,0,21.61458206
2023/5/6 16:08,100,21.61284828,34.34151459,20.83333206,4.958933353,20.84780121,0,21.61458206
2023/5/6 16:09,100,21.52604294,24.23239708,20.92013931,0,20.84780121,0,21.61458206
2023/5/6 16:10,100,21.61284828,18.07348633,20.92013931,0,20.94907379,0,21.61458206
2023/5/6 16:11,100,21.61284828,17.6515522,21.0214119,0,20.94907379,0,21.61458206
2023/5/6 16:12,100,21.61284828,25.58654976,21.12268448,3.322539091,21.05034828,0,21.61458206
2023/5/6 16:13,100,21.71412086,42.58313751,21.25289345,15.47299671,21.15162086,0,21.81712914
2023/5/6 16:14,100,21.71412086,69.6550827,21.32523155,35.80756378,21.25289345,0,21.81712914
2023/5/6 16:15,100,21.71412086,100,21.42650414,61.88079453,21.35416794,0,21.81712914
2023/5/6 16:16,100,21.71412086,100,21.42650414,91.16631317,21.35416794,0,21.81712914
2023/5/6 16:17,100,21.71412086,100,21.42650414,100,21.35416794,0,21.81712914
2023/5/6 16:18,100,21.71412086,100,21.32523155,100,21.25289345,0,21.81712914
2023/5/6 16:19,100,21.64178276,100,21.32523155,100,21.25289345,0,21.81712914
2023/5/6 16:20,100,21.62731552,100,21.22395706,100,21.23842621,0,21.81712914
2023/5/6 16:21,100,21.61284828,100,21.22395706,100,21.15162086,0,21.8026619
2023/5/6 16:22,100,21.61284828,100,21.12268448,100,21.07928276,0,21.81712914
2023/5/6 16:23,100,21.61284828,100,21.12268448,100,21.05034828,0,21.81712914
2023/5/6 16:24,100,21.71412086,100,21.12268448,100,21.05034828,0,21.81712914
2023/5/6 16:25,100,21.61284828,100,21.12268448,100,21.05034828,0,21.81712914
2023/5/6 16:26,100,21.61284828,100,21.12268448,100,21.05034828,0,21.81712914
2023/5/6 16:27,100,21.61284828,100,21.12268448,100,21.05034828,0,21.81712914
2023/5/6 16:28,100,21.61284828,100,21.03587914,95.92921448,20.94907379,0,21.81712914
2023/5/6 16:29,100,21.61284828,100,21.0214119,91.68811035,20.94907379,0,21.81712914
2023/5/6 16:30,100,21.61284828,100,21.0214119,87.36529541,20.94907379,0,21.81712914
2023/5/6 16:31,100,21.71412086,98.68035126,20.93460655,83.16181946,20.94907379,0,21.8026619
2023/5/6 16:32,100,21.61284828,92.64671326,20.92013931,74.97615814,20.84780121,0,21.81712914
2023/5/6 16:33,100,21.5839119,86.60622406,20.93460655,62.28765488,20.84780121,0,21.62905121
2023/5/6 16:34,100,21.52604294,80.53416443,20.93460655,49.63404846,20.83333206,0,21.60011482
2023/5/6 16:35,100,21.52604294,74.54754639,20.92013931,37.18764877,20.84780121,0,21.61458206
2023/5/6 16:36,100,21.61284828,70.80565643,21.03587914,24.50111961,20.84780121,0,21.61458206
2023/5/6 16:37,100,21.61284828,73.01423645,21.09375,17.76049232,20.94907379,0,21.61458206
2023/5/6 16:38,100,21.71412086,82.8132019,21.12268448,13.52737617,20.94907379,0,21.61458206
2023/5/6 16:39,100,21.61284828,93.01970673,21.12268448,9.279348373,20.94907379,0,21.61458206
2023/5/6 16:40,100,21.61284828,100,21.12268448,7.535212994,21.05034828,0,21.61458206
2023/5/6 16:41,100,21.64178276,100,21.22395706,11.95057869,21.06481552,0,21.61458206
2023/5/6 16:42,100,21.71412086,100,21.32523155,24.54146004,21.15162086,0,21.81712914
2023/5/6 16:43,100,21.71412086,100,21.42650414,43.95995712,21.25289345,0,21.81712914
2023/5/6 16:44,100,21.71412086,100,21.52777672,65.12561798,21.25289345,0,21.81712914
2023/5/6 16:45,100,21.71412086,100,21.42650414,91.26811981,21.25289345,0,21.81712914
2023/5/6 16:46,100,21.71412086,100,21.42650414,100,21.25289345,0,21.81712914
2023/5/6 16:47,100,21.71412086,100,21.42650414,100,21.25289345,0,21.81712914
2023/5/6 16:48,100,21.80092621,100,21.42650414,100,21.25289345,0,21.8026619
2023/5/6 16:49,100,21.81539345,100,21.42650414,100,21.25289345,0,21.81712914
2023/5/6 16:50,100,21.81539345,100,21.42650414,100,21.25289345,0,21.81712914
2023/5/6 16:51,100,21.81539345,100,21.35416794,100,21.25289345,0,21.81712914
2023/5/6 16:52,100,21.81539345,100,21.42650414,100,21.1660881,0,21.81712914
2023/5/6 16:53,100,21.81539345,100,21.31076431,100,21.25289345,0,21.81712914
2023/5/6 16:54,100,21.91666794,100,21.32523155,100,21.15162086,0,21.81712914
2023/5/6 16:55,100,21.81539345,100,21.42650414,100,21.25289345,0,21.81712914
2023/5/6 16:56,100,21.80092621,100,21.42650414,100,21.23842621,0,21.81712914
2023/5/6 16:57,100,21.91666794,100,21.42650414,100,21.25289345,0,21.81712914
2023/5/6 16:58,100,21.81539345,100,21.42650414,100,21.25289345,0,21.81712914
2023/5/6 16:59,100,21.82986069,100,21.42650414,100,21.25289345,0,21.81712914
2023/5/6 17:00,100,21.82986069,100,21.42650414,100,21.25289345,0,21.81712914
2023/5/6 17:01,100,21.90219879,100,21.42650414,100,21.25289345,0,21.81712914
2023/5/6 17:02,100,22.01794052,100,21.42650414,100,21.25289345,0,21.8026619
2023/5/6 17:03,100,21.91666794,100,21.42650414,100,21.25289345,0,21.81712914
2023/5/6 17:04,100,21.91666794,100,21.4120369,100,21.25289345,0,21.81712914
2023/5/6 17:05,100,21.91666794,100,21.42650414,100,21.25289345,0,21.81712914
2023/5/6 17:06,100,22.01794052,100,21.42650414,100,21.25289345,0,21.81712914
2023/5/6 17:07,100,21.91666794,100,21.42650414,100,21.25289345,0,21.81712914
2023/5/6 17:08,100,22.01794052,100,21.42650414,100,21.25289345,0,21.81712914
2023/5/6 17:09,100,22.01794052,100,21.32523155,100,21.15162086,0,21.81712914
2023/5/6 17:10,100,21.98900414,100,21.32523155,100,21.15162086,0,21.81712914
2023/5/6 17:11,100,21.91666794,100,21.32523155,100,21.15162086,0,21.81712914
2023/5/6 17:12,100,21.91666794,100,21.32523155,100,21.15162086,0,21.81712914
2023/5/6 17:13,100,21.91666794,100,21.22395706,100,21.15162086,0,21.81712914
2023/5/6 17:14,100,21.81539345,100,21.22395706,100,21.05034828,0,21.81712914
2023/5/6 17:15,100,21.81539345,100,21.22395706,100,21.05034828,0,21.62905121
2023/5/6 17:16,100,21.91666794,100,21.13715172,100,21.05034828,0,21.61458206
2023/5/6 17:17,100,21.81539345,100,21.12268448,98.14251709,20.94907379,0,21.61458206
2023/5/6 17:18,100,21.81539345,100,21.12268448,95.81326294,20.94907379,0,21.61458206
2023/5/6 17:19,100,21.81539345,100,21.12268448,93.76054382,20.94907379,0,21.61458206
2023/5/6 17:20,100,21.81539345,100,21.12268448,89.44281006,20.94907379,0,21.61458206
2023/5/6 17:21,100,21.81539345,100,21.12268448,85.16348267,20.94907379,0,21.61458206
2023/5/6 17:22,100,21.71412086,100,21.12268448,81.01452637,20.94907379,0,21.61458206
2023/5/6 17:23,100,21.71412086,100,21.12268448,76.6385498,20.94907379,0,21.61458206
2023/5/6 17:24,100,21.81539345,100,21.0214119,68.63918304,20.86226845,0,21.61458206
2023/5/6 17:25,100,21.71412086,100,21.03587914,55.95432663,20.84780121,0,21.61458206
2023/5/6 17:26,100,21.71412086,100,21.03587914,43.44704437,20.84780121,0,21.61458206
2023/5/6 17:27,100,21.71412086,96.66589355,20.92013931,30.73943329,20.84780121,0,21.61458206
2023/5/6 17:28,100,21.71412086,92.32913208,21.0214119,18.03253555,20.84780121,0,21.61458206
2023/5/6 17:29,100,21.80092621,86.81577301,20.92013931,5.281371593,20.84780121,0,21.61458206
2023/5/6 17:30,100,21.81539345,78.22835541,20.92013931,0,20.84780121,0,21.61458206
2023/5/6 17:31,100,21.81539345,71.25646973,20.93460655,0,20.84780121,0,21.61458206
2023/5/6 17:32,100,21.71412086,65.19538879,20.92013931,0,20.84780121,0,21.61458206
2023/5/6 17:33,100,21.81539345,59.11779022,20.92013931,0,20.83333206,0,21.61458206
2023/5/6 17:34,100,21.81539345,53.09564209,20.92013931,0,20.83333206,0,21.61458206
2023/5/6 17:35,100,21.71412086,52.36342239,21.03587914,0,20.94907379,0,21.61458206
2023/5/6 17:36,100,21.71412086,59.17115021,21.12268448,0.030035831,20.97801018,0,21.81712914
2023/5/6 17:37,100,21.81539345,69.37818909,21.12268448,3.983628511,21.05034828,0,21.81712914
2023/5/6 17:38,100,21.80092621,79.81235504,21.12268448,8.16977787,21.05034828,0,21.81712914
2023/5/6 17:39,100,21.81539345,90.25881958,21.12268448,12.35519695,21.05034828,0,21.81712914
2023/5/6 17:40,100,21.81539345,100,21.22395706,22.46213913,21.15162086,0,21.81712914
2023/5/6 17:41,100,21.81539345,100,21.22395706,35.0778923,21.15162086,0,21.91840172
2023/5/6 17:42,100,21.81539345,100,21.22395706,47.71277237,21.15162086,0,21.91840172
2023/5/6 17:43,100,21.81539345,100,21.22395706,60.12973022,21.15162086,0,21.91840172
2023/5/6 17:44,100,21.81539345,100,21.22395706,72.76025391,21.15162086,14.03600121,22.00520706
2023/5/6 17:45,100,21.80092621,100,21.22395706,85.41404724,21.15162086,29.63210869,22.01967621
2023/5/6 17:46,100,21.81539345,100,21.22395706,98.03870392,21.15162086,45.28239441,22.00520706
2023/5/6 17:47,100,21.81539345,100,21.22395706,100,21.13715172,60.56338501,22.01967621
2023/5/6 17:48,100,21.81539345,100,21.22395706,100,21.05034828,75.86201477,22.01967621
2023/5/6 17:49,100,21.81539345,100,21.12268448,100,21.05034828,91.52165222,22.01967621
2023/5/6 17:50,100,21.81539345,100,21.12268448,100,21.05034828,100,22.01967621
2023/5/6 17:51,100,21.81539345,100,21.03587914,96.71395874,20.94907379,93.52603149,21.91840172
2023/5/6 17:52,100,21.81539345,100,21.03587914,92.38092041,20.94907379,25.13100815,21.91840172
2023/5/6 17:53,100,21.81539345,97.52947235,20.93460655,81.79685974,20.84780121,0,21.91840172
2023/5/6 17:54,100,21.81539345,91.4437027,20.93460655,69.13851166,20.86226845,0,21.81712914
2023/5/6 17:55,100,21.81539345,85.50021362,20.93460655,56.66496658,20.84780121,0,21.81712914
2023/5/6 17:56,100,21.81539345,79.45285797,20.93460655,43.99618149,20.84780121,0,21.81712914
2023/5/6 17:57,100,21.71412086,73.46084595,20.93460655,31.31830406,20.84780121,0,21.81712914
2023/5/6 17:58,100,21.71412086,66.95251465,20.93460655,18.64108086,20.84780121,0,21.81712914
2023/5/6 17:59,100,21.81539345,60.81373596,20.92013931,6.162176609,20.84780121,0,21.81712914
2023/5/6 18:00,100,21.81539345,52.95347595,20.92013931,0,20.84780121,0,21.81712914
2023/5/6 18:01,100,21.81539345,46.88914108,20.92013931,0,20.84780121,0,21.81712914
2023/5/6 18:02,100,21.81539345,43.87204742,21.0214119,0,20.94907379,0,21.81712914
2023/5/6 18:03,100,21.81539345,47.89886093,21.12268448,0,20.94907379,0,21.81712914
2023/5/6 18:04,100,21.90219879,61.68481827,21.22395706,3.485626221,21.05034828,0,21.81712914
2023/5/6 18:05,100,21.91666794,83.41177368,21.32523155,12.66166592,21.15162086,0,21.81712914
2023/5/6 18:06,100,22.01794052,100,21.42650414,30.30066299,21.25289345,0,21.81712914
2023/5/6 18:07,100,22.01794052,100,21.52777672,51.42722321,21.35416794,0,21.91840172
2023/5/6 18:08,100,21.91666794,100,21.52777672,80.50598907,21.35416794,0,21.91840172
2023/5/6 18:09,100,21.90219879,100,21.62905121,100,21.35416794,0,21.91840172
2023/5/6 18:10,100,21.91666794,100,21.52777672,100,21.35416794,4.495231152,22.01967621
2023/5/6 18:11,100,22.01794052,100,21.52777672,100,21.35416794,17.16222191,22.00520706
2023/5/6 18:12,100,21.91666794,100,21.52777672,100,21.25289345,32.54522705,22.01967621
2023/5/6 18:13,100,21.91666794,100,21.46990776,100,21.25289345,46.6783905,22.01967621
2023/5/6 18:14,100,21.91666794,100,21.52777672,100,21.23842621,62.52996063,22.01967621
2023/5/6 18:15,100,21.91666794,100,21.42650414,100,21.25289345,72.96469116,22.00520706
2023/5/6 18:16,100,21.91666794,100,21.32523155,100,21.25289345,66.5171051,21.91840172
2023/5/6 18:17,100,21.91666794,100,21.32523155,100,21.15162086,0,21.91840172
2023/5/6 18:18,100,21.91666794,100,21.22395706,100,21.05034828,0,21.81712914
2023/5/6 18:19,100,21.91666794,100,21.22395706,100,21.05034828,0,21.81712914
2023/5/6 18:20,100,21.91666794,100,21.12268448,97.26489258,20.94907379,0,21.81712914
2023/5/6 18:21,100,21.91666794,100,21.03587914,93.02578735,20.94907379,0,21.81712914
2023/5/6 18:22,100,21.91666794,100,21.13715172,88.41355896,20.94907379,0,21.81712914
2023/5/6 18:23,100,21.91666794,100,21.12268448,84.24729919,20.94907379,0,21.81712914
2023/5/6 18:24,100,21.91666794,100,21.0214119,79.88818359,20.94907379,0,21.81712914
2023/5/6 18:25,100,21.81539345,100,21.03587914,75.61148071,20.94907379,0,21.81712914
2023/5/6 18:26,100,21.81539345,99.31632996,20.93460655,68.24577332,20.84780121,0,21.81712914
2023/5/6 18:27,100,21.87326431,93.44748688,20.92013931,55.94681168,20.84780121,0,21.81712914
2023/5/6 18:28,100,21.81539345,87.19086456,20.93460655,43.01854324,20.84780121,0,21.81712914
2023/5/6 18:29,100,21.90219879,75.43048096,20.86226845,30.26465416,20.84780121,0,21.81712914
2023/5/6 18:30,100,21.91666794,66.33326721,20.93460655,17.53316689,20.84780121,0,21.81712914
2023/5/6 18:31,100,21.91666794,60.38205719,20.92013931,4.935495853,20.84780121,0,21.81712914
2023/5/6 18:32,100,21.91666794,54.24306488,20.92013931,0,20.84780121,0,21.81712914
2023/5/6 18:33,100,21.91666794,49.05396271,21.0214119,0,20.84780121,0,21.81712914
2023/5/6 18:34,100,22.01794052,51.03680801,21.0214119,0,20.94907379,0,21.81712914
2023/5/6 18:35,100,21.90219879,58.78133774,21.12268448,2.194165468,21.05034828,0,21.81712914
2023/5/6 18:36,100,22.01794052,73.04537201,21.22395706,7.748480797,21.15162086,0,21.81712914
2023/5/6 18:37,100,22.01794052,95.5820694,21.32523155,20.12344551,21.15162086,0,21.81712914
2023/5/6 18:38,100,21.91666794,100,21.32523155,32.78165436,21.15162086,0,21.81712914
2023/5/6 18:39,100,21.91666794,100,21.32523155,48.24596024,21.25289345,0,21.91840172
2023/5/6 18:40,100,22.01794052,100,21.32523155,70.54993439,21.25289345,0,21.91840172
2023/5/6 18:41,100,21.91666794,100,21.32523155,86.29655457,21.15162086,0,21.91840172
2023/5/6 18:42,100,22.00347328,100,21.22395706,98.79320526,21.15162086,0,21.91840172
2023/5/6 18:43,100,22.01794052,100,21.12268448,100,21.05034828,0,21.91840172
2023/5/6 18:44,100,22.01794052,100,21.0214119,100,21.05034828,8.438324928,22.01967621
2023/5/6 18:45,100,22.01794052,100,21.0214119,96.91888428,20.94907379,13.27654934,22.01967621
2023/5/6 18:46,100,22.01794052,100,21.03587914,92.71316528,20.94907379,28.42238998,22.01967621
2023/5/6 18:47,100,22.01794052,100,21.0214119,88.43214417,20.94907379,23.63176346,22.00520706
2023/5/6 18:48,100,21.96006966,100,21.03587914,84.14320374,20.94907379,21.35580826,22.01967621
2023/5/6 18:49,100,22.01794052,100,21.0214119,79.86991882,20.94907379,36.13274765,22.01967621
2023/5/6 18:50,100,22.01794052,100,21.0214119,75.60684204,20.94907379,0,21.91840172
2023/5/6 18:51,100,22.01794052,99.07946014,21.0214119,70.54371643,20.86226845,0,21.91840172
2023/5/6 18:52,100,22.01794052,95.0785141,20.92013931,57.91072464,20.84780121,0,21.90393448
2023/5/6 18:53,100,21.9745369,89.09537506,20.92013931,45.32379913,20.84780121,0,21.91840172
2023/5/6 18:54,100,21.91666794,78.3608017,20.83333206,33.04956436,20.84780121,0,21.91840172
2023/5/6 18:55,100,21.91666794,64.07077026,20.83333206,20.21229553,20.84780121,0,21.90393448
2023/5/6 18:56,100,21.91666794,54.12994385,20.92013931,7.302480698,20.84780121,0,21.81712914
2023/5/6 18:57,100,21.91666794,47.88761139,20.93460655,0,20.84780121,0,21.81712914
2023/5/6 18:58,100,21.90219879,41.97356415,20.92013931,0,20.84780121,0,21.81712914
2023/5/6 18:59,100,21.91666794,42.1726532,21.0214119,0,20.94907379,0,21.81712914
2023/5/6 19:00,100,21.91666794,50.59285355,21.12268448,1.476857543,21.05034828,0,21.81712914
2023/5/6 19:01,100,22.01794052,61.12586212,21.22395706,5.622225285,21.05034828,0,21.91840172
2023/5/6 19:02,100,22.01794052,79.76288605,21.22395706,16.95128441,21.15162086,0,21.91840172
2023/5/6 19:03,100,22.01794052,100,21.32523155,33.1581192,21.25289345,0,21.91840172
2023/5/6 19:04,100,22.01794052,100,21.42650414,54.2084198,21.25289345,6.938637733,22.01967621
2023/5/6 19:05,100,22.01794052,100,21.52777672,81.40815735,21.35416794,22.40150642,22.01967621
2023/5/6 19:06,100,22.01794052,100,21.42650414,100,21.33969879,66.31955719,22.12094879
2023/5/6 19:07,100,22.01794052,100,21.31076431,100,21.25289345,100,22.12094879
2023/5/6 19:08,100,22.01794052,100,21.22395706,100,21.15162086,100,22.12094879
2023/5/6 19:09,100,22.01794052,100,21.22395706,100,21.05034828,100,22.12094879
2023/5/6 19:10,100,22.01794052,100,21.12268448,100,21.03587914,100,22.12094879
2023/5/6 19:11,100,22.01794052,100,21.12268448,97.92539978,20.94907379,100,22.00520706
2023/5/6 19:12,100,22.01794052,100,21.03587914,91.4974823,20.84780121,80.37752533,21.91840172
2023/5/6 19:13,100,21.91666794,96.63047791,20.92013931,78.62980652,20.84780121,10.71741104,21.91840172
2023/5/6 19:14,100,21.91666794,84.97795105,20.83333206,66.21463013,20.84780121,0,21.81712914
2023/5/6 19:15,100,21.85879707,70.9076004,20.83333206,53.54553604,20.84780121,0,21.81712914
2023/5/6 19:16,100,21.87326431,56.87573624,20.81886482,40.89953613,20.84780121,0,21.78819466
2023/5/6 19:17,100,21.81539345,42.83711243,20.83333206,28.24273491,20.84780121,0,21.61458206
2023/5/6 19:18,100,21.91666794,29.11651039,20.87673569,15.73506832,20.84780121,0,21.61458206
2023/5/6 19:19,100,21.90219879,22.78701973,20.92013931,3.047114372,20.84780121,0,21.61458206
2023/5/6 19:20,100,21.91666794,22.31167412,21.0214119,0,20.94907379,0,21.61458206
2023/5/6 19:21,100,21.91666794,30.08314514,21.12268448,0,20.99247742,0,21.61458206
2023/5/6 19:22,100,21.91666794,46.9281311,21.31076431,3.549244165,21.05034828,0,21.61458206
2023/5/6 19:23,100,22.01794052,73.41628265,21.38310242,12.31724739,21.15162086,0,21.61458206
2023/5/6 19:24,100,22.01794052,100,21.42650414,24.8693924,21.15162086,0,21.81712914
2023/5/6 19:25,100,22.01794052,100,21.52777672,44.99765396,21.25289345,0,21.81712914
2023/5/6 19:26,100,22.01794052,100,21.52777672,66.13352203,21.25289345,0,21.81712914
2023/5/6 19:27,100,22.01794052,100,21.52777672,88.01301575,21.29629707,0,21.81712914
2023/5/6 19:28,100,21.91666794,100,21.42650414,100,21.25289345,0,21.81712914
2023/5/6 19:29,100,21.91666794,100,21.32523155,100,21.1660881,0,21.81712914
2023/5/6 19:30,100,21.91666794,100,21.32523155,100,21.15162086,0,21.81712914
2023/5/6 19:31,100,21.91666794,100,21.32523155,100,21.15162086,0,21.81712914
2023/5/6 19:32,100,22.01794052,100,21.22395706,100,21.05034828,0,21.81712914
2023/5/6 19:33,100,21.93113518,100,21.22395706,100,21.05034828,0,21.81712914
2023/5/6 19:34,100,22.01794052,100,21.12268448,98.57441711,20.94907379,0,21.81712914
2023/5/6 19:35,100,22.01794052,100,21.12268448,94.68626404,20.94907379,0,21.81712914
2023/5/6 19:36,100,21.91666794,100,21.0214119,90.46578979,20.94907379,0,21.81712914
2023/5/6 19:37,100,21.91666794,100,21.12268448,86.17269897,20.94907379,0,21.81712914
2023/5/6 19:38,100,22.01794052,100,21.0214119,81.61341858,20.86226845,0,21.81712914
2023/5/6 19:39,100,21.91666794,100,21.0214119,68.98454285,20.86226845,0,21.81712914
2023/5/6 19:40,100,21.91666794,100,21.0214119,57.19361496,20.84780121,0,21.81712914
2023/5/6 19:41,100,21.91666794,100,21.0214119,49.85959625,20.94907379,0,21.81712914
2023/5/6 19:42,100,21.91666794,100,21.0214119,45.571064,20.94907379,0,21.81712914
2023/5/6 19:43,100,21.91666794,100,21.0214119,41.28733826,20.94907379,0,21.81712914
2023/5/6 19:44,100,21.91666794,100,21.03587914,31.06861496,20.84780121,0,21.65798569
2023/5/6 19:45,100,21.91666794,94.85836792,20.92013931,18.40183449,20.84780121,0,21.61458206
2023/5/6 19:46,100,21.81539345,89.39082336,20.93460655,8.084251404,20.94907379,0,21.81712914
2023/5/6 19:47,100,21.81539345,83.77494049,20.93460655,3.808506489,20.94907379,0,21.61458206
2023/5/6 19:48,100,21.81539345,80.0688324,21.03587914,0,20.94907379,0,21.81712914
2023/5/6 19:49,100,21.90219879,81.61897278,21.03587914,0,20.94907379,0,21.81712914
2023/5/6 19:50,100,21.91666794,83.44559479,21.0214119,0,20.94907379,0,21.81712914
2023/5/6 19:51,100,21.91666794,85.57954407,21.0214119,0,20.94907379,0,21.81712914
2023/5/6 19:52,100,21.91666794,87.58956909,21.03587914,0.268048376,21.05034828,0,21.81712914
2023/5/6 19:53,100,21.91666794,89.694664,21.0214119,4.392288208,21.05034828,0,21.81712914
2023/5/6 19:54,100,21.91666794,91.70475769,21.0214119,8.538964272,21.05034828,0,21.91840172
2023/5/6 19:55,100,22.00347328,97.84881592,21.12268448,12.672575,21.05034828,0,21.91840172
2023/5/6 19:56,100,22.01794052,100,21.0214119,16.7628994,21.05034828,9.829732895,22.01967621
2023/5/6 19:57,100,22.01794052,100,21.0214119,20.92097664,21.05034828,25.29432869,22.01967621
2023/5/6 19:58,100,22.01794052,100,21.12268448,25.01926804,21.05034828,91.14318085,22.12094879
2023/5/6 19:59,100,22.01794052,100,21.12268448,33.35561752,21.15162086,100,22.12094879
2023/5/6 20:00,100,22.01794052,100,21.20948982,45.73411942,21.15162086,100,22.12094879
2023/5/6 20:01,100,22.01794052,100,21.13715172,58.12104416,21.15162086,100,22.12094879
2023/5/6 20:02,100,22.01794052,100,21.22395706,70.94348145,21.15162086,100,22.12094879
2023/5/6 20:03,100,21.91666794,100,21.13715172,79.86766815,21.05034828,100,22.01967621
2023/5/6 20:04,100,21.91666794,100,21.0214119,81.06420898,20.94907379,100,22.01967621
2023/5/6 20:05,100,21.91666794,99.63903046,20.93460655,76.1697464,20.84780121,50.68426514,21.91840172
2023/5/6 20:06,100,21.91666794,93.82085419,20.93460655,64.28955841,20.84780121,0,21.81712914
2023/5/6 20:07,100,21.91666794,87.23686981,20.90567207,51.56812668,20.84780121,0,21.81712914
2023/5/6 20:08,100,21.91666794,73.52676392,20.83333206,39.08311081,20.84780121,0,21.81712914
2023/5/6 20:09,100,21.81539345,59.45978165,20.83333206,26.45923996,20.84780121,0,21.81712914
2023/5/6 20:10,100,21.91666794,45.36537552,20.83333206,13.71752739,20.84780121,0,21.81712914
2023/5/6 20:11,100,21.91666794,38.17875671,20.92013931,0.819499731,20.86226845,0,21.81712914
2023/5/6 20:12,100,21.91666794,32.10024261,20.93460655,0,20.84780121,0,21.81712914
2023/5/6 20:13,100,21.91666794,30.98334694,21.0214119,0,20.93460655,0,21.81712914
2023/5/6 20:14,100,21.91666794,36.16224289,21.12268448,0.035998777,21.05034828,0,21.81712914
2023/5/6 20:15,100,21.91666794,53.84692764,21.32523155,6.229641914,21.15162086,0,21.81712914
2023/5/6 20:16,100,21.91666794,85.13543701,21.42650414,23.05964661,21.25289345,0,21.81712914
2023/5/6 20:17,100,21.91666794,100,21.42650414,43.88331985,21.25289345,0,21.81712914
2023/5/6 20:18,100,22.01794052,100,21.42650414,64.95188141,21.25289345,0,21.91840172
2023/5/6 20:19,100,21.91666794,100,21.32523155,85.73371887,21.25289345,0,21.91840172
2023/5/6 20:20,100,22.01794052,100,21.32523155,100,21.25289345,0,21.91840172
2023/5/6 20:21,100,22.01794052,100,21.32523155,100,21.25289345,4.652431965,22.00520706
2023/5/6 20:22,100,22.01794052,100,21.22395706,100,21.15162086,20.3129425,22.01967621
2023/5/6 20:23,100,22.01794052,100,21.13715172,100,21.12268448,35.68750763,22.01967621
2023/5/6 20:24,100,22.00347328,100,21.12268448,100,21.05034828,51.21693039,22.01967621
2023/5/6 20:25,100,22.01794052,100,21.12268448,100,21.05034828,49.52279663,22.01967621
2023/5/6 20:26,100,22.01794052,100,21.0214119,98.29554749,20.94907379,64.95259094,22.01967621
2023/5/6 20:27,100,22.01794052,99.24371338,20.92013931,93.96055603,20.84780121,80.19929504,22.01967621
2023/5/6 20:28,100,22.01794052,93.14500427,20.92013931,81.44816589,20.84780121,23.22134399,21.91840172
2023/5/6 20:29,100,22.01794052,87.00362396,20.92013931,68.76318359,20.84780121,0,21.91840172
2023/5/6 20:30,100,22.1192131,80.93388367,20.92013931,56.06399918,20.84780121,0,21.91840172
2023/5/6 20:31,100,22.01794052,75.00797272,20.93460655,43.54727936,20.84780121,0,21.81712914
2023/5/6 20:32,100,22.01794052,68.02835846,20.92013931,30.90452576,20.84780121,0,21.81712914
2023/5/6 20:33,100,21.91666794,61.07626343,20.93460655,18.18694305,20.84780121,0,21.8026619
2023/5/6 20:34,100,22.01794052,54.94100571,20.93460655,5.649195194,20.84780121,0,21.81712914
2023/5/6 20:35,100,22.01794052,48.942276,20.93460655,0,20.83333206,0,21.81712914
2023/5/6 20:36,100,22.01794052,48.74345398,21.0214119,0,20.94907379,0,21.81712914
2023/5/6 20:37,100,22.01794052,50.85950089,21.0214119,0,20.94907379,0,21.81712914
2023/5/6 20:38,100,22.01794052,54.83765411,21.12268448,0.978887379,21.05034828,0,21.81712914
2023/5/6 20:39,100,22.01794052,65.20581055,21.12268448,5.126126289,21.05034828,0,21.81712914
2023/5/6 20:40,100,22.01794052,75.61038971,21.12268448,9.272410393,21.03587914,0,21.81712914
2023/5/6 20:41,100,22.1192131,85.98078918,21.12268448,14.49146366,21.10821724,0,21.91840172
2023/5/6 20:42,100,22.1192131,96.15833282,21.12268448,26.82317543,21.15162086,0,21.91840172
2023/5/6 20:43,100,22.1192131,100,21.22395706,39.39736938,21.15162086,0,21.91840172
2023/5/6 20:44,100,22.1192131,100,21.22395706,51.9646225,21.13715172,0,21.91840172
2023/5/6 20:45,100,22.1192131,100,21.22395706,64.54553223,21.15162086,0,21.91840172
2023/5/6 20:46,100,22.01794052,100,21.20948982,76.92015076,21.13715172,1.120369792,22.01967621
2023/5/6 20:47,100,22.1192131,100,21.12268448,89.10112,21.15162086,16.00482559,22.01967621
2023/5/6 20:48,100,22.01794052,100,21.12268448,100,21.15162086,31.61971283,22.01967621
2023/5/6 20:49,100,22.1192131,100,21.12268448,100,21.05034828,46.78191376,22.01967621
2023/5/6 20:50,100,22.1192131,100,21.0214119,100,21.05034828,62.39680099,22.01967621
2023/5/6 20:51,100,22.1192131,100,21.03587914,98.27261353,20.94907379,76.00007629,22.01967621
2023/5/6 20:52,100,22.1192131,100,21.0214119,94.1164856,20.94907379,35.36242676,21.91840172
2023/5/6 20:53,100,22.01794052,100,21.03587914,89.70875549,20.94907379,0,21.91840172
2023/5/6 20:54,100,22.1192131,95.27472687,20.92013931,79.272995,20.84780121,0,21.81712914
2023/5/6 20:55,100,22.01794052,89.014328,20.92013931,66.21427155,20.84780121,0,21.81712914
2023/5/6 20:56,100,22.01794052,83.47211456,20.93460655,54.00534058,20.84780121,0,21.81712914
2023/5/6 20:57,100,21.91666794,84.59463501,21.0214119,40.92456436,20.84780121,0,21.81712914
2023/5/6 20:58,100,21.81539345,80.33860016,20.92013931,28.68536758,20.84780121,0,21.81712914
2023/5/6 20:59,100,21.81539345,74.37041473,20.93460655,16.10293198,20.84780121,0,21.81712914
2023/5/6 21:00,100,21.81539345,68.40289307,20.92013931,3.56264019,20.84780121,0,21.81712914
2023/5/6 21:01,100,21.81539345,67.18305206,21.0214119,0,20.94907379,0,21.81712914
2023/5/6 21:02,100,21.81539345,69.94859314,21.12268448,2.044135094,21.05034828,0,21.81712914
2023/5/6 21:03,100,21.81539345,80.49714661,21.12268448,6.27966404,21.05034828,0,21.81712914
2023/5/6 21:04,100,21.81539345,90.98374176,21.12268448,11.71821213,21.15162086,0,21.81712914
2023/5/6 21:05,100,21.87326431,100,21.22395706,24.37037086,21.15162086,0,21.81712914
2023/5/6 21:06,100,21.91666794,100,21.22395706,36.82487106,21.22395706,0,21.81712914
2023/5/6 21:07,100,21.91666794,100,21.32523155,57.30347443,21.25289345,0,21.91840172
2023/5/6 21:08,100,21.91666794,100,21.32523155,77.69151306,21.25289345,0,21.91840172
2023/5/6 21:09,100,21.91666794,100,21.32523155,98.10159302,21.25289345,0,21.91840172
2023/5/6 21:10,100,21.91666794,100,21.32523155,100,21.25289345,0.823032141,21.99073982
2023/5/6 21:11,100,21.91666794,100,21.32523155,100,21.25289345,15.50153351,22.01967621
2023/5/6 21:12,100,21.91666794,100,21.22395706,100,21.15162086,30.43626213,22.01967621
2023/5/6 21:13,100,21.81539345,100,21.22395706,100,21.15162086,44.91532135,22.01967621
2023/5/6 21:14,100,21.81539345,100,21.22395706,100,21.15162086,59.96638107,22.01967621
2023/5/6 21:15,100,21.81539345,100,21.12268448,100,21.05034828,26.47391319,21.91840172
2023/5/6 21:16,100,21.81539345,100,21.12268448,100,21.05034828,0,21.90393448
2023/5/6 21:17,100,21.81539345,100,21.03587914,96.36193848,20.94907379,0,21.91840172
2023/5/6 21:18,100,21.81539345,100,21.03587914,92.28979492,20.94907379,0,21.81712914
2023/5/6 21:19,100,21.81539345,100,21.05034828,88.15774536,20.94907379,0,21.81712914
2023/5/6 21:20,100,21.90219879,100,21.0214119,83.98414612,20.94907379,0,21.81712914
2023/5/6 21:21,100,21.91666794,100,21.0214119,79.85810852,20.94907379,0,21.81712914
2023/5/6 21:22,100,21.91666794,100,21.0214119,75.78665161,20.94907379,0,21.81712914
2023/5/6 21:23,100,21.91666794,100,21.07928276,71.63571167,20.94907379,0,21.81712914
2023/5/6 21:24,100,21.91666794,100,21.10821724,67.48486328,20.94907379,0,21.81712914
2023/5/6 21:25,100,21.91666794,100,21.12268448,63.31986237,20.94907379,0,21.81712914
2023/5/6 21:26,100,22.01794052,100,21.12268448,59.23463058,20.94907379,0,21.81712914
2023/5/6 21:27,100,21.91666794,100,21.15162086,61.126194,21.05034828,0,21.81712914
2023/5/6 21:28,100,21.91666794,100,21.12268448,65.10534668,21.05034828,0,21.81712914
2023/5/6 21:29,100,21.91666794,100,21.13715172,66.38023376,20.94907379,0,21.81712914
2023/5/6 21:30,100,21.91666794,100,21.12268448,62.25952911,20.94907379,0,21.71585655
2023/5/6 21:31,100,21.81539345,100,21.12268448,58.49970245,20.96354294,0,21.81712914
2023/5/6 21:32,100,21.88773155,100,21.12268448,62.18769836,21.05034828,0,21.61458206
2023/5/6 21:33,100,21.91666794,100,21.12268448,64.61457825,20.94907379,0,21.81712914
2023/5/6 21:34,100,21.91666794,100,21.12268448,60.54480743,20.94907379,0,21.81712914
2023/5/6 21:35,100,22.00347328,100,21.12268448,57.80390549,21.05034828,0,21.81712914
2023/5/6 21:36,100,22.01794052,100,21.22395706,61.83710098,21.05034828,0,21.61458206
2023/5/6 21:37,100,21.91666794,100,21.22395706,65.86012268,21.05034828,0,21.81712914
2023/5/6 21:38,100,21.91666794,100,21.22395706,69.88323975,21.05034828,0,21.81712914
2023/5/6 21:39,100,22.01794052,100,21.22395706,74.40248108,21.05034828,0,21.81712914
2023/5/6 21:40,100,21.91666794,100,21.22395706,79.50606537,21.05034828,0,21.81712914
2023/5/6 21:41,100,21.91666794,100,21.13715172,83.51790619,21.05034828,0,21.81712914
2023/5/6 21:42,100,22.01794052,100,21.12268448,87.67947388,21.05034828,0,21.81712914
2023/5/6 21:43,100,22.01794052,100,21.12268448,91.63814545,21.05034828,0,21.61458206
2023/5/6 21:44,100,22.01794052,100,21.12268448,95.68785095,21.05034828,0,21.77372742
2023/5/6 21:45,100,22.00347328,100,21.12268448,99.73357391,21.05034828,0,21.61458206
2023/5/6 21:46,100,22.01794052,100,21.12268448,100,21.05034828,0,21.61458206
2023/5/6 21:47,100,22.01794052,100,21.12268448,98.9593811,20.94907379,0,21.61458206
2023/5/6 21:48,100,22.01794052,100,21.12268448,94.798172,20.94907379,0,21.61458206
2023/5/6 21:49,100,22.01794052,100,21.12268448,90.64675903,20.94907379,0,21.61458206
2023/5/6 21:50,100,22.01794052,100,21.03587914,86.52055359,20.94907379,0,21.61458206
2023/5/6 21:51,100,22.01794052,100,21.0214119,82.37658691,20.94907379,0,21.61458206
2023/5/6 21:52,100,22.00347328,100,21.03587914,78.02997589,20.89120293,0,21.61458206
2023/5/6 21:53,100,21.91666794,100,21.03587914,66.6471405,20.84780121,0,21.61458206
2023/5/6 21:54,100,21.91666794,100,21.03587914,54.5097084,20.84780121,0,21.61458206
2023/5/6 21:55,100,21.91666794,97.03898621,20.93460655,42.26539993,20.84780121,0,21.61458206
2023/5/6 21:56,100,21.91666794,98.15969086,21.03587914,30.08602333,20.84780121,0,21.61458206
2023/5/6 21:57,100,21.90219879,99.99433136,21.0214119,17.88273239,20.84780121,0,21.61458206
2023/5/6 21:58,100,21.91666794,97.59622955,20.93460655,5.87924099,20.84780121,0,21.61458206
2023/5/6 21:59,100,21.91666794,95.89629364,21.03587914,0,20.94907379,0,21.61458206
2023/5/6 22:00,100,22.01794052,98.14495087,21.03587914,0,20.94907379,0,21.61458206
2023/5/6 22:01,100,22.01794052,100,21.12268448,1.014018178,21.05034828,0,21.81712914
2023/5/6 22:02,100,22.00347328,100,21.12268448,4.970322609,21.03587914,0,21.81712914
2023/5/6 22:03,100,22.01794052,100,21.12268448,11.24148178,21.15162086,0,21.81712914
2023/5/6 22:04,100,22.1192131,100,21.22395706,23.40295219,21.15162086,0,21.81712914
2023/5/6 22:05,100,22.1192131,100,21.22395706,39.24295807,21.25289345,0,21.81712914
2023/5/6 22:06,100,22.1192131,100,21.32523155,59.29204559,21.25289345,0,21.91840172
2023/5/6 22:07,100,22.1192131,100,21.32523155,82.59184265,21.33969879,0,21.91840172
2023/5/6 22:08,100,22.1192131,100,21.32523155,100,21.35416794,1.354157567,22.01967621
2023/5/6 22:09,100,22.10474586,100,21.32523155,100,21.35416794,16.27202797,22.01967621
2023/5/6 22:10,100,22.1192131,100,21.32523155,100,21.25289345,31.08226776,22.01967621
2023/5/6 22:11,100,22.1192131,100,21.32523155,100,21.23842621,46.09036636,22.00520706
2023/5/6 22:12,100,22.1192131,100,21.22395706,100,21.15162086,60.7626915,22.01967621
2023/5/6 22:13,100,22.1192131,100,21.22395706,100,21.15162086,76.03840637,22.01967621
2023/5/6 22:14,100,22.10474586,100,21.12268448,100,21.05034828,72.80792999,21.91840172
2023/5/6 22:15,100,22.1192131,100,21.09375,99.9908905,20.97801018,6.390684128,21.91840172
2023/5/6 22:16,100,22.1192131,100,21.0214119,97.37452698,20.94907379,0,21.91840172
2023/5/6 22:17,100,22.1192131,100,21.03587914,93.26069641,20.94907379,0,21.81712914
2023/5/6 22:18,100,22.1192131,100,21.03587914,82.36472321,20.84780121,0,21.81712914
2023/5/6 22:19,100,22.01794052,100,21.0214119,70.08571625,20.84780121,0,21.81712914
2023/5/6 22:20,100,22.01794052,96.83940887,20.92013931,57.96234894,20.84780121,0,21.81712914
2023/5/6 22:21,100,22.01794052,91.20446014,20.93460655,45.82339478,20.84780121,0,21.81712914
2023/5/6 22:22,100,22.01794052,90.72900391,21.0214119,33.67273331,20.86226845,0,21.61458206
2023/5/6 22:23,100,22.01794052,90.94876862,20.93460655,21.63880539,20.84780121,0,21.61458206
2023/5/6 22:24,100,22.01794052,85.17957306,20.93460655,9.340623856,20.86226845,0,21.61458206
2023/5/6 22:25,100,22.00347328,79.6709671,20.92013931,0,20.86226845,0,21.61458206
2023/5/6 22:26,100,22.01794052,79.75241089,21.03587914,0,20.86226845,0,21.61458206
2023/5/6 22:27,100,22.01794052,84.29870605,21.12268448,0,20.94907379,0,21.61458206
2023/5/6 22:28,100,22.1192131,94.4746933,21.12268448,0.697916925,21.05034828,0,21.61458206
2023/5/6 22:29,100,22.1192131,100,21.12268448,4.741094112,21.05034828,0,21.61458206
2023/5/6 22:30,100,22.10474586,100,21.22395706,13.04787827,21.15162086,0,21.61458206
2023/5/6 22:31,100,22.1192131,100,21.22395706,25.24684525,21.15162086,0,21.81712914
2023/5/6 22:32,100,22.01794052,100,21.32523155,43.4601326,21.25289345,0,21.81712914
2023/5/6 22:33,100,22.1192131,100,21.32523155,63.57309341,21.25289345,0,21.81712914
2023/5/6 22:34,100,22.1192131,100,21.42650414,87.34872437,21.35416794,0,21.81712914
2023/5/6 22:35,100,22.1192131,100,21.42650414,100,21.35416794,0,21.81712914
2023/5/6 22:36,100,22.1192131,100,21.44097328,100,21.35416794,0,21.81712914
2023/5/6 22:37,100,22.10474586,100,21.42650414,100,21.33969879,0,21.81712914
2023/5/6 22:38,100,22.1192131,100,21.32523155,100,21.25289345,0,21.81712914
2023/5/6 22:39,100,22.1192131,100,21.32523155,100,21.15162086,0,21.81712914
2023/5/6 22:40,100,22.01794052,100,21.32523155,100,21.15162086,0,21.81712914
2023/5/6 22:41,100,22.01794052,100,21.22395706,100,21.15162086,0,21.61458206
2023/5/6 22:42,100,22.01794052,100,21.22395706,100,21.03587914,0,21.61458206
2023/5/6 22:43,100,22.01794052,100,21.22395706,100,21.05034828,0,21.61458206
2023/5/6 22:44,100,22.01794052,100,21.22395706,100,21.05034828,0,21.61458206
2023/5/6 22:45,100,22.01794052,100,21.22395706,100,21.03587914,0,21.61458206
2023/5/6 22:46,100,22.1192131,100,21.12268448,100,21.05034828,0,21.61458206
2023/5/6 22:47,100,22.01794052,100,21.13715172,100,21.05034828,0,21.61458206
2023/5/6 22:48,100,22.01794052,100,21.12268448,100,21.05034828,0,21.61458206
2023/5/6 22:49,100,22.01794052,100,21.12268448,100,21.05034828,0,21.61458206
2023/5/6 22:50,100,22.01794052,100,21.12268448,100,21.05034828,0,21.81330872
2023/5/6 22:51,100,22.01794052,100,21.12268448,100,21.05034828,0,21.81330872
2023/5/6 22:52,100,22.1192131,100,21.22395706,100,21.05034828,0,21.81330872
2023/5/6 22:53,100,22.10474586,100,21.22395706,100,21.05034828,0,21.81330872
2023/5/6 22:54,100,22.1192131,100,21.18055534,100,21.05034828,0,21.81330872
2023/5/6 22:55,100,22.22048569,100,21.22395706,100,21.15162086,0,21.81330872
2023/5/6 22:56,100,22.22048569,100,21.22395706,100,21.15162086,0,21.81330872
2023/5/6 22:57,100,22.22048569,100,21.22395706,100,21.05034828,0,21.72650337
2023/5/6 22:58,100,22.22048569,100,21.22395706,100,21.15162086,0,21.72650337
2023/5/6 22:59,100,22.22048569,100,21.22395706,100,21.15162086,0,21.71203613
2023/5/6 23:00,100,22.22048569,100,21.22395706,100,21.15162086,0,21.72650337
2023/5/6 23:01,100,22.22048569,100,21.22395706,100,21.05034828,0,21.72650337
2023/5/6 23:02,100,22.22048569,100,21.22395706,100,21.12268448,0,21.71203613
2023/5/6 23:03,100,22.22048569,100,21.22395706,100,21.13715172,0,21.72650337
2023/5/6 23:04,100,22.22048569,100,21.22395706,100,21.05034828,0,21.72650337
2023/5/6 23:05,100,22.22048569,100,21.22395706,100,21.05034828,0,21.72650337
2023/5/6 23:06,100,22.1192131,100,21.12268448,100,21.05034828,0,21.62523079
2023/5/6 23:07,100,22.1192131,100,21.12268448,100,21.05034828,0,21.62523079
2023/5/6 23:08,100,22.22048569,100,21.13715172,100,21.05034828,0,21.62523079
2023/5/6 23:09,100,22.22048569,100,21.12268448,100,21.05034828,0,21.62523079
2023/5/6 23:10,100,22.22048569,100,21.12268448,100,21.05034828,0,21.62523079
2023/5/6 23:11,100,22.22048569,100,21.12268448,100,21.05034828,0,21.62523079
2023/5/6 23:12,100,22.22048569,100,21.12268448,100,21.05034828,0,21.62523079
2023/5/6 23:13,100,22.22048569,100,21.12268448,100,21.05034828,0,21.5239563
2023/5/6 23:14,100,22.22048569,100,21.12268448,100,21.05034828,0,21.5239563
2023/5/6 23:15,100,22.22048569,100,21.12268448,100,21.05034828,0,21.5239563
2023/5/6 23:16,100,22.22048569,100,21.03587914,98.10005188,20.94907379,0,21.50948906
2023/5/6 23:17,100,22.22048569,100,21.03587914,93.93315125,20.94907379,0,21.5239563
2023/5/6 23:18,100,22.32176018,100,21.12268448,89.86262512,20.94907379,0,21.5239563
2023/5/6 23:19,100,22.32176018,100,21.12268448,86.1385498,20.94907379,0,21.5239563
2023/5/6 23:20,100,22.32176018,100,21.12268448,88.92061615,21.05034828,0,21.5239563
2023/5/6 23:21,100,22.32176018,100,21.12268448,92.96456146,21.05034828,0,21.5239563
2023/5/6 23:22,100,22.32176018,100,21.12268448,96.98900604,21.05034828,0,21.5239563
2023/5/6 23:23,100,22.42303276,100,21.12268448,100,21.05034828,0,21.5239563
2023/5/6 23:24,100,22.3651619,100,21.12268448,100,21.05034828,0,21.5239563
2023/5/6 23:25,100,22.32176018,100,21.03587914,99.78337097,20.97801018,0,21.59629631
2023/5/6 23:26,100,22.32176018,100,21.0214119,95.72906494,20.94907379,0,21.59629631
2023/5/6 23:27,100,22.42303276,100,21.0214119,91.56692505,20.94907379,0,21.62523079
2023/5/6 23:28,100,22.42303276,100,21.0214119,87.43333435,20.94907379,0,21.62523079
2023/5/6 23:29,100,22.42303276,100,21.0214119,83.2603302,20.94907379,0,21.62523079
2023/5/6 23:30,100,22.42303276,100,21.0214119,79.1758728,20.94907379,0,21.62523079
2023/5/6 23:31,100,22.42303276,100,21.03587914,75.02793884,20.94907379,0,21.61076355
2023/5/6 23:32,100,22.42303276,96.00907898,20.92013931,70.89056396,20.94907379,0,21.61076355
2023/5/6 23:33,100,22.40856552,91.84638977,20.96354294,66.71737671,20.94907379,0,21.62523079
2023/5/6 23:34,100,22.42303276,93.88328552,21.03587914,62.6380043,20.94907379,0,21.61076355
2023/5/6 23:35,100,22.42303276,96.01148224,21.03587914,58.51977158,20.94907379,0,21.61076355
2023/5/6 23:36,100,22.42303276,98.28965759,21.03587914,54.37047577,20.94907379,0,21.62523079
2023/5/6 23:37,100,22.42303276,100,21.03587914,51.96121979,21.05034828,0,21.63969803
2023/5/6 23:38,100,22.42303276,100,21.0214119,55.85464859,21.05034828,0,21.72650337
2023/5/6 23:39,100,22.42303276,100,21.0214119,59.87584305,21.05034828,0,21.71203613
2023/5/6 23:40,100,22.40856552,100,21.0214119,63.91723633,21.05034828,0,21.72650337
2023/5/6 23:41,100,22.42303276,100,21.0214119,68.54929352,21.15162086,0,21.72650337
2023/5/6 23:42,100,22.42303276,100,21.12268448,80.75149536,21.13715172,0,21.72650337
2023/5/6 23:43,100,22.42303276,100,21.12268448,92.72879791,21.15162086,0,21.81330872
2023/5/6 23:44,100,22.42303276,100,21.12268448,100,21.15162086,0,21.72650337
2023/5/6 23:45,100,22.40856552,100,21.12268448,100,21.15162086,0,21.81330872
2023/5/6 23:46,100,22.42303276,100,21.12268448,100,21.13715172,0,21.81330872
2023/5/6 23:47,100,22.42303276,100,21.12268448,100,21.05034828,0,21.81330872
2023/5/6 23:48,100,22.42303276,100,21.12268448,100,21.05034828,0,21.81330872
2023/5/6 23:49,100,22.42303276,100,21.12268448,100,21.05034828,0,21.81330872
2023/5/6 23:50,100,22.40856552,100,21.12268448,100,21.05034828,0,21.81330872
2023/5/6 23:51,100,22.42303276,100,21.12268448,100,21.15162086,0,21.81330872
2023/5/6 23:52,100,22.42303276,100,21.12268448,100,21.13715172,0,21.81330872
2023/5/6 23:53,100,22.42303276,100,21.12268448,100,21.05034828,0,21.81330872
2023/5/6 23:54,100,22.42303276,100,21.12268448,100,21.05034828,0,21.81330872
2023/5/6 23:55,100,22.35069466,100,21.12268448,100,21.05034828,0,21.81330872
2023/5/6 23:56,100,22.40856552,100,21.12268448,100,21.05034828,0,21.81330872
2023/5/6 23:57,100,22.40856552,100,21.12268448,100,21.05034828,0,21.81330872
2023/5/6 23:58,100,22.32176018,100,21.12268448,100,21.05034828,0,21.72650337
2023/5/6 23:59,100,22.42303276,100,21.12268448,100,21.05034828,0,21.71203613
2023/5/7 0:00,100,22.42303276,100,21.12268448,100,21.05034828,0,21.72650337
2023/5/7 0:01,100,22.42303276,100,21.13715172,100,21.05034828,0,21.72650337
2023/5/7 0:02,100,22.42303276,100,21.22395706,100,21.05034828,0,21.81330872
2023/5/7 0:03,100,22.42303276,100,21.13715172,100,21.05034828,0,21.81330872
2023/5/7 0:04,100,22.42303276,100,21.12268448,100,21.05034828,0,21.769907
2023/5/7 0:05,100,22.42303276,100,21.12268448,100,21.05034828,0,21.81330872
2023/5/7 0:06,100,22.42303276,100,21.12268448,100,21.05034828,0,21.78437424
2023/5/7 0:07,100,22.42303276,100,21.12268448,100,21.05034828,0,21.81330872
2023/5/7 0:08,100,22.42303276,100,21.13715172,100,21.05034828,0,21.82777596
2023/5/7 0:09,100,22.40856552,100,21.12268448,100,21.05034828,0,21.81330872
2023/5/7 0:10,100,22.42303276,100,21.13715172,100,21.15162086,0,21.81330872
2023/5/7 0:11,100,22.42303276,100,21.12268448,100,21.15162086,0,21.81330872
2023/5/7 0:12,100,22.42303276,100,21.22395706,100,21.15162086,0,21.81330872
2023/5/7 0:13,100,22.42303276,100,21.22395706,100,21.15162086,0,21.81330872
2023/5/7 0:14,100,22.42303276,100,21.22395706,100,21.15162086,0,21.82777596
2023/5/7 0:15,100,22.42303276,100,21.22395706,100,21.15162086,0,21.9145813
2023/5/7 0:16,100,22.42303276,100,21.22395706,100,21.15162086,0,21.9145813
2023/5/7 0:17,100,22.42303276,100,21.22395706,100,21.15162086,0,21.9145813
2023/5/7 0:18,100,22.42303276,100,21.22395706,100,21.15162086,0,21.9145813
2023/5/7 0:19,100,22.42303276,100,21.22395706,100,21.15162086,0,21.9145813
2023/5/7 0:20,100,22.42303276,100,21.28182793,100,21.15162086,0,21.90011406
2023/5/7 0:21,100,22.40856552,100,21.32523155,100,21.15162086,0,21.9145813
2023/5/7 0:22,100,22.32176018,100,21.32523155,100,21.15162086,0,21.9145813
2023/5/7 0:23,100,22.3651619,100,21.32523155,100,21.15162086,0,21.9145813
2023/5/7 0:24,100,22.32176018,100,21.22395706,100,21.15162086,0,21.9145813
2023/5/7 0:25,100,22.32176018,100,21.25289345,100,21.15162086,0,21.9145813
2023/5/7 0:26,100,22.30729294,100,21.22395706,100,21.05034828,0,21.88564682
2023/5/7 0:27,100,22.32176018,100,21.32523155,100,21.15162086,0,21.82777596
2023/5/7 0:28,100,22.32176018,100,21.33969879,100,21.15162086,0,21.81330872
2023/5/7 0:29,100,22.32176018,100,21.22395706,100,21.15162086,0,21.81330872
2023/5/7 0:30,100,22.42303276,100,21.22395706,100,21.15162086,0,21.81330872
2023/5/7 0:31,100,22.42303276,100,21.22395706,100,21.15162086,0,21.81330872
2023/5/7 0:32,100,22.42303276,100,21.22395706,100,21.15162086,0,21.81330872
2023/5/7 0:33,100,22.42303276,100,21.22395706,100,21.15162086,0,21.72650337
2023/5/7 0:34,100,22.42303276,100,21.22395706,100,21.05034828,0,21.72650337
2023/5/7 0:35,100,22.42303276,100,21.22395706,100,21.15162086,0,21.72650337
2023/5/7 0:36,100,22.42303276,100,21.32523155,100,21.15162086,0,21.72650337
2023/5/7 0:37,100,22.42303276,100,21.22395706,100,21.15162086,0,21.72650337
2023/5/7 0:38,100,22.42303276,100,21.22395706,100,21.15162086,0,21.72650337
2023/5/7 0:39,100,22.42303276,100,21.22395706,100,21.15162086,0,21.72650337
2023/5/7 0:40,100,22.42303276,100,21.22395706,100,21.15162086,0,21.72650337
2023/5/7 0:41,100,22.42303276,100,21.22395706,100,21.15162086,0,21.72650337
2023/5/7 0:42,100,22.42303276,100,21.13715172,100,21.15162086,0,21.74097252
2023/5/7 0:43,100,22.52430534,100,21.12268448,100,21.15162086,0,21.81330872
2023/5/7 0:44,100,22.72685242,100,21.12268448,100,21.05034828,0,21.81330872
2023/5/7 0:45,100,22.52430534,100,21.12268448,100,21.15162086,0,21.81330872
2023/5/7 0:46,100,22.52430534,100,21.12268448,100,21.15162086,0,21.81330872
2023/5/7 0:47,100,22.52430534,100,21.12268448,100,21.13715172,0,21.81330872
2023/5/7 0:48,100,22.52430534,100,21.12268448,100,21.13715172,0,21.81330872
2023/5/7 0:49,100,22.71238518,100,21.12268448,100,21.15162086,0,21.81330872
2023/5/7 0:50,100,22.72685242,100,21.12268448,100,21.15162086,0,21.81330872
2023/5/7 0:51,100,22.72685242,100,21.13715172,100,21.15162086,0,21.81330872
2023/5/7 0:52,100,22.52430534,100,21.12268448,100,21.13715172,0,21.81330872
2023/5/7 0:53,100,22.52430534,100,21.12268448,100,21.15162086,0,21.81330872
2023/5/7 0:54,100,22.5098381,100,21.12268448,100,21.15162086,0,21.87117958
2023/5/7 0:55,100,22.52430534,100,21.12268448,100,21.15162086,0,21.9145813
2023/5/7 0:56,100,22.4375,100,21.22395706,100,21.15162086,0,21.9145813
2023/5/7 0:57,100,22.42303276,100,21.22395706,100,21.15162086,0,21.9145813
2023/5/7 0:58,100,22.42303276,100,21.22395706,100,21.15162086,0,21.9145813
2023/5/7 0:59,100,22.42303276,100,21.22395706,100,21.15162086,0,21.9145813
2023/5/7 1:00,100,22.42303276,100,21.22395706,100,21.15162086,0,21.9145813
2023/5/7 1:01,100,22.32176018,100,21.22395706,100,21.15162086,0,21.9145813
2023/5/7 1:02,100,22.42303276,100,21.12268448,100,21.15162086,0,21.9145813
2023/5/7 1:03,100,22.42303276,100,21.12268448,100,21.05034828,0,21.9145813
2023/5/7 1:04,100,22.42303276,100,21.12268448,100,21.05034828,0,21.9145813
2023/5/7 1:05,100,22.42303276,100,21.12268448,100,21.05034828,0,21.9145813
2023/5/7 1:06,100,22.42303276,100,21.0214119,100,21.05034828,0,21.9145813
2023/5/7 1:07,100,22.42303276,100,21.0214119,100,21.05034828,0,21.81330872
2023/5/7 1:08,100,22.42303276,100,21.0214119,100,21.05034828,0,21.81330872
2023/5/7 1:09,100,22.42303276,100,21.0214119,100,21.05034828,0,21.81330872
2023/5/7 1:10,100,22.42303276,100,21.12268448,100,21.05034828,0,21.81330872
2023/5/7 1:11,100,22.42303276,100,21.13715172,100,21.15162086,0,21.8422451
2023/5/7 1:12,100,22.42303276,100,21.12268448,100,21.15162086,0,21.81330872
2023/5/7 1:13,100,22.32176018,100,21.22395706,100,21.15162086,0,21.9145813
2023/5/7 1:14,100,22.42303276,100,21.22395706,100,21.25289345,0,21.9145813
2023/5/7 1:15,100,22.42303276,100,21.22395706,100,21.15162086,0,21.9145813
2023/5/7 1:16,100,22.42303276,100,21.22395706,100,21.25289345,0,21.9145813
2023/5/7 1:17,100,22.42303276,100,21.22395706,100,21.25289345,0,21.9145813
2023/5/7 1:18,100,22.40856552,100,21.22395706,100,21.25289345,0,21.9145813
2023/5/7 1:19,100,22.42303276,100,21.22395706,100,21.25289345,0,21.9145813
2023/5/7 1:20,100,22.52430534,100,21.22395706,100,21.25289345,0,21.9145813
2023/5/7 1:21,100,22.42303276,100,21.22395706,100,21.1660881,0,21.9145813
2023/5/7 1:22,100,22.42303276,100,21.22395706,100,21.25289345,0,21.9145813
2023/5/7 1:23,100,22.42303276,100,21.32523155,100,21.23842621,0,21.9145813
2023/5/7 1:24,100,22.42303276,100,21.32523155,100,21.25289345,0,21.9145813
2023/5/7 1:25,100,22.40856552,100,21.32523155,100,21.25289345,0,21.9145813
2023/5/7 1:26,100,22.42303276,100,21.32523155,100,21.25289345,0,21.9145813
2023/5/7 1:27,100,22.52430534,100,21.32523155,100,21.25289345,0,21.9145813
2023/5/7 1:28,100,22.52430534,100,21.32523155,100,21.25289345,0,21.9145813
2023/5/7 1:29,100,22.52430534,100,21.22395706,100,21.25289345,0,21.9145813
2023/5/7 1:30,100,22.52430534,100,21.22395706,100,21.25289345,0,21.9145813
2023/5/7 1:31,100,22.52430534,100,21.22395706,100,21.25289345,0,21.9145813
2023/5/7 1:32,100,22.42303276,100,21.22395706,100,21.25289345,0,21.9145813
2023/5/7 1:33,100,22.42303276,100,21.22395706,100,21.25289345,0,21.9145813
2023/5/7 1:34,100,22.42303276,100,21.22395706,100,21.25289345,0,21.9145813
2023/5/7 1:35,100,22.42303276,100,21.22395706,100,21.25289345,0,21.9145813
2023/5/7 1:36,100,22.42303276,100,21.22395706,100,21.25289345,0,21.9145813
2023/5/7 1:37,100,22.40856552,100,21.22395706,100,21.23842621,0,21.9145813
2023/5/7 1:38,100,22.52430534,100,21.22395706,100,21.25289345,0,21.9145813
2023/5/7 1:39,100,22.52430534,100,21.22395706,100,21.25289345,0,21.9145813
2023/5/7 1:40,100,22.52430534,100,21.22395706,100,21.25289345,0,21.9145813
2023/5/7 1:41,100,22.52430534,100,21.22395706,100,21.25289345,0,21.9145813
2023/5/7 1:42,100,22.52430534,100,21.22395706,100,21.15162086,0,21.9145813
2023/5/7 1:43,100,22.52430534,100,21.22395706,100,21.25289345,0,21.9145813
2023/5/7 1:44,100,22.52430534,100,21.22395706,100,21.15162086,0,21.9145813
2023/5/7 1:45,100,22.52430534,100,21.22395706,100,21.15162086,0,21.9145813
2023/5/7 1:46,100,22.52430534,100,21.22395706,100,21.15162086,0,21.9145813
2023/5/7 1:47,100,22.42303276,100,21.32523155,100,21.25289345,0,21.9145813
2023/5/7 1:48,100,22.42303276,100,21.32523155,100,21.25289345,0,21.9145813
2023/5/7 1:49,100,22.42303276,100,21.32523155,100,21.25289345,0,21.9145813
2023/5/7 1:50,100,22.42303276,100,21.22395706,100,21.25289345,0,21.9145813
2023/5/7 1:51,100,22.42303276,100,21.32523155,100,21.15162086,0,21.9145813
2023/5/7 1:52,100,22.42303276,100,21.32523155,100,21.15162086,0,21.9145813
2023/5/7 1:53,100,22.42303276,100,21.32523155,100,21.15162086,0,21.9145813
2023/5/7 1:54,100,22.42303276,100,21.22395706,100,21.15162086,0,21.9145813
2023/5/7 1:55,100,22.42303276,100,21.22395706,100,21.13715172,0,21.9145813
2023/5/7 1:56,100,22.42303276,100,21.22395706,100,21.15162086,0,21.9145813
2023/5/7 1:57,100,22.42303276,100,21.22395706,100,21.25289345,0,21.9145813
2023/5/7 1:58,100,22.42303276,100,21.22395706,100,21.23842621,0,21.9145813
2023/5/7 1:59,100,22.42303276,100,21.22395706,100,21.25289345,0,21.9145813
2023/5/7 2:00,100,22.42303276,100,21.22395706,100,21.25289345,0,21.92905045
2023/5/7 2:01,100,22.42303276,100,21.12268448,100,21.25289345,0,21.9145813
2023/5/7 2:02,100,22.42303276,100,21.12268448,100,21.15162086,0,21.9145813
2023/5/7 2:03,100,22.42303276,100,21.12268448,100,21.15162086,0,21.9145813
2023/5/7 2:04,100,22.42303276,100,21.13715172,100,21.23842621,0,21.9145813
2023/5/7 2:05,100,22.42303276,100,21.0214119,100,21.15162086,0,21.9145813
2023/5/7 2:06,100,22.52430534,100,21.12268448,100,21.15162086,0,21.9145813
2023/5/7 2:07,100,22.52430534,100,21.12268448,100,21.15162086,0,21.9145813
2023/5/7 2:08,100,22.52430534,100,21.12268448,100,21.15162086,0,21.9145813
2023/5/7 2:09,100,22.52430534,100,21.13715172,100,21.25289345,0,21.9145813
2023/5/7 2:10,100,22.5098381,100,21.12268448,100,21.15162086,0,21.9145813
2023/5/7 2:11,100,22.52430534,100,21.12268448,100,21.15162086,0,21.9145813
2023/5/7 2:12,100,22.71238518,100,21.12268448,100,21.15162086,0,21.9145813
2023/5/7 2:13,100,22.72685242,100,21.12268448,100,21.15162086,0,21.9145813
2023/5/7 2:14,100,22.72685242,100,21.12268448,100,21.15162086,0,21.9145813
2023/5/7 2:15,100,22.5098381,100,21.12268448,100,21.15162086,0,21.9145813
2023/5/7 2:16,100,22.52430534,100,21.12268448,100,21.15162086,0,21.9145813
2023/5/7 2:17,100,22.72685242,100,21.0214119,100,21.05034828,0,21.9145813
2023/5/7 2:18,100,22.52430534,100,21.12268448,100,21.15162086,0,21.9145813
2023/5/7 2:19,100,22.71238518,100,21.12268448,100,21.15162086,0,21.9145813
2023/5/7 2:20,100,22.53877258,100,21.12268448,100,21.15162086,0,21.9145813
2023/5/7 2:21,100,22.52430534,100,21.12268448,100,21.15162086,0,21.9145813
2023/5/7 2:22,100,22.52430534,100,21.03587914,100,21.15162086,0,21.9145813
2023/5/7 2:23,100,22.4375,100,21.03587914,100,21.15162086,0,21.9145813
2023/5/7 2:24,100,22.52430534,100,21.0214119,100,21.15162086,0,21.9145813
2023/5/7 2:25,100,22.52430534,100,21.12268448,100,21.15162086,0,21.9145813
2023/5/7 2:26,100,22.52430534,100,21.12268448,100,21.15162086,0,21.90011406
2023/5/7 2:27,100,22.72685242,100,21.12268448,100,21.05034828,0,21.9145813
2023/5/7 2:28,100,22.52430534,100,21.12268448,100,21.05034828,0,21.90011406
2023/5/7 2:29,100,22.52430534,100,21.12268448,100,21.15162086,0,21.9145813
2023/5/7 2:30,100,22.52430534,100,21.12268448,100,21.15162086,0,21.9145813
2023/5/7 2:31,100,22.72685242,100,21.12268448,100,21.15162086,0,21.9145813
2023/5/7 2:32,100,22.52430534,100,21.13715172,100,21.15162086,0,21.9145813
2023/5/7 2:33,100,22.52430534,100,21.22395706,100,21.15162086,0,21.9145813
2023/5/7 2:34,100,22.52430534,100,21.22395706,100,21.20948982,0,21.9145813
2023/5/7 2:35,100,22.52430534,100,21.32523155,100,21.15162086,0,21.9145813
2023/5/7 2:36,100,22.52430534,100,21.32523155,100,21.25289345,0,21.9145813
2023/5/7 2:37,100,22.52430534,100,21.42650414,100,21.25289345,0,21.9145813
2023/5/7 2:38,100,22.52430534,100,21.42650414,100,21.25289345,0,21.9145813
2023/5/7 2:39,100,22.52430534,100,21.42650414,100,21.32523155,0,21.9145813
2023/5/7 2:40,100,22.5098381,100,21.42650414,100,21.35416794,0,21.9145813
2023/5/7 2:41,100,22.52430534,100,21.42650414,100,21.35416794,0,21.9145813
2023/5/7 2:42,100,22.42303276,100,21.42650414,100,21.33969879,0,21.9145813
2023/5/7 2:43,100,22.42303276,100,21.42650414,100,21.35416794,0,21.9145813
2023/5/7 2:44,100,22.42303276,100,21.42650414,100,21.35416794,0,21.9145813
2023/5/7 2:45,100,22.42303276,100,21.42650414,100,21.35416794,0,21.9145813
2023/5/7 2:46,100,22.42303276,100,21.42650414,100,21.33969879,0,21.9145813
2023/5/7 2:47,100,22.4375,100,21.42650414,100,21.35416794,0,21.9145813
2023/5/7 2:48,100,22.5098381,100,21.35416794,100,21.35416794,0,21.9145813
2023/5/7 2:49,100,22.52430534,100,21.32523155,100,21.35416794,0,21.9145813
2023/5/7 2:50,100,22.52430534,100,21.42650414,100,21.35416794,0,21.9145813
2023/5/7 2:51,100,22.52430534,100,21.42650414,100,21.33969879,0,21.9145813
2023/5/7 2:52,100,22.5098381,100,21.52777672,100,21.35416794,0,21.9145813
2023/5/7 2:53,100,22.52430534,100,21.52777672,100,21.35416794,0,21.9145813
2023/5/7 2:54,100,22.72685242,100,21.52777672,100,21.45544052,0,21.9145813
2023/5/7 2:55,100,22.72685242,100,21.52777672,100,21.35416794,0,21.9145813
2023/5/7 2:56,100,22.69791794,100,21.52777672,100,21.35416794,0,21.9145813
2023/5/7 2:57,100,22.52430534,100,21.42650414,100,21.35416794,0,21.9145813
2023/5/7 2:58,100,22.56770706,100,21.42650414,100,21.35416794,0,21.9145813
2023/5/7 2:59,100,22.52430534,100,21.42650414,100,21.35416794,0,21.9145813
2023/5/7 3:00,100,22.42303276,100,21.42650414,100,21.35416794,0,21.9145813
2023/5/7 3:01,100,22.42303276,100,21.42650414,100,21.35416794,0,21.9145813
2023/5/7 3:02,,22.42303276,,21.42650414,,21.35416794,59.09738159,22.08819389
2023/5/7 3:03,,22.42303276,,21.52777672,,21.35416794,100,22.11712837
2023/5/7 3:04,,22.40856552,,21.52777672,,21.35416794,100,22.11712837
2023/5/7 3:05,,,,,,,,
2023/5/7 3:06,,,,,,,,
2023/5/7 3:07,,,,,,,,
2023/5/7 3:08,,,,,,,,
2023/5/7 3:09,,,,,,,,
2023/5/7 3:10,,,,,,,,
2023/5/7 3:11,100,22.52430534,100,21.32523155,100,21.25289345,0,21.9145813
2023/5/7 3:12,100,22.52430534,100,21.32523155,100,21.25289345,0,21.90011406
2023/5/7 3:13,100,22.71238518,100,21.32523155,100,21.25289345,0,21.9145813
2023/5/7 3:14,100,22.53877258,100,21.32523155,100,21.25289345,0,21.9145813
2023/5/7 3:15,100,22.52430534,100,21.42650414,100,21.25289345,0,21.9145813
2023/5/7 3:16,100,22.52430534,100,21.32523155,100,21.23842621,0,21.9145813
2023/5/7 3:17,100,22.52430534,100,21.32523155,100,21.25289345,0,21.9145813
2023/5/7 3:18,100,22.52430534,100,21.32523155,100,21.25289345,0,21.9145813
2023/5/7 3:19,100,22.52430534,100,21.32523155,100,21.15162086,0,21.9145813
2023/5/7 3:20,100,22.52430534,100,21.32523155,100,21.15162086,0,21.9145813
2023/5/7 3:21,100,22.52430534,100,21.32523155,100,21.15162086,0,21.9145813
2023/5/7 3:22,100,22.52430534,100,21.22395706,100,21.15162086,0,21.9145813
2023/5/7 3:23,100,22.42303276,100,21.22395706,100,21.15162086,0,21.9145813
2023/5/7 3:24,100,22.42303276,100,21.22395706,100,21.15162086,0,21.9145813
2023/5/7 3:25,100,22.52430534,100,21.22395706,100,21.15162086,0,21.9145813
2023/5/7 3:26,100,22.52430534,100,21.13715172,100,21.15162086,0,21.9145813
2023/5/7 3:27,100,22.42303276,100,21.12268448,100,21.05034828,0,21.9145813
2023/5/7 3:28,100,22.42303276,100,21.12268448,100,21.05034828,0,21.9145813
2023/5/7 3:29,100,22.42303276,100,21.12268448,100,21.05034828,0,21.9145813
2023/5/7 3:30,100,22.42303276,100,21.12268448,99.66973877,21.05034828,0,21.9145813
2023/5/7 3:31,100,22.42303276,100,21.12268448,100,21.05034828,0,21.9145813
2023/5/7 3:32,100,22.32176018,100,21.13715172,100,21.05034828,0,21.9145813
2023/5/7 3:33,100,22.32176018,100,21.13715172,99.73088074,20.94907379,0,21.9145813
2023/5/7 3:34,100,22.42303276,100,21.03587914,95.60925293,20.94907379,0,21.9145813
2023/5/7 3:35,100,22.42303276,100,21.03587914,91.54017639,20.94907379,0,21.87117958
2023/5/7 3:36,100,22.40856552,100,21.03587914,87.40937805,20.94907379,0,21.81330872
2023/5/7 3:37,100,22.32176018,100,21.03587914,83.30657959,20.94907379,0,21.81330872
2023/5/7 3:38,100,22.32176018,100,21.03587914,79.16853333,20.94907379,0,21.81330872
2023/5/7 3:39,100,22.42303276,100,21.0214119,75.03517151,20.94907379,0,21.90011406
2023/5/7 3:40,100,22.42303276,100,21.0214119,70.9067688,20.94907379,0,21.81330872
2023/5/7 3:41,100,22.42303276,100,21.0214119,66.81144714,20.94907379,0,21.9145813
2023/5/7 3:42,100,22.32176018,100,21.13715172,62.69416428,20.94907379,0,21.9145813
2023/5/7 3:43,100,22.32176018,100,21.0214119,58.55233002,20.94907379,0,21.9145813
2023/5/7 3:44,100,22.32176018,100,21.0214119,54.42178726,20.94907379,0,21.9145813
2023/5/7 3:45,100,22.32176018,100,21.03587914,50.57246017,20.94907379,0,21.9145813
2023/5/7 3:46,100,22.32176018,100,21.0214119,46.50332642,20.94907379,0,21.9145813
2023/5/7 3:47,100,22.42303276,100,21.03587914,42.37657166,20.94907379,0,21.9145813
2023/5/7 3:48,100,22.40856552,100,21.0214119,43.85923386,21.05034828,0,21.9145813
2023/5/7 3:49,100,22.42303276,100,21.03587914,47.88182068,21.05034828,0,21.9145813
2023/5/7 3:50,100,22.42303276,100,21.03587914,51.86957932,21.05034828,0,21.9145813
2023/5/7 3:51,100,22.42303276,100,21.03587914,55.89423752,21.05034828,0,21.9145813
2023/5/7 3:52,100,22.5098381,99.82003784,21.03587914,59.92484665,21.05034828,0,21.9145813
2023/5/7 3:53,100,22.52430534,100,21.03587914,63.94685745,21.05034828,0,21.9145813
2023/5/7 3:54,100,22.52430534,100,21.12268448,68.20475006,21.05034828,0,21.9145813
2023/5/7 3:55,100,22.52430534,100,21.12268448,76.69524384,21.15162086,33.35900879,22.11712837
2023/5/7 3:56,100,22.71238518,100,21.12268448,84.44902802,21.13715172,100,22.11712837
2023/5/7 3:57,100,22.72685242,100,21.03587914,89.62017059,21.05034828,100,22.11712837
2023/5/7 3:58,100,22.81365776,100,21.0214119,93.6453476,21.05034828,99.53055573,21.94351768
2023/5/7 3:59,100,22.9004631,100,21.0214119,97.5927887,21.05034828,40.09408569,21.9145813
2023/5/7 4:00,100,22.84259224,100,21.0214119,99.59095764,20.94907379,0,21.9145813
2023/5/7 4:01,100,22.828125,97.89774323,20.92013931,94.71391296,20.84780121,0,21.9145813
2023/5/7 4:02,100,22.828125,92.0099411,20.83333206,82.51650238,20.84780121,0,21.90011406
2023/5/7 4:03,100,22.828125,84.22114563,20.84780121,70.52083588,20.86226845,0,21.81330872
2023/5/7 4:04,100,22.828125,73.17369843,20.83333206,58.56132507,20.84780121,0,21.81330872
2023/5/7 4:05,100,22.88599586,59.43316269,20.84780121,46.14165115,20.84780121,0,21.81330872
2023/5/7 4:06,100,22.828125,50.33194351,20.93460655,33.9943161,20.89120293,0,21.81330872
2023/5/7 4:07,100,22.828125,44.62937164,20.93460655,22.25012016,20.84780121,0,21.81330872
2023/5/7 4:08,100,22.81365776,38.88002396,20.93460655,12.61876583,20.94907379,0,21.71203613
2023/5/7 4:09,100,22.91493034,34.81580353,21.03587914,8.513185501,20.94907379,0,21.81330872
2023/5/7 4:10,100,22.91493034,37.13610458,21.03587914,9.560069084,21.05034828,0,21.81330872
2023/5/7 4:11,100,23.11747742,46.58919144,21.12268448,15.98014641,21.15162086,0,21.9145813
2023/5/7 4:12,100,23.10301018,59.84225082,21.22395706,28.42678452,21.22395706,0,21.9145813
2023/5/7 4:13,100,23.11747742,80.19758606,21.32523155,48.83731079,21.25289345,0,21.9145813
2023/5/7 4:14,100,23.11747742,100,21.42650414,77.11656952,21.35416794,0,21.9145813
2023/5/7 4:15,100,23.11747742,100,21.42650414,100,21.45544052,12.65433502,22.11712837
2023/5/7 4:16,100,23.11747742,100,21.38310242,100,21.45544052,100,22.11712837
2023/5/7 4:17,100,23.11747742,100,21.32523155,100,21.35416794,100,22.11712837
2023/5/7 4:18,100,23.11747742,100,21.32523155,100,21.35416794,100,22.11712837
2023/5/7 4:19,100,23.11747742,100,21.22395706,100,21.25289345,100,22.11712837
2023/5/7 4:20,100,23.11747742,100,21.22395706,100,21.25289345,100,22.11712837
2023/5/7 4:21,100,23.01620293,100,21.12268448,100,21.18055534,100,22.11712837
2023/5/7 4:22,100,23.01620293,100,21.03587914,100,21.15162086,83.65890503,21.9145813
2023/5/7 4:23,100,23.01620293,98.81778717,20.92013931,100,21.05034828,14.81022739,21.9145813
2023/5/7 4:24,100,23.01620293,96.42007446,21.03587914,100,21.05034828,0,21.9145813
2023/5/7 4:25,100,23.01620293,98.69018555,21.0214119,100,21.05034828,0,21.81330872
2023/5/7 4:26,100,23.11747742,98.78764343,20.92013931,99.5239563,20.94907379,0,21.81330872
2023/5/7 4:27,100,23.01620293,93.3287735,20.93460655,98.50268555,21.05034828,0,21.81330872
2023/5/7 4:28,100,23.01620293,87.68444061,20.93460655,94.64433289,20.94907379,0,21.72650337
2023/5/7 4:29,100,23.11747742,81.95924377,20.93460655,90.48266602,20.94907379,0,21.81330872
2023/5/7 4:30,100,23.11747742,77.30014038,21.0214119,86.43849182,20.94907379,0,21.769907
2023/5/7 4:31,100,23.11747742,79.59490967,21.0214119,82.21292114,20.94907379,0,21.81330872
2023/5/7 4:32,100,23.11747742,81.68193054,21.03587914,78.10496521,20.94907379,0,21.81330872
2023/5/7 4:33,100,23.11747742,78.81572723,20.93460655,74.02967834,20.94907379,0,21.81330872
2023/5/7 4:34,100,23.10301018,73.16675568,20.92013931,63.34553909,20.86226845,0,21.81330872
2023/5/7 4:35,100,23.01620293,63.37678146,20.83333206,51.17015457,20.84780121,0,21.81330872
2023/5/7 4:36,100,23.11747742,49.84443665,20.83333206,38.95249557,20.86226845,0,21.81330872
2023/5/7 4:37,100,23.01620293,38.28069305,20.83333206,26.90801811,20.86226845,0,21.81330872
2023/5/7 4:38,100,23.11747742,26.03725433,20.93460655,14.716465,20.84780121,0,21.81330872
2023/5/7 4:39,100,23.11747742,20.34431076,20.93460655,9.667730331,20.94907379,0,21.81330872
2023/5/7 4:40,100,23.11747742,14.61663055,20.93460655,5.527009487,20.94907379,0,21.81330872
2023/5/7 4:41,100,23.11747742,15.68405151,21.03587914,7.051766872,21.05034828,0,21.9145813
2023/5/7 4:42,100,23.21875,24.37899017,21.15162086,15.6583147,21.15162086,0,21.9145813
2023/5/7 4:43,100,23.21875,43.78155518,21.32523155,30.35925293,21.25289345,0,21.9145813
2023/5/7 4:44,100,23.30555534,71.51728821,21.42650414,53.07214355,21.35416794,0,21.9145813
2023/5/7 4:45,100,23.32002258,100,21.42650414,81.70948792,21.45544052,0,21.9145813
2023/5/7 4:46,100,23.32002258,100,21.52777672,100,21.44097328,0,21.9145813
2023/5/7 4:47,100,23.32002258,100,21.42650414,100,21.45544052,42.62306213,22.11712837
2023/5/7 4:48,100,23.01620293,100,21.42650414,100,21.35416794,100,22.11712837
2023/5/7 4:49,100,23.32002258,100,21.32523155,100,21.25289345,100,22.11712837
2023/5/7 4:50,100,23.21875,100,21.22395706,100,21.25289345,100,22.11712837
2023/5/7 4:51,100,23.11747742,100,21.12268448,100,21.13715172,100,22.11712837
2023/5/7 4:52,100,23.21875,100,21.03587914,100,21.05034828,80.9294281,21.9145813
2023/5/7 4:53,100,23.11747742,100,21.03587914,96.78501892,20.94907379,13.25820446,21.9145813
2023/5/7 4:54,100,23.11747742,97.72981262,20.92013931,92.62330627,20.94907379,0,21.9145813
2023/5/7 4:55,100,23.11747742,91.33576965,20.83333206,81.22724152,20.83333206,0,21.81330872
2023/5/7 4:56,100,23.11747742,78.1292572,20.83333206,69.33763885,20.84780121,0,21.81330872
2023/5/7 4:57,100,23.11747742,64.30287933,20.83333206,56.93720245,20.84780121,0,21.71203613
2023/5/7 4:58,100,23.11747742,50.6858902,20.83333206,44.65867615,20.84780121,0,21.72650337
2023/5/7 4:59,100,23.11747742,37.0413475,20.83333206,33.35736847,20.94907379,0,21.72650337
2023/5/7 5:00,100,23.11747742,26.21633148,20.93460655,29.2558136,20.94907379,0,21.71203613
2023/5/7 5:01,100,23.21875,20.61975479,20.93460655,25.45588875,20.94907379,0,21.72650337
2023/5/7 5:02,100,23.32002258,15.97361088,21.03587914,29.08015633,21.05034828,0,21.71203613
2023/5/7 5:03,100,23.32002258,20.91535378,21.13715172,37.97925186,21.15162086,0,21.81330872
2023/5/7 5:04,100,23.32002258,36.8354454,21.28182793,56.64085388,21.35416794,0,21.81330872
2023/5/7 5:05,100,23.32002258,62.98957825,21.42650414,85.18473053,21.35416794,0,21.81330872
2023/5/7 5:06,100,23.32002258,97.49667358,21.42650414,100,21.45544052,0,21.9145813
2023/5/7 5:07,100,23.01620293,100,21.42650414,100,21.45544052,0,21.9145813
2023/5/7 5:08,100,23.01620293,100,21.42650414,100,21.45544052,0,21.9145813
2023/5/7 5:09,100,23.01620293,100,21.42650414,100,21.35416794,0,21.9145813
2023/5/7 5:10,100,23.32002258,100,21.32523155,100,21.35416794,0,21.9145813
2023/5/7 5:11,100,23.32002258,100,21.31076431,100,21.35416794,0,21.9145813
2023/5/7 5:12,100,23.21875,100,21.22395706,100,21.35416794,0,21.9145813
2023/5/7 5:13,100,23.21875,100,21.22395706,100,21.25289345,0,21.9145813
2023/5/7 5:14,100,23.21875,100,21.22395706,100,21.25289345,0,21.9145813
2023/5/7 5:15,100,23.11747742,100,21.22395706,100,21.25289345,0,21.9145813
2023/5/7 5:16,100,23.21875,100,21.1660881,100,21.25289345,0,21.9145813
2023/5/7 5:17,100,23.11747742,100,21.13715172,100,21.25289345,0,21.9145813
2023/5/7 5:18,100,23.11747742,100,21.13715172,100,21.25289345,0,21.9145813
2023/5/7 5:19,100,23.11747742,100,21.12268448,100,21.15162086,0,21.9145813
2023/5/7 5:20,100,23.21875,100,21.0214119,100,21.13715172,0,21.9145813
2023/5/7 5:21,100,23.21875,100,21.0214119,100,21.15162086,0,21.9145813
2023/5/7 5:22,100,23.21875,100,21.13715172,100,21.15162086,0,21.9145813
2023/5/7 5:23,100,23.11747742,100,21.12268448,100,21.15162086,0,21.9145813
2023/5/7 5:24,100,23.11747742,100,21.12268448,100,21.15162086,0,21.9145813
2023/5/7 5:25,100,23.11747742,100,21.12268448,100,21.15162086,0,21.9145813
2023/5/7 5:26,100,23.11747742,100,21.0214119,100,21.05034828,0,21.9145813
2023/5/7 5:27,100,23.11747742,100,21.0214119,100,21.05034828,0,21.9145813
2023/5/7 5:28,100,23.01620293,100,21.03587914,100,21.05034828,0,21.9145813
2023/5/7 5:29,100,23.11747742,100,21.03587914,100,21.05034828,0,21.9145813
2023/5/7 5:30,100,23.01620293,100,21.03587914,100,21.05034828,0,21.9145813
2023/5/7 5:31,100,23.11747742,100,21.0214119,100,21.05034828,0,21.92905045
2023/5/7 5:32,100,23.11747742,100,21.03587914,100,21.05034828,0,21.9145813
2023/5/7 5:33,100,23.01620293,100,21.03587914,100,21.05034828,0,21.9145813
2023/5/7 5:34,100,23.11747742,100,21.0214119,100,21.05034828,0,21.9145813
2023/5/7 5:35,100,23.11747742,100,21.0214119,100,21.05034828,0,21.9145813
2023/5/7 5:36,100,23.11747742,100,21.03587914,100,21.05034828,0,21.9145813
2023/5/7 5:37,100,23.11747742,100,21.0214119,100,21.05034828,0,21.92905045
2023/5/7 5:38,100,23.11747742,100,21.03587914,100,21.13715172,0,21.81330872
2023/5/7 5:39,100,23.11747742,100,21.0214119,100,21.05034828,0,21.81330872
2023/5/7 5:40,100,23.11747742,100,21.03587914,100,21.05034828,0,21.81330872
2023/5/7 5:41,100,23.11747742,100,21.03587914,100,21.05034828,0,21.81330872
2023/5/7 5:42,100,23.11747742,96.42681885,20.93460655,100,21.05034828,0,21.81330872
2023/5/7 5:43,100,23.01620293,92.53974152,21.03587914,99.77877045,20.97801018,0,21.81330872
2023/5/7 5:44,100,23.10301018,94.85553741,21.03587914,100,21.05034828,0,21.81330872
2023/5/7 5:45,100,23.21875,97.06793213,21.0214119,100,21.05034828,0,21.81330872
2023/5/7 5:46,100,23.11747742,96.87919617,21.0214119,100,21.05034828,0,21.81330872
2023/5/7 5:47,100,23.11747742,99.22463989,21.0214119,100,21.05034828,0,21.81330872
2023/5/7 5:48,100,23.21875,99.88354492,20.92013931,100,21.05034828,0,21.81330872
2023/5/7 5:49,100,23.21875,95.23616028,20.93460655,100,21.05034828,0,21.81330872
2023/5/7 5:50,100,23.11747742,90.39321899,21.00694466,100,21.05034828,0,21.81330872
2023/5/7 5:51,100,23.11747742,92.73275757,21.03587914,100,21.05034828,0,21.81330872
2023/5/7 5:52,100,23.11747742,95.19540405,21.03587914,100,21.15162086,0,21.81330872
2023/5/7 5:53,100,23.11747742,97.6361084,21.03587914,100,21.15162086,0,21.81330872
2023/5/7 5:54,100,23.11747742,100,21.0214119,100,21.05034828,0,21.72650337
2023/5/7 5:55,100,23.11747742,100,21.03587914,100,21.05034828,0,21.72650337
2023/5/7 5:56,100,23.11747742,100,21.0214119,100,21.05034828,0,21.72650337
2023/5/7 5:57,100,23.11747742,100,21.0214119,100,21.05034828,0,21.72650337
2023/5/7 5:58,100,23.11747742,99.95305634,21.03587914,100,21.05034828,0,21.71203613
2023/5/7 5:59,100,23.11747742,96.15132904,20.93460655,100,21.05034828,0,21.72650337
2023/5/7 6:00,100,23.11747742,90.45446014,20.93460655,98.27355957,20.94907379,0,21.72650337
2023/5/7 6:01,100,23.11747742,84.96720886,20.93460655,94.16899109,20.94907379,0,21.72650337
2023/5/7 6:02,100,23.01620293,79.43108368,20.93460655,90.05789185,20.94907379,0,21.71203613
2023/5/7 6:03,100,23.11747742,73.80804443,20.92013931,85.92530823,20.94907379,0,21.71203613
2023/5/7 6:04,100,23.21875,68.27462769,20.93460655,81.86471558,20.94907379,0,21.61076355
2023/5/7 6:05,100,23.21875,62.09931183,20.90567207,77.72195435,20.94907379,0,21.62523079
2023/5/7 6:06,100,23.11747742,55.89343643,20.93460655,73.58172607,20.94907379,0,21.62523079
2023/5/7 6:07,100,23.21875,50.30113983,20.92013931,69.45414734,20.94907379,0,21.62523079
2023/5/7 6:08,100,23.21875,47.16281891,21.03587914,65.33287048,20.94907379,0,21.62523079
2023/5/7 6:09,100,23.11747742,49.0867157,21.03587914,61.27914429,20.94907379,0,21.62523079
2023/5/7 6:10,100,23.21875,51.3932991,21.03587914,57.13145065,20.94907379,0,21.62523079
2023/5/7 6:11,100,23.11747742,53.65596771,21.03587914,57.52168655,21.05034828,0,21.62523079
2023/5/7 6:12,100,23.11747742,62.68554688,21.13715172,61.55641937,21.05034828,0,21.5239563
2023/5/7 6:13,100,23.11747742,72.91474915,21.12268448,65.60468292,21.05034828,0,21.5239563
2023/5/7 6:14,100,23.21875,83.03249359,21.12268448,69.63557434,21.05034828,0,21.5239563
2023/5/7 6:15,100,23.11747742,98.05319214,21.22395706,73.63516998,21.05034828,0,21.5239563
2023/5/7 6:16,100,23.11747742,100,21.12268448,77.66001129,21.05034828,0,21.5239563
2023/5/7 6:17,100,23.11747742,100,21.12268448,81.68447113,21.05034828,0,21.5239563
2023/5/7 6:18,100,23.11747742,100,21.0214119,85.73735046,21.05034828,0,21.5239563
2023/5/7 6:19,100,23.21875,100,21.0214119,89.68964386,21.05034828,0,21.5239563
2023/5/7 6:20,100,23.21875,100,21.03587914,93.71591949,21.05034828,0,21.5239563
2023/5/7 6:21,100,23.11747742,99.34007263,20.94907379,97.73146057,21.05034828,0,21.5239563
2023/5/7 6:22,100,23.11747742,94.19641876,20.93460655,100,21.05034828,0,21.5239563
2023/5/7 6:23,100,23.11747742,88.67809296,20.93460655,100,21.05034828,0,21.5239563
2023/5/7 6:24,100,23.11747742,83.15068054,20.93460655,100,21.05034828,0,21.5239563
2023/5/7 6:25,100,23.11747742,77.49676514,20.93460655,100,21.05034828,0,21.5239563
2023/5/7 6:26,100,23.01620293,71.87915802,20.92013931,99.15690613,20.94907379,0,21.42268372
2023/5/7 6:27,100,23.11747742,66.35198212,20.93460655,95.0894165,20.94907379,0,21.42268372
2023/5/7 6:28,100,23.11747742,60.68725967,20.93460655,90.9359436,20.94907379,0,21.42268372
2023/5/7 6:29,100,23.11747742,55.10456848,20.93460655,86.79003906,20.94907379,0,21.42268372
2023/5/7 6:30,100,23.01620293,49.57598114,20.93460655,82.70422363,20.94907379,0,21.42268372
2023/5/7 6:31,100,23.01620293,43.94027328,20.93460655,78.83178711,20.94907379,0,21.42268372
2023/5/7 6:32,100,23.01620293,38.60237122,20.92013931,82.01618958,21.00694466,0,21.42268372
2023/5/7 6:33,100,23.01620293,39.14623642,21.03587914,84.22943878,21.05034828,0,21.42268372
2023/5/7 6:34,100,23.11747742,41.52368546,21.0214119,88.1672287,21.05034828,0,21.42268372
2023/5/7 6:35,100,23.11747742,46.68193054,21.12268448,92.18722534,21.05034828,0,21.40821648
2023/5/7 6:36,100,23.11747742,60.14357758,21.22395706,98.57299805,21.15162086,0,21.42268372
2023/5/7 6:37,100,23.20428276,77.96906281,21.22395706,100,21.13715172,0,21.42268372
2023/5/7 6:38,100,23.21875,95.42311859,21.20948982,100,21.15162086,0,21.42268372
2023/5/7 6:39,100,23.11747742,100,21.12268448,100,21.15162086,0,21.39374924
2023/5/7 6:40,100,23.11747742,100,21.03587914,100,21.05034828,0,21.32141113
2023/5/7 6:41,100,23.11747742,100,21.03587914,100,21.05034828,0,21.32141113
2023/5/7 6:42,100,23.11747742,97.88369751,20.93460655,100,21.05034828,0,21.32141113
2023/5/7 6:43,100,23.11747742,92.25137329,20.92013931,96.68994141,20.94907379,0,21.32141113
2023/5/7 6:44,100,23.01620293,86.61265564,20.92013931,92.57646179,20.94907379,0,21.32141113
2023/5/7 6:45,100,23.01620293,80.93770599,20.93460655,88.43855286,20.94907379,0,21.32141113
2023/5/7 6:46,100,23.01620293,75.41700745,20.92013931,84.39424133,20.94907379,0,21.32141113
2023/5/7 6:47,100,23.11747742,67.91275024,20.83333206,80.30587769,20.94907379,0,21.32141113
2023/5/7 6:48,100,23.10301018,55.31541443,20.92013931,76.1139679,20.94907379,0,21.32141113
2023/5/7 6:49,100,23.11747742,47.93222809,20.93460655,71.98851013,20.94907379,0,21.29247665
2023/5/7 6:50,100,23.11747742,42.30324554,20.92013931,67.9221344,20.94907379,0,21.22013855
2023/5/7 6:51,100,23.11747742,36.63249969,20.92013931,63.79659271,20.94907379,0,21.22013855
2023/5/7 6:52,100,23.11747742,30.9712162,20.92013931,59.66488647,20.94907379,0,21.22013855
2023/5/7 6:53,100,23.11747742,31.63056755,21.03587914,60.82164764,21.05034828,0,21.22013855
2023/5/7 6:54,100,23.11747742,35.45991898,21.12268448,64.78479004,21.05034828,0,21.22013855
2023/5/7 6:55,100,23.21875,45.66126251,21.13715172,68.81507111,21.12268448,0,21.22013855
2023/5/7 6:56,100,23.32002258,62.62651825,21.22395706,80.53005981,21.15162086,0,21.22013855
2023/5/7 6:57,100,23.32002258,80.71968079,21.22395706,92.70679474,21.15162086,0,21.32141113
2023/5/7 6:58,100,23.32002258,98.53832245,21.22395706,100,21.15162086,0,21.32141113
2023/5/7 6:59,100,23.21875,100,21.22395706,100,21.15162086,0,21.32141113
2023/5/7 7:00,100,23.21875,100,21.22395706,100,21.15162086,0,21.32141113
2023/5/7 7:01,100,23.32002258,100,21.13715172,100,21.15162086,0,21.32141113
2023/5/7 7:02,100,23.32002258,100,21.13715172,100,21.15162086,0,21.32141113
2023/5/7 7:03,100,23.32002258,100,21.13715172,100,21.05034828,0,21.32141113
2023/5/7 7:04,100,23.32002258,99.99562073,21.03587914,99.96895599,21.05034828,0,21.32141113
2023/5/7 7:05,100,23.32002258,100,21.0214119,97.50524902,20.94907379,0,21.32141113
2023/5/7 7:06,100,23.21875,100,21.03587914,93.4818573,20.94907379,0,21.32141113
2023/5/7 7:07,100,23.11747742,99.13509369,20.93460655,89.41873169,20.94907379,0,21.32141113
2023/5/7 7:08,100,23.17534828,93.38465118,20.92013931,85.22174072,20.94907379,0,21.30694389
2023/5/7 7:09,100,23.32002258,87.77501678,20.92013931,81.07821655,20.94907379,0,21.22013855
2023/5/7 7:10,100,23.21875,82.1684494,20.92013931,77.00923157,20.94907379,0,21.20567131
2023/5/7 7:11,100,23.21875,76.68100739,20.93460655,72.84558105,20.94907379,0,21.22013855
2023/5/7 7:12,100,23.21875,77.0161972,21.03587914,68.70635986,20.94907379,0,21.20567131
2023/5/7 7:13,100,23.32002258,79.30584717,21.03587914,64.63490295,20.94907379,0,21.22013855
2023/5/7 7:14,100,23.32002258,83.66751099,21.13715172,60.4925766,20.94907379,0,21.22013855
2023/5/7 7:15,100,23.21875,93.84914398,21.12268448,56.82728195,20.97801018,0,21.22013855
2023/5/7 7:16,100,23.32002258,100,21.13715172,57.39339828,20.94907379,0,21.22013855
2023/5/7 7:17,100,23.21875,100,21.0214119,57.98828506,21.05034828,0,21.22013855
2023/5/7 7:18,100,23.32002258,100,21.12268448,62.02944183,21.05034828,0,21.22013855
2023/5/7 7:19,100,23.21875,100,21.12268448,66.0639801,21.05034828,0,21.22013855
2023/5/7 7:20,100,23.20428276,100,21.12268448,70.0268631,21.05034828,0,21.22013855
2023/5/7 7:21,100,23.21875,100,21.0214119,74.05660248,21.05034828,0,21.22013855
2023/5/7 7:22,100,23.32002258,100,21.0214119,77.56052399,21.05034828,0,21.23460579
2023/5/7 7:23,100,23.32002258,100,21.0214119,78.50396729,20.94907379,0,21.22013855
2023/5/7 7:24,100,23.21875,100,21.0214119,74.83335876,21.00694466,0,21.30694389
2023/5/7 7:25,100,23.26215172,100,21.03587914,71.56971741,20.94907379,0,21.22013855
2023/5/7 7:26,100,23.21875,99.66844177,20.92013931,67.4442749,20.94907379,0,21.22013855
2023/5/7 7:27,100,23.11747742,94.12306213,20.93460655,63.32366943,20.94907379,0,21.23460579
2023/5/7 7:28,100,23.11747742,88.48338318,20.93460655,59.23613358,20.86226845,0,21.22013855
2023/5/7 7:29,100,23.11747742,77.86990356,20.83333206,47.24318695,20.84780121,0,21.22013855
2023/5/7 7:30,100,23.11747742,64.92732239,20.83333206,35.47904587,20.84780121,0,21.22013855
2023/5/7 7:31,100,23.11747742,57.24520874,20.92013931,22.80996323,20.84780121,0,21.20567131
2023/5/7 7:32,100,23.11747742,51.59474945,20.93460655,10.97185421,20.84780121,0,21.23460579
2023/5/7 7:33,100,23.11747742,48.75912094,21.03587914,6.201211452,20.94907379,0,21.22013855
2023/5/7 7:34,100,23.11747742,54.10182571,21.12268448,7.239942551,21.05034828,0,21.32141113
2023/5/7 7:35,100,23.11747742,64.7277298,21.22395706,12.31283569,21.15162086,0,21.32141113
2023/5/7 7:36,100,23.11747742,82.06861115,21.22395706,24.49720955,21.15162086,0,21.32141113
2023/5/7 7:37,100,23.11747742,100,21.22395706,40.48498917,21.25289345,0,21.42268372
2023/5/7 7:38,100,23.11747742,100,21.22395706,60.5590744,21.25289345,0,21.42268372
2023/5/7 7:39,100,23.11747742,100,21.22395706,81.2519989,21.25289345,0,21.5239563
2023/5/7 7:40,100,23.11747742,100,21.28182793,100,21.25289345,0,21.5239563
2023/5/7 7:41,100,23.11747742,100,21.32523155,100,21.25289345,0,21.5239563
2023/5/7 7:42,100,23.10301018,100,21.28182793,100,21.25289345,0,21.5239563
2023/5/7 7:43,100,23.11747742,100,21.22395706,100,21.25289345,0,21.5239563
2023/5/7 7:44,100,23.11747742,100,21.12268448,100,21.15162086,0,21.5239563
2023/5/7 7:45,100,23.11747742,100,21.12268448,100,21.15162086,0,21.5239563
2023/5/7 7:46,100,23.10301018,100,21.12268448,100,21.07928276,0,21.5239563
2023/5/7 7:47,100,23.21875,100,21.13715172,100,21.05034828,0,21.5239563
2023/5/7 7:48,100,23.11747742,100,21.12268448,100,21.05034828,0,21.5239563
2023/5/7 7:49,100,23.11747742,100,21.0214119,100,21.05034828,0,21.5239563
2023/5/7 7:50,100,23.21875,100,21.0214119,100,21.05034828,0,21.50948906
2023/5/7 7:51,100,23.32002258,98.71620178,20.96354294,100,21.05034828,0,21.5239563
2023/5/7 7:52,100,23.32002258,96.66641235,20.92013931,98.09567261,20.94907379,0,21.5239563
2023/5/7 7:53,100,23.32002258,90.93071747,20.93460655,93.96183777,20.94907379,0,21.48055458
2023/5/7 7:54,100,23.21875,88.88819122,21.03587914,89.81787109,20.94907379,0,21.42268372
2023/5/7 7:55,100,23.21875,91.1854248,21.03587914,85.68089294,20.94907379,0,21.42268372
2023/5/7 7:56,100,23.11747742,93.17301178,21.03587914,81.61552429,20.94907379,0,21.42268372
2023/5/7 7:57,100,23.11747742,89.6316452,20.92013931,75.51791382,20.86226845,0,21.32141113
2023/5/7 7:58,100,23.01620293,83.98704529,20.93460655,63.39133835,20.84780121,0,21.32141113
2023/5/7 7:59,100,23.11747742,75.34668732,20.83333206,51.26226425,20.84780121,0,21.32141113
2023/5/7 8:00,100,23.11747742,65.88825226,20.93460655,39.46948624,20.84780121,0,21.32141113
2023/5/7 8:01,100,23.10301018,60.18535614,20.92013931,27.04542923,20.84780121,0,21.30694389
2023/5/7 8:02,100,23.11747742,58.94195557,20.99247742,15.3658905,20.92013931,0,21.32141113
2023/5/7 8:03,100,23.11747742,54.98483658,20.96354294,11.05072021,20.94907379,0,21.32141113
2023/5/7 8:04,100,23.11747742,53.23941803,20.92013931,6.991474152,20.94907379,0,21.32141113
2023/5/7 8:05,100,23.11747742,51.60918808,21.03587914,5.258682728,21.05034828,0,21.30694389
2023/5/7 8:06,100,23.01620293,54.81479645,21.13715172,10.91288376,21.15162086,0,21.42268372
2023/5/7 8:07,100,23.11747742,64.76578522,21.12268448,23.10793495,21.15162086,0,21.42268372
2023/5/7 8:08,100,23.11747742,78.45905304,21.22395706,43.06072617,21.25289345,0,21.42268372
2023/5/7 8:09,100,23.11747742,96.55179596,21.22395706,63.42676926,21.25289345,0,21.5239563
2023/5/7 8:10,100,23.21875,100,21.22395706,88.45314789,21.35416794,0,21.5239563
2023/5/7 8:11,100,23.21875,100,21.22395706,100,21.25289345,0,21.5239563
2023/5/7 8:12,100,23.21875,100,21.22395706,100,21.23842621,0,21.62523079
2023/5/7 8:13,100,23.01620293,100,21.12268448,100,21.25289345,0,21.59629631
2023/5/7 8:14,100,22.828125,100,21.12268448,100,21.15162086,0,21.5239563
2023/5/7 8:15,100,22.81365776,100,21.03587914,100,21.05034828,0,21.5239563
2023/5/7 8:16,100,22.72685242,100,21.03587914,100,21.05034828,0,21.50948906
2023/5/7 8:17,100,22.72685242,100,21.03587914,100,21.05034828,0,21.5239563
2023/5/7 8:18,100,22.72685242,96.83798218,20.93460655,100,21.05034828,0,21.49502182
2023/5/7 8:19,100,22.66898155,91.14660645,20.93460655,96.44569397,20.94907379,0,21.42268372
2023/5/7 8:20,100,22.71238518,85.48628998,20.93460655,92.32373047,20.94907379,0,21.42268372
2023/5/7 8:21,100,22.72685242,73.82342529,20.83333206,88.19241333,20.94907379,0,21.42268372
2023/5/7 8:22,100,22.52430534,60.46081543,20.83333206,84.13301086,20.94907379,0,21.32141113
2023/5/7 8:23,100,22.72685242,47.91479492,20.83333206,79.99205017,20.94907379,0,21.32141113
2023/5/7 8:24,100,22.71238518,37.31287384,20.93460655,75.58273315,20.94907379,0,21.32141113
2023/5/7 8:25,100,22.91493034,31.56306076,20.92013931,71.42262268,20.94907379,0,21.32141113
2023/5/7 8:26,100,23.01620293,25.99751282,20.93460655,67.29266357,20.94907379,0,21.32141113
2023/5/7 8:27,100,22.91493034,22.01594543,21.03587914,63.23385239,20.94907379,0,21.32141113
2023/5/7 8:28,100,22.91493034,24.41714668,21.0214119,64.04406738,21.05034828,0,21.22013855
2023/5/7 8:29,100,22.91493034,26.81876755,21.03587914,68.05763245,21.05034828,0,21.22013855
2023/5/7 8:30,100,22.92939758,30.82301331,21.12268448,72.09072876,21.05034828,0,21.22013855
2023/5/7 8:31,100,22.91493034,40.83329773,21.12268448,80.49391174,21.15162086,0,21.32141113
2023/5/7 8:32,100,22.91493034,53.25491333,21.22395706,92.66943359,21.15162086,0,21.22013855
2023/5/7 8:33,100,23.01620293,64.84628296,21.12268448,100,21.15162086,0,21.22013855
2023/5/7 8:34,100,22.91493034,75.06533813,21.12268448,100,21.05034828,0,21.22013855
2023/5/7 8:35,100,22.91493034,85.14321899,21.13715172,100,21.05034828,0,21.20567131
2023/5/7 8:36,100,22.828125,93.43362427,21.03587914,100,21.05034828,0,21.22013855
2023/5/7 8:37,100,22.828125,95.7776947,21.03587914,100,21.05034828,0,21.22013855
2023/5/7 8:38,100,22.74131966,97.66772461,21.03587914,97.51586914,20.94907379,0,21.20567131
2023/5/7 8:39,100,22.72685242,97.62814331,21.0214119,93.44940186,20.94907379,0,21.22013855
2023/5/7 8:40,100,22.72685242,94.98011017,20.92013931,89.32675171,20.94907379,0,21.22013855
2023/5/7 8:41,100,22.72685242,89.42701721,20.93460655,85.19689941,20.94907379,0,21.22013855
2023/5/7 8:42,100,22.71238518,87.48776245,20.92013931,81.12660217,20.94907379,0,21.22013855
2023/5/7 8:43,100,22.828125,81.87860107,20.93460655,77.04782104,20.94907379,0,21.11886406
2023/5/7 8:44,100,22.828125,74.0317688,20.83333206,72.02601624,20.84780121,0,21.11886406
2023/5/7 8:45,100,22.828125,61.53243637,20.83333206,59.8656044,20.84780121,0,21.22013855
2023/5/7 8:46,100,22.72685242,53.50980377,20.92013931,47.83411407,20.84780121,0,21.11886406
2023/5/7 8:47,100,22.72685242,47.76743317,20.93460655,39.49826431,20.94907379,0,21.11886406
2023/5/7 8:48,100,22.72685242,43.1659317,21.03587914,35.35202026,20.94907379,0,21.11886406
2023/5/7 8:49,100,22.72685242,45.3552742,21.03587914,31.21324158,20.94907379,0,21.11886406
2023/5/7 8:50,100,22.72685242,47.46733475,21.0214119,30.00464058,21.05034828,0,21.11886406
2023/5/7 8:51,100,22.71238518,51.62624741,21.03587914,33.97166443,21.05034828,0,21.22013855
2023/5/7 8:52,100,22.72685242,61.17189407,21.12268448,37.98591232,21.05034828,0,21.20567131
2023/5/7 8:53,100,22.71238518,71.27624512,21.12268448,41.99588013,21.05034828,0,21.22013855
2023/5/7 8:54,100,22.72685242,81.32674408,21.13715172,45.99477005,21.05034828,0,21.22013855
2023/5/7 8:55,100,22.81365776,91.28881073,21.12268448,49.94922256,21.05034828,0,21.32141113
2023/5/7 8:56,100,22.72685242,100,21.12268448,57.76020432,21.15162086,0,21.32141113
2023/5/7 8:57,100,22.72685242,100,21.12268448,69.43977356,21.15162086,0,21.32141113
2023/5/7 8:58,100,22.71238518,100,21.13715172,80.64582062,21.15162086,0,21.32141113
2023/5/7 8:59,100,22.52430534,100,21.13715172,91.93346405,21.05034828,0,21.32141113
2023/5/7 9:00,100,22.52430534,100,21.03587914,96.03073883,21.05034828,0,21.32141113
2023/5/7 9:01,100,22.5098381,100,21.03587914,99.45366669,21.03587914,0,21.32141113
2023/5/7 9:02,100,22.72685242,100,21.0214119,95.35525513,20.94907379,0,21.32141113
2023/5/7 9:03,100,22.52430534,99.80145264,21.03587914,91.29556274,20.94907379,0,21.32141113
2023/5/7 9:04,100,22.52430534,94.16069031,20.93460655,86.98959351,20.94907379,0,21.32141113
2023/5/7 9:05,100,22.5098381,88.43697357,20.93460655,77.02257538,20.84780121,0,21.32141113
2023/5/7 9:06,100,22.52430534,82.72702026,20.93460655,69.04537964,20.94907379,0,21.32141113
2023/5/7 9:07,100,22.52430534,77.11356354,20.93460655,64.34451294,20.94907379,0,21.20567131
2023/5/7 9:08,100,22.64004707,71.47280884,20.93460655,60.16773987,20.94907379,0,21.22013855
2023/5/7 9:09,100,22.52430534,65.87639618,20.93460655,56.05576706,20.94907379,0,21.22013855
2023/5/7 9:10,100,22.52430534,60.31800842,20.92013931,51.86766052,20.94907379,0,21.22013855
2023/5/7 9:11,100,22.42303276,55.08542633,20.93460655,47.78729248,20.94907379,0,21.22013855
2023/5/7 9:12,100,22.42303276,49.65689087,20.93460655,43.63944244,20.93460655,0,21.22013855
2023/5/7 9:13,100,22.32176018,44.06435394,20.93460655,39.51711273,20.94907379,0,21.26354218
2023/5/7 9:14,100,22.42303276,38.48858643,20.93460655,35.39617157,20.94907379,0,21.22013855
2023/5/7 9:15,100,22.42303276,32.93783569,20.92013931,31.34032059,20.94907379,0,21.30694389
2023/5/7 9:16,100,22.42303276,30.31301498,21.03587914,27.19975281,20.94907379,0,21.32141113
2023/5/7 9:17,100,22.52430534,32.68413544,21.03587914,28.37568092,21.05034828,0,21.32141113
2023/5/7 9:18,100,22.5098381,36.78211975,21.13715172,32.75911713,21.05034828,0,21.39374924
2023/5/7 9:19,100,22.52430534,46.94597626,21.12268448,44.59069824,21.15162086,0,21.32141113
2023/5/7 9:20,100,22.72685242,64.30213165,21.22395706,60.01583481,21.25289345,0,21.42268372
2023/5/7 9:21,100,22.72685242,87.49873352,21.32523155,80.11769104,21.25289345,0,21.5239563
2023/5/7 9:22,100,22.71238518,100,21.32523155,100,21.26736069,0,21.5239563
2023/5/7 9:23,100,22.72685242,100,21.32523155,100,21.25289345,0,21.5239563
2023/5/7 9:24,100,22.55323982,100,21.22395706,100,21.25289345,0,21.5239563
2023/5/7 9:25,100,22.72685242,100,21.22395706,100,21.15162086,0,21.5239563
2023/5/7 9:26,100,22.72685242,100,21.12268448,100,21.15162086,0,21.61076355
2023/5/7 9:27,100,22.72685242,100,21.12268448,100,21.05034828,0,21.62523079
2023/5/7 9:28,100,22.52430534,100,21.13715172,100,21.15162086,0,21.5239563
2023/5/7 9:29,100,22.4375,100,21.12268448,100,21.15162086,0,21.5239563
2023/5/7 9:30,100,22.52430534,100,21.12268448,100,21.05034828,0,21.50948906
2023/5/7 9:31,100,22.52430534,100,21.12268448,100,21.05034828,0,21.5239563
2023/5/7 9:32,100,22.42303276,100,21.0214119,100,21.05034828,0,21.5239563
2023/5/7 9:33,100,22.52430534,100,21.03587914,100,21.05034828,0,21.5239563
2023/5/7 9:34,100,22.52430534,98.37024689,20.92013931,98.17088318,20.94907379,0,21.5239563
2023/5/7 9:35,100,22.42303276,92.79666901,20.92013931,94.04441833,20.94907379,0,21.5239563
2023/5/7 9:36,100,22.42303276,87.40000916,20.93460655,90.12582397,20.94907379,0,21.5239563
2023/5/7 9:37,100,22.52430534,81.52410889,20.92013931,85.86398315,20.94907379,0,21.5239563
2023/5/7 9:38,100,22.42303276,75.85322571,20.93460655,81.75898743,20.94907379,0,21.5239563
2023/5/7 9:39,100,22.42303276,70.22420502,20.92013931,77.63595581,20.94907379,0,21.5239563
2023/5/7 9:40,100,22.52430534,64.5754776,20.93460655,73.56526184,20.94907379,0,21.5239563
2023/5/7 9:41,100,22.65451431,58.88623428,20.93460655,65.90446472,20.94907379,0,21.62523079
2023/5/7 9:42,100,22.72685242,53.19688797,20.93460655,61.86872101,20.94907379,0,21.62523079
2023/5/7 9:43,100,22.5098381,52.12459946,21.0214119,57.744133,20.94907379,0,21.62523079
2023/5/7 9:44,100,22.72685242,54.44654846,21.0214119,59.00708008,21.05034828,0,21.62523079
2023/5/7 9:45,100,22.71238518,59.94633865,21.13715172,67.22035217,21.15162086,0,21.62523079
2023/5/7 9:46,100,22.71238518,69.79324341,21.12268448,79.1799469,21.15162086,0,21.62523079
2023/5/7 9:47,100,22.72685242,79.87115479,21.12268448,91.36019135,21.15162086,0,21.62523079
2023/5/7 9:48,100,22.71238518,89.88311768,21.12268448,100,21.15162086,0,21.62523079
2023/5/7 9:49,100,22.71238518,99.94168854,21.12268448,100,21.15162086,0,21.62523079
2023/5/7 9:50,100,22.52430534,100,21.12268448,100,21.05034828,0,21.61076355
2023/5/7 9:51,100,22.72685242,100,21.03587914,100,21.05034828,0,21.62523079
2023/5/7 9:52,100,22.72685242,100,21.03587914,100,21.05034828,0,21.62523079
2023/5/7 9:53,100,22.71238518,100,21.03587914,100,21.05034828,0,21.62523079
2023/5/7 9:54,100,22.52430534,100,21.0214119,100,21.03587914,0,21.62523079
2023/5/7 9:55,100,22.52430534,100,21.0214119,100,21.05034828,0,21.61076355
2023/5/7 9:56,100,22.52430534,100,21.03587914,96.4931488,20.94907379,0,21.62523079
2023/5/7 9:57,100,22.52430534,99.54667664,20.97801018,92.371521,20.94907379,0,21.61076355
2023/5/7 9:58,100,22.52430534,94.80091095,20.93460655,88.22917175,20.94907379,0,21.62523079
2023/5/7 9:59,100,22.52430534,89.97471619,20.93460655,84.14820862,20.94907379,0,21.61076355
2023/5/7 10:00,100,22.52430534,84.24931335,20.93460655,80.01902771,20.94907379,0,21.62523079
2023/5/7 10:01,100,22.52430534,78.53900146,20.92013931,75.87835693,20.94907379,0,21.61076355
2023/5/7 10:02,100,22.45196724,73.09693909,20.92013931,72.60332489,21.05034828,0,21.61076355
2023/5/7 10:03,100,22.52430534,67.36411285,20.93460655,76.39138794,21.05034828,0,21.62523079
2023/5/7 10:04,100,22.52430534,66.45066071,21.0214119,80.04832458,21.05034828,0,21.62523079
2023/5/7 10:05,100,22.5098381,68.70671844,21.0214119,84.08747101,21.05034828,0,21.62523079
2023/5/7 10:06,100,22.52430534,70.73038483,21.0214119,87.98073578,21.05034828,0,21.62523079
2023/5/7 10:07,100,22.42303276,72.9487915,21.03587914,90.95362854,21.05034828,0,21.62523079
2023/5/7 10:08,100,22.42303276,75.13880157,21.03587914,94.99819946,21.05034828,0,21.62523079
2023/5/7 10:09,100,22.52430534,77.36039734,21.03587914,93.70445251,20.94907379,0,21.61076355
2023/5/7 10:10,100,22.42303276,79.64434052,21.03587914,95.34915161,21.05034828,0,21.62523079
2023/5/7 10:11,100,22.49537086,81.84867096,21.03587914,94.616745,20.94907379,0,21.61076355
2023/5/7 10:12,100,22.52430534,84.07621765,21.03587914,90.48936462,20.94907379,0,21.62523079
2023/5/7 10:13,100,22.42303276,86.23169708,21.0214119,86.42401123,20.94907379,0,21.62523079
2023/5/7 10:14,100,22.52430534,88.43943024,21.0214119,82.36553955,20.94907379,0,21.62523079
2023/5/7 10:15,100,22.42303276,90.77488708,21.0214119,78.16830444,20.94907379,0,21.62523079
2023/5/7 10:16,100,22.42303276,92.93640137,21.0214119,74.95445251,21.05034828,0,21.62523079
2023/5/7 10:17,100,22.52430534,95.19298553,21.03587914,78.92545319,21.05034828,0,21.62523079
2023/5/7 10:18,100,22.72685242,97.54647827,21.0214119,82.95975494,21.05034828,0,21.71203613
2023/5/7 10:19,100,22.72685242,99.79294586,21.03587914,86.90940094,21.05034828,0,21.72650337
2023/5/7 10:20,100,22.52430534,100,21.0214119,90.93107605,21.05034828,0,21.68310165
2023/5/7 10:21,100,22.42303276,99.40354919,20.93460655,89.22946167,20.94907379,0,21.72650337
2023/5/7 10:22,100,22.72685242,93.88043213,20.93460655,85.15586853,20.94907379,0,21.72650337
2023/5/7 10:23,100,22.72685242,88.30345154,20.93460655,81.57794189,20.94907379,0,21.65416718
2023/5/7 10:24,100,22.52430534,82.94959259,20.92013931,77.36312866,20.94907379,0,21.71203613
2023/5/7 10:25,100,22.66898155,77.25225067,20.92013931,73.30955505,20.94907379,0,21.72650337
2023/5/7 10:26,100,22.52430534,71.57994843,20.92013931,69.18997192,20.94907379,0,21.62523079
2023/5/7 10:27,100,22.52430534,66.35069275,20.93460655,65.05418396,20.94907379,0,21.62523079
2023/5/7 10:28,100,22.52430534,62.50595093,21.0214119,62.1252327,21.03587914,0,21.61076355
2023/5/7 10:29,100,22.52430534,64.76391602,21.0214119,65.82846069,21.05034828,0,21.62523079
2023/5/7 10:30,100,22.52430534,66.98330688,21.03587914,69.3436203,21.05034828,0,21.62523079
2023/5/7 10:31,100,22.52430534,69.1465683,21.03587914,73.38304901,21.05034828,0,21.61076355
2023/5/7 10:32,100,22.5098381,75.21605682,21.12268448,77.37327576,21.05034828,0,21.71203613
2023/5/7 10:33,100,22.71238518,85.31326294,21.09375,81.40397644,21.05034828,0,21.72650337
2023/5/7 10:34,100,22.72685242,95.28128052,21.12268448,85.37387848,21.05034828,0,21.72650337
2023/5/7 10:35,100,22.71238518,100,21.12268448,90.32273865,21.15162086,0,21.72650337
2023/5/7 10:36,100,22.72685242,100,21.12268448,98.57867432,21.15162086,0,21.71203613
2023/5/7 10:37,100,22.72685242,100,21.12268448,100,21.15162086,0,21.72650337
2023/5/7 10:38,100,22.72685242,100,21.13715172,100,21.15162086,0,21.72650337
2023/5/7 10:39,100,22.71238518,100,21.12268448,100,21.15162086,0,21.72650337
2023/5/7 10:40,100,22.72685242,100,21.12268448,100,21.15162086,0,21.71203613
2023/5/7 10:41,100,22.52430534,100,21.12268448,100,21.15162086,0,21.71203613
2023/5/7 10:42,100,22.42303276,100,21.12268448,100,21.15162086,0,21.71203613
2023/5/7 10:43,100,22.42303276,100,21.03587914,100,21.05034828,0,21.72650337
2023/5/7 10:44,100,22.52430534,100,21.03587914,100,21.05034828,0,21.72650337
2023/5/7 10:45,100,22.42303276,100,21.03587914,100,21.05034828,0,21.72650337
2023/5/7 10:46,100,22.42303276,100,21.03587914,98.3860321,20.94907379,0,21.71203613
2023/5/7 10:47,100,22.52430534,100,21.0214119,96.10302734,21.05034828,0,21.72650337
2023/5/7 10:48,100,22.5098381,100,21.03587914,100,21.05034828,0,21.72650337
2023/5/7 10:49,100,22.52430534,100,21.0214119,100,21.05034828,0,21.72650337
2023/5/7 10:50,100,22.52430534,100,21.0214119,100,21.05034828,0,21.72650337
2023/5/7 10:51,100,22.52430534,100,21.0214119,100,21.05034828,0,21.71203613
2023/5/7 10:52,100,22.52430534,100,21.03587914,100,21.05034828,0,21.72650337
2023/5/7 10:53,100,22.71238518,100,21.03587914,100,21.05034828,0,21.71203613
2023/5/7 10:54,100,22.72685242,100,21.0214119,100,21.05034828,0,21.71203613
2023/5/7 10:55,100,22.52430534,100,21.03587914,100,21.05034828,0,21.72650337
2023/5/7 10:56,100,22.52430534,100,21.0214119,97.81741333,20.94907379,0,21.72650337
2023/5/7 10:57,100,22.52430534,99.9150238,21.0214119,93.80479431,20.94907379,0,21.72650337
2023/5/7 10:58,100,22.40856552,99.7071228,21.0214119,89.7358551,20.94907379,0,21.72650337
2023/5/7 10:59,100,22.52430534,94.34466553,20.93460655,85.60745239,20.94907379,0,21.72650337
2023/5/7 11:00,100,22.40856552,88.67507935,20.92013931,81.43817139,20.94907379,0,21.72650337
2023/5/7 11:01,100,22.52430534,83.17868805,20.93460655,77.3572998,20.94907379,0,21.72650337
2023/5/7 11:02,100,22.42303276,77.52292633,20.93460655,73.20285034,20.94907379,0,21.72650337
2023/5/7 11:03,100,22.42303276,74.25037384,20.93460655,69.07667542,20.94907379,0,21.71203613
2023/5/7 11:04,100,22.42303276,71.47914124,21.03587914,64.95419312,20.94907379,0,21.72650337
2023/5/7 11:05,100,22.42303276,73.72708893,21.03587914,60.86582184,20.94907379,0,21.72650337
2023/5/7 11:06,100,22.42303276,75.98072815,21.00694466,57.88476181,21.05034828,0,21.72650337
2023/5/7 11:07,100,22.42303276,78.27526855,21.0214119,61.8342514,21.05034828,0,21.72650337
2023/5/7 11:08,100,22.52430534,86.00197601,21.13715172,65.81552887,21.05034828,0,21.72650337
2023/5/7 11:09,100,22.49537086,96.08094788,21.12268448,69.83865356,21.05034828,0,21.72650337
2023/5/7 11:10,100,22.42303276,100,21.19502258,73.88316345,21.05034828,0,21.71203613
2023/5/7 11:11,100,22.42303276,100,21.22395706,77.90618134,21.05034828,0,21.72650337
2023/5/7 11:12,100,22.40856552,100,21.12268448,81.85588837,21.05034828,0,21.71203613
2023/5/7 11:13,100,22.42303276,100,21.12268448,85.87545013,21.05034828,0,21.72650337
2023/5/7 11:14,100,22.42303276,100,21.12268448,89.90484619,21.05034828,0,21.71203613
2023/5/7 11:15,100,22.42303276,100,21.12268448,93.93500519,21.05034828,0,21.72650337
2023/5/7 11:16,100,22.42303276,100,21.13715172,97.94104004,21.05034828,0,21.72650337
2023/5/7 11:17,100,22.42303276,100,21.12268448,100,21.05034828,0,21.72650337
2023/5/7 11:18,100,22.42303276,100,21.13715172,98.10391235,20.94907379,0,21.72650337
2023/5/7 11:19,100,22.32176018,100,21.12268448,98.77124023,21.05034828,0,21.72650337
2023/5/7 11:20,100,22.32176018,100,21.12268448,98.28538513,20.94907379,0,21.72650337
2023/5/7 11:21,100,22.30729294,100,21.12268448,94.1665802,20.94907379,0,21.72650337
2023/5/7 11:22,100,22.32176018,100,21.03587914,90.01629639,20.94907379,0,21.72650337
2023/5/7 11:23,100,22.22048569,100,21.0214119,85.92922974,20.94907379,0,21.72650337
2023/5/7 11:24,100,22.22048569,100,21.03587914,81.94219971,20.94907379,0,21.62523079
2023/5/7 11:25,100,22.20601845,100,21.03587914,77.77391052,20.94907379,0,21.61076355
2023/5/7 11:26,100,22.32176018,100,21.0214119,73.66177368,20.94907379,0,21.62523079
2023/5/7 11:27,100,22.42303276,100,21.0214119,69.51887512,20.94907379,0,21.61076355
2023/5/7 11:28,100,22.32176018,100,21.03587914,65.4289856,20.94907379,0,21.62523079
2023/5/7 11:29,100,22.32176018,100,21.0214119,61.28546524,20.94907379,0,21.61076355
2023/5/7 11:30,100,22.29282379,100,21.03587914,62.71849442,21.05034828,0,21.62523079
2023/5/7 11:31,100,22.32176018,100,21.12268448,66.74765778,21.05034828,0,21.62523079
2023/5/7 11:32,100,22.39409828,100,21.12268448,76.60287476,21.15162086,0,21.62523079
2023/5/7 11:33,100,22.32176018,100,21.22395706,88.78852844,21.15162086,0,21.62523079
2023/5/7 11:34,100,22.42303276,100,21.22395706,100,21.15162086,0,21.62523079
2023/5/7 11:35,100,22.42303276,100,21.22395706,100,21.15162086,0,21.62523079
2023/5/7 11:36,100,22.42303276,100,21.22395706,100,21.15162086,0,21.72650337
2023/5/7 11:37,100,22.30729294,100,21.22395706,100,21.15162086,0,21.72650337
2023/5/7 11:38,100,22.42303276,100,21.22395706,100,21.13715172,0,21.71203613
2023/5/7 11:39,100,22.42303276,100,21.22395706,100,21.05034828,0,21.71203613
2023/5/7 11:40,100,22.42303276,100,21.22395706,100,21.05034828,0,21.72650337
2023/5/7 11:41,100,22.42303276,100,21.19502258,100,21.05034828,0,21.72650337
2023/5/7 11:42,100,22.42303276,100,21.22395706,100,21.15162086,0,21.72650337
2023/5/7 11:43,100,22.42303276,100,21.22395706,100,21.15162086,0,21.72650337
2023/5/7 11:44,100,22.42303276,100,21.22395706,100,21.15162086,0,21.71203613
2023/5/7 11:45,100,22.52430534,100,21.22395706,100,21.15162086,0,21.71203613
2023/5/7 11:46,100,22.52430534,100,21.22395706,100,21.15162086,0,21.72650337
2023/5/7 11:47,100,22.42303276,100,21.22395706,100,21.15162086,0,21.72650337
2023/5/7 11:48,100,22.42303276,100,21.22395706,100,21.15162086,0,21.71203613
2023/5/7 11:49,100,22.42303276,100,21.22395706,100,21.15162086,0,21.71203613
2023/5/7 11:50,100,22.42303276,100,21.22395706,100,21.15162086,0,21.72650337
2023/5/7 11:51,100,22.52430534,100,21.22395706,100,21.15162086,0,21.72650337
2023/5/7 11:52,100,22.52430534,100,21.22395706,100,21.15162086,0,21.72650337
2023/5/7 11:53,100,22.49537086,100,21.22395706,100,21.15162086,0,21.72650337
2023/5/7 11:54,100,22.52430534,100,21.22395706,100,21.15162086,0,21.72650337
2023/5/7 11:55,100,22.72685242,100,21.22395706,100,21.15162086,0,21.72650337
2023/5/7 11:56,100,22.72685242,100,21.22395706,100,21.15162086,0,21.72650337
2023/5/7 11:57,100,22.72685242,100,21.22395706,100,21.15162086,0,21.71203613
2023/5/7 11:58,100,22.72685242,100,21.22395706,100,21.13715172,0,21.72650337
2023/5/7 11:59,100,22.52430534,100,21.22395706,100,21.15162086,0,21.72650337
2023/5/7 12:00,100,22.72685242,100,21.22395706,100,21.15162086,0,21.71203613
2023/5/7 12:01,100,22.72685242,100,21.32523155,100,21.15162086,0,21.71203613
2023/5/7 12:02,100,22.72685242,100,21.32523155,100,21.15162086,0,21.72650337
2023/5/7 12:03,100,22.72685242,100,21.32523155,100,21.25289345,0,21.71203613
2023/5/7 12:04,100,22.72685242,100,21.32523155,100,21.15162086,0,21.72650337
2023/5/7 12:05,100,22.72685242,100,21.32523155,100,21.25289345,0,21.61076355
2023/5/7 12:06,100,22.72685242,100,21.32523155,100,21.25289345,0,21.62523079
2023/5/7 12:07,100,22.72685242,100,21.32523155,100,21.25289345,0,21.61076355
2023/5/7 12:08,100,22.71238518,100,21.32523155,100,21.15162086,0,21.62523079
2023/5/7 12:09,100,22.72685242,100,21.33969879,100,21.15162086,0,21.62523079
2023/5/7 12:10,100,22.71238518,100,21.22395706,100,21.25289345,0,21.71203613
2023/5/7 12:11,100,22.71238518,100,21.32523155,100,21.15162086,0,21.72650337
2023/5/7 12:12,100,22.72685242,100,21.32523155,100,21.25289345,0,21.72650337
2023/5/7 12:13,100,22.72685242,100,21.32523155,100,21.25289345,0,21.72650337
2023/5/7 12:14,100,22.72685242,100,21.32523155,100,21.1660881,0,21.72650337
2023/5/7 12:15,100,22.71238518,100,21.32523155,100,21.25289345,0,21.72650337
2023/5/7 12:16,100,22.71238518,100,21.32523155,100,21.25289345,0,21.72650337
2023/5/7 12:17,100,22.71238518,100,21.32523155,100,21.25289345,0,21.72650337
2023/5/7 12:18,100,22.72685242,100,21.32523155,100,21.25289345,0,21.72650337
2023/5/7 12:19,100,22.71238518,100,21.32523155,100,21.25289345,0,21.72650337
2023/5/7 12:20,100,22.71238518,100,21.32523155,100,21.25289345,0,21.61076355
2023/5/7 12:21,100,22.72685242,100,21.32523155,100,21.25289345,0,21.61076355
2023/5/7 12:22,100,22.72685242,100,21.32523155,100,21.25289345,0,21.61076355
2023/5/7 12:23,100,22.71238518,100,21.32523155,100,21.25289345,0,21.62523079
2023/5/7 12:24,100,22.72685242,100,21.32523155,100,21.25289345,0,21.62523079
2023/5/7 12:25,100,22.72685242,100,21.32523155,100,21.25289345,0,21.62523079
2023/5/7 12:26,100,22.72685242,100,21.32523155,100,21.25289345,0,21.61076355
2023/5/7 12:27,100,22.71238518,100,21.32523155,100,21.25289345,0,21.5239563
2023/5/7 12:28,100,22.72685242,100,21.32523155,100,21.25289345,0,21.5239563
2023/5/7 12:29,100,22.72685242,100,21.32523155,100,21.25289345,0,21.5239563
2023/5/7 12:30,100,22.72685242,100,21.32523155,100,21.25289345,0,21.5239563
2023/5/7 12:31,100,22.72685242,100,21.31076431,100,21.15162086,0,21.5239563
2023/5/7 12:32,100,22.72685242,100,21.22395706,100,21.15162086,0,21.5239563
2023/5/7 12:33,100,22.72685242,100,21.32523155,100,21.15162086,0,21.5239563
2023/5/7 12:34,100,22.72685242,100,21.22395706,100,21.15162086,0,21.5239563
2023/5/7 12:35,100,22.72685242,100,21.22395706,100,21.05034828,0,21.42268372
2023/5/7 12:36,100,22.72685242,100,21.22395706,100,21.15162086,0,21.42268372
2023/5/7 12:37,100,22.71238518,100,21.22395706,100,21.15162086,0,21.42268372
2023/5/7 12:38,100,22.81365776,100,21.22395706,100,21.15162086,0,21.42268372
2023/5/7 12:39,100,22.828125,100,21.22395706,100,21.15162086,0,21.42268372
2023/5/7 12:40,100,22.72685242,100,21.22395706,100,21.25289345,0,21.40821648
2023/5/7 12:41,100,22.72685242,100,21.28182793,100,21.25289345,0,21.42268372
2023/5/7 12:42,100,22.71238518,100,21.32523155,100,21.25289345,0,21.42268372
2023/5/7 12:43,100,22.72685242,100,21.32523155,100,21.25289345,0,21.42268372
2023/5/7 12:44,100,22.72685242,100,21.32523155,100,21.25289345,0,21.40821648
2023/5/7 12:45,100,22.72685242,100,21.32523155,100,21.25289345,0,21.42268372
2023/5/7 12:46,100,22.81365776,100,21.42650414,100,21.35416794,0,21.5239563
2023/5/7 12:47,100,22.81365776,100,21.42650414,100,21.35416794,0,21.5239563
2023/5/7 12:48,100,22.828125,100,21.42650414,100,21.35416794,0,21.5239563
2023/5/7 12:49,100,22.828125,100,21.42650414,100,21.35416794,0,21.5239563
2023/5/7 12:50,100,22.72685242,100,21.42650414,100,21.35416794,0,21.5239563
2023/5/7 12:51,100,22.828125,100,21.42650414,100,21.35416794,0,21.5239563
2023/5/7 12:52,100,22.72685242,100,21.42650414,100,21.35416794,0,21.5239563
2023/5/7 12:53,100,22.72685242,100,21.42650414,100,21.35416794,0,21.5239563
2023/5/7 12:54,100,22.79919052,100,21.42650414,100,21.35416794,0,21.5239563
2023/5/7 12:55,100,22.7557869,100,21.49884224,100,21.35416794,0,21.5239563
2023/5/7 12:56,100,22.72685242,100,21.52777672,100,21.35416794,0,21.5239563
2023/5/7 12:57,100,22.828125,100,21.52777672,100,21.35416794,0,21.5239563
2023/5/7 12:58,100,22.828125,100,21.52777672,100,21.45544052,0,21.5239563
2023/5/7 12:59,100,22.828125,100,21.52777672,100,21.45544052,0,21.58182716
2023/5/7 13:00,100,22.91493034,100,21.52777672,100,21.44097328,0,21.61076355
2023/5/7 13:01,100,22.91493034,100,21.52777672,100,21.45544052,0,21.56735992
2023/5/7 13:02,100,22.828125,100,21.52777672,100,21.45544052,0,21.62523079
2023/5/7 13:03,100,22.828125,100,21.61458206,100,21.45544052,0,21.5239563
2023/5/7 13:04,100,22.828125,100,21.52777672,100,21.45544052,0,21.5239563
2023/5/7 13:05,100,22.9004631,100,21.52777672,100,21.45544052,0,21.5239563
2023/5/7 13:06,100,22.828125,100,21.52777672,100,21.45544052,0,21.53842545
2023/5/7 13:07,100,22.92939758,100,21.52777672,100,21.45544052,0,21.5239563
2023/5/7 13:08,100,22.828125,100,21.52777672,100,21.45544052,0,21.5239563
2023/5/7 13:09,100,22.828125,100,21.52777672,100,21.44097328,0,21.5239563
2023/5/7 13:10,100,22.828125,100,21.52777672,100,21.45544052,0,21.5239563
2023/5/7 13:11,100,22.828125,100,21.52777672,100,21.45544052,0,21.5239563
2023/5/7 13:12,100,22.72685242,100,21.52777672,100,21.45544052,0,21.5239563
2023/5/7 13:13,100,22.828125,100,21.52777672,100,21.45544052,0,21.5239563
2023/5/7 13:14,100,22.828125,100,21.52777672,100,21.44097328,0,21.62523079
2023/5/7 13:15,100,22.72685242,100,21.52777672,100,21.45544052,0,21.61076355
2023/5/7 13:16,100,22.81365776,100,21.52777672,100,21.44097328,0,21.62523079
2023/5/7 13:17,100,22.828125,100,21.62905121,100,21.5567131,0,21.62523079
2023/5/7 13:18,100,22.828125,100,21.52777672,100,21.45544052,0,21.61076355
2023/5/7 13:19,100,22.92939758,100,21.52777672,100,21.45544052,0,21.62523079
2023/5/7 13:20,100,22.9004631,100,21.52777672,100,21.44097328,0,21.62523079
2023/5/7 13:21,100,22.91493034,100,21.52777672,100,21.45544052,0,21.62523079
2023/5/7 13:22,100,22.92939758,100,21.52777672,100,21.45544052,0,21.61076355
2023/5/7 13:23,100,22.91493034,100,21.52777672,100,21.45544052,0,21.62523079
2023/5/7 13:24,100,22.828125,100,21.52777672,100,21.45544052,0,21.62523079
2023/5/7 13:25,100,22.81365776,100,21.52777672,100,21.44097328,0,21.62523079
2023/5/7 13:26,100,22.828125,100,21.52777672,100,21.45544052,0,21.62523079
2023/5/7 13:27,100,22.81365776,100,21.52777672,100,21.45544052,0,21.62523079
2023/5/7 13:28,100,22.88599586,100,21.51330948,100,21.45544052,0,21.62523079
2023/5/7 13:29,100,22.828125,100,21.52777672,100,21.45544052,0,21.72650337
2023/5/7 13:30,100,22.81365776,100,21.52777672,100,21.44097328,0,21.72650337
2023/5/7 13:31,100,22.828125,100,21.52777672,100,21.45544052,0,21.72650337
2023/5/7 13:32,100,22.81365776,100,21.42650414,100,21.35416794,0,21.72650337
2023/5/7 13:33,100,22.828125,100,21.32523155,100,21.35416794,0,21.72650337
2023/5/7 13:34,100,22.91493034,100,21.32523155,100,21.25289345,0,21.72650337
2023/5/7 13:35,100,22.828125,100,21.32523155,100,21.25289345,0,21.72650337
2023/5/7 13:36,100,22.81365776,100,21.32523155,100,21.25289345,0,21.72650337
2023/5/7 13:37,100,22.92939758,100,21.32523155,100,21.25289345,0,21.71203613
2023/5/7 13:38,100,22.91493034,100,21.32523155,100,21.25289345,0,21.72650337
2023/5/7 13:39,100,22.828125,100,21.25289345,100,21.25289345,0,21.71203613
2023/5/7 13:40,100,22.91493034,100,21.22395706,100,21.25289345,0,21.72650337
2023/5/7 13:41,100,22.828125,100,21.22395706,100,21.25289345,0,21.71203613
2023/5/7 13:42,100,22.828125,100,21.22395706,100,21.25289345,0,21.71203613
2023/5/7 13:43,100,22.91493034,100,21.22395706,100,21.25289345,0,21.72650337
2023/5/7 13:44,100,22.828125,100,21.22395706,100,21.25289345,0,21.81330872
2023/5/7 13:45,100,22.91493034,100,21.32523155,100,21.25289345,0,21.81330872
2023/5/7 13:46,100,23.01620293,100,21.32523155,100,21.32523155,0,21.81330872
2023/5/7 13:47,100,22.91493034,100,21.32523155,100,21.25289345,0,21.81330872
2023/5/7 13:48,100,22.91493034,100,21.32523155,100,21.25289345,0,21.81330872
2023/5/7 13:49,100,22.91493034,100,21.22395706,100,21.25289345,0,21.81330872
2023/5/7 13:50,100,22.91493034,100,21.22395706,100,21.25289345,0,21.81330872
2023/5/7 13:51,100,23.01620293,100,21.22395706,100,21.25289345,0,21.81330872
2023/5/7 13:52,100,22.91493034,100,21.22395706,100,21.25289345,0,21.81330872
2023/5/7 13:53,100,22.91493034,100,21.22395706,100,21.25289345,0,21.81330872
2023/5/7 13:54,100,22.91493034,100,21.22395706,100,21.25289345,0,21.81330872
2023/5/7 13:55,100,22.91493034,100,21.22395706,100,21.1660881,0,21.81330872
2023/5/7 13:56,100,22.91493034,100,21.12268448,100,21.15162086,0,21.81330872
2023/5/7 13:57,100,22.91493034,100,21.12268448,100,21.15162086,0,21.81330872
2023/5/7 13:58,100,22.91493034,100,21.12268448,100,21.15162086,0,21.81330872
2023/5/7 13:59,100,23.01620293,100,21.12268448,100,21.15162086,0,21.81330872
2023/5/7 14:00,100,22.91493034,100,21.12268448,100,21.15162086,0,21.81330872
2023/5/7 14:01,100,22.91493034,100,21.12268448,100,21.15162086,0,21.81330872
2023/5/7 14:02,100,22.91493034,100,21.12268448,100,21.15162086,0,21.81330872
2023/5/7 14:03,100,22.91493034,100,21.12268448,100,21.15162086,0,21.81330872
2023/5/7 14:04,100,22.91493034,100,21.03587914,100,21.15162086,0,21.81330872
2023/5/7 14:05,100,22.91493034,100,21.0214119,100,21.12268448,0,21.81330872
2023/5/7 14:06,100,22.92939758,100,21.0214119,100,21.05034828,0,21.81330872
2023/5/7 14:07,100,22.92939758,100,21.03587914,100,21.05034828,0,21.81330872
2023/5/7 14:08,100,22.92939758,100,21.0214119,100,21.05034828,0,21.81330872
2023/5/7 14:09,100,22.92939758,100,21.03587914,100,21.05034828,0,21.81330872
2023/5/7 14:10,100,22.91493034,100,21.03587914,100,21.05034828,0,21.72650337
2023/5/7 14:11,100,22.91493034,100,21.0214119,100,21.05034828,0,21.72650337
2023/5/7 14:12,100,22.92939758,100,21.03587914,100,21.05034828,0,21.72650337
2023/5/7 14:13,100,22.91493034,100,21.0214119,100,21.05034828,0,21.71203613
2023/5/7 14:14,100,23.01620293,100,21.0214119,100,21.05034828,0,21.72650337
2023/5/7 14:15,100,22.91493034,100,21.03587914,100,21.03587914,0,21.81330872
2023/5/7 14:16,100,22.91493034,100,21.0214119,100,21.05034828,0,21.74097252
2023/5/7 14:17,100,22.91493034,100,21.03587914,100,21.05034828,0,21.79884148
2023/5/7 14:18,100,22.91493034,100,21.0214119,100,21.05034828,0,21.72650337
2023/5/7 14:19,100,23.01620293,100,21.03587914,100,21.05034828,0,21.72650337
2023/5/7 14:20,100,22.91493034,100,21.03587914,100,21.05034828,0,21.72650337
2023/5/7 14:21,100,22.91493034,100,21.03587914,100,21.05034828,0,21.72650337
2023/5/7 14:22,100,22.91493034,100,21.0214119,99.06112671,20.94907379,0,21.72650337
2023/5/7 14:23,100,22.91493034,98.3427124,20.93460655,95.13317871,20.94907379,0,21.72650337
2023/5/7 14:24,100,22.92939758,98.78479004,21.03587914,91.14590454,20.94907379,0,21.72650337
2023/5/7 14:25,100,22.828125,100,21.03587914,87.30641174,20.94907379,0,21.72650337
2023/5/7 14:26,100,22.91493034,100,21.03587914,88.47366333,21.05034828,0,21.72650337
2023/5/7 14:27,100,22.828125,100,21.12268448,92.35586548,21.05034828,0,21.72650337
2023/5/7 14:28,100,22.91493034,100,21.13715172,96.26392365,21.13715172,0,21.72650337
2023/5/7 14:29,100,22.91493034,100,21.12268448,100,21.15162086,0,21.72650337
2023/5/7 14:30,100,22.91493034,100,21.12268448,100,21.15162086,0,21.81330872
2023/5/7 14:31,100,22.91493034,100,21.13715172,100,21.15162086,0,21.81330872
2023/5/7 14:32,100,22.91493034,100,21.13715172,100,21.15162086,0,21.81330872
2023/5/7 14:33,100,22.91493034,100,21.0214119,100,21.05034828,0,21.81330872
2023/5/7 14:34,100,22.91493034,100,21.12268448,100,21.15162086,0,21.81330872
2023/5/7 14:35,100,22.91493034,100,21.12268448,100,21.15162086,0,21.81330872
2023/5/7 14:36,100,22.91493034,100,21.12268448,100,21.15162086,0,21.81330872
2023/5/7 14:37,100,22.91493034,100,21.13715172,100,21.15162086,0,21.81330872
2023/5/7 14:38,100,22.91493034,100,21.13715172,100,21.15162086,0,21.81330872
2023/5/7 14:39,100,22.91493034,100,21.13715172,100,21.15162086,0,21.81330872
2023/5/7 14:40,100,22.81365776,100,21.12268448,100,21.15162086,0,21.81330872
2023/5/7 14:41,100,22.91493034,100,21.22395706,100,21.22395706,0,21.81330872
2023/5/7 14:42,100,22.91493034,100,21.12268448,100,21.15162086,0,21.9145813
2023/5/7 14:43,100,22.91493034,100,21.12268448,100,21.15162086,0,21.9145813
2023/5/7 14:44,100,22.91493034,100,21.12268448,100,21.15162086,0,21.9145813
2023/5/7 14:45,100,22.91493034,100,21.12268448,100,21.15162086,0,21.9145813
2023/5/7 14:46,100,22.92939758,100,21.12268448,100,21.15162086,0,21.9145813
2023/5/7 14:47,100,22.91493034,100,21.13715172,100,21.05034828,0,21.9145813
2023/5/7 14:48,100,22.84259224,100,21.12268448,100,21.05034828,0,21.9145813
2023/5/7 14:49,100,22.91493034,100,21.12268448,100,21.15162086,0,21.9145813
2023/5/7 14:50,100,22.91493034,100,21.12268448,100,21.07928276,0,21.9145813
2023/5/7 14:51,100,22.91493034,100,21.13715172,100,21.05034828,0,21.9145813
2023/5/7 14:52,100,22.81365776,100,21.03587914,100,21.05034828,0,21.9145813
2023/5/7 14:53,100,22.91493034,100,21.03587914,100,21.05034828,0,21.9145813
2023/5/7 14:54,100,22.88599586,100,21.10821724,100,21.15162086,0,21.81330872
2023/5/7 14:55,100,22.91493034,100,21.12268448,100,21.15162086,0,21.81330872
2023/5/7 14:56,100,22.91493034,100,21.03587914,100,21.15162086,0,21.81330872
2023/5/7 14:57,100,22.91493034,100,21.0214119,100,21.05034828,0,21.81330872
2023/5/7 14:58,100,22.91493034,100,21.03587914,100,21.05034828,0,21.81330872
2023/5/7 14:59,100,22.828125,100,21.0214119,100,21.05034828,0,21.71203613
2023/5/7 15:00,100,22.828125,100,21.03587914,100,21.05034828,0,21.72650337
2023/5/7 15:01,100,22.91493034,100,21.0214119,100,21.05034828,0,21.71203613
2023/5/7 15:02,100,22.91493034,100,21.03587914,100,21.05034828,0,21.72650337
2023/5/7 15:03,100,22.92939758,100,21.00694466,100,21.05034828,0,21.72650337
2023/5/7 15:04,100,22.91493034,100,21.0214119,100,21.05034828,0,21.61076355
2023/5/7 15:05,100,22.97280121,100,21.03587914,100,21.05034828,0,21.62523079
2023/5/7 15:06,100,23.01620293,100,21.03587914,100,21.05034828,0,21.62523079
2023/5/7 15:07,100,23.01620293,100,21.03587914,100,21.05034828,0,21.61076355
2023/5/7 15:08,100,23.11747742,100,21.03587914,100,21.05034828,0,21.62523079
2023/5/7 15:09,100,23.11747742,100,21.03587914,100,21.15162086,0,21.62523079
2023/5/7 15:10,100,23.01620293,100,21.12268448,100,21.15162086,0,21.62523079
2023/5/7 15:11,100,23.11747742,100,21.03587914,100,21.15162086,0,21.61076355
2023/5/7 15:12,100,23.01620293,100,21.12268448,100,21.05034828,0,21.62523079
2023/5/7 15:13,100,23.11747742,100,21.03587914,100,21.05034828,0,21.5239563
2023/5/7 15:14,100,23.11747742,100,21.12268448,100,21.05034828,0,21.5239563
2023/5/7 15:15,100,23.11747742,100,21.03587914,100,21.05034828,0,21.5239563
2023/5/7 15:16,100,23.01620293,100,21.12268448,100,21.03587914,0,21.5239563
2023/5/7 15:17,100,23.01620293,100,21.0214119,100,21.05034828,0,21.5239563
2023/5/7 15:18,100,23.01620293,100,21.03587914,100,21.05034828,0,21.5239563
2023/5/7 15:19,100,23.01620293,100,21.0214119,100,21.03587914,0,21.5239563
2023/5/7 15:20,100,23.11747742,98.6396637,20.93460655,100,21.05034828,0,21.42268372
2023/5/7 15:21,100,23.11747742,97.77145386,21.0214119,100,21.05034828,0,21.5239563
2023/5/7 15:22,100,23.11747742,99.97402954,21.03587914,100,21.05034828,0,21.5239563
2023/5/7 15:23,100,23.11747742,100,21.0214119,100,21.15162086,0,21.5239563
2023/5/7 15:24,100,23.11747742,100,21.03587914,100,21.15162086,0,21.5239563
2023/5/7 15:25,100,23.11747742,100,21.12268448,100,21.15162086,0,21.5239563
2023/5/7 15:26,100,23.10301018,100,21.12268448,100,21.15162086,0,21.49502182
2023/5/7 15:27,100,23.11747742,100,21.12268448,100,21.15162086,0,21.50948906
2023/5/7 15:28,100,23.11747742,100,21.13715172,100,21.15162086,0,21.42268372
2023/5/7 15:29,100,23.11747742,100,21.12268448,100,21.15162086,0,21.42268372
2023/5/7 15:30,100,23.11747742,100,21.0214119,100,21.05034828,0,21.42268372
2023/5/7 15:31,100,23.11747742,100,21.06481552,100,21.09375,0,21.42268372
2023/5/7 15:32,100,23.11747742,100,21.12268448,100,21.15162086,0,21.42268372
2023/5/7 15:33,100,23.11747742,100,21.12268448,100,21.15162086,0,21.42268372
2023/5/7 15:34,100,23.11747742,100,21.12268448,100,21.15162086,0,21.42268372
2023/5/7 15:35,100,23.11747742,100,21.12268448,100,21.25289345,0,21.42268372
2023/5/7 15:36,100,23.11747742,100,21.22395706,100,21.25289345,0,21.42268372
2023/5/7 15:37,100,23.21875,100,21.22395706,100,21.25289345,0,21.42268372
2023/5/7 15:38,100,23.11747742,100,21.22395706,100,21.25289345,0,21.42268372
2023/5/7 15:39,100,23.21875,100,21.22395706,100,21.25289345,0,21.42268372
2023/5/7 15:40,100,23.21875,100,21.22395706,100,21.25289345,0,21.42268372
2023/5/7 15:41,100,23.21875,100,21.22395706,100,21.25289345,0,21.42268372
2023/5/7 15:42,100,23.21875,100,21.22395706,100,21.25289345,0,21.42268372
2023/5/7 15:43,100,23.2910881,100,21.22395706,100,21.25289345,0,21.42268372
2023/5/7 15:44,100,23.21875,100,21.22395706,100,21.25289345,0,21.42268372
2023/5/7 15:45,100,23.32002258,100,21.22395706,100,21.25289345,0,21.42268372
2023/5/7 15:46,100,23.20428276,100,21.22395706,100,21.25289345,0,21.42268372
2023/5/7 15:47,100,23.21875,100,21.22395706,100,21.25289345,0,21.42268372
2023/5/7 15:48,100,23.32002258,100,21.22395706,100,21.25289345,0,21.42268372
2023/5/7 15:49,100,23.32002258,100,21.32523155,100,21.25289345,0,21.42268372
2023/5/7 15:50,100,23.32002258,100,21.32523155,100,21.35416794,0,21.42268372
2023/5/7 15:51,100,23.32002258,100,21.32523155,100,21.35416794,0,21.42268372
2023/5/7 15:52,100,23.32002258,100,21.32523155,100,21.35416794,0,21.42268372
2023/5/7 15:53,100,23.32002258,100,21.32523155,100,21.35416794,0,21.42268372
2023/5/7 15:54,100,23.32002258,100,21.32523155,100,21.35416794,0,21.42268372
2023/5/7 15:55,100,23.01620293,100,21.32523155,100,21.25289345,0,21.40821648
2023/5/7 15:56,100,23.01620293,100,21.22395706,100,21.25289345,0,21.32141113
2023/5/7 15:57,100,23.32002258,100,21.32523155,100,21.25289345,0,21.32141113
2023/5/7 15:58,100,23.32002258,100,21.32523155,100,21.35416794,0,21.32141113
2023/5/7 15:59,100,23.32002258,100,21.32523155,100,21.35416794,0,21.32141113
2023/5/7 16:00,100,23.32002258,100,21.32523155,100,21.35416794,0,21.33587837
2023/5/7 16:01,100,23.01620293,100,21.42650414,100,21.35416794,0,21.42268372
2023/5/7 16:02,100,23.01620293,100,21.42650414,100,21.35416794,0,21.42268372
2023/5/7 16:03,100,23.01620293,100,21.42650414,100,21.45544052,0,21.42268372
2023/5/7 16:04,100,23.01620293,100,21.42650414,100,21.45544052,0,21.42268372
2023/5/7 16:05,100,23.01620293,100,21.42650414,100,21.45544052,0,21.42268372
2023/5/7 16:06,100,23.01620293,100,21.42650414,100,21.45544052,0,21.42268372
2023/5/7 16:07,100,23.01620293,100,21.42650414,100,21.45544052,0,21.42268372
2023/5/7 16:08,100,23.05960655,100,21.42650414,100,21.45544052,0,21.42268372
2023/5/7 16:09,100,23.32002258,100,21.42650414,100,21.45544052,0,21.42268372
2023/5/7 16:10,100,23.01620293,100,21.42650414,100,21.4120369,0,21.42268372
2023/5/7 16:11,100,23.01620293,100,21.42650414,100,21.35416794,0,21.42268372
2023/5/7 16:12,100,23.01620293,100,21.42650414,100,21.35416794,0,21.42268372
2023/5/7 16:13,100,23.01620293,100,21.42650414,100,21.35416794,0,21.42268372
2023/5/7 16:14,100,23.01620293,100,21.42650414,100,21.33969879,0,21.42268372
2023/5/7 16:15,100,23.01620293,100,21.42650414,100,21.35416794,0,21.40821648
2023/5/7 16:16,100,23.01620293,100,21.42650414,100,21.35416794,0,21.42268372
2023/5/7 16:17,100,23.11747742,100,21.42650414,100,21.35416794,0,21.42268372
2023/5/7 16:18,100,23.11747742,100,21.42650414,100,21.33969879,0,21.42268372
2023/5/7 16:19,100,23.11747742,100,21.42650414,100,21.35416794,0,21.40821648
2023/5/7 16:20,100,23.11747742,100,21.42650414,100,21.45544052,0,21.42268372
2023/5/7 16:21,100,23.01620293,100,21.52777672,100,21.45544052,0,21.42268372
2023/5/7 16:22,100,23.01620293,100,21.42650414,100,21.45544052,0,21.42268372
2023/5/7 16:23,100,23.01620293,100,21.42650414,100,21.42650414,0,21.42268372
2023/5/7 16:24,100,23.01620293,100,21.42650414,100,21.35416794,0,21.42268372
2023/5/7 16:25,100,23.01620293,100,21.42650414,100,21.35416794,0,21.42268372
2023/5/7 16:26,100,23.01620293,100,21.32523155,100,21.35416794,0,21.42268372
2023/5/7 16:27,100,23.01620293,100,21.32523155,100,21.35416794,0,21.42268372
2023/5/7 16:28,100,23.01620293,100,21.31076431,100,21.35416794,0,21.42268372
2023/5/7 16:29,100,23.01620293,100,21.32523155,100,21.35416794,0,21.42268372
2023/5/7 16:30,100,23.30555534,100,21.42650414,100,21.35416794,0,21.42268372
2023/5/7 16:31,100,23.32002258,100,21.42650414,100,21.45544052,0,21.42268372
2023/5/7 16:32,100,23.01620293,100,21.4120369,100,21.45544052,0,21.42268372
2023/5/7 16:33,100,23.01620293,100,21.42650414,100,21.45544052,0,21.42268372
2023/5/7 16:34,100,23.32002258,100,21.42650414,100,21.45544052,0,21.40821648
2023/5/7 16:35,100,23.32002258,100,21.42650414,100,21.45544052,0,21.42268372
2023/5/7 16:36,100,23.30555534,100,21.42650414,100,21.45544052,0,21.40821648
2023/5/7 16:37,100,23.21875,100,21.42650414,100,21.45544052,0,21.42268372
2023/5/7 16:38,100,23.32002258,100,21.42650414,100,21.35416794,0,21.42268372
2023/5/7 16:39,100,23.32002258,100,21.42650414,100,21.35416794,0,21.40821648
2023/5/7 16:40,100,23.01620293,100,21.42650414,100,21.35416794,0,21.42268372
2023/5/7 16:41,100,23.01620293,100,21.33969879,100,21.35416794,0,21.42268372
2023/5/7 16:42,100,23.11747742,100,21.32523155,100,21.35416794,0,21.42268372
2023/5/7 16:43,100,23.07407379,100,21.32523155,100,21.35416794,0,21.42268372
2023/5/7 16:44,100,23.11747742,100,21.32523155,100,21.36863518,0,21.42268372
2023/5/7 16:45,100,23.11747742,100,21.32523155,100,21.35416794,0,21.42268372
2023/5/7 16:46,100,23.01620293,100,21.32523155,100,21.35416794,0,21.42268372
2023/5/7 16:47,100,23.11747742,100,21.32523155,100,21.35416794,0,21.42268372
2023/5/7 16:48,100,23.11747742,100,21.32523155,100,21.35416794,0,21.42268372
2023/5/7 16:49,100,23.11747742,100,21.32523155,100,21.35416794,0,21.42268372
2023/5/7 16:50,100,23.11747742,100,21.32523155,100,21.35416794,0,21.32141113
2023/5/7 16:51,100,23.11747742,100,21.32523155,100,21.35416794,0,21.42268372
2023/5/7 16:52,100,23.11747742,100,21.32523155,100,21.45544052,0,21.39374924
2023/5/7 16:53,100,23.11747742,100,21.32523155,100,21.45544052,0,21.42268372
2023/5/7 16:54,100,23.11747742,100,21.32523155,100,21.45544052,0,21.42268372
2023/5/7 16:55,100,23.11747742,100,21.22395706,100,21.35416794,0,21.42268372
2023/5/7 16:56,100,23.11747742,100,21.22395706,100,21.35416794,0,21.42268372
2023/5/7 16:57,100,23.11747742,100,21.22395706,100,21.26736069,0,21.40821648
2023/5/7 16:58,100,23.11747742,100,21.22395706,100,21.35416794,0,21.32141113
2023/5/7 16:59,100,23.11747742,100,21.22395706,100,21.33969879,0,21.30694389
2023/5/7 17:00,100,23.11747742,100,21.22395706,100,21.35416794,0,21.32141113
2023/5/7 17:01,100,23.10301018,100,21.22395706,100,21.35416794,0,21.42268372
2023/5/7 17:02,100,23.11747742,100,21.22395706,100,21.35416794,0,21.379282
2023/5/7 17:03,100,23.11747742,100,21.22395706,100,21.35416794,0,21.32141113
2023/5/7 17:04,100,23.11747742,100,21.32523155,100,21.35416794,0,21.32141113
2023/5/7 17:05,100,23.11747742,100,21.32523155,100,21.45544052,0,21.32141113
2023/5/7 17:06,100,23.11747742,100,21.31076431,100,21.45544052,0,21.42268372
2023/5/7 17:07,100,23.11747742,100,21.32523155,100,21.45544052,0,21.42268372
2023/5/7 17:08,100,23.11747742,100,21.32523155,100,21.44097328,0,21.42268372
2023/5/7 17:09,100,23.11747742,100,21.32523155,100,21.45544052,0,21.42268372
2023/5/7 17:10,100,23.11747742,100,21.32523155,100,21.35416794,0,21.42268372
2023/5/7 17:11,100,23.11747742,100,21.32523155,100,21.35416794,0,21.42268372
2023/5/7 17:12,100,23.11747742,100,21.23842621,100,21.35416794,0,21.32141113
2023/5/7 17:13,100,23.11747742,100,21.22395706,100,21.35416794,0,21.39374924
2023/5/7 17:14,100,23.11747742,100,21.22395706,100,21.35416794,0,21.32141113
2023/5/7 17:15,100,23.11747742,100,21.22395706,100,21.35416794,0,21.32141113
2023/5/7 17:16,100,23.11747742,100,21.22395706,100,21.35416794,0,21.32141113
2023/5/7 17:17,100,23.11747742,100,21.32523155,100,21.35416794,0,21.32141113
2023/5/7 17:18,100,23.21875,100,21.32523155,100,21.35416794,0,21.30694389
2023/5/7 17:19,100,23.21875,100,21.32523155,100,21.42650414,0,21.32141113
2023/5/7 17:20,100,23.11747742,100,21.32523155,100,21.45544052,0,21.42268372
2023/5/7 17:21,100,23.11747742,100,21.32523155,100,21.45544052,0,21.42268372
2023/5/7 17:22,100,23.11747742,100,21.32523155,100,21.45544052,0,21.33587837
2023/5/7 17:23,100,23.11747742,100,21.32523155,100,21.35416794,0,21.30694389
2023/5/7 17:24,100,23.11747742,100,21.32523155,100,21.39756966,0,21.42268372
2023/5/7 17:25,100,23.11747742,100,21.29629707,100,21.35416794,0,21.42268372
2023/5/7 17:26,100,23.11747742,100,21.22395706,100,21.35416794,0,21.42268372
2023/5/7 17:27,100,23.11747742,100,21.22395706,100,21.35416794,0,21.42268372
2023/5/7 17:28,100,23.01620293,100,21.22395706,100,21.35416794,0,21.42268372
2023/5/7 17:29,100,23.01620293,100,21.22395706,100,21.33969879,0,21.42268372
2023/5/7 17:30,100,23.01620293,100,21.20948982,100,21.35416794,0,21.42268372
2023/5/7 17:31,100,23.01620293,100,21.22395706,100,21.35416794,0,21.32141113
2023/5/7 17:32,100,23.11747742,100,21.22395706,100,21.35416794,0,21.32141113
2023/5/7 17:33,100,23.11747742,100,21.22395706,100,21.35416794,0,21.32141113
2023/5/7 17:34,100,23.11747742,100,21.22395706,100,21.33969879,0,21.379282
2023/5/7 17:35,100,23.11747742,100,21.22395706,100,21.35416794,0,21.35034752
2023/5/7 17:36,100,23.21875,100,21.29629707,100,21.35416794,0,21.42268372
2023/5/7 17:37,100,23.21875,100,21.32523155,100,21.44097328,0,21.42268372
2023/5/7 17:38,100,23.21875,100,21.32523155,100,21.45544052,0,21.40821648
2023/5/7 17:39,100,23.21875,100,21.31076431,100,21.44097328,0,21.42268372
2023/5/7 17:40,100,23.11747742,100,21.32523155,100,21.45544052,0,21.42268372
2023/5/7 17:41,100,23.21875,100,21.32523155,100,21.45544052,0,21.40821648
2023/5/7 17:42,100,23.11747742,100,21.32523155,100,21.35416794,0,21.32141113
2023/5/7 17:43,100,23.11747742,100,21.32523155,100,21.35416794,0,21.32141113
2023/5/7 17:44,100,23.11747742,100,21.32523155,100,21.35416794,0,21.32141113
2023/5/7 17:45,100,23.04513931,100,21.32523155,100,21.35416794,0,21.39374924
2023/5/7 17:46,100,23.11747742,100,21.32523155,100,21.35416794,0,21.42268372
2023/5/7 17:47,100,23.10301018,100,21.32523155,100,21.45544052,0,21.42268372
2023/5/7 17:48,100,23.11747742,100,21.32523155,100,21.35416794,0,21.42268372
2023/5/7 17:49,100,23.11747742,100,21.32523155,100,21.45544052,0,21.42268372
2023/5/7 17:50,100,23.11747742,100,21.32523155,100,21.45544052,0,21.42268372
2023/5/7 17:51,100,23.11747742,100,21.32523155,100,21.45544052,0,21.42268372
2023/5/7 17:52,100,23.11747742,100,21.32523155,100,21.45544052,0,21.42268372
2023/5/7 17:53,100,23.11747742,100,21.32523155,100,21.45544052,0,21.42268372
2023/5/7 17:54,100,23.11747742,100,21.31076431,100,21.45544052,0,21.42268372
2023/5/7 17:55,100,23.11747742,100,21.32523155,100,21.35416794,0,21.42268372
2023/5/7 17:56,100,23.21875,100,21.32523155,100,21.35416794,0,21.42268372
2023/5/7 17:57,100,23.11747742,100,21.42650414,100,21.42650414,0,21.42268372
2023/5/7 17:58,100,23.11747742,100,21.32523155,100,21.44097328,0,21.42268372
2023/5/7 17:59,100,23.10301018,100,21.32523155,100,21.45544052,0,21.42268372
2023/5/7 18:00,100,23.11747742,100,21.32523155,100,21.45544052,0,21.42268372
2023/5/7 18:01,100,23.11747742,100,21.31076431,100,21.35416794,0,21.42268372
2023/5/7 18:02,100,23.01620293,100,21.32523155,100,21.33969879,0,21.35034752
2023/5/7 18:03,100,23.11747742,100,21.32523155,100,21.45544052,0,21.32141113
2023/5/7 18:04,100,23.11747742,100,21.32523155,100,21.38310242,0,21.32141113
2023/5/7 18:05,100,23.11747742,100,21.32523155,100,21.45544052,0,21.30694389
2023/5/7 18:06,100,23.11747742,100,21.38310242,100,21.45544052,0,21.30694389
2023/5/7 18:07,100,23.11747742,100,21.42650414,100,21.5567131,0,21.32141113
2023/5/7 18:08,100,23.11747742,100,21.42650414,100,21.5567131,0,21.32141113
2023/5/7 18:09,100,23.21875,100,21.42650414,100,21.5567131,0,21.32141113
2023/5/7 18:10,100,23.21875,100,21.42650414,100,21.52777672,0,21.42268372
2023/5/7 18:11,100,23.11747742,100,21.52777672,100,21.5567131,0,21.40821648
2023/5/7 18:12,100,23.11747742,100,21.52777672,100,21.5567131,0,21.42268372
2023/5/7 18:13,100,23.11747742,100,21.52777672,100,21.5567131,0,21.42268372
2023/5/7 18:14,100,23.11747742,100,21.42650414,100,21.44097328,0,21.32141113
2023/5/7 18:15,100,23.11747742,100,21.42650414,100,21.45544052,0,21.32141113
2023/5/7 18:16,100,23.11747742,100,21.51330948,100,21.45544052,0,21.32141113
2023/5/7 18:17,100,23.11747742,100,21.52777672,100,21.5567131,0,21.32141113
2023/5/7 18:18,100,23.11747742,100,21.52777672,100,21.5567131,0,21.32141113
2023/5/7 18:19,100,23.11747742,100,21.52777672,100,21.5567131,0,21.32141113
2023/5/7 18:20,100,23.11747742,100,21.42650414,100,21.45544052,0,21.42268372
2023/5/7 18:21,100,23.11747742,100,21.45544052,100,21.45544052,0,21.36481476
2023/5/7 18:22,100,23.11747742,100,21.52777672,100,21.5567131,0,21.379282
2023/5/7 18:23,100,23.11747742,100,21.52777672,100,21.5567131,0,21.35034752
2023/5/7 18:24,100,23.16087914,100,21.52777672,100,21.5567131,0,21.42268372
2023/5/7 18:25,100,23.20428276,100,21.52777672,100,21.5567131,0,21.40821648
2023/5/7 18:26,100,23.21875,100,21.52777672,100,21.5567131,0,21.42268372
2023/5/7 18:27,100,23.21875,100,21.52777672,100,21.5567131,0,21.42268372
2023/5/7 18:28,100,23.21875,100,21.52777672,100,21.5567131,0,21.42268372
2023/5/7 18:29,100,23.21875,100,21.52777672,100,21.5567131,0,21.42268372
2023/5/7 18:30,100,23.21875,100,21.51330948,100,21.5567131,0,21.42268372
2023/5/7 18:31,100,23.21875,100,21.52777672,100,21.5567131,0,21.42268372
2023/5/7 18:32,100,23.21875,100,21.52777672,100,21.5567131,0,21.379282
2023/5/7 18:33,100,23.21875,100,21.52777672,100,21.5567131,0,21.32141113
2023/5/7 18:34,100,23.11747742,100,21.52777672,100,21.5567131,0,21.32141113
2023/5/7 18:35,100,23.11747742,100,21.52777672,100,21.44097328,0,21.32141113
2023/5/7 18:36,100,23.10301018,100,21.52777672,100,21.45544052,0,21.32141113
2023/5/7 18:37,100,23.11747742,100,21.51330948,100,21.5567131,0,21.32141113
2023/5/7 18:38,100,23.11747742,100,21.57118034,100,21.5567131,0,21.32141113
2023/5/7 18:39,100,23.11747742,100,21.62905121,100,21.5567131,0,21.30694389
2023/5/7 18:40,100,23.21875,100,21.62905121,100,21.5567131,0,21.32141113
2023/5/7 18:41,100,23.11747742,100,21.62905121,100,21.5567131,0,21.32141113
2023/5/7 18:42,100,23.11747742,100,21.62905121,100,21.5567131,0,21.32141113
2023/5/7 18:43,100,23.11747742,100,21.62905121,100,21.5567131,0,21.32141113
2023/5/7 18:44,100,23.21875,100,21.62905121,100,21.54224586,0,21.30694389
2023/5/7 18:45,100,23.20428276,100,21.73032379,100,21.64351845,0,21.30694389
2023/5/7 18:46,100,23.11747742,100,21.73032379,100,21.65798569,0,21.32141113
2023/5/7 18:47,100,23.20428276,100,21.73032379,100,21.65798569,0,21.32141113
2023/5/7 18:48,100,23.21875,100,21.83159828,100,21.65798569,0,21.32141113
2023/5/7 18:49,100,23.21875,100,21.73032379,100,21.75926018,0,21.32141113
2023/5/7 18:50,100,23.21875,100,21.73032379,100,21.65798569,0,21.32141113
2023/5/7 18:51,100,23.21875,100,21.73032379,100,21.65798569,0,21.35034752
2023/5/7 18:52,100,23.21875,100,21.73032379,100,21.65798569,0,21.42268372
2023/5/7 18:53,100,23.11747742,100,21.73032379,100,21.62905121,0,21.42268372
2023/5/7 18:54,100,23.11747742,100,21.73032379,100,21.65798569,0,21.42268372
2023/5/7 18:55,100,23.11747742,100,21.73032379,100,21.65798569,0,21.32141113
2023/5/7 18:56,100,23.11747742,100,21.73032379,100,21.65798569,0,21.32141113
2023/5/7 18:57,100,23.21875,100,21.73032379,100,21.65798569,0,21.32141113
2023/5/7 18:58,100,23.11747742,100,21.73032379,100,21.65798569,0,21.32141113
2023/5/7 18:59,100,23.11747742,100,21.73032379,100,21.65798569,0,21.32141113
2023/5/7 19:00,100,23.10301018,100,21.73032379,100,21.65798569,0,21.32141113
2023/5/7 19:01,100,23.11747742,100,21.73032379,100,21.65798569,0,21.32141113
2023/5/7 19:02,100,23.11747742,100,21.73032379,100,21.65798569,0,21.30694389
2023/5/7 19:03,100,23.11747742,100,21.73032379,100,21.5567131,0,21.36481476
2023/5/7 19:04,100,23.21875,100,21.73032379,100,21.64351845,0,21.40821648
2023/5/7 19:05,100,23.11747742,100,21.73032379,100,21.65798569,0,21.42268372
2023/5/7 19:06,100,23.11747742,100,21.73032379,100,21.5567131,0,21.42268372
2023/5/7 19:07,100,23.11747742,100,21.73032379,100,21.62905121,0,21.40821648
2023/5/7 19:08,100,23.11747742,100,21.73032379,100,21.65798569,0,21.42268372
2023/5/7 19:09,100,23.11747742,100,21.71585655,100,21.65798569,0,21.42268372
2023/5/7 19:10,100,23.11747742,100,21.73032379,100,21.65798569,0,21.42268372
2023/5/7 19:11,100,23.11747742,100,21.73032379,100,21.65798569,0,21.42268372
2023/5/7 19:12,100,23.21875,100,21.73032379,100,21.64351845,0,21.42268372
2023/5/7 19:13,100,23.21875,100,21.71585655,100,21.65798569,0,21.42268372
2023/5/7 19:14,100,23.21875,100,21.71585655,100,21.64351845,0,21.42268372
2023/5/7 19:15,100,23.21875,100,21.73032379,100,21.75926018,0,21.42268372
2023/5/7 19:16,100,23.21875,100,21.83159828,100,21.74479294,0,21.42268372
2023/5/7 19:17,100,23.21875,100,21.83159828,100,21.75926018,0,21.42268372
2023/5/7 19:18,100,23.11747742,100,21.83159828,100,21.84606552,0,21.42268372
2023/5/7 19:19,100,23.11747742,100,21.83159828,100,21.75926018,0,21.42268372
2023/5/7 19:20,100,23.11747742,100,21.83159828,100,21.74479294,0,21.40821648
2023/5/7 19:21,100,23.21875,100,21.83159828,100,21.74479294,0,21.5239563
2023/5/7 19:22,100,23.21875,100,21.83159828,100,21.75926018,0,21.42268372
2023/5/7 19:23,100,23.21875,100,21.83159828,100,21.74479294,0,21.48055458
2023/5/7 19:24,100,23.11747742,100,21.83159828,100,21.75926018,0,21.5239563
2023/5/7 19:25,100,23.21875,100,21.83159828,100,21.74479294,0,21.5239563
2023/5/7 19:26,100,23.11747742,100,21.83159828,100,21.75926018,0,21.5239563
2023/5/7 19:27,100,23.11747742,100,21.83159828,100,21.75926018,0,21.5239563
2023/5/7 19:28,100,23.11747742,100,21.81712914,100,21.75926018,0,21.5239563
2023/5/7 19:29,100,23.11747742,100,21.83159828,100,21.75926018,0,21.5239563
2023/5/7 19:30,100,23.21875,100,21.77372742,100,21.74479294,0,21.5239563
2023/5/7 19:31,100,23.32002258,100,21.83159828,100,21.75926018,0,21.5239563
2023/5/7 19:32,100,23.21875,100,21.83159828,100,21.75926018,0,21.62523079
2023/5/7 19:33,100,23.21875,100,21.83159828,100,21.65798569,0,21.62523079
2023/5/7 19:34,100,23.11747742,100,21.73032379,100,21.65798569,0,21.62523079
2023/5/7 19:35,100,23.21875,100,21.73032379,100,21.65798569,0,21.62523079
2023/5/7 19:36,100,23.11747742,100,21.71585655,100,21.65798569,0,21.61076355
2023/5/7 19:37,100,23.21875,100,21.73032379,100,21.65798569,0,21.71203613
2023/5/7 19:38,100,23.30555534,100,21.83159828,100,21.75926018,0,21.71203613
2023/5/7 19:39,100,23.21875,100,21.81712914,100,21.65798569,0,21.71203613
2023/5/7 19:40,100,23.21875,100,21.83159828,100,21.65798569,0,21.72650337
2023/5/7 19:41,100,23.21875,100,21.83159828,100,21.65798569,0,21.72650337
2023/5/7 19:42,100,23.11747742,100,21.83159828,100,21.65798569,0,21.72650337
2023/5/7 19:43,100,23.11747742,100,21.83159828,100,21.65798569,0,21.71203613
2023/5/7 19:44,100,23.11747742,100,21.83159828,100,21.65798569,0,21.71203613
2023/5/7 19:45,100,23.21875,100,21.83159828,100,21.65798569,0,21.72650337
2023/5/7 19:46,100,23.17534828,100,21.83159828,100,21.65798569,0,21.71203613
2023/5/7 19:47,100,23.21875,100,21.83159828,100,21.75926018,0,21.72650337
2023/5/7 19:48,100,23.21875,100,21.83159828,100,21.75926018,0,21.72650337
2023/5/7 19:49,100,23.21875,100,21.83159828,100,21.75926018,0,21.72650337
2023/5/7 19:50,100,23.32002258,100,21.83159828,100,21.75926018,0,21.71203613
2023/5/7 19:51,100,23.32002258,100,21.83159828,100,21.75926018,0,21.72650337
2023/5/7 19:52,100,23.21875,100,21.83159828,100,21.65798569,0,21.71203613
2023/5/7 19:53,100,23.32002258,100,21.83159828,100,21.65798569,0,21.72650337
2023/5/7 19:54,100,23.21875,100,21.83159828,100,21.65798569,0,21.72650337
2023/5/7 19:55,100,23.32002258,100,21.83159828,100,21.65798569,0,21.72650337
2023/5/7 19:56,100,23.32002258,100,21.73032379,100,21.65798569,0,21.72650337
2023/5/7 19:57,100,23.21875,100,21.83159828,100,21.65798569,0,21.72650337
2023/5/7 19:58,100,23.21875,100,21.83159828,100,21.65798569,0,21.72650337
2023/5/7 19:59,100,23.32002258,100,21.83159828,100,21.75926018,0,21.72650337
2023/5/7 20:00,100,23.32002258,100,21.83159828,100,21.75926018,0,21.72650337
2023/5/7 20:01,100,23.32002258,100,21.83159828,100,21.75926018,0,21.72650337
2023/5/7 20:02,100,23.32002258,100,21.83159828,100,21.75926018,0,21.72650337
2023/5/7 20:03,100,23.32002258,100,21.83159828,100,21.75926018,0,21.72650337
2023/5/7 20:04,100,23.32002258,100,21.83159828,100,21.75926018,0,21.71203613
2023/5/7 20:05,100,23.32002258,100,21.83159828,100,21.75926018,0,21.72650337
2023/5/7 20:06,100,23.32002258,100,21.81712914,100,21.86053276,0,21.72650337
2023/5/7 20:07,100,23.21875,100,21.83159828,100,21.84606552,0,21.72650337
2023/5/7 20:08,100,23.32002258,100,21.83159828,100,21.84606552,0,21.72650337
2023/5/7 20:09,100,23.21875,100,21.83159828,100,21.84606552,0,21.71203613
2023/5/7 20:10,100,23.21875,100,21.83159828,100,21.86053276,0,21.72650337
2023/5/7 20:11,100,23.21875,100,21.93287086,100,21.84606552,0,21.71203613
2023/5/7 20:12,100,23.21875,100,21.83159828,100,21.86053276,0,21.72650337
2023/5/7 20:13,100,23.32002258,100,21.83159828,100,21.86053276,0,21.72650337
2023/5/7 20:14,100,23.32002258,100,21.83159828,100,21.78819466,0,21.72650337
2023/5/7 20:15,100,23.21875,100,21.83159828,100,21.75926018,0,21.71203613
2023/5/7 20:16,100,23.21875,100,21.83159828,100,21.84606552,0,21.72650337
2023/5/7 20:17,100,23.21875,100,21.83159828,100,21.84606552,0,21.72650337
2023/5/7 20:18,100,23.32002258,100,21.91840172,100,21.86053276,0,21.71203613
2023/5/7 20:19,100,23.32002258,100,21.83159828,100,21.86053276,0,21.72650337
2023/5/7 20:20,100,23.32002258,100,21.83159828,100,21.74479294,0,21.72650337
2023/5/7 20:21,100,23.32002258,100,21.83159828,100,21.74479294,0,21.72650337
2023/5/7 20:22,100,23.32002258,100,21.83159828,100,21.84606552,0,21.81330872
2023/5/7 20:23,100,23.21875,100,21.83159828,100,21.84606552,0,21.81330872
2023/5/7 20:24,100,23.21875,100,21.83159828,100,21.74479294,0,21.72650337
2023/5/7 20:25,100,23.21875,100,21.83159828,100,21.84606552,0,21.81330872
2023/5/7 20:26,100,23.21875,100,21.83159828,100,21.75926018,0,21.81330872
2023/5/7 20:27,100,23.21875,100,21.83159828,100,21.75926018,0,21.81330872
2023/5/7 20:28,100,23.32002258,100,21.83159828,100,21.75926018,0,21.81330872
2023/5/7 20:29,100,23.30555534,100,21.83159828,100,21.75926018,0,21.81330872
2023/5/7 20:30,100,23.32002258,100,21.83159828,100,21.84606552,0,21.81330872
2023/5/7 20:31,100,23.32002258,100,21.83159828,100,21.84606552,0,21.81330872
2023/5/7 20:32,100,23.2910881,100,21.83159828,100,21.84606552,0,21.81330872
2023/5/7 20:33,100,23.32002258,100,21.81712914,100,21.84606552,0,21.81330872
2023/5/7 20:34,100,23.21875,100,21.83159828,100,21.84606552,0,21.81330872
2023/5/7 20:35,100,23.21875,100,21.83159828,100,21.84606552,0,21.81330872
2023/5/7 20:36,100,23.32002258,100,21.83159828,100,21.86053276,0,21.81330872
2023/5/7 20:37,100,23.32002258,100,21.83159828,100,21.84606552,0,21.81330872
2023/5/7 20:38,100,23.21875,100,21.83159828,100,21.84606552,0,21.81330872
2023/5/7 20:39,100,23.11747742,100,21.93287086,100,21.86053276,0,21.81330872
2023/5/7 20:40,100,23.11747742,100,21.93287086,100,21.93287086,0,21.81330872
2023/5/7 20:41,100,23.11747742,100,21.93287086,100,21.86053276,0,21.81330872
2023/5/7 20:42,100,23.11747742,100,21.91840172,100,21.84606552,0,21.81330872
2023/5/7 20:43,100,23.01620293,100,21.93287086,100,21.84606552,0,21.81330872
2023/5/7 20:44,100,23.01620293,100,21.93287086,100,21.84606552,0,21.72650337
2023/5/7 20:45,100,23.11747742,100,22.01967621,100,21.86053276,0,21.81330872
2023/5/7 20:46,100,23.11747742,100,22.03414345,100,21.84606552,0,21.81330872
2023/5/7 20:47,100,23.11747742,100,22.01967621,100,21.84606552,0,21.81330872
2023/5/7 20:48,100,23.04513931,100,21.97627258,100,21.84606552,0,21.81330872
2023/5/7 20:49,100,23.01620293,100,22.03414345,100,21.84606552,0,21.81330872
2023/5/7 20:50,100,23.11747742,100,21.93287086,100,21.84606552,0,21.81330872
2023/5/7 20:51,100,23.11747742,100,21.93287086,100,21.84606552,0,21.81330872
2023/5/7 20:52,100,23.11747742,100,21.93287086,100,21.86053276,0,21.9145813
2023/5/7 20:53,100,23.01620293,100,21.93287086,100,21.84606552,0,21.9145813
2023/5/7 20:54,100,23.32002258,100,21.93287086,100,21.86053276,0,21.9145813
2023/5/7 20:55,100,23.11747742,100,21.93287086,100,21.84606552,0,21.9145813
2023/5/7 20:56,100,23.11747742,100,21.83159828,100,21.86053276,0,21.81330872
2023/5/7 20:57,100,23.20428276,100,21.83159828,100,21.84606552,0,21.81330872
2023/5/7 20:58,100,23.11747742,100,21.93287086,100,21.86053276,0,21.81330872
2023/5/7 20:59,100,23.11747742,100,21.91840172,100,21.86053276,0,21.81330872
2023/5/7 21:00,100,23.11747742,100,22.01967621,100,21.84606552,0,21.81330872
2023/5/7 21:01,100,23.11747742,100,21.93287086,100,21.84606552,0,21.81330872
2023/5/7 21:02,100,23.11747742,100,21.83159828,100,21.84606552,0,21.81330872
2023/5/7 21:03,100,23.11747742,100,21.83159828,100,21.81712914,0,21.81330872
2023/5/7 21:04,100,23.11747742,100,21.93287086,100,21.75926018,0,21.81330872
2023/5/7 21:05,100,23.11747742,100,21.93287086,100,21.8026619,0,21.81330872
2023/5/7 21:06,100,23.11747742,100,21.93287086,100,21.84606552,0,21.9145813
2023/5/7 21:07,100,23.11747742,100,21.83159828,100,21.84606552,0,21.9145813
2023/5/7 21:08,100,23.11747742,100,21.875,100,21.84606552,0,21.9145813
2023/5/7 21:09,100,23.11747742,100,21.93287086,100,21.84606552,0,21.9145813
2023/5/7 21:10,100,23.11747742,100,21.83159828,100,21.84606552,0,21.9145813
2023/5/7 21:11,100,23.11747742,100,21.93287086,100,21.84606552,0,21.9145813
2023/5/7 21:12,100,23.11747742,100,21.86053276,100,21.86053276,0,21.9145813
2023/5/7 21:13,100,23.11747742,100,21.88946724,100,21.84606552,0,21.9145813
2023/5/7 21:14,100,23.10301018,100,21.93287086,100,21.84606552,0,21.9145813
2023/5/7 21:15,100,23.11747742,100,21.93287086,100,21.84606552,0,21.9145813
2023/5/7 21:16,100,23.11747742,100,21.83159828,100,21.84606552,0,21.9145813
2023/5/7 21:17,100,23.11747742,100,21.83159828,100,21.84606552,0,21.9145813
2023/5/7 21:18,100,23.10301018,100,21.83159828,100,21.84606552,0,21.9145813
2023/5/7 21:19,100,23.11747742,100,21.91840172,100,21.84606552,0,21.9145813
2023/5/7 21:20,100,23.11747742,100,21.83159828,100,21.75926018,0,21.9145813
2023/5/7 21:21,100,23.01620293,100,21.93287086,100,21.84606552,0,21.9145813
2023/5/7 21:22,100,23.32002258,100,21.93287086,100,21.84606552,0,21.9145813
2023/5/7 21:23,100,23.32002258,100,21.93287086,100,21.84606552,0,21.9145813
2023/5/7 21:24,100,23.24768448,100,21.93287086,100,21.86053276,0,21.9145813
2023/5/7 21:25,100,23.32002258,100,21.93287086,100,21.86053276,0,21.9145813
2023/5/7 21:26,100,23.01620293,100,21.93287086,100,21.84606552,0,21.92905045
2023/5/7 21:27,100,23.13194466,100,21.93287086,100,21.84606552,0,21.9145813
2023/5/7 21:28,100,23.32002258,100,21.83159828,100,21.84606552,0,21.9145813
2023/5/7 21:29,100,23.32002258,100,21.83159828,100,21.78819466,0,21.9145813
2023/5/7 21:30,100,23.30555534,100,21.83159828,100,21.75926018,0,21.9145813
2023/5/7 21:31,100,23.32002258,100,21.81712914,100,21.74479294,0,21.9145813
2023/5/7 21:32,100,23.32002258,100,21.83159828,100,21.75926018,0,21.9145813
2023/5/7 21:33,100,23.30555534,100,21.83159828,100,21.74479294,0,21.9145813
2023/5/7 21:34,100,23.32002258,100,21.83159828,100,21.75926018,0,21.9145813
2023/5/7 21:35,100,23.32002258,100,21.83159828,100,21.75926018,0,21.90011406
2023/5/7 21:36,100,23.32002258,100,21.83159828,100,21.75926018,0,21.92905045
2023/5/7 21:37,100,23.32002258,100,21.83159828,100,21.75926018,0,21.9145813
2023/5/7 21:38,100,23.30555534,100,21.83159828,100,21.74479294,0,21.9145813
2023/5/7 21:39,100,23.32002258,100,21.83159828,100,21.75926018,0,21.9145813
2023/5/7 21:40,100,23.32002258,100,21.83159828,100,21.75926018,0,21.9145813
2023/5/7 21:41,100,23.32002258,100,21.84606552,100,21.84606552,0,21.9145813
2023/5/7 21:42,100,23.01620293,100,21.93287086,100,21.84606552,0,21.9145813
2023/5/7 21:43,100,23.01620293,100,21.83159828,100,21.75926018,34.53739929,22.11712837
2023/5/7 21:44,100,23.32002258,100,21.81712914,100,21.74479294,100,22.11712837
2023/5/7 21:45,100,23.32002258,100,21.83159828,100,21.75926018,100,22.11712837
2023/5/7 21:46,100,23.1464119,100,21.83159828,100,21.75926018,100,22.11712837
2023/5/7 21:47,100,23.01620293,100,21.83159828,100,21.74479294,100,22.11712837
2023/5/7 21:48,100,23.01620293,100,21.83159828,100,21.75926018,100,22.11712837
2023/5/7 21:49,100,23.32002258,100,21.83159828,100,21.74479294,86.44608307,21.9145813
2023/5/7 21:50,100,23.32002258,100,21.83159828,100,21.65798569,20.23059273,21.9145813
2023/5/7 21:51,100,23.32002258,100,21.83159828,100,21.65798569,0,21.9145813
2023/5/7 21:52,100,23.32002258,100,21.83159828,100,21.65798569,0,21.9145813
2023/5/7 21:53,100,23.01620293,100,21.83159828,100,21.65798569,0,21.9145813
2023/5/7 21:54,100,23.01620293,100,21.83159828,100,21.65798569,0,21.9145813
2023/5/7 21:55,100,23.01620293,100,21.83159828,100,21.65798569,0,21.9145813
2023/5/7 21:56,100,23.01620293,100,21.83159828,100,21.65798569,0,21.9145813
2023/5/7 21:57,100,23.32002258,100,21.83159828,100,21.65798569,0,21.9145813
2023/5/7 21:58,100,23.01620293,100,21.73032379,100,21.65798569,0,21.9145813
2023/5/7 21:59,100,23.01620293,100,21.83159828,100,21.65798569,0,21.9145813
2023/5/7 22:00,100,23.32002258,100,21.83159828,100,21.75926018,0,21.9145813
2023/5/7 22:01,100,23.32002258,100,21.83159828,100,21.75926018,0,21.9145813
2023/5/7 22:02,100,23.32002258,100,21.83159828,100,21.65798569,0,21.9145813
2023/5/7 22:03,100,23.32002258,100,21.83159828,100,21.65798569,0,21.9145813
2023/5/7 22:04,100,23.01620293,100,21.83159828,100,21.65798569,0,21.9145813
2023/5/7 22:05,100,23.01620293,100,21.83159828,100,21.75926018,0,21.9145813
2023/5/7 22:06,100,23.11747742,100,21.83159828,100,21.75926018,0,21.92905045
2023/5/7 22:07,100,23.01620293,100,21.83159828,100,21.75926018,0,21.9145813
2023/5/7 22:08,100,23.01620293,100,21.83159828,100,21.75926018,0,21.9145813
2023/5/7 22:09,100,23.11747742,100,21.73032379,100,21.65798569,11.1241293,22.11712837
2023/5/7 22:10,100,23.11747742,100,21.71585655,100,21.65798569,42.43733978,21.98692131
2023/5/7 22:11,100,23.11747742,100,21.83159828,100,21.65798569,100,22.11712837
2023/5/7 22:12,100,23.01620293,100,21.83159828,100,21.64351845,100,22.11712837
2023/5/7 22:13,100,23.01620293,100,21.83159828,100,21.71585655,96.50165558,21.9145813
2023/5/7 22:14,100,23.01620293,100,21.73032379,100,21.65798569,100,22.11712837
2023/5/7 22:15,100,23.32002258,100,21.73032379,100,21.65798569,73.33935547,21.9145813
2023/5/7 22:16,100,23.32002258,100,21.71585655,100,21.65798569,7.91741848,21.9145813
2023/5/7 22:17,100,23.32002258,100,21.73032379,100,21.5567131,0,21.9145813
2023/5/7 22:18,100,23.32002258,100,21.73032379,100,21.5567131,0,21.9145813
2023/5/7 22:19,100,23.21875,100,21.73032379,100,21.5567131,0,21.9145813
2023/5/7 22:20,100,23.32002258,100,21.73032379,100,21.5567131,0,21.9145813
2023/5/7 22:21,100,23.21875,100,21.73032379,100,21.5567131,0,21.9145813
2023/5/7 22:22,100,23.32002258,100,21.73032379,100,21.54224586,0,21.92905045
2023/5/7 22:23,100,23.21875,100,21.71585655,100,21.65798569,0,21.9145813
2023/5/7 22:24,100,23.21875,100,21.73032379,100,21.65798569,0,21.9145813
2023/5/7 22:25,100,23.32002258,100,21.73032379,100,21.65798569,0,21.9145813
2023/5/7 22:26,100,23.21875,100,21.73032379,100,21.65798569,0,21.9145813
2023/5/7 22:27,100,23.21875,100,21.73032379,100,21.65798569,0,21.9145813
2023/5/7 22:28,100,23.32002258,100,21.73032379,100,21.65798569,0,21.9145813
2023/5/7 22:29,100,23.32002258,100,21.73032379,100,21.65798569,0,21.9145813
2023/5/7 22:30,100,23.32002258,100,21.83159828,100,21.65798569,0,21.9145813
2023/5/7 22:31,100,23.21875,100,21.83159828,100,21.65798569,0,21.9145813
2023/5/7 22:32,100,23.21875,100,21.73032379,100,21.65798569,0,21.92905045
2023/5/7 22:33,100,23.21875,100,21.73032379,100,21.65798569,0,21.9145813
2023/5/7 22:34,100,23.32002258,100,21.83159828,100,21.75926018,0,21.9145813
2023/5/7 22:35,100,23.21875,100,21.81712914,100,21.75926018,0,21.9145813
2023/5/7 22:36,100,23.21875,100,21.83159828,100,21.75926018,0,21.9145813
2023/5/7 22:37,100,23.21875,100,21.81712914,100,21.75926018,2.639899969,21.9145813
2023/5/7 22:38,100,23.21875,100,21.83159828,100,21.74479294,9.93000412,21.9145813
2023/5/7 22:39,100,23.21875,100,21.83159828,100,21.65798569,31.86281204,22.11712837
2023/5/7 22:40,100,23.1464119,100,21.83159828,100,21.65798569,98.60540771,21.92905045
2023/5/7 22:41,100,23.1464119,100,21.83159828,100,21.75926018,100,22.11712837
2023/5/7 22:42,100,23.21875,100,21.73032379,100,21.75926018,100,22.11712837
2023/5/7 22:43,100,23.21875,100,21.73032379,100,21.64351845,87.88998413,21.9145813
2023/5/7 22:44,100,23.32002258,100,21.73032379,100,21.65798569,21.84988403,21.9145813
2023/5/7 22:45,100,23.32002258,100,21.73032379,100,21.65798569,0,21.9145813
2023/5/7 22:46,100,23.21875,100,21.73032379,100,21.65798569,0,21.9145813
2023/5/7 22:47,100,23.21875,100,21.71585655,100,21.65798569,0,21.9145813
2023/5/7 22:48,100,23.21875,100,21.73032379,100,21.5567131,0,21.9145813
2023/5/7 22:49,100,23.21875,100,21.73032379,100,21.5567131,0,21.9145813
2023/5/7 22:50,100,23.21875,100,21.73032379,100,21.5567131,0,21.9145813
2023/5/7 22:51,100,23.21875,100,21.73032379,100,21.5567131,0,21.9145813
2023/5/7 22:52,100,23.21875,100,21.73032379,100,21.64351845,0,21.9145813
2023/5/7 22:53,100,23.11747742,100,21.73032379,100,21.5567131,0,21.9145813
2023/5/7 22:54,100,23.11747742,100,21.73032379,100,21.54224586,0,21.9145813
2023/5/7 22:55,100,23.11747742,100,21.73032379,100,21.5567131,0,21.9145813
2023/5/7 22:56,100,23.11747742,100,21.73032379,100,21.5567131,0,21.9145813
2023/5/7 22:57,100,23.11747742,100,21.62905121,100,21.54224586,0,21.9145813
2023/5/7 22:58,100,23.10301018,100,21.62905121,100,21.5567131,0,21.9145813
2023/5/7 22:59,100,23.11747742,100,21.73032379,100,21.5567131,0,21.90011406
2023/5/7 23:00,100,23.11747742,100,21.83159828,100,21.5567131,0,21.9145813
2023/5/7 23:01,100,23.11747742,100,21.78819466,100,21.62905121,0,21.90011406
2023/5/7 23:02,100,23.11747742,100,21.73032379,100,21.54224586,0,21.9145813
2023/5/7 23:03,100,23.32002258,100,21.73032379,100,21.64351845,0,21.9145813
2023/5/7 23:04,100,23.21875,100,21.73032379,100,21.65798569,0,21.9145813
2023/5/7 23:05,100,23.11747742,100,21.73032379,100,21.65798569,0,21.9145813
2023/5/7 23:06,100,23.11747742,100,21.81712914,100,21.65798569,0,21.9145813
2023/5/7 23:07,100,23.11747742,100,21.83159828,100,21.65798569,0,21.9145813
2023/5/7 23:08,100,23.11747742,100,21.83159828,100,21.65798569,0,21.9145813
2023/5/7 23:09,100,23.11747742,100,21.83159828,100,21.65798569,0,21.9145813
2023/5/7 23:10,100,23.11747742,100,21.73032379,100,21.65798569,0,21.9145813
2023/5/7 23:11,100,23.13194466,100,21.73032379,100,21.65798569,0,21.9145813
2023/5/7 23:12,100,23.21875,100,21.71585655,100,21.65798569,0.99674201,22.08819389
2023/5/7 23:13,100,23.11747742,100,21.75926018,100,21.65798569,87.71259308,22.10266113
2023/5/7 23:14,100,23.11747742,100,21.81712914,100,21.65798569,100,22.11712837
2023/5/7 23:15,100,23.21875,100,21.73032379,100,21.65798569,100,22.11712837
2023/5/7 23:16,100,23.11747742,100,21.73032379,100,21.5567131,100,22.11712837
2023/5/7 23:17,100,23.11747742,100,21.73032379,100,21.5567131,100,22.03032303
2023/5/7 23:18,100,23.11747742,100,21.71585655,100,21.5567131,91.41246796,21.9145813
2023/5/7 23:19,100,23.01620293,100,21.73032379,100,21.5567131,24.91389465,21.9145813
2023/5/7 23:20,100,23.03067207,100,21.62905121,100,21.45544052,0,21.9145813
2023/5/7 23:21,100,22.91493034,100,21.62905121,100,21.45544052,0,21.9145813
2023/5/7 23:22,100,23.01620293,100,21.62905121,100,21.45544052,0,21.9145813
2023/5/7 23:23,100,23.11747742,100,21.62905121,100,21.45544052,0,21.9145813
2023/5/7 23:24,100,23.01620293,100,21.73032379,100,21.45544052,0,21.9145813
2023/5/7 23:25,100,23.11747742,100,21.62905121,100,21.45544052,0,21.9145813
2023/5/7 23:26,100,23.11747742,100,21.73032379,100,21.45544052,0,21.90011406
2023/5/7 23:27,100,23.16087914,100,21.73032379,100,21.5567131,0,21.9145813
2023/5/7 23:28,100,23.11747742,100,21.73032379,100,21.5567131,0,21.9145813
2023/5/7 23:29,100,23.11747742,100,21.73032379,100,21.5567131,0,21.90011406
2023/5/7 23:30,100,23.11747742,100,21.62905121,100,21.45544052,0,21.9145813
2023/5/7 23:31,100,23.21875,100,21.62905121,100,21.45544052,0,21.9145813
2023/5/7 23:32,100,23.21875,100,21.71585655,100,21.5567131,0,21.9145813
2023/5/7 23:33,100,23.11747742,100,21.83159828,100,21.5567131,0,21.9145813
2023/5/7 23:34,100,23.17534828,100,21.73032379,100,21.5567131,0,21.9145813
2023/5/7 23:35,100,23.11747742,100,21.73032379,100,21.5567131,0,21.9145813
2023/5/7 23:36,100,23.11747742,100,21.73032379,100,21.5567131,0,21.92905045
2023/5/7 23:37,100,23.11747742,100,21.73032379,100,21.5567131,0,21.9145813
2023/5/7 23:38,100,23.11747742,100,21.83159828,100,21.5567131,0,21.9145813
2023/5/7 23:39,100,23.21875,100,21.73032379,100,21.54224586,0,21.9145813
2023/5/7 23:40,100,23.30555534,100,21.73032379,100,21.5567131,46.60295105,22.11712837
2023/5/7 23:41,100,23.21875,100,21.73032379,100,21.5567131,100,22.11712837
2023/5/7 23:42,100,23.21875,100,21.73032379,100,21.5567131,100,22.11712837
2023/5/7 23:43,100,23.11747742,100,21.73032379,100,21.5567131,100,22.11712837
2023/5/7 23:44,100,23.21875,100,21.73032379,100,21.5567131,100,22.11712837
2023/5/7 23:45,100,23.21875,100,21.68692207,100,21.54224586,100,22.11712837
2023/5/7 23:46,100,23.21875,100,21.62905121,100,21.45544052,80.43257141,21.97245216
2023/5/7 23:47,100,23.21875,100,21.62905121,100,21.45544052,14.89105415,21.9145813
2023/5/7 23:48,100,23.11747742,100,21.62905121,100,21.45544052,0,21.9145813
2023/5/7 23:49,100,23.11747742,100,21.52777672,100,21.45544052,0,21.9145813
2023/5/7 23:50,100,23.11747742,100,21.52777672,100,21.45544052,0,21.9145813
2023/5/7 23:51,100,23.11747742,100,21.52777672,100,21.38310242,0,21.92905045
2023/5/7 23:52,100,23.11747742,100,21.62905121,100,21.45544052,0,21.9145813
2023/5/7 23:53,100,23.11747742,100,21.62905121,100,21.45544052,0,21.9145813
2023/5/7 23:54,100,23.21875,100,21.62905121,100,21.45544052,0,21.9145813
2023/5/7 23:55,100,23.11747742,100,21.62905121,100,21.45544052,0,21.9145813
2023/5/7 23:56,100,23.21875,100,21.62905121,100,21.45544052,0,21.9145813
2023/5/7 23:57,100,23.11747742,100,21.73032379,100,21.5567131,0,21.9145813
2023/5/7 23:58,100,23.11747742,100,21.73032379,100,21.5567131,0,21.9145813
2023/5/7 23:59,100,23.11747742,100,21.73032379,100,21.65798569,0,21.9145813
2023/5/8 0:00,100,23.11747742,100,21.83159828,100,21.5567131,0,21.9145813
2023/5/8 0:01,100,23.11747742,100,21.83159828,100,21.5567131,0,21.9145813
2023/5/8 0:02,100,23.11747742,100,21.83159828,100,21.5567131,0,21.9145813
2023/5/8 0:03,100,23.11747742,100,21.83159828,100,21.5567131,0,21.9145813
2023/5/8 0:04,100,23.11747742,100,21.83159828,100,21.65798569,20.62504196,21.9145813
2023/5/8 0:05,100,23.11747742,100,21.83159828,100,21.65798569,31.74263954,22.11712837
2023/5/8 0:06,100,23.21875,100,21.83159828,100,21.65798569,100,22.11712837
2023/5/8 0:07,100,23.11747742,100,21.83159828,100,21.65798569,100,22.11712837
2023/5/8 0:08,100,23.11747742,100,21.83159828,100,21.5567131,100,22.11712837
2023/5/8 0:09,100,23.21875,100,21.73032379,100,21.5567131,100,22.11712837
2023/5/8 0:10,100,23.11747742,100,21.73032379,100,21.5567131,100,22.11712837
2023/5/8 0:11,100,23.11747742,100,21.73032379,100,21.5567131,54.05686569,21.9145813
2023/5/8 0:12,100,23.11747742,100,21.62905121,100,21.45544052,0,21.9145813
2023/5/8 0:13,100,23.11747742,100,21.62905121,100,21.45544052,0,21.9145813
2023/5/8 0:14,100,23.11747742,100,21.62905121,100,21.44097328,0,21.9145813
2023/5/8 0:15,100,23.01620293,100,21.61458206,100,21.45544052,0,21.9145813
2023/5/8 0:16,100,23.11747742,100,21.64351845,100,21.45544052,0,21.9145813
2023/5/8 0:17,100,23.11747742,100,21.73032379,100,21.45544052,0,21.9145813
2023/5/8 0:18,100,23.10301018,100,21.73032379,100,21.44097328,0,21.9145813
2023/5/8 0:19,100,23.01620293,100,21.73032379,100,21.5567131,0,21.9145813
2023/5/8 0:20,100,23.01620293,100,21.73032379,100,21.5567131,0,21.9145813
2023/5/8 0:21,100,23.01620293,100,21.71585655,100,21.5567131,0,21.9145813
2023/5/8 0:22,100,22.92939758,100,21.73032379,100,21.45544052,0,21.9145813
2023/5/8 0:23,100,23.01620293,100,21.62905121,100,21.44097328,0,21.9145813
2023/5/8 0:24,100,23.01620293,100,21.73032379,100,21.45544052,0,21.9145813
2023/5/8 0:25,100,23.01620293,100,21.73032379,100,21.45544052,0,21.9145813
2023/5/8 0:26,100,23.11747742,100,21.73032379,100,21.5567131,0,21.9145813
2023/5/8 0:27,100,23.01620293,100,21.73032379,100,21.5567131,0,21.9145813
2023/5/8 0:28,100,23.01620293,100,21.75926018,100,21.5567131,0,21.9145813
2023/5/8 0:29,100,23.11747742,100,21.74479294,100,21.5567131,0,21.9145813
2023/5/8 0:30,100,23.11747742,100,21.73032379,100,21.5567131,0,21.9145813
2023/5/8 0:31,100,23.11747742,100,21.75926018,100,21.5567131,0,21.9145813
2023/5/8 0:32,100,23.11747742,100,21.83159828,100,21.5567131,0,22.00138855
2023/5/8 0:33,100,23.11747742,100,21.83159828,100,21.5567131,87.21302032,22.11712837
2023/5/8 0:34,100,23.11747742,100,21.73032379,100,21.5567131,100,22.11712837
2023/5/8 0:35,100,23.01620293,100,21.73032379,100,21.5567131,100,22.11712837
2023/5/8 0:36,100,23.01620293,100,21.73032379,100,21.54224586,100,22.11712837
2023/5/8 0:37,100,23.01620293,100,21.73032379,100,21.45544052,100,22.11712837
2023/5/8 0:38,100,23.01620293,100,21.62905121,100,21.45544052,93.80957031,21.9145813
2023/5/8 0:39,100,23.01620293,100,21.62905121,100,21.45544052,27.51940727,21.9145813
2023/5/8 0:40,100,23.01620293,100,21.62905121,100,21.45544052,0,21.9145813
2023/5/8 0:41,100,22.91493034,100,21.62905121,100,21.45544052,0,21.9145813
2023/5/8 0:42,100,22.91493034,100,21.62905121,100,21.45544052,0,21.9145813
2023/5/8 0:43,100,22.92939758,100,21.62905121,100,21.35416794,0,21.9145813
2023/5/8 0:44,100,22.91493034,100,21.62905121,100,21.35416794,0,21.9145813
2023/5/8 0:45,100,22.92939758,100,21.62905121,100,21.45544052,0,21.9145813
2023/5/8 0:46,100,22.91493034,100,21.73032379,100,21.45544052,0,21.9145813
2023/5/8 0:47,100,22.91493034,100,21.73032379,100,21.45544052,0,21.9145813
2023/5/8 0:48,100,22.91493034,100,21.73032379,100,21.54224586,0,21.9145813
2023/5/8 0:49,100,22.91493034,100,21.73032379,100,21.5567131,0,21.9145813
2023/5/8 0:50,100,22.91493034,100,21.73032379,100,21.5567131,0,21.9145813
2023/5/8 0:51,100,22.91493034,100,21.73032379,100,21.5567131,0,21.9145813
2023/5/8 0:52,100,22.97280121,100,21.73032379,100,21.54224586,0,21.9145813
2023/5/8 0:53,100,22.91493034,100,21.62905121,100,21.45544052,0,21.9145813
2023/5/8 0:54,100,23.01620293,100,21.73032379,100,21.5567131,0,21.9145813
2023/5/8 0:55,100,23.01620293,100,21.73032379,100,21.5567131,22.07929993,22.11712837
2023/5/8 0:56,100,23.01620293,100,21.73032379,100,21.5567131,100,22.11712837
2023/5/8 0:57,100,23.01620293,100,21.73032379,100,21.54224586,100,22.11712837
2023/5/8 0:58,100,23.01620293,100,21.73032379,100,21.5567131,100,22.11712837
2023/5/8 0:59,100,23.01620293,100,21.71585655,100,21.5567131,100,22.11712837
2023/5/8 1:00,100,22.91493034,100,21.62905121,100,21.45544052,99.31785583,21.97245216
2023/5/8 1:01,100,22.91493034,100,21.62905121,100,21.35416794,38.89040375,21.9145813
2023/5/8 1:02,100,22.91493034,100,21.62905121,100,21.35416794,0,21.9145813
2023/5/8 1:03,100,22.91493034,100,21.52777672,100,21.35416794,0,21.9145813
2023/5/8 1:04,100,22.91493034,100,21.52777672,100,21.35416794,0,21.9145813
2023/5/8 1:05,100,22.92939758,100,21.52777672,100,21.35416794,0,21.9145813
2023/5/8 1:06,100,22.91493034,100,21.62905121,100,21.35416794,0,21.9145813
2023/5/8 1:07,100,22.91493034,100,21.62905121,100,21.35416794,0,21.9145813
2023/5/8 1:08,100,22.91493034,100,21.68692207,100,21.45544052,0,21.9145813
2023/5/8 1:09,100,22.91493034,100,21.73032379,100,21.45544052,0,21.9145813
2023/5/8 1:10,100,23.01620293,100,21.62905121,100,21.45544052,0,21.9145813
2023/5/8 1:11,100,22.91493034,100,21.73032379,100,21.54224586,0,21.9145813
2023/5/8 1:12,100,22.91493034,100,21.73032379,100,21.5567131,0,21.9145813
2023/5/8 1:13,100,22.92939758,100,21.73032379,100,21.5567131,0,21.9145813
2023/5/8 1:14,100,22.91493034,100,21.73032379,100,21.5567131,0,21.9145813
2023/5/8 1:15,100,22.91493034,100,21.73032379,100,21.5567131,0,21.92905045
2023/5/8 1:16,100,22.91493034,100,21.62905121,100,21.54224586,0,21.9145813
2023/5/8 1:17,100,22.9004631,100,21.73032379,100,21.5567131,0,21.9145813
2023/5/8 1:18,100,22.91493034,100,21.73032379,100,21.5567131,0,21.9145813
2023/5/8 1:19,100,22.91493034,100,21.73032379,100,21.5567131,0,21.9145813
2023/5/8 1:20,100,22.91493034,100,21.73032379,100,21.54224586,0,21.9145813
2023/5/8 1:21,100,22.91493034,100,21.71585655,100,21.5567131,0,21.9145813
2023/5/8 1:22,100,22.91493034,100,21.73032379,100,21.65798569,0,21.9145813
2023/5/8 1:23,100,23.01620293,100,21.83159828,100,21.65798569,0,21.9145813
2023/5/8 1:24,100,23.01620293,100,21.83159828,100,21.65798569,0,21.9145813
2023/5/8 1:25,100,22.92939758,100,21.83159828,100,21.64351845,0,21.9145813
2023/5/8 1:26,100,23.01620293,100,21.83159828,100,21.65798569,0,21.9145813
2023/5/8 1:27,100,22.91493034,100,21.83159828,100,21.65798569,0,21.9145813
2023/5/8 1:28,100,22.91493034,100,21.83159828,100,21.65798569,0,21.9145813
2023/5/8 1:29,100,22.91493034,100,21.83159828,100,21.65798569,0,21.9145813
2023/5/8 1:30,100,22.91493034,100,21.83159828,100,21.54224586,0,21.9145813
2023/5/8 1:31,100,22.92939758,100,21.75926018,100,21.5567131,0.29935205,21.92905045
2023/5/8 1:32,100,22.91493034,100,21.73032379,100,21.5567131,81.75396729,22.11712837
2023/5/8 1:33,100,22.91493034,100,21.71585655,100,21.65798569,100,22.11712837
2023/5/8 1:34,100,23.00173569,100,21.73032379,100,21.65798569,100,22.11712837
2023/5/8 1:35,100,22.92939758,100,21.71585655,100,21.65798569,100,22.11712837
2023/5/8 1:36,100,23.01620293,100,21.73032379,100,21.65798569,100,22.03032303
2023/5/8 1:37,100,22.91493034,100,21.73032379,100,21.65798569,42.60366821,21.9145813
2023/5/8 1:38,100,22.92939758,100,21.83159828,100,21.65798569,0,21.9145813
2023/5/8 1:39,100,22.91493034,100,21.73032379,100,21.65798569,0,21.9145813
2023/5/8 1:40,100,22.91493034,100,21.73032379,100,21.65798569,0,21.9145813
2023/5/8 1:41,100,22.91493034,100,21.73032379,100,21.57118034,0,21.9145813
2023/5/8 1:42,100,22.91493034,100,21.73032379,100,21.5567131,0,21.9145813
2023/5/8 1:43,100,22.91493034,100,21.73032379,100,21.5567131,0,21.9145813
2023/5/8 1:44,100,22.91493034,100,21.83159828,100,21.65798569,0,21.9145813
2023/5/8 1:45,100,22.91493034,100,21.83159828,100,21.65798569,0,21.9145813
2023/5/8 1:46,100,22.92939758,100,21.73032379,100,21.5567131,0,21.9145813
2023/5/8 1:47,100,22.91493034,100,21.73032379,100,21.5567131,0,21.9145813
2023/5/8 1:48,100,22.92939758,100,21.83159828,100,21.5567131,0,21.9145813
2023/5/8 1:49,100,22.91493034,100,21.83159828,100,21.5567131,0,21.9145813
2023/5/8 1:50,100,22.91493034,100,21.73032379,100,21.5567131,0,21.9145813
2023/5/8 1:51,100,22.91493034,100,21.73032379,100,21.5567131,65.52075958,22.11712837
2023/5/8 1:52,100,22.92939758,100,21.73032379,100,21.5567131,100,22.11712837
2023/5/8 1:53,100,22.91493034,100,21.71585655,100,21.5567131,100,22.11712837
2023/5/8 1:54,100,23.01620293,100,21.73032379,100,21.5567131,100,22.11712837
2023/5/8 1:55,100,23.01620293,100,21.83159828,100,21.65798569,53.47088242,21.9145813
2023/5/8 1:56,100,23.01620293,100,21.83159828,100,21.5567131,0,21.9145813
2023/5/8 1:57,100,22.91493034,100,21.83159828,100,21.5567131,0,21.92905045
2023/5/8 1:58,100,22.92939758,100,21.83159828,100,21.5567131,0,21.9145813
2023/5/8 1:59,100,22.91493034,100,21.73032379,100,21.5567131,0,21.92905045
2023/5/8 2:00,100,22.91493034,100,21.71585655,100,21.45544052,0,21.9145813
2023/5/8 2:01,100,22.91493034,100,21.73032379,100,21.5567131,0,21.9145813
2023/5/8 2:02,100,22.91493034,100,21.73032379,100,21.5567131,0,21.9145813
2023/5/8 2:03,100,22.828125,100,21.73032379,100,21.5567131,0,21.9145813
2023/5/8 2:04,100,22.828125,100,21.83159828,100,21.5567131,0,21.9145813
2023/5/8 2:05,100,22.828125,100,21.83159828,100,21.65798569,0,21.90011406
2023/5/8 2:06,100,22.91493034,100,21.83159828,100,21.65798569,0,21.9145813
2023/5/8 2:07,100,22.91493034,100,21.83159828,100,21.65798569,0,21.9145813
2023/5/8 2:08,100,22.91493034,100,21.83159828,100,21.75926018,3.798687696,21.97245216
2023/5/8 2:09,100,22.81365776,100,21.83159828,100,21.65798569,69.40630341,22.11712837
2023/5/8 2:10,100,22.828125,100,21.83159828,100,21.65798569,100,22.11712837
2023/5/8 2:11,100,22.92939758,100,21.83159828,100,21.75926018,100,22.11712837
2023/5/8 2:12,100,22.828125,100,21.83159828,100,21.65798569,100,22.11712837
2023/5/8 2:13,100,22.828125,100,21.83159828,100,21.65798569,100,22.11712837
2023/5/8 2:14,100,22.92939758,100,21.83159828,100,21.65798569,100,22.11712837
2023/5/8 2:15,100,22.828125,100,21.83159828,100,21.64351845,98.6526947,21.9145813
2023/5/8 2:16,100,22.828125,100,21.73032379,100,21.54224586,52.30500031,21.9145813
2023/5/8 2:17,100,22.828125,100,21.73032379,100,21.5567131,0,21.9145813
2023/5/8 2:18,100,22.828125,100,21.73032379,100,21.5567131,0,21.9145813
2023/5/8 2:19,100,22.828125,100,21.73032379,100,21.5567131,0,21.9145813
2023/5/8 2:20,100,22.81365776,100,21.73032379,100,21.5567131,0,21.9145813
2023/5/8 2:21,100,22.72685242,100,21.73032379,100,21.5567131,0,21.9145813
2023/5/8 2:22,100,22.72685242,100,21.73032379,100,21.5567131,0,21.9145813
2023/5/8 2:23,100,22.72685242,100,21.73032379,100,21.5567131,0,21.9145813
2023/5/8 2:24,100,22.72685242,100,21.83159828,100,21.62905121,0,21.9145813
2023/5/8 2:25,100,22.72685242,100,21.83159828,100,21.65798569,0,21.9145813
2023/5/8 2:26,100,22.71238518,100,21.83159828,100,21.65798569,0,21.9145813
2023/5/8 2:27,100,22.71238518,100,21.83159828,100,21.65798569,0,21.9145813
2023/5/8 2:28,100,22.72685242,100,21.83159828,100,21.65798569,0,21.9145813
2023/5/8 2:29,100,22.52430534,100,21.83159828,100,21.65798569,0,21.9145813
2023/5/8 2:30,100,22.72685242,100,21.83159828,100,21.65798569,0,21.9145813
2023/5/8 2:31,100,22.71238518,100,21.83159828,100,21.64351845,0,21.9145813
2023/5/8 2:32,100,22.72685242,100,21.83159828,100,21.65798569,0,21.9145813
2023/5/8 2:33,100,22.72685242,100,21.73032379,100,21.65798569,0,21.9145813
2023/5/8 2:34,100,22.52430534,100,21.73032379,100,21.5567131,0,21.9145813
2023/5/8 2:35,100,22.72685242,100,21.71585655,100,21.5567131,0,21.9145813
2023/5/8 2:36,100,22.72685242,100,21.83159828,100,21.5567131,0,21.9145813
2023/5/8 2:37,100,22.72685242,100,21.83159828,100,21.5567131,0,21.9145813
2023/5/8 2:38,100,22.72685242,100,21.83159828,100,21.5567131,0,21.9145813
2023/5/8 2:39,100,22.72685242,100,21.83159828,100,21.5567131,1.674752474,22.11712837
2023/5/8 2:40,100,22.71238518,100,21.83159828,100,21.5567131,92.38208008,22.11712837
2023/5/8 2:41,100,22.72685242,100,21.81712914,100,21.5567131,100,22.11712837
2023/5/8 2:42,100,22.828125,100,21.83159828,100,21.5567131,100,22.11712837
2023/5/8 2:43,100,22.828125,100,21.73032379,100,21.5567131,100,22.11712837
2023/5/8 2:44,100,22.828125,100,21.73032379,100,21.5567131,63.89774704,21.9145813
2023/5/8 2:45,100,22.828125,100,21.73032379,100,21.5567131,0,21.9145813
2023/5/8 2:46,100,22.91493034,100,21.62905121,100,21.45544052,0,21.9145813
2023/5/8 2:47,100,22.828125,100,21.62905121,100,21.45544052,0,21.9145813
2023/5/8 2:48,100,22.828125,100,21.62905121,100,21.35416794,0,21.9145813
2023/5/8 2:49,100,22.72685242,100,21.62905121,100,21.39756966,0,21.9145813
2023/5/8 2:50,100,22.81365776,100,21.62905121,100,21.35416794,0,21.9145813
2023/5/8 2:51,100,22.828125,100,21.62905121,100,21.44097328,0,21.9145813
2023/5/8 2:52,100,22.72685242,100,21.62905121,100,21.45544052,0,21.9145813
2023/5/8 2:53,100,22.72685242,100,21.62905121,100,21.45544052,0,21.92905045
2023/5/8 2:54,100,22.828125,100,21.62905121,100,21.5567131,0,21.9145813
2023/5/8 2:55,100,22.828125,100,21.61458206,100,21.46990776,0,21.9145813
2023/5/8 2:56,100,22.828125,100,21.62905121,100,21.51330948,0,21.9145813
2023/5/8 2:57,100,22.91493034,100,21.62905121,100,21.5567131,0,21.9145813
2023/5/8 2:58,100,22.91493034,100,21.62905121,100,21.45544052,0,21.9145813
2023/5/8 2:59,100,22.91493034,100,21.61458206,100,21.5567131,0,21.9145813
2023/5/8 3:00,100,22.91493034,100,21.62905121,100,21.5567131,0,21.9145813
2023/5/8 3:01,100,22.91493034,100,21.73032379,100,21.54224586,0,21.9145813
2023/5/8 3:02,100,22.91493034,100,21.73032379,100,21.5567131,0,21.9145813
2023/5/8 3:03,100,22.91493034,100,21.73032379,100,21.5567131,0,21.9145813
2023/5/8 3:04,100,22.91493034,100,21.73032379,100,21.45544052,0,21.92905045
2023/5/8 3:05,100,22.91493034,100,21.62905121,100,21.44097328,0,21.9145813
2023/5/8 3:06,100,22.91493034,100,21.61458206,100,21.45544052,0,21.9145813
2023/5/8 3:07,100,22.91493034,100,21.62905121,100,21.45544052,0,21.9145813
2023/5/8 3:08,100,22.91493034,100,21.62905121,100,21.5567131,0,21.9145813
2023/5/8 3:09,100,23.00173569,100,21.62905121,100,21.45544052,0,21.9145813
2023/5/8 3:10,100,22.91493034,100,21.62905121,100,21.45544052,0,21.9145813
2023/5/8 3:11,100,22.91493034,100,21.62905121,100,21.45544052,0,21.9145813
2023/5/8 3:12,100,22.91493034,100,21.71585655,100,21.45544052,0,21.9145813
2023/5/8 3:13,100,22.91493034,100,21.73032379,100,21.5567131,0,21.9145813
2023/5/8 3:14,100,22.91493034,100,21.73032379,100,21.45544052,0,21.9145813
2023/5/8 3:15,100,22.91493034,100,21.62905121,100,21.5567131,0,21.9145813
2023/5/8 3:16,100,22.92939758,100,21.62905121,100,21.54224586,0,21.9145813
2023/5/8 3:17,100,22.91493034,100,21.62905121,100,21.5567131,0,21.9145813
2023/5/8 3:18,100,22.91493034,100,21.62905121,100,21.45544052,0,21.9145813
2023/5/8 3:19,100,22.91493034,100,21.62905121,100,21.5567131,51.94987488,22.11712837
2023/5/8 3:20,100,23.01620293,100,21.73032379,100,21.5567131,100,22.11712837
2023/5/8 3:21,100,22.91493034,100,21.73032379,100,21.5567131,100,22.11712837
2023/5/8 3:22,100,22.91493034,100,21.62905121,100,21.45544052,100,22.11712837
2023/5/8 3:23,100,22.91493034,100,21.62905121,100,21.45544052,100,22.11712837
2023/5/8 3:24,100,22.828125,100,21.52777672,100,21.45544052,80.10445404,21.9145813
2023/5/8 3:25,100,22.91493034,100,21.52777672,100,21.45544052,13.79214287,21.9145813
2023/5/8 3:26,100,22.91493034,100,21.52777672,100,21.45544052,0,21.9145813
2023/5/8 3:27,100,22.91493034,100,21.52777672,100,21.35416794,0,21.9145813
2023/5/8 3:28,100,22.91493034,100,21.52777672,100,21.35416794,0,21.9145813
2023/5/8 3:29,100,22.91493034,100,21.52777672,100,21.35416794,0,21.9145813
2023/5/8 3:30,100,22.92939758,100,21.52777672,100,21.35416794,0,21.9145813
2023/5/8 3:31,100,22.91493034,100,21.52777672,100,21.35416794,0,21.9145813
2023/5/8 3:32,100,22.91493034,100,21.62905121,100,21.35416794,0,21.9145813
2023/5/8 3:33,100,22.91493034,100,21.62905121,100,21.35416794,0,21.9145813
2023/5/8 3:34,100,22.92939758,100,21.62905121,100,21.28182793,0,21.9145813
2023/5/8 3:35,100,22.91493034,100,21.52777672,100,21.26736069,0,21.9145813
2023/5/8 3:36,100,22.92939758,100,21.52777672,100,21.35416794,0,21.9145813
2023/5/8 3:37,100,22.91493034,100,21.60011482,100,21.35416794,0,21.9145813
2023/5/8 3:38,100,23.01620293,100,21.62905121,100,21.35416794,0,21.9145813
2023/5/8 3:39,100,22.91493034,100,21.62905121,100,21.35416794,0,21.9145813
2023/5/8 3:40,100,22.91493034,100,21.62905121,100,21.35416794,0,21.9145813
2023/5/8 3:41,100,22.91493034,100,21.62905121,100,21.45544052,0,21.9145813
2023/5/8 3:42,100,22.91493034,100,21.62905121,100,21.44097328,0,21.9145813
2023/5/8 3:43,100,22.91493034,100,21.62905121,100,21.45544052,0,21.9145813
2023/5/8 3:44,100,23.01620293,100,21.62905121,100,21.45544052,0,21.9145813
2023/5/8 3:45,100,23.11747742,100,21.62905121,100,21.45544052,0,21.92905045
2023/5/8 3:46,100,23.01620293,100,21.62905121,100,21.45544052,0,21.9145813
2023/5/8 3:47,100,23.11747742,100,21.62905121,100,21.44097328,0,21.9145813
2023/5/8 3:48,100,23.10301018,100,21.62905121,100,21.45544052,0,21.9145813
2023/5/8 3:49,100,23.11747742,100,21.62905121,100,21.45544052,0,21.9145813
2023/5/8 3:50,100,23.11747742,100,21.73032379,100,21.45544052,0,21.9145813
2023/5/8 3:51,100,23.11747742,100,21.73032379,100,21.46990776,0,21.9145813
2023/5/8 3:52,100,23.11747742,100,21.62905121,100,21.45544052,0,21.9145813
2023/5/8 3:53,100,23.11747742,100,21.73032379,100,21.45544052,0,21.9145813
2023/5/8 3:54,100,23.11747742,100,21.73032379,100,21.45544052,0,21.9145813
2023/5/8 3:55,100,23.11747742,100,21.73032379,100,21.45544052,0,21.9145813
2023/5/8 3:56,100,23.11747742,100,21.73032379,100,21.44097328,0,21.9145813
2023/5/8 3:57,100,23.11747742,100,21.73032379,100,21.45544052,0,21.9145813
2023/5/8 3:58,100,23.11747742,100,21.73032379,100,21.45544052,14.14265442,21.9145813
2023/5/8 3:59,100,23.21875,100,21.73032379,100,21.45544052,38.95384216,22.11712837
2023/5/8 4:00,100,23.21875,100,21.62905121,100,21.45544052,100,22.11712837
2023/5/8 4:01,100,23.11747742,100,21.73032379,100,21.44097328,100,22.11712837
2023/5/8 4:02,100,23.10301018,100,21.71585655,100,21.45544052,100,22.10266113
2023/5/8 4:03,100,23.11747742,100,21.62905121,100,21.44097328,100,22.11712837
2023/5/8 4:04,100,23.01620293,100,21.62905121,100,21.45544052,100,22.11712837
2023/5/8 4:05,100,23.01620293,100,21.57118034,100,21.35416794,54.63443375,21.9145813
2023/5/8 4:06,100,23.11747742,100,21.62905121,100,21.35416794,0,21.9145813
2023/5/8 4:07,100,23.11747742,100,21.62905121,100,21.35416794,0,21.9145813
2023/5/8 4:08,100,23.11747742,100,21.52777672,100,21.25289345,0,21.9145813
2023/5/8 4:09,100,23.01620293,100,21.52777672,100,21.25289345,0,21.9145813
2023/5/8 4:10,100,23.11747742,100,21.42650414,100,21.25289345,0,21.9145813
2023/5/8 4:11,100,23.11747742,100,21.52777672,100,21.25289345,0,21.9145813
2023/5/8 4:12,100,23.11747742,100,21.52777672,100,21.25289345,0,21.9145813
2023/5/8 4:13,100,23.01620293,100,21.52777672,100,21.25289345,0,21.9145813
2023/5/8 4:14,100,23.11747742,100,21.52777672,100,21.35416794,0,21.9145813
2023/5/8 4:15,100,23.11747742,100,21.52777672,100,21.35416794,0,21.9145813
2023/5/8 4:16,100,23.21875,100,21.52777672,100,21.35416794,0,21.9145813
2023/5/8 4:17,100,23.11747742,100,21.52777672,100,21.35416794,0,21.9145813
2023/5/8 4:18,100,23.11747742,100,21.52777672,100,21.35416794,0,21.9145813
2023/5/8 4:19,100,23.11747742,100,21.52777672,100,21.35416794,0,21.9145813
2023/5/8 4:20,100,23.21875,100,21.52777672,100,21.35416794,0,21.9145813
2023/5/8 4:21,100,23.11747742,100,21.52777672,100,21.45544052,0,21.9145813
2023/5/8 4:22,100,23.11747742,100,21.52777672,100,21.44097328,0,21.90011406
2023/5/8 4:23,100,23.11747742,100,21.61458206,100,21.45544052,0,21.9145813
2023/5/8 4:24,100,23.11747742,100,21.60011482,100,21.45544052,57.97370911,22.11712837
2023/5/8 4:25,100,23.11747742,100,21.5567131,100,21.35416794,100,22.11712837
2023/5/8 4:26,100,23.11747742,100,21.52777672,100,21.35416794,100,22.11712837
2023/5/8 4:27,100,23.01620293,100,21.52777672,100,21.33969879,100,22.11712837
2023/5/8 4:28,100,23.01620293,100,21.52777672,100,21.35416794,83.9485321,21.9145813
2023/5/8 4:29,100,23.01620293,100,21.52777672,100,21.35416794,16.47048378,21.9145813
2023/5/8 4:30,100,23.01620293,100,21.52777672,100,21.35416794,0,21.9145813
2023/5/8 4:31,100,23.01620293,100,21.52777672,100,21.33969879,0,21.9145813
2023/5/8 4:32,100,23.01620293,100,21.4120369,100,21.35416794,0,21.9145813
2023/5/8 4:33,100,22.92939758,100,21.52777672,100,21.25289345,0,21.9145813
2023/5/8 4:34,100,22.91493034,100,21.52777672,100,21.23842621,0,21.92905045
2023/5/8 4:35,100,22.91493034,100,21.42650414,100,21.25289345,0,21.9145813
2023/5/8 4:36,100,22.92939758,100,21.42650414,100,21.25289345,0,21.9145813
2023/5/8 4:37,100,22.9004631,100,21.52777672,100,21.25289345,0,21.9145813
2023/5/8 4:38,100,22.91493034,100,21.52777672,100,21.33969879,0,21.9145813
2023/5/8 4:39,100,22.91493034,100,21.44097328,100,21.35416794,0,21.9145813
2023/5/8 4:40,100,22.828125,100,21.52777672,100,21.26736069,0,21.9145813
2023/5/8 4:41,100,22.828125,100,21.52777672,100,21.25289345,0,21.9145813
2023/5/8 4:42,100,22.828125,100,21.42650414,100,21.25289345,0,21.9145813
2023/5/8 4:43,100,22.81365776,100,21.42650414,100,21.25289345,0,21.9145813
2023/5/8 4:44,100,22.828125,100,21.52777672,100,21.35416794,0,21.9145813
2023/5/8 4:45,100,22.828125,100,21.52777672,100,21.35416794,0,21.9145813
2023/5/8 4:46,100,22.72685242,100,21.42650414,100,21.35416794,0,21.9145813
2023/5/8 4:47,100,22.72685242,100,21.42650414,100,21.35416794,0,21.9145813
2023/5/8 4:48,100,22.71238518,100,21.42650414,100,21.35416794,0,21.9145813
2023/5/8 4:49,100,22.72685242,100,21.52777672,100,21.25289345,0,21.9145813
2023/5/8 4:50,100,22.72685242,100,21.52777672,100,21.25289345,0,21.9145813
2023/5/8 4:51,100,22.71238518,100,21.52777672,100,21.35416794,0,21.9145813
2023/5/8 4:52,100,22.71238518,100,21.62905121,100,21.33969879,0,21.9145813
2023/5/8 4:53,100,22.72685242,100,21.62905121,100,21.35416794,0,21.9145813
2023/5/8 4:54,100,22.71238518,100,21.62905121,100,21.35416794,0,21.92905045
2023/5/8 4:55,100,22.71238518,100,21.62905121,100,21.45544052,0,21.9145813
2023/5/8 4:56,100,22.72685242,100,21.62905121,100,21.45544052,0,21.9145813
2023/5/8 4:57,100,22.72685242,100,21.62905121,100,21.45544052,0,21.9145813
2023/5/8 4:58,100,22.52430534,100,21.62905121,100,21.45544052,0,21.9145813
2023/5/8 4:59,100,22.52430534,100,21.62905121,100,21.45544052,0,21.9145813
2023/5/8 5:00,100,22.52430534,100,21.62905121,100,21.45544052,0,21.9145813
2023/5/8 5:01,100,22.52430534,100,21.62905121,100,21.44097328,0,21.9145813
2023/5/8 5:02,100,22.52430534,100,21.62905121,100,21.45544052,0,21.9145813
2023/5/8 5:03,100,22.52430534,100,21.62905121,100,21.45544052,0,21.9145813
2023/5/8 5:04,100,22.52430534,100,21.61458206,100,21.45544052,0,21.9145813
2023/5/8 5:05,100,22.42303276,100,21.62905121,100,21.45544052,0,21.9145813
2023/5/8 5:06,100,22.42303276,100,21.62905121,100,21.44097328,0,21.9145813
2023/5/8 5:07,100,22.5098381,100,21.62905121,100,21.45544052,0,21.92905045
2023/5/8 5:08,100,22.46643448,100,21.73032379,100,21.5567131,0,21.9145813
2023/5/8 5:09,100,22.42303276,100,21.73032379,100,21.5567131,0,21.9145813
2023/5/8 5:10,100,22.52430534,100,21.73032379,100,21.65798569,8.010271072,22.07372665
2023/5/8 5:11,100,22.52430534,100,21.73032379,100,21.54224586,20.30356407,22.10266113
2023/5/8 5:12,100,22.42303276,100,21.73032379,100,21.64351845,100,22.11712837
2023/5/8 5:13,100,22.45196724,100,21.73032379,100,21.5567131,100,22.11712837
2023/5/8 5:14,100,22.42303276,100,21.73032379,100,21.5567131,100,22.11712837
2023/5/8 5:15,100,22.42303276,100,21.73032379,100,21.64351845,100,22.11712837
2023/5/8 5:16,100,22.42303276,100,21.73032379,100,21.65798569,99.79476929,21.92905045
2023/5/8 5:17,100,22.42303276,100,21.73032379,100,21.5567131,37.11827087,21.9145813
2023/5/8 5:18,100,22.42303276,100,21.73032379,100,21.5567131,0,21.9145813
2023/5/8 5:19,100,22.30729294,100,21.71585655,100,21.5567131,0,21.9145813
2023/5/8 5:20,100,22.32176018,100,21.62905121,100,21.5567131,0,21.9145813
2023/5/8 5:21,100,22.32176018,100,21.62905121,100,21.5567131,0,21.81330872
2023/5/8 5:22,100,22.32176018,100,21.62905121,100,21.5567131,0,21.81330872
2023/5/8 5:23,100,22.30729294,100,21.73032379,100,21.5567131,0,21.81330872
2023/5/8 5:24,100,22.24942207,100,21.73032379,100,21.5567131,0,21.9145813
2023/5/8 5:25,100,22.32176018,100,21.62905121,100,21.5567131,0,21.9145813
2023/5/8 5:26,100,22.35069466,100,21.64351845,100,21.5567131,0,21.9145813
2023/5/8 5:27,100,22.42303276,100,21.73032379,100,21.5567131,0,21.9145813
2023/5/8 5:28,100,22.42303276,100,21.73032379,100,21.65798569,0,21.9145813
2023/5/8 5:29,100,22.42303276,100,21.73032379,100,21.65798569,0,21.9145813
2023/5/8 5:30,100,22.42303276,100,21.73032379,100,21.65798569,0,21.9145813
2023/5/8 5:31,100,22.42303276,100,21.83159828,100,21.65798569,0,21.9145813
2023/5/8 5:32,100,22.42303276,100,21.83159828,100,21.75926018,0,21.9145813
2023/5/8 5:33,100,22.42303276,100,21.83159828,100,21.75926018,0,21.9145813
2023/5/8 5:34,100,22.42303276,100,21.83159828,100,21.75926018,0,21.9145813
2023/5/8 5:35,100,22.40856552,100,21.83159828,100,21.86053276,0,21.92905045
2023/5/8 5:36,100,22.42303276,100,21.81712914,100,21.86053276,0,21.9145813
2023/5/8 5:37,100,22.42303276,100,21.83159828,100,21.86053276,0,21.9145813
2023/5/8 5:38,100,22.42303276,100,21.83159828,100,21.86053276,0,21.9145813
2023/5/8 5:39,100,22.42303276,100,21.83159828,100,21.9473381,53.61612701,22.11712837
2023/5/8 5:40,100,22.42303276,100,21.83159828,100,21.96180534,100,22.11712837
2023/5/8 5:41,100,22.40856552,100,21.83159828,100,21.9473381,100,22.11712837
2023/5/8 5:42,100,22.42303276,100,21.83159828,100,21.96180534,100,22.11712837
2023/5/8 5:43,100,22.42303276,100,21.83159828,100,21.86053276,100,22.11712837
2023/5/8 5:44,100,22.42303276,100,21.83159828,100,21.86053276,100,22.11712837
2023/5/8 5:45,100,22.42303276,100,21.83159828,100,21.84606552,50.43008804,21.9145813
2023/5/8 5:46,100,22.32176018,100,21.83159828,100,21.84606552,0,21.9145813
2023/5/8 5:47,100,22.30729294,100,21.83159828,100,21.84606552,0,21.9145813
2023/5/8 5:48,100,22.32176018,100,21.83159828,100,21.84606552,0,21.92905045
2023/5/8 5:49,100,22.22048569,100,21.81712914,100,21.86053276,0,21.9145813
2023/5/8 5:50,100,22.32176018,100,21.83159828,100,21.84606552,0,21.9145813
2023/5/8 5:51,100,22.32176018,100,21.81712914,100,21.84606552,0,21.9145813
2023/5/8 5:52,100,22.32176018,100,21.83159828,100,21.9473381,0,21.9145813
2023/5/8 5:53,100,22.32176018,100,21.83159828,100,21.90393448,0,21.9145813
2023/5/8 5:54,100,22.32176018,100,21.83159828,100,21.96180534,0,21.9145813
2023/5/8 5:55,100,22.39409828,100,21.83159828,100,21.96180534,0,21.90011406
2023/5/8 5:56,100,22.42303276,100,21.93287086,100,21.96180534,0,21.9145813
2023/5/8 5:57,100,22.32176018,100,21.93287086,100,21.9473381,0,21.9145813
2023/5/8 5:58,100,22.32176018,100,21.93287086,100,21.96180534,2.14419961,22.04479218
2023/5/8 5:59,100,22.32176018,100,21.93287086,100,21.9473381,16.64386749,22.11712837
2023/5/8 6:00,100,22.32176018,100,21.93287086,100,21.96180534,48.46985245,22.07372665
2023/5/8 6:01,100,22.32176018,100,21.93287086,100,21.9473381,98.37355804,22.11712837
2023/5/8 6:02,100,22.32176018,100,21.93287086,100,21.9473381,100,22.11712837
2023/5/8 6:03,100,22.30729294,100,21.93287086,100,21.96180534,99.76724243,21.97245216
2023/5/8 6:04,100,22.32176018,100,21.83159828,100,21.84606552,50.32050323,21.9145813
2023/5/8 6:05,100,22.22048569,100,21.83159828,100,21.84606552,0,21.9145813
2023/5/8 6:06,100,22.32176018,100,21.83159828,100,21.75926018,0,21.9145813
2023/5/8 6:07,100,22.22048569,100,21.83159828,100,21.75926018,0,21.9145813
2023/5/8 6:08,100,22.22048569,100,21.83159828,100,21.75926018,0,21.9145813
2023/5/8 6:09,100,22.22048569,100,21.83159828,100,21.86053276,0,21.85671234
2023/5/8 6:10,100,22.30729294,100,21.83159828,100,21.86053276,0,21.9145813
2023/5/8 6:11,100,22.32176018,100,21.83159828,100,21.9473381,0,21.9145813
2023/5/8 6:12,100,22.22048569,100,21.83159828,100,21.96180534,0,21.9145813
2023/5/8 6:13,100,22.22048569,100,21.83159828,100,21.9473381,0,21.9145813
2023/5/8 6:14,100,22.22048569,100,21.83159828,100,21.9473381,0,21.9145813
2023/5/8 6:15,100,22.22048569,100,21.93287086,100,21.9473381,0,21.9145813
2023/5/8 6:16,100,22.22048569,100,21.93287086,100,21.96180534,0,21.9145813
2023/5/8 6:17,100,22.22048569,100,21.93287086,100,21.96180534,0,21.9145813
2023/5/8 6:18,100,22.22048569,100,21.91840172,100,21.9473381,0,21.9145813
2023/5/8 6:19,100,22.30729294,100,21.93287086,100,21.96180534,0,21.9145813
2023/5/8 6:20,100,22.22048569,100,21.93287086,100,21.96180534,0,21.9145813
2023/5/8 6:21,100,22.32176018,100,21.93287086,100,22.06307793,0,21.92905045
2023/5/8 6:22,100,22.22048569,100,22.03414345,100,21.9473381,0,21.9145813
2023/5/8 6:23,100,22.32176018,100,22.01967621,100,21.96180534,0,21.9145813
2023/5/8 6:24,100,22.3651619,100,21.97627258,100,21.9473381,0,21.9145813
2023/5/8 6:25,100,22.32176018,100,22.01967621,100,22.06307793,15.92505741,21.92905045
2023/5/8 6:26,100,22.32176018,100,22.01967621,100,22.06307793,24.77850342,22.11712837
2023/5/8 6:27,100,22.32176018,100,22.03414345,100,22.04861069,100,22.11712837
2023/5/8 6:28,100,22.32176018,100,22.03414345,100,22.06307793,100,22.11712837
2023/5/8 6:29,100,22.22048569,100,22.01967621,100,22.04861069,100,22.11712837
2023/5/8 6:30,100,22.20601845,100,22.03414345,100,22.00520706,99.74742126,22.03032303
2023/5/8 6:31,100,22.1192131,100,21.93287086,100,22.00520706,86.9671936,21.9145813
2023/5/8 6:32,100,22.22048569,100,21.83159828,100,21.96180534,21.32000732,21.9145813
2023/5/8 6:33,100,22.22048569,100,21.83159828,100,21.9473381,0,21.9145813
2023/5/8 6:34,100,22.22048569,100,21.83159828,100,21.84606552,0,21.9145813
2023/5/8 6:35,100,22.22048569,100,21.83159828,100,21.84606552,0,21.81330872
2023/5/8 6:36,100,22.22048569,100,21.81712914,100,21.96180534,0,21.81330872
2023/5/8 6:37,100,22.22048569,100,21.93287086,100,21.9473381,0,21.81330872
2023/5/8 6:38,100,22.22048569,100,21.93287086,100,22.04861069,0,21.81330872
2023/5/8 6:39,100,22.1192131,100,21.93287086,100,22.06307793,0,21.9145813
2023/5/8 6:40,100,22.22048569,100,21.93287086,100,22.06307793,0,21.9145813
2023/5/8 6:41,100,22.22048569,100,21.93287086,100,22.04861069,0,21.9145813
2023/5/8 6:42,100,22.22048569,100,21.93287086,100,22.04861069,0,21.9145813
2023/5/8 6:43,100,22.22048569,100,21.93287086,100,22.04861069,0,21.9145813
2023/5/8 6:44,100,22.22048569,100,22.01967621,100,22.04861069,0,21.9145813
2023/5/8 6:45,100,22.22048569,100,22.03414345,100,22.04861069,0,21.9145813
2023/5/8 6:46,100,22.22048569,100,22.03414345,100,22.14988518,0,21.9145813
2023/5/8 6:47,100,22.22048569,100,22.01967621,100,22.14988518,0,21.9145813
2023/5/8 6:48,100,22.32176018,100,22.07754707,100,22.14988518,0,21.9145813
2023/5/8 6:49,100,22.32176018,100,22.03414345,100,22.14988518,0,21.9145813
2023/5/8 6:50,100,22.32176018,100,22.01967621,100,22.14988518,78.93772888,22.11712837
2023/5/8 6:51,100,22.22048569,100,22.01967621,100,22.16435242,100,22.11712837
2023/5/8 6:52,100,22.32176018,100,22.01967621,100,22.14988518,100,22.11712837
2023/5/8 6:53,100,22.32176018,100,22.03414345,100,22.13541794,100,22.11712837
2023/5/8 6:54,100,22.32176018,100,22.03414345,100,22.06307793,88.29875946,21.9145813
2023/5/8 6:55,100,22.22048569,100,21.9473381,100,22.06307793,21.6715126,21.9145813
2023/5/8 6:56,100,22.22048569,100,21.93287086,100,21.9473381,0,21.9145813
2023/5/8 6:57,100,22.23495293,100,21.93287086,100,21.96180534,0,21.9145813
2023/5/8 6:58,100,22.22048569,100,21.93287086,100,21.96180534,0,21.9145813
2023/5/8 6:59,100,22.32176018,100,21.93287086,100,21.96180534,0,21.92905045
2023/5/8 7:00,100,22.32176018,100,21.93287086,100,21.96180534,0,21.81330872
2023/5/8 7:01,100,22.22048569,100,22.00520706,100,22.06307793,0,21.81330872
2023/5/8 7:02,100,22.22048569,100,22.03414345,100,22.06307793,0,21.9145813
2023/5/8 7:03,100,22.22048569,100,22.01967621,100,22.06307793,0,21.9145813
2023/5/8 7:04,100,22.22048569,100,22.03414345,100,22.06307793,0,21.9145813
2023/5/8 7:05,100,22.22048569,100,22.03414345,100,22.12094879,0,21.9145813
2023/5/8 7:06,100,22.32176018,100,22.01967621,100,22.14988518,0,21.9145813
2023/5/8 7:07,100,22.32176018,100,22.01967621,100,22.14988518,0,21.9145813
2023/5/8 7:08,100,22.32176018,100,22.01967621,100,22.14988518,0,21.9145813
2023/5/8 7:09,100,22.32176018,100,22.03414345,100,22.14988518,0,21.9145813
2023/5/8 7:10,100,22.22048569,100,22.01967621,100,22.14988518,0,21.9145813
2023/5/8 7:11,100,22.22048569,100,22.01967621,100,22.14988518,0,21.9145813
2023/5/8 7:12,100,22.22048569,100,22.01967621,100,22.14988518,0.057169609,22.00138855
2023/5/8 7:13,100,22.22048569,100,22.03414345,100,22.14988518,0,21.9145813
2023/5/8 7:14,100,22.22048569,100,22.03414345,100,22.16435242,0,21.9145813
2023/5/8 7:15,100,22.22048569,100,22.13541794,100,22.25115776,0.326244354,21.9145813
2023/5/8 7:16,100,22.22048569,100,22.13541794,100,22.25115776,3.893931627,21.92905045
2023/5/8 7:17,100,22.22048569,100,22.13541794,100,22.25115776,0,21.94351768
2023/5/8 7:18,100,22.32176018,100,22.13541794,100,22.22222328,23.63231087,22.11712837
2023/5/8 7:19,100,22.32176018,100,22.13541794,100,22.14988518,97.16042328,22.10266113
2023/5/8 7:20,100,22.32176018,100,22.13541794,100,22.14988518,100,22.11712837
2023/5/8 7:21,100,22.32176018,100,22.01967621,100,22.04861069,100,22.11712837
2023/5/8 7:22,100,22.22048569,100,22.01967621,100,22.06307793,100,22.11712837
2023/5/8 7:23,100,22.22048569,100,22.01967621,100,22.04861069,91.21627045,21.9145813
2023/5/8 7:24,100,22.22048569,100,22.01967621,100,22.06307793,25.89502907,21.9145813
2023/5/8 7:25,100,22.32176018,100,22.01967621,100,22.06307793,0,21.92905045
2023/5/8 7:26,100,22.22048569,100,22.00520706,100,22.06307793,0,21.9145813
2023/5/8 7:27,100,22.22048569,100,22.01967621,100,22.06307793,0,21.9145813
2023/5/8 7:28,100,22.22048569,100,22.03414345,100,22.04861069,0,21.9145813
2023/5/8 7:29,100,22.22048569,100,22.01967621,100,22.14988518,0,21.81330872
2023/5/8 7:30,100,22.22048569,100,22.03414345,100,22.14988518,0,21.82777596
2023/5/8 7:31,100,22.32176018,100,22.03414345,100,22.14988518,0,21.9145813
2023/5/8 7:32,100,22.32176018,100,22.01967621,100,22.14988518,0,21.9145813
2023/5/8 7:33,100,22.32176018,100,22.01967621,100,22.25115776,0,21.9145813
2023/5/8 7:34,100,22.22048569,100,22.03414345,100,22.25115776,0,21.9145813
2023/5/8 7:35,100,22.22048569,100,22.01967621,100,22.25115776,0,21.9145813
2023/5/8 7:36,100,22.22048569,100,22.13541794,100,22.25115776,0,21.9145813
2023/5/8 7:37,100,22.22048569,100,22.03414345,100,22.14988518,0,21.9145813
2023/5/8 7:38,100,22.22048569,100,22.01967621,100,22.14988518,0,21.9145813
2023/5/8 7:39,100,22.22048569,100,22.13541794,100,22.25115776,2.981286764,21.92905045
2023/5/8 7:40,100,22.22048569,100,22.13541794,100,22.25115776,85.06661224,22.11712837
2023/5/8 7:41,100,22.22048569,100,22.04861069,100,22.25115776,100,22.11712837
2023/5/8 7:42,100,22.32176018,100,22.04861069,100,22.25115776,100,22.11712837
2023/5/8 7:43,100,22.32176018,100,22.12094879,100,22.25115776,100,22.11712837
2023/5/8 7:44,100,22.22048569,100,22.01967621,100,22.14988518,100,22.11712837
2023/5/8 7:45,100,22.22048569,100,22.01967621,100,22.14988518,100,22.11712837
2023/5/8 7:46,100,22.22048569,100,22.03414345,100,22.14988518,59.91138077,21.9145813
2023/5/8 7:47,100,22.22048569,100,21.97627258,100,22.06307793,0,21.9145813
2023/5/8 7:48,100,22.22048569,100,21.93287086,100,22.06307793,0,21.9145813
2023/5/8 7:49,100,22.1192131,100,21.93287086,100,22.04861069,0,21.9145813
2023/5/8 7:50,100,22.1192131,100,21.91840172,100,22.06307793,0,21.81330872
2023/5/8 7:51,100,22.1192131,100,21.93287086,100,22.06307793,0,21.81330872
2023/5/8 7:52,100,22.1192131,100,22.03414345,100,22.14988518,0,21.81330872
2023/5/8 7:53,100,22.1192131,100,22.01967621,100,22.14988518,0,21.81330872
2023/5/8 7:54,100,22.1192131,100,22.01967621,100,22.14988518,0,21.81330872
2023/5/8 7:55,100,22.22048569,100,22.03414345,100,22.14988518,0,21.81330872
2023/5/8 7:56,100,22.1192131,100,22.03414345,100,22.16435242,0,21.81330872
2023/5/8 7:57,100,22.1192131,100,22.01967621,100,22.14988518,0,21.81330872
2023/5/8 7:58,100,22.14814758,100,22.01967621,100,22.14988518,0,21.9145813
2023/5/8 7:59,100,22.17708206,100,22.01967621,100,22.14988518,0,21.9145813
2023/5/8 8:00,100,22.22048569,100,22.03414345,100,22.13541794,0,21.9145813
2023/5/8 8:01,100,22.22048569,100,22.01967621,100,22.23669052,0,21.9145813
2023/5/8 8:02,100,22.22048569,100,22.01967621,100,22.25115776,0,21.9145813
2023/5/8 8:03,100,22.19155121,100,22.01967621,100,22.25115776,0,21.9145813
2023/5/8 8:04,100,22.22048569,100,22.03414345,100,22.25115776,0,21.9145813
2023/5/8 8:05,100,22.22048569,100,22.10648155,100,22.25115776,76.90850067,22.11712837
2023/5/8 8:06,100,22.1192131,100,22.13541794,100,22.25115776,100,22.11712837
2023/5/8 8:07,100,22.22048569,100,22.13541794,100,22.25115776,100,22.11712837
2023/5/8 8:08,100,22.1192131,100,22.13541794,100,22.25115776,100,22.11712837
2023/5/8 8:09,100,22.1192131,100,22.13541794,100,22.25115776,100,22.11712837
2023/5/8 8:10,100,22.1192131,100,22.03414345,100,22.14988518,90.40868378,21.9145813
2023/5/8 8:11,100,22.19155121,100,22.03414345,100,22.14988518,24.17770958,21.92905045
2023/5/8 8:12,100,22.22048569,100,22.03414345,100,22.06307793,0,21.9145813
2023/5/8 8:13,100,22.22048569,100,22.03414345,100,22.06307793,0,21.9145813
2023/5/8 8:14,100,22.1192131,100,22.01967621,100,22.04861069,0,21.85671234
2023/5/8 8:15,100,22.22048569,100,22.03414345,100,22.06307793,0,21.81330872
2023/5/8 8:16,100,22.22048569,100,22.01967621,100,22.14988518,0,21.81330872
2023/5/8 8:17,100,22.22048569,100,22.01967621,100,22.14988518,0,21.81330872
2023/5/8 8:18,100,22.1192131,100,21.93287086,100,22.04861069,0,21.8422451
2023/5/8 8:19,100,22.10474586,100,22.01967621,100,22.06307793,0,21.9145813
2023/5/8 8:20,100,22.1192131,100,22.03414345,100,22.14988518,0,21.9145813
2023/5/8 8:21,100,22.10474586,100,22.01967621,100,22.14988518,0,21.9145813
2023/5/8 8:22,100,22.22048569,100,22.03414345,100,22.14988518,0,21.9145813
2023/5/8 8:23,100,22.22048569,100,22.01967621,100,22.14988518,0,21.9145813
2023/5/8 8:24,100,22.1192131,100,22.01967621,100,22.14988518,0,21.92905045
2023/5/8 8:25,100,22.22048569,100,22.03414345,100,22.14988518,0,21.9145813
2023/5/8 8:26,100,22.1192131,100,22.01967621,100,22.14988518,0,21.9145813
2023/5/8 8:27,100,22.22048569,100,22.03414345,100,22.14988518,0,21.9145813
2023/5/8 8:28,100,22.22048569,100,22.01967621,100,22.14988518,0,21.9145813
2023/5/8 8:29,100,22.1192131,100,22.03414345,100,22.14988518,0,21.9145813
2023/5/8 8:30,100,22.1192131,100,22.03414345,100,22.14988518,0,21.9145813
2023/5/8 8:31,100,22.1192131,100,22.01967621,100,22.14988518,0,21.9145813
2023/5/8 8:32,100,22.1192131,100,22.01967621,100,22.14988518,0,21.9145813
2023/5/8 8:33,100,22.1192131,100,22.01967621,100,22.14988518,0,21.9145813
2023/5/8 8:34,100,22.1192131,100,22.13541794,100,22.1932869,0,21.9145813
2023/5/8 8:35,100,22.1192131,100,22.13541794,100,22.25115776,0,21.9145813
2023/5/8 8:36,100,22.1192131,100,22.07754707,100,22.14988518,0,21.9145813
2023/5/8 8:37,100,22.01794052,100,22.01967621,100,22.14988518,0,21.9145813
2023/5/8 8:38,100,22.03240776,100,22.03414345,100,22.14988518,0,21.9145813
2023/5/8 8:39,100,22.1192131,100,22.13541794,100,22.25115776,0,21.9145813
2023/5/8 8:40,100,22.1192131,100,22.13541794,100,22.25115776,0,21.9145813
2023/5/8 8:41,100,22.1192131,100,22.13541794,100,22.25115776,0,21.9145813
2023/5/8 8:42,100,22.01794052,100,22.13541794,100,22.25115776,0,21.9145813
2023/5/8 8:43,100,22.1192131,100,22.12094879,100,22.25115776,0,21.9145813
2023/5/8 8:44,100,22.01794052,100,22.01967621,100,22.25115776,0,21.9145813
2023/5/8 8:45,100,22.22048569,100,22.13541794,100,22.25115776,0,21.9145813
2023/5/8 8:46,100,22.1192131,100,22.13541794,100,22.25115776,0,21.9145813
2023/5/8 8:47,100,22.1192131,100,22.22222328,100,22.25115776,0,21.9145813
2023/5/8 8:48,100,22.1192131,100,22.23669052,100,22.25115776,0,21.9145813
2023/5/8 8:49,100,22.01794052,100,22.22222328,100,22.35243034,0,21.9145813
2023/5/8 8:50,100,22.1192131,100,22.32349586,100,22.35243034,0,21.9145813
2023/5/8 8:51,100,22.1192131,100,22.32349586,100,22.35243034,0,21.85671234
2023/5/8 8:52,100,22.1192131,100,22.32349586,100,22.35243034,0,21.81330872
2023/5/8 8:53,100,22.22048569,100,22.32349586,100,22.35243034,0,21.87117958
2023/5/8 8:54,100,22.22048569,100,22.22222328,100,22.35243034,0,21.8422451
2023/5/8 8:55,100,22.1192131,100,22.22222328,100,22.35243034,0,21.90011406
2023/5/8 8:56,100,22.01794052,100,22.23669052,100,22.35243034,0,21.85671234
2023/5/8 8:57,100,22.1192131,100,22.23669052,100,22.35243034,0,21.9145813
2023/5/8 8:58,100,22.06134224,100,22.22222328,100,22.35243034,0,21.9145813
2023/5/8 8:59,100,22.1192131,100,22.23669052,100,22.35243034,0,21.9145813
2023/5/8 9:00,100,22.1192131,100,22.32349586,100,22.35243034,0,21.9145813
2023/5/8 9:01,100,22.1192131,100,22.32349586,100,22.35243034,0,21.9145813
2023/5/8 9:02,100,22.1192131,100,22.32349586,100,22.45370293,0,21.9145813
2023/5/8 9:03,100,22.1192131,100,22.32349586,100,22.45370293,0,21.9145813
2023/5/8 9:04,100,22.1192131,100,22.32349586,100,22.45370293,0,21.9145813
2023/5/8 9:05,100,22.01794052,100,22.32349586,100,22.35243034,0,21.9145813
2023/5/8 9:06,100,22.01794052,100,22.32349586,100,22.35243034,0,21.9145813
2023/5/8 9:07,100,22.01794052,100,22.30902672,100,22.35243034,0,21.9145813
2023/5/8 9:08,100,22.01794052,100,22.32349586,100,22.35243034,0,21.9145813
2023/5/8 9:09,100,22.10474586,100,22.32349586,100,22.35243034,0,21.9145813
2023/5/8 9:10,100,22.01794052,100,22.32349586,100,22.35243034,0,21.9145813
2023/5/8 9:11,100,22.01794052,100,22.30902672,100,22.35243034,0,21.9145813
2023/5/8 9:12,100,22.01794052,100,22.32349586,100,22.35243034,0,21.9145813
2023/5/8 9:13,100,22.1192131,100,22.32349586,100,22.35243034,0,21.9145813
2023/5/8 9:14,100,22.1192131,100,22.32349586,100,22.35243034,0,21.9145813
2023/5/8 9:15,100,22.1192131,100,22.22222328,100,22.35243034,0,21.9145813
2023/5/8 9:16,100,22.01794052,100,22.23669052,100,22.35243034,12.70798111,22.01585579
2023/5/8 9:17,100,22.01794052,100,22.23669052,100,22.35243034,84.95707703,22.11712837
2023/5/8 9:18,100,22.01794052,100,22.22222328,100,22.35243034,100,22.10266113
2023/5/8 9:19,100,22.01794052,100,22.23669052,100,22.35243034,100,22.11712837
2023/5/8 9:20,100,22.01794052,100,22.23669052,100,22.25115776,100,22.11712837
2023/5/8 9:21,100,22.01794052,100,22.13541794,100,22.25115776,100,22.11712837
2023/5/8 9:22,100,22.01794052,100,22.13541794,100,22.25115776,54.61693573,21.9145813
2023/5/8 9:23,100,22.01794052,100,22.03414345,100,22.14988518,0,21.9145813
2023/5/8 9:24,100,21.91666794,100,22.01967621,100,22.14988518,0,21.9145813
2023/5/8 9:25,100,22.01794052,100,22.03414345,100,22.06307793,0,21.9145813
2023/5/8 9:26,100,21.91666794,100,21.96180534,100,22.06307793,0,21.9145813
2023/5/8 9:27,100,21.91666794,100,22.01967621,100,22.14988518,0,21.9145813
2023/5/8 9:28,100,21.91666794,100,22.13541794,100,22.25115776,0,21.9145813
2023/5/8 9:29,100,22.01794052,100,22.13541794,100,22.25115776,0,21.9145813
2023/5/8 9:30,100,22.01794052,100,22.13541794,100,22.25115776,0,21.9145813
2023/5/8 9:31,100,21.91666794,100,22.13541794,100,22.25115776,0,21.9145813
2023/5/8 9:32,100,21.9745369,100,22.13541794,100,22.25115776,0,21.9145813
2023/5/8 9:33,100,22.01794052,100,22.13541794,100,22.265625,12.20874023,22.11712837
2023/5/8 9:34,100,22.01794052,100,22.13541794,100,22.25115776,100,22.11712837
2023/5/8 9:35,100,22.01794052,100,22.13541794,100,22.25115776,100,22.11712837
2023/5/8 9:36,100,22.01794052,100,22.13541794,100,22.23669052,100,22.11712837
2023/5/8 9:37,100,22.01794052,100,22.13541794,100,22.265625,100,22.11712837
2023/5/8 9:38,100,22.01794052,100,22.01967621,100,22.14988518,100,22.11712837
2023/5/8 9:39,100,22.01794052,100,22.01967621,100,22.14988518,75.68515015,21.9145813
2023/5/8 9:40,100,22.01794052,100,22.01967621,100,22.14988518,9.971301079,21.9145813
2023/5/8 9:41,100,21.91666794,100,22.03414345,100,22.06307793,0,21.9145813
2023/5/8 9:42,100,21.81539345,100,22.01967621,100,22.06307793,0,21.85671234
2023/5/8 9:43,100,21.81539345,100,22.03414345,100,22.06307793,0,21.81330872
2023/5/8 9:44,100,21.91666794,100,22.00520706,100,22.06307793,0,21.9145813
2023/5/8 9:45,100,21.81539345,100,22.01967621,100,22.14988518,0,21.9145813
2023/5/8 9:46,100,21.81539345,100,22.01967621,100,22.14988518,0,21.9145813
2023/5/8 9:47,100,21.81539345,100,22.01967621,100,22.14988518,0,21.9145813
2023/5/8 9:48,100,21.81539345,100,22.13541794,100,22.25115776,0,21.9145813
2023/5/8 9:49,100,21.81539345,100,22.13541794,100,22.25115776,0,21.9145813
2023/5/8 9:50,100,21.81539345,100,22.13541794,100,22.25115776,0,21.92905045
2023/5/8 9:51,100,21.81539345,100,22.13541794,100,22.25115776,0,21.9145813
2023/5/8 9:52,100,21.91666794,100,22.13541794,100,22.25115776,0,21.81330872
2023/5/8 9:53,100,21.91666794,100,22.23669052,100,22.25115776,0,21.72650337
2023/5/8 9:54,100,21.90219879,100,22.22222328,100,22.25115776,0,21.71203613
2023/5/8 9:55,100,21.91666794,100,22.23669052,100,22.25115776,0,21.71203613
2023/5/8 9:56,100,21.81539345,100,22.22222328,100,22.25115776,0,21.72650337
2023/5/8 9:57,100,21.91666794,100,22.22222328,100,22.35243034,0,21.72650337
2023/5/8 9:58,100,21.91666794,100,22.23669052,100,22.35243034,0,21.71203613
2023/5/8 9:59,100,22.01794052,100,22.22222328,100,22.35243034,0,21.81330872
2023/5/8 10:00,100,22.01794052,100,22.22222328,100,22.35243034,0,21.82777596
2023/5/8 10:01,100,22.01794052,100,22.22222328,100,22.25115776,0,21.81330872
2023/5/8 10:02,100,21.91666794,100,22.23669052,100,22.25115776,0,21.81330872
2023/5/8 10:03,100,21.91666794,100,22.23669052,100,22.25115776,0,21.81330872
2023/5/8 10:04,100,21.91666794,100,22.22222328,100,22.25115776,0,21.81330872
2023/5/8 10:05,100,21.91666794,100,22.22222328,100,22.25115776,0,21.81330872
2023/5/8 10:06,100,22.01794052,100,22.23669052,100,22.25115776,0,21.81330872
2023/5/8 10:07,100,22.01794052,100,22.22222328,100,22.25115776,0,21.81330872
2023/5/8 10:08,100,22.01794052,100,22.23669052,100,22.25115776,0,21.81330872
2023/5/8 10:09,100,22.01794052,100,22.23669052,100,22.35243034,0,21.81330872
2023/5/8 10:10,100,22.01794052,100,22.23669052,100,22.28009224,0,21.9145813
2023/5/8 10:11,100,22.01794052,100,22.23669052,100,22.35243034,0,21.9145813
2023/5/8 10:12,100,22.01794052,100,22.22222328,100,22.35243034,0,21.9145813
2023/5/8 10:13,100,22.01794052,100,22.22222328,100,22.35243034,0,21.9145813
2023/5/8 10:14,100,22.01794052,100,22.23669052,100,22.35243034,0,21.9145813
2023/5/8 10:15,100,22.01794052,100,22.22222328,100,22.35243034,0,21.9145813
2023/5/8 10:16,100,22.01794052,100,22.22222328,100,22.35243034,0,21.9145813
2023/5/8 10:17,100,22.1192131,100,22.22222328,100,22.35243034,0,21.9145813
2023/5/8 10:18,100,22.00347328,100,22.23669052,100,22.35243034,0,21.9145813
2023/5/8 10:19,100,22.01794052,100,22.22222328,100,22.35243034,0,21.9145813
2023/5/8 10:20,100,22.01794052,100,22.23669052,100,22.35243034,0,21.9145813
2023/5/8 10:21,100,22.01794052,100,22.23669052,100,22.35243034,0,21.9145813
2023/5/8 10:22,100,21.96006966,100,22.22222328,100,22.35243034,0,21.9145813
2023/5/8 10:23,100,21.91666794,100,22.22222328,100,22.35243034,0,21.9145813
2023/5/8 10:24,100,22.01794052,100,22.23669052,100,22.35243034,0,21.9145813
2023/5/8 10:25,100,21.91666794,100,22.23669052,100,22.35243034,2.464787245,21.9145813
2023/5/8 10:26,100,21.91666794,100,22.22222328,100,22.35243034,0,21.9145813
2023/5/8 10:27,100,21.82986069,100,22.23669052,100,22.35243034,0,21.92905045
2023/5/8 10:28,100,21.91666794,100,22.22222328,100,22.35243034,0,21.9145813
2023/5/8 10:29,100,21.81539345,100,22.32349586,100,22.35243034,0,21.9145813
2023/5/8 10:30,100,21.81539345,100,22.23669052,100,22.35243034,0,21.9145813
2023/5/8 10:31,100,21.91666794,100,22.22222328,100,22.35243034,74.9667511,22.11712837
2023/5/8 10:32,100,21.81539345,100,22.32349586,100,22.45370293,100,22.11712837
2023/5/8 10:33,100,21.81539345,100,22.42476845,100,22.45370293,100,22.11712837
2023/5/8 10:34,100,21.91666794,100,22.42476845,100,22.45370293,100,22.11712837
2023/5/8 10:35,100,21.81539345,100,22.42476845,100,22.45370293,100,22.11712837
2023/5/8 10:36,100,21.81539345,100,22.42476845,100,22.35243034,100,22.11712837
2023/5/8 10:37,100,21.81539345,100,22.42476845,100,22.35243034,100,22.11712837
2023/5/8 10:38,100,21.81539345,100,22.42476845,100,22.25115776,100,22.11712837
2023/5/8 10:39,100,21.81539345,100,22.32349586,100,22.25115776,100,22.11712837
2023/5/8 10:40,100,21.81539345,100,22.32349586,100,22.265625,100,22.11712837
2023/5/8 10:41,100,21.81539345,100,22.22222328,100,22.25115776,62.58373642,21.9145813
2023/5/8 10:42,100,21.81539345,100,22.23669052,100,22.14988518,0,21.9145813
2023/5/8 10:43,100,21.81539345,100,22.13541794,100,22.14988518,0,21.9145813
2023/5/8 10:44,100,21.81539345,100,22.13541794,100,22.14988518,0,21.9145813
2023/5/8 10:45,100,21.81539345,100,22.13541794,100,22.25115776,0,21.81330872
2023/5/8 10:46,100,21.81539345,100,22.22222328,100,22.25115776,0,21.81330872
2023/5/8 10:47,100,21.81539345,100,22.22222328,100,22.25115776,0,21.81330872
2023/5/8 10:48,100,21.81539345,100,22.23669052,100,22.23669052,0,21.9145813
2023/5/8 10:49,100,21.81539345,100,22.32349586,100,22.25115776,0,21.9145813
2023/5/8 10:50,100,21.81539345,100,22.32349586,100,22.30902672,0,21.9145813
2023/5/8 10:51,100,21.82986069,100,22.42476845,100,22.35243034,0,21.9145813
2023/5/8 10:52,100,21.91666794,100,22.42476845,100,22.35243034,0,21.8422451
2023/5/8 10:53,100,21.91666794,100,22.42476845,100,22.35243034,0,21.87117958
2023/5/8 10:54,100,21.91666794,100,22.32349586,100,22.35243034,0,21.9145813
2023/5/8 10:55,100,22.01794052,100,22.32349586,100,22.35243034,0,21.81330872
2023/5/8 10:56,100,21.91666794,100,22.23669052,100,22.25115776,0,21.81330872
2023/5/8 10:57,100,22.01794052,100,22.23669052,100,22.25115776,0,21.9145813
2023/5/8 10:58,100,21.91666794,100,22.13541794,100,22.25115776,0,21.9145813
2023/5/8 10:59,100,22.01794052,100,22.23669052,100,22.265625,0,21.9145813
2023/5/8 11:00,100,21.91666794,100,22.22222328,100,22.25115776,0,21.9145813
2023/5/8 11:01,100,21.91666794,100,22.22222328,100,22.25115776,0,21.9145813
2023/5/8 11:02,100,22.01794052,100,22.23669052,100,22.25115776,0,21.9145813
2023/5/8 11:03,100,21.91666794,100,22.22222328,100,22.25115776,0,21.9145813
2023/5/8 11:04,100,21.81539345,100,22.22222328,100,22.25115776,0,21.9145813
2023/5/8 11:05,100,21.91666794,100,22.23669052,100,22.25115776,0,21.9145813
2023/5/8 11:06,100,21.91666794,100,22.22222328,100,22.25115776,0,21.9145813
2023/5/8 11:07,100,21.91666794,100,22.22222328,100,22.25115776,0,21.9145813
2023/5/8 11:08,100,21.91666794,100,22.32349586,100,22.35243034,0,21.9145813
2023/5/8 11:09,100,21.81539345,100,22.32349586,100,22.35243034,0,21.9145813
2023/5/8 11:10,100,21.91666794,100,22.23669052,100,22.35243034,0,21.9145813
2023/5/8 11:11,100,21.91666794,100,22.23669052,100,22.35243034,0,21.9145813
2023/5/8 11:12,100,21.91666794,100,22.22222328,100,22.35243034,0,21.9145813
2023/5/8 11:13,100,22.01794052,100,22.23669052,100,22.35243034,0,21.9145813
2023/5/8 11:14,100,21.90219879,100,22.22222328,100,22.35243034,0,21.9145813
2023/5/8 11:15,100,21.84432793,100,22.22222328,100,22.35243034,0,21.9145813
2023/5/8 11:16,100,21.91666794,100,22.265625,100,22.35243034,0,21.9145813
2023/5/8 11:17,100,21.91666794,100,22.32349586,100,22.35243034,0,21.9145813
2023/5/8 11:18,100,22.01794052,100,22.23669052,100,22.25115776,0,21.9145813
2023/5/8 11:19,100,22.01794052,100,22.22222328,100,22.25115776,0,21.9145813
2023/5/8 11:20,100,22.01794052,100,22.22222328,100,22.25115776,0,21.9145813
2023/5/8 11:21,100,22.01794052,100,22.22222328,100,22.25115776,0,21.9145813
2023/5/8 11:22,100,21.91666794,100,22.22222328,100,22.35243034,0,21.92905045
2023/5/8 11:23,100,22.01794052,100,22.22222328,100,22.35243034,0,21.9145813
2023/5/8 11:24,100,22.01794052,100,22.22222328,100,22.35243034,0,21.9145813
2023/5/8 11:25,100,21.91666794,100,22.23669052,100,22.35243034,0,21.9145813
2023/5/8 11:26,100,21.90219879,100,22.23669052,100,22.35243034,0,21.9145813
2023/5/8 11:27,100,21.91666794,100,22.22222328,100,22.35243034,0,21.9145813
2023/5/8 11:28,100,21.91666794,100,22.22222328,100,22.35243034,0,21.9145813
2023/5/8 11:29,100,21.91666794,100,22.32349586,100,22.25115776,0,21.9145813
2023/5/8 11:30,100,21.91666794,100,22.32349586,100,22.35243034,0,21.9145813
2023/5/8 11:31,100,21.91666794,100,22.32349586,100,22.25115776,0,21.9145813
2023/5/8 11:32,100,21.84432793,100,22.32349586,100,22.25115776,0,21.9145813
2023/5/8 11:33,100,21.91666794,100,22.32349586,100,22.35243034,0,21.9145813
2023/5/8 11:34,100,21.91666794,100,22.32349586,100,22.35243034,0,21.9145813
2023/5/8 11:35,100,21.91666794,100,22.32349586,100,22.35243034,0,21.9145813
2023/5/8 11:36,100,22.01794052,100,22.23669052,100,22.35243034,0,21.9145813
2023/5/8 11:37,100,22.01794052,100,22.22222328,100,22.25115776,0,21.9145813
2023/5/8 11:38,100,22.01794052,100,22.23669052,100,22.265625,0,21.9145813
2023/5/8 11:39,100,22.01794052,100,22.23669052,100,22.25115776,0,21.9145813
2023/5/8 11:40,100,22.01794052,100,22.23669052,100,22.35243034,0,21.9145813
2023/5/8 11:41,100,21.91666794,100,22.23669052,100,22.35243034,0,21.9145813
2023/5/8 11:42,100,21.91666794,100,22.32349586,100,22.35243034,0.476509571,21.95798492
2023/5/8 11:43,100,21.91666794,100,22.32349586,100,22.35243034,0,21.9145813
2023/5/8 11:44,100,21.91666794,100,22.32349586,100,22.35243034,0,22.07372665
2023/5/8 11:45,100,21.91666794,100,22.32349586,100,22.35243034,0,21.9145813
2023/5/8 11:46,100,21.91666794,100,22.32349586,100,22.35243034,0,21.9145813
2023/5/8 11:47,100,21.91666794,100,22.22222328,100,22.35243034,1.236496568,21.97245216
2023/5/8 11:48,100,21.91666794,100,22.32349586,100,22.35243034,93.19829559,22.11712837
2023/5/8 11:49,100,21.91666794,100,22.22222328,100,22.35243034,100,22.11712837
2023/5/8 11:50,100,21.91666794,100,22.22222328,100,22.35243034,100,22.11712837
2023/5/8 11:51,100,21.91666794,100,22.23669052,100,22.35243034,100,22.11712837
2023/5/8 11:52,100,22.01794052,100,22.23669052,100,22.25115776,100,22.11712837
2023/5/8 11:53,100,22.01794052,100,22.23669052,100,22.25115776,100,22.11712837
2023/5/8 11:54,100,22.01794052,100,22.13541794,100,22.25115776,100,22.11712837
2023/5/8 11:55,100,22.01794052,100,22.13541794,100,22.25115776,100,22.10266113
2023/5/8 11:56,100,22.00347328,100,22.13541794,100,22.25115776,42.14055252,21.9145813
2023/5/8 11:57,100,21.9745369,100,22.13541794,100,22.25115776,0,21.92905045
2023/5/8 11:58,100,21.91666794,100,22.13541794,100,22.25115776,0,21.9145813
2023/5/8 11:59,100,21.91666794,100,22.13541794,100,22.25115776,0,21.9145813
2023/5/8 12:00,100,21.91666794,100,22.13541794,100,22.25115776,0,21.9145813
2023/5/8 12:01,100,22.01794052,100,22.12094879,100,22.25115776,0,21.9145813
2023/5/8 12:02,100,21.91666794,100,22.13541794,100,22.23669052,0,21.9145813
2023/5/8 12:03,100,21.91666794,100,22.12094879,100,22.25115776,0,21.9145813
2023/5/8 12:04,100,22.01794052,100,22.22222328,100,22.25115776,0,21.9145813
2023/5/8 12:05,100,21.91666794,100,22.23669052,100,22.25115776,0,21.9145813
2023/5/8 12:06,100,21.91666794,100,22.23669052,100,22.25115776,0,21.9145813
2023/5/8 12:07,100,21.91666794,100,22.13541794,100,22.25115776,0,21.9145813
2023/5/8 12:08,100,21.91666794,100,22.23669052,100,22.25115776,0,21.9145813
2023/5/8 12:09,100,21.91666794,100,22.22222328,100,22.25115776,0,21.9145813
2023/5/8 12:10,100,21.91666794,100,22.13541794,100,22.25115776,0,21.9145813
2023/5/8 12:11,100,21.91666794,100,22.13541794,100,22.25115776,0,21.9145813
2023/5/8 12:12,100,21.91666794,100,22.22222328,100,22.25115776,0,21.9145813
2023/5/8 12:13,100,21.91666794,100,22.23669052,100,22.25115776,0,21.9145813
2023/5/8 12:14,100,22.01794052,100,22.23669052,100,22.25115776,0,21.9145813
2023/5/8 12:15,100,22.01794052,100,22.23669052,100,22.25115776,0,21.9145813
2023/5/8 12:16,100,22.01794052,100,22.22222328,100,22.25115776,0,21.9145813
2023/5/8 12:17,100,22.01794052,100,22.22222328,100,22.25115776,0,21.9145813
2023/5/8 12:18,100,22.01794052,100,22.23669052,100,22.25115776,0,21.9145813
2023/5/8 12:19,100,22.01794052,100,22.23669052,100,22.35243034,0,21.9145813
2023/5/8 12:20,100,21.91666794,100,22.23669052,100,22.35243034,0,21.9145813
2023/5/8 12:21,100,21.91666794,100,22.22222328,100,22.35243034,0,21.9145813
2023/5/8 12:22,100,22.01794052,100,22.22222328,100,22.35243034,0,21.9145813
2023/5/8 12:23,100,22.01794052,100,22.22222328,100,22.35243034,0,21.9145813
2023/5/8 12:24,100,22.01794052,100,22.22222328,100,22.35243034,0,21.9145813
2023/5/8 12:25,100,22.01794052,100,22.23669052,100,22.35243034,0,21.9145813
2023/5/8 12:26,100,22.01794052,100,22.22222328,100,22.35243034,0,21.9145813
2023/5/8 12:27,100,22.01794052,100,22.32349586,100,22.35243034,0,21.9145813
2023/5/8 12:28,100,21.91666794,100,22.23669052,100,22.35243034,0,21.9145813
2023/5/8 12:29,100,21.91666794,100,22.23669052,100,22.35243034,0,21.9145813
2023/5/8 12:30,100,22.01794052,100,22.22222328,100,22.35243034,0,21.9145813
2023/5/8 12:31,100,22.01794052,100,22.22222328,100,22.35243034,0,21.9145813
2023/5/8 12:32,100,21.91666794,100,22.22222328,100,22.35243034,0,21.9145813
2023/5/8 12:33,100,22.01794052,100,22.22222328,100,22.35243034,0,21.9145813
2023/5/8 12:34,100,22.01794052,100,22.22222328,100,22.35243034,0,21.9145813
2023/5/8 12:35,100,22.01794052,100,22.22222328,100,22.25115776,0,21.9145813
2023/5/8 12:36,100,22.01794052,100,22.23669052,100,22.35243034,0,21.9145813
2023/5/8 12:37,100,22.01794052,100,22.22222328,100,22.35243034,0,21.9145813
2023/5/8 12:38,100,22.01794052,100,22.22222328,100,22.35243034,0,21.9145813
2023/5/8 12:39,100,22.00347328,100,22.23669052,100,22.35243034,0,21.9145813
2023/5/8 12:40,100,22.1192131,100,22.23669052,100,22.35243034,0,21.92905045
2023/5/8 12:41,100,22.01794052,100,22.22222328,100,22.35243034,0,21.9145813
2023/5/8 12:42,100,22.1192131,100,22.13541794,100,22.25115776,0,21.9145813
2023/5/8 12:43,100,22.1192131,100,22.13541794,100,22.25115776,0,21.9145813
2023/5/8 12:44,100,22.1192131,100,22.13541794,100,22.25115776,0,21.9145813
2023/5/8 12:45,100,22.1192131,100,22.13541794,100,22.25115776,0,21.9145813
2023/5/8 12:46,100,22.1192131,100,22.13541794,100,22.25115776,0,21.9145813
2023/5/8 12:47,100,22.1192131,100,22.13541794,100,22.25115776,0,21.9145813
2023/5/8 12:48,100,22.1192131,100,22.13541794,100,22.25115776,0,21.9145813
2023/5/8 12:49,100,22.1192131,100,22.13541794,100,22.25115776,0,21.9145813
2023/5/8 12:50,100,22.1192131,100,22.13541794,100,22.25115776,0,21.81330872
2023/5/8 12:51,100,22.10474586,100,22.13541794,100,22.25115776,0,21.81330872
2023/5/8 12:52,100,22.1192131,100,22.22222328,100,22.25115776,0,21.81330872
2023/5/8 12:53,100,22.1192131,100,22.13541794,100,22.25115776,0,21.81330872
2023/5/8 12:54,100,22.1192131,100,22.13541794,100,22.25115776,0,21.81330872
2023/5/8 12:55,100,22.1192131,100,22.12094879,100,22.25115776,0,21.81330872
2023/5/8 12:56,100,22.20601845,100,22.13541794,100,22.25115776,0,21.81330872
2023/5/8 12:57,100,22.1192131,100,22.01967621,100,22.25115776,0,21.81330872
2023/5/8 12:58,100,22.22048569,100,22.01967621,100,22.25115776,0,21.72650337
2023/5/8 12:59,100,22.22048569,100,22.03414345,100,22.14988518,0,21.71203613
2023/5/8 13:00,100,22.22048569,100,22.01967621,100,22.14988518,0,21.71203613
2023/5/8 13:01,100,22.1192131,100,21.93287086,100,22.14988518,0,21.72650337
2023/5/8 13:02,100,22.1192131,100,21.93287086,100,22.1932869,0,21.72650337
2023/5/8 13:03,100,22.20601845,100,21.93287086,100,22.25115776,0,21.71203613
2023/5/8 13:04,100,22.22048569,100,22.03414345,100,22.25115776,0,21.72650337
2023/5/8 13:05,100,22.32176018,100,22.01967621,100,22.25115776,0,21.72650337
2023/5/8 13:06,100,22.32176018,100,22.01967621,100,22.265625,0,21.72650337
2023/5/8 13:07,100,22.32176018,100,22.03414345,100,22.25115776,0,21.81330872
2023/5/8 13:08,100,22.30729294,100,22.01967621,100,22.25115776,0,21.72650337
2023/5/8 13:09,100,22.32176018,100,22.13541794,100,22.35243034,0,21.72650337
2023/5/8 13:10,100,22.32176018,100,22.13541794,100,22.35243034,0,21.72650337
2023/5/8 13:11,100,22.32176018,100,22.13541794,100,22.45370293,0,21.78437424
2023/5/8 13:12,100,22.40856552,100,22.22222328,100,22.35243034,0,21.71203613
2023/5/8 13:13,100,22.32176018,100,22.22222328,100,22.35243034,0,21.71203613
2023/5/8 13:14,100,22.42303276,100,22.23669052,100,22.35243034,0,21.71203613
2023/5/8 13:15,100,22.42303276,100,22.22222328,100,22.45370293,0,21.72650337
2023/5/8 13:16,100,22.42303276,100,22.30902672,100,22.45370293,0,21.72650337
2023/5/8 13:17,100,22.42303276,100,22.32349586,100,22.45370293,0,21.71203613
2023/5/8 13:18,100,22.52430534,100,22.42476845,100,22.45370293,0,21.71203613
2023/5/8 13:19,100,22.5098381,100,22.42476845,100,22.45370293,0,21.72650337
2023/5/8 13:20,100,22.52430534,100,22.42476845,100,22.55497742,0,21.71203613
2023/5/8 13:21,100,22.52430534,100,22.42476845,100,22.65625,0,21.72650337
2023/5/8 13:22,100,22.45196724,100,22.42476845,100,22.65625,0,21.71203613
2023/5/8 13:23,100,22.42303276,100,22.42476845,100,22.65625,0,21.71203613
2023/5/8 13:24,100,22.42303276,100,22.32349586,100,22.55497742,0,21.71203613
2023/5/8 13:25,100,22.52430534,100,22.32349586,100,22.55497742,0,21.71203613
2023/5/8 13:26,100,22.52430534,100,22.32349586,100,22.45370293,0,21.72650337
2023/5/8 13:27,100,22.52430534,100,22.32349586,100,22.45370293,0,21.72650337
2023/5/8 13:28,100,22.52430534,100,22.30902672,100,22.45370293,0,21.72650337
2023/5/8 13:29,100,22.52430534,100,22.32349586,100,22.45370293,0,21.72650337
2023/5/8 13:30,100,22.52430534,100,22.32349586,100,22.45370293,0,21.72650337
2023/5/8 13:31,100,22.5098381,100,22.43923569,100,22.55497742,0,21.72650337
2023/5/8 13:32,100,22.42303276,100,22.32349586,100,22.55497742,0,21.72650337
2023/5/8 13:33,100,22.42303276,100,22.32349586,100,22.55497742,0,21.71203613
2023/5/8 13:34,100,22.42303276,100,22.32349586,100,22.55497742,0,21.71203613
2023/5/8 13:35,100,22.52430534,100,22.23669052,100,22.55497742,0,21.72650337
2023/5/8 13:36,100,22.52430534,100,22.22222328,100,22.45370293,0,21.72650337
2023/5/8 13:37,100,22.52430534,100,22.22222328,100,22.45370293,0,21.72650337
2023/5/8 13:38,100,22.52430534,100,22.32349586,100,22.55497742,0,21.81330872
2023/5/8 13:39,100,22.71238518,100,22.32349586,100,22.55497742,0,21.81330872
2023/5/8 13:40,100,22.52430534,100,22.32349586,100,22.55497742,0,21.81330872
2023/5/8 13:41,100,22.52430534,100,22.32349586,100,22.55497742,0,21.81330872
2023/5/8 13:42,100,22.52430534,100,22.42476845,100,22.65625,0,21.81330872
2023/5/8 13:43,100,22.71238518,100,22.42476845,100,22.65625,0,21.9145813
2023/5/8 13:44,100,22.81365776,100,22.42476845,100,22.55497742,0,21.9145813
2023/5/8 13:45,100,22.81365776,100,22.32349586,100,22.55497742,0,21.9145813
2023/5/8 13:46,100,22.72685242,100,22.32349586,100,22.55497742,0,21.9145813
2023/5/8 13:47,100,22.71238518,100,22.42476845,100,22.55497742,0,21.9145813
2023/5/8 13:48,100,22.72685242,100,22.42476845,100,22.55497742,0,21.9145813
2023/5/8 13:49,100,22.72685242,100,22.42476845,100,22.65625,0,21.9145813
2023/5/8 13:50,100,22.72685242,100,22.42476845,100,22.65625,0,21.9145813
2023/5/8 13:51,100,22.828125,100,22.42476845,100,22.65625,0,21.9145813
2023/5/8 13:52,100,22.828125,100,22.42476845,100,22.65625,0,21.9145813
2023/5/8 13:53,100,22.828125,100,22.42476845,100,22.65625,0,21.9145813
2023/5/8 13:54,100,22.81365776,100,22.42476845,100,22.65625,0,21.9145813
2023/5/8 13:55,100,22.828125,100,22.42476845,100,22.75752258,0,21.9145813
2023/5/8 13:56,100,22.828125,100,22.42476845,100,22.75752258,0,21.9145813
2023/5/8 13:57,100,22.81365776,100,22.52604294,100,22.75752258,0,21.9145813
2023/5/8 13:58,100,22.828125,100,22.52604294,100,22.75752258,31.33463669,22.11712837
2023/5/8 13:59,100,22.91493034,100,22.52604294,100,22.75752258,100,22.11712837
2023/5/8 14:00,100,22.91493034,100,22.52604294,100,22.75752258,100,22.11712837
2023/5/8 14:01,100,22.91493034,100,22.52604294,100,22.75752258,100,22.11712837
2023/5/8 14:02,100,22.91493034,100,22.52604294,100,22.75752258,100,22.11712837
2023/5/8 14:03,100,22.91493034,100,22.52604294,100,22.65625,100,22.11712837
2023/5/8 14:04,100,22.91493034,100,22.42476845,100,22.65625,43.32631683,21.9145813
2023/5/8 14:05,100,22.91493034,100,22.42476845,100,22.55497742,0,21.9145813
2023/5/8 14:06,100,22.828125,100,22.42476845,100,22.55497742,0,21.9145813
2023/5/8 14:07,100,22.828125,100,22.42476845,100,22.55497742,0,21.9145813
2023/5/8 14:08,100,22.87152672,100,22.42476845,100,22.55497742,0,21.9145813
2023/5/8 14:09,100,22.828125,100,22.42476845,100,22.55497742,0,21.9145813
2023/5/8 14:10,100,22.828125,100,22.42476845,100,22.65625,0,21.9145813
2023/5/8 14:11,100,22.828125,100,22.43923569,100,22.55497742,0,21.9145813
2023/5/8 14:12,100,22.828125,100,22.42476845,100,22.64178276,0,21.9145813
2023/5/8 14:13,100,22.91493034,100,22.52604294,100,22.65625,0,21.9145813
2023/5/8 14:14,100,22.828125,100,22.52604294,100,22.65625,0,21.9145813
2023/5/8 14:15,100,22.828125,100,22.52604294,100,22.65625,44.53546906,22.11712837
2023/5/8 14:16,100,22.81365776,100,22.62731552,100,22.75752258,100,22.11712837
2023/5/8 14:17,100,22.828125,100,22.61284828,100,22.65625,100,22.11712837
2023/5/8 14:18,100,22.91493034,100,22.62731552,100,22.65625,100,22.11712837
2023/5/8 14:19,100,22.91493034,100,22.52604294,100,22.65625,100,22.11712837
2023/5/8 14:20,100,22.78472328,100,22.51157379,100,22.55497742,43.63628387,21.9145813
2023/5/8 14:21,100,22.52430534,100,22.42476845,100,22.55497742,0,21.9145813
2023/5/8 14:22,100,22.71238518,100,22.42476845,100,22.45370293,0,21.9145813
2023/5/8 14:23,100,22.72685242,100,22.32349586,100,22.45370293,0,21.9145813
2023/5/8 14:24,100,22.71238518,100,22.32349586,100,22.45370293,0,21.9145813
2023/5/8 14:25,100,22.71238518,100,22.42476845,100,22.55497742,0,21.9145813
2023/5/8 14:26,100,22.71238518,100,22.42476845,100,22.55497742,0,21.9145813
2023/5/8 14:27,100,22.828125,100,22.42476845,100,22.55497742,0,21.9145813
2023/5/8 14:28,100,22.71238518,100,22.42476845,100,22.55497742,0,21.9145813
2023/5/8 14:29,100,22.72685242,100,22.42476845,100,22.65625,57.87832642,22.11712837
2023/5/8 14:30,100,22.72685242,100,22.52604294,100,22.65625,100,22.11712837
2023/5/8 14:31,100,22.71238518,100,22.52604294,100,22.65625,100,22.11712837
2023/5/8 14:32,100,22.72685242,100,22.42476845,100,22.55497742,100,22.11712837
2023/5/8 14:33,100,22.71238518,100,22.42476845,100,22.55497742,100,22.11712837
2023/5/8 14:34,100,22.72685242,100,22.42476845,100,22.55497742,94.85345459,21.9145813
2023/5/8 14:35,100,22.72685242,100,22.42476845,100,22.45370293,29.25042534,21.9145813
2023/5/8 14:36,100,22.71238518,100,22.36689758,100,22.45370293,0,21.9145813
2023/5/8 14:37,100,22.71238518,100,22.42476845,100,22.45370293,0,21.9145813
2023/5/8 14:38,100,22.72685242,100,22.32349586,100,22.45370293,0,21.9145813
2023/5/8 14:39,100,22.72685242,100,22.32349586,100,22.45370293,0,21.9145813
2023/5/8 14:40,100,22.72685242,100,22.32349586,100,22.45370293,0,21.9145813
2023/5/8 14:41,100,22.72685242,100,22.32349586,100,22.45370293,0,21.9145813
2023/5/8 14:42,100,22.72685242,100,22.32349586,100,22.45370293,0,21.9145813
2023/5/8 14:43,100,22.71238518,100,22.32349586,100,22.45370293,0,21.9145813
2023/5/8 14:44,100,22.72685242,100,22.35243034,100,22.55497742,0,21.9145813
2023/5/8 14:45,100,22.72685242,100,22.42476845,100,22.55497742,0.415003926,21.92905045
2023/5/8 14:46,100,22.72685242,100,22.42476845,100,22.65625,56.84513855,22.11712837
2023/5/8 14:47,100,22.72685242,100,22.42476845,100,22.65625,100,22.11712837
2023/5/8 14:48,100,22.828125,100,22.52604294,100,22.65625,100,22.11712837
2023/5/8 14:49,100,22.81365776,100,22.52604294,100,22.65625,100,22.11712837
2023/5/8 14:50,100,22.71238518,100,22.52604294,100,22.55497742,100,22.11712837
2023/5/8 14:51,100,22.71238518,100,22.42476845,100,22.55497742,100,22.11712837
2023/5/8 14:52,100,22.71238518,100,22.42476845,100,22.45370293,100,22.10266113
2023/5/8 14:53,100,22.828125,100,22.30902672,100,22.45370293,100,22.11712837
2023/5/8 14:54,100,22.828125,100,22.32349586,100,22.35243034,99.50088501,22.07372665
2023/5/8 14:55,100,22.828125,100,22.22222328,100,22.35243034,39.90885925,21.9145813
2023/5/8 14:56,100,22.81365776,100,22.22222328,100,22.35243034,0,21.9145813
2023/5/8 14:57,100,22.72685242,100,22.32349586,100,22.35243034,0,21.9145813
2023/5/8 14:58,100,22.72685242,100,22.32349586,100,22.35243034,0,21.9145813
2023/5/8 14:59,100,22.71238518,100,22.32349586,100,22.45370293,0,21.9145813
2023/5/8 15:00,100,22.71238518,100,22.32349586,100,22.45370293,0,21.9145813
2023/5/8 15:01,100,22.72685242,100,22.32349586,100,22.45370293,0,21.9145813
2023/5/8 15:02,100,22.72685242,100,22.32349586,100,22.45370293,0,21.9145813
2023/5/8 15:03,100,22.828125,100,22.32349586,100,22.45370293,0,21.9145813
2023/5/8 15:04,100,22.81365776,100,22.30902672,100,22.45370293,0,21.90011406
2023/5/8 15:05,100,22.71238518,100,22.32349586,100,22.45370293,0,21.9145813
2023/5/8 15:06,100,22.72685242,100,22.42476845,100,22.45370293,78.96498108,22.11712837
2023/5/8 15:07,100,22.828125,100,22.41030121,100,22.45370293,100,22.11712837
2023/5/8 15:08,100,22.828125,100,22.32349586,100,22.45370293,100,22.11712837
2023/5/8 15:09,100,22.91493034,100,22.30902672,100,22.45370293,100,22.11712837
2023/5/8 15:10,100,22.828125,100,22.22222328,100,22.35243034,100,22.11712837
2023/5/8 15:11,100,22.828125,100,22.23669052,100,22.35243034,100,22.11712837
2023/5/8 15:12,100,22.72685242,100,22.23669052,100,22.35243034,100,22.11712837
2023/5/8 15:13,100,22.72685242,100,22.13541794,100,22.25115776,100,22.11712837
2023/5/8 15:14,100,22.71238518,100,22.13541794,100,22.25115776,100,22.11712837
2023/5/8 15:15,100,22.71238518,100,22.13541794,100,22.25115776,78.43566895,21.9145813
2023/5/8 15:16,100,22.71238518,100,22.06307793,100,22.25115776,12.63350677,21.9145813
2023/5/8 15:17,100,22.72685242,100,22.01967621,100,22.25115776,0,21.90011406
2023/5/8 15:18,100,22.71238518,100,22.01967621,100,22.25115776,0,21.9145813
2023/5/8 15:19,100,22.72685242,100,22.01967621,100,22.25115776,0,21.9145813
2023/5/8 15:20,100,22.81365776,100,22.01967621,100,22.25115776,0,21.9145813
2023/5/8 15:21,100,22.92939758,100,22.01967621,100,22.25115776,0,21.9145813
2023/5/8 15:22,100,22.828125,100,22.01967621,100,22.25115776,0,21.9145813
2023/5/8 15:23,100,22.92939758,100,22.13541794,100,22.25115776,0,21.9145813
2023/5/8 15:24,100,22.91493034,100,22.13541794,100,22.25115776,0,21.9145813
2023/5/8 15:25,100,22.91493034,100,22.13541794,100,22.35243034,0,21.9145813
2023/5/8 15:26,100,22.91493034,100,22.17881966,100,22.35243034,0,21.9145813
2023/5/8 15:27,100,22.828125,100,22.22222328,100,22.35243034,0,21.9145813
2023/5/8 15:28,100,22.9004631,100,22.22222328,100,22.35243034,0,21.9145813
2023/5/8 15:29,100,22.91493034,100,22.22222328,100,22.45370293,1.485631585,22.10266113
2023/5/8 15:30,100,22.91493034,100,22.23669052,100,22.35243034,38.0452652,22.11712837
2023/5/8 15:31,100,22.828125,100,22.23669052,100,22.35243034,100,22.11712837
2023/5/8 15:32,100,22.91493034,100,22.22222328,100,22.35243034,100,22.11712837
2023/5/8 15:33,100,22.92939758,100,22.22222328,100,22.36689758,100,22.11712837
2023/5/8 15:34,100,22.91493034,100,22.22222328,100,22.35243034,100,22.11712837
2023/5/8 15:35,100,22.91493034,100,22.23669052,100,22.35243034,100,22.11712837
2023/5/8 15:36,100,22.91493034,100,22.13541794,100,22.25115776,100,22.11712837
2023/5/8 15:37,100,22.91493034,100,22.13541794,100,22.25115776,74.88452911,21.9145813
2023/5/8 15:38,100,22.91493034,100,22.13541794,100,22.25115776,10.24610996,21.9145813
2023/5/8 15:39,100,22.92939758,100,22.01967621,100,22.25115776,0,21.9145813
2023/5/8 15:40,100,22.91493034,100,22.03414345,100,22.25115776,0,21.90011406
2023/5/8 15:41,100,22.91493034,100,22.01967621,100,22.25115776,0,21.9145813
2023/5/8 15:42,100,22.91493034,100,22.01967621,100,22.25115776,0,21.9145813
2023/5/8 15:43,100,22.91493034,100,22.01967621,100,22.265625,0,21.9145813
2023/5/8 15:44,100,23.01620293,100,22.01967621,100,22.25115776,0,21.9145813
2023/5/8 15:45,100,23.00173569,100,22.01967621,100,22.265625,0,21.9145813
2023/5/8 15:46,100,22.91493034,100,22.01967621,100,22.25115776,0,21.9145813
2023/5/8 15:47,100,23.01620293,100,22.01967621,100,22.25115776,0,21.9145813
2023/5/8 15:48,100,23.01620293,100,22.03414345,100,22.25115776,0,21.9145813
2023/5/8 15:49,100,23.01620293,100,22.09201431,100,22.25115776,45.84729767,22.11712837
2023/5/8 15:50,100,23.01620293,100,22.03414345,100,22.25115776,100,22.11712837
2023/5/8 15:51,100,23.01620293,100,22.10648155,100,22.25115776,100,22.11712837
2023/5/8 15:52,100,23.01620293,100,22.13541794,100,22.25115776,100,22.11712837
2023/5/8 15:53,100,23.01620293,100,22.13541794,100,22.25115776,100,22.11712837
2023/5/8 15:54,100,23.01620293,100,22.01967621,100,22.25115776,100,22.11712837
2023/5/8 15:55,100,23.01620293,100,22.01967621,100,22.25115776,98.56446838,21.95798492
2023/5/8 15:56,100,23.01620293,100,22.01967621,100,22.25115776,91.75693512,21.9145813
2023/5/8 15:57,100,23.01620293,100,22.01967621,100,22.25115776,27.29941368,21.9145813
2023/5/8 15:58,100,23.01620293,100,22.01967621,100,22.25115776,0,21.9145813
2023/5/8 15:59,100,23.01620293,100,22.03414345,100,22.14988518,0,21.9145813
2023/5/8 16:00,100,23.01620293,100,21.91840172,100,22.14988518,0,21.9145813
2023/5/8 16:01,100,23.03067207,100,21.93287086,100,22.25115776,0,21.9145813
2023/5/8 16:02,100,23.11747742,100,21.9473381,100,22.25115776,0,21.9145813
2023/5/8 16:03,100,23.01620293,100,22.03414345,100,22.25115776,0,21.9145813
2023/5/8 16:04,100,23.01620293,100,22.03414345,100,22.25115776,0,21.9145813
2023/5/8 16:05,100,23.01620293,100,22.01967621,100,22.25115776,3.037559032,22.11712837
2023/5/8 16:06,100,23.01620293,100,22.01967621,100,22.25115776,85.81999207,22.11712837
2023/5/8 16:07,100,23.01620293,100,22.13541794,100,22.35243034,100,22.11712837
2023/5/8 16:08,100,23.01620293,100,22.13541794,100,22.35243034,100,22.10266113
2023/5/8 16:09,100,23.01620293,100,22.13541794,100,22.35243034,100,22.11712837
2023/5/8 16:10,100,23.01620293,100,22.13541794,100,22.25115776,100,22.11712837
2023/5/8 16:11,100,23.11747742,100,22.01967621,100,22.25115776,100,22.11712837
2023/5/8 16:12,100,23.01620293,100,22.09201431,100,22.25115776,73.22422791,21.9145813
2023/5/8 16:13,100,23.01620293,100,22.03414345,100,22.25115776,7.147326946,21.9145813
2023/5/8 16:14,100,23.01620293,100,22.01967621,100,22.25115776,0,21.9145813
2023/5/8 16:15,100,23.01620293,100,22.01967621,100,22.25115776,0,21.9145813
2023/5/8 16:16,100,23.01620293,100,21.9473381,100,22.14988518,0,21.9145813
2023/5/8 16:17,100,23.01620293,100,22.01967621,100,22.14988518,0,21.9145813
2023/5/8 16:18,100,23.11747742,100,21.91840172,100,22.14988518,0,21.9145813
2023/5/8 16:19,100,23.11747742,100,22.01967621,100,22.25115776,0,21.9145813
2023/5/8 16:20,100,23.11747742,100,22.01967621,100,22.25115776,0,21.9145813
2023/5/8 16:21,100,23.11747742,100,22.01967621,100,22.25115776,0.178569868,22.01585579
2023/5/8 16:22,100,23.11747742,100,22.01967621,100,22.25115776,48.93307495,22.11712837
2023/5/8 16:23,100,23.11747742,100,22.01967621,100,22.3379631,100,22.11712837
2023/5/8 16:24,100,23.11747742,100,22.13541794,100,22.35243034,100,22.11712837
2023/5/8 16:25,100,23.11747742,100,22.01967621,100,22.25115776,100,22.11712837
2023/5/8 16:26,100,23.11747742,100,22.01967621,100,22.25115776,100,22.11712837
2023/5/8 16:27,100,23.11747742,100,22.13541794,100,22.35243034,100,22.11712837
2023/5/8 16:28,100,23.11747742,100,22.13541794,100,22.35243034,100,22.11712837
2023/5/8 16:29,100,23.11747742,100,22.13541794,100,22.35243034,92.36922455,21.9145813
2023/5/8 16:30,100,23.11747742,100,22.13541794,100,22.35243034,26.48726654,21.9145813
2023/5/8 16:31,100,23.11747742,100,22.12094879,100,22.35243034,0,21.9145813
2023/5/8 16:32,100,23.11747742,100,22.13541794,100,22.35243034,0,21.9145813
2023/5/8 16:33,100,23.11747742,100,22.13541794,100,22.35243034,0,21.9145813
2023/5/8 16:34,100,23.11747742,100,22.22222328,100,22.35243034,0,21.9145813
2023/5/8 16:35,100,23.11747742,100,22.22222328,100,22.35243034,0,21.9145813
2023/5/8 16:36,100,23.11747742,100,22.22222328,100,22.35243034,0,21.9145813
2023/5/8 16:37,100,23.11747742,100,22.22222328,100,22.35243034,0,21.9145813
2023/5/8 16:38,100,23.11747742,100,22.30902672,100,22.45370293,0,21.9145813
2023/5/8 16:39,100,23.11747742,100,22.32349586,100,22.45370293,0,21.9145813
2023/5/8 16:40,100,23.11747742,100,22.32349586,100,22.45370293,67.6264801,22.11712837
2023/5/8 16:41,100,23.11747742,100,22.32349586,100,22.45370293,100,22.11712837
2023/5/8 16:42,100,23.21875,100,22.32349586,100,22.45370293,100,22.11712837
2023/5/8 16:43,100,23.11747742,100,22.42476845,100,22.45370293,100,22.11712837
2023/5/8 16:44,100,23.21875,100,22.42476845,100,22.45370293,100,22.11712837
2023/5/8 16:45,100,23.21875,100,22.32349586,100,22.35243034,100,22.11712837
2023/5/8 16:46,100,23.20428276,100,22.32349586,100,22.35243034,100,22.11712837
2023/5/8 16:47,100,23.21875,100,22.22222328,100,22.35243034,100,22.11712837
2023/5/8 16:48,100,23.21875,100,22.22222328,100,22.35243034,58.73025513,21.9145813
2023/5/8 16:49,100,23.21875,100,22.22222328,100,22.35243034,0,21.90011406
2023/5/8 16:50,100,23.21875,100,22.22222328,100,22.35243034,0,21.9145813
2023/5/8 16:51,100,23.11747742,100,22.22222328,100,22.35243034,0,21.9145813
2023/5/8 16:52,100,23.21875,100,22.22222328,100,22.35243034,0,21.9145813
2023/5/8 16:53,100,23.21875,100,22.22222328,100,22.35243034,0,21.9145813
2023/5/8 16:54,100,23.21875,100,22.22222328,100,22.35243034,0,21.9145813
2023/5/8 16:55,100,23.11747742,100,22.22222328,100,22.35243034,0,21.9145813
2023/5/8 16:56,100,23.21875,100,22.22222328,100,22.35243034,0,21.9145813
2023/5/8 16:57,100,23.21875,100,22.32349586,100,22.35243034,0,21.9145813
2023/5/8 16:58,100,23.20428276,100,22.32349586,100,22.35243034,0,21.9145813
2023/5/8 16:59,100,23.21875,100,22.42476845,100,22.45370293,0,21.9145813
2023/5/8 17:00,100,23.21875,100,22.42476845,100,22.45370293,2.797032118,22.03032303
2023/5/8 17:01,100,23.32002258,100,22.52604294,100,22.55497742,89.94811249,22.11712837
2023/5/8 17:02,100,23.32002258,100,22.52604294,100,22.54051018,100,22.11712837
2023/5/8 17:03,100,23.32002258,100,22.52604294,100,22.5839119,100,22.11712837
2023/5/8 17:04,100,23.32002258,100,22.62731552,100,22.65625,100,22.11712837
2023/5/8 17:05,100,23.32002258,100,22.52604294,100,22.55497742,100,22.11712837
2023/5/8 17:06,100,23.32002258,100,22.52604294,100,22.55497742,100,22.11712837
2023/5/8 17:07,100,23.32002258,100,22.52604294,100,22.55497742,100,22.11712837
2023/5/8 17:08,100,23.32002258,100,22.42476845,100,22.48263931,100,22.11712837
2023/5/8 17:09,100,23.32002258,100,22.42476845,100,22.45370293,100,22.11712837
2023/5/8 17:10,100,23.30555534,100,22.32349586,100,22.45370293,43.98212433,21.9145813
2023/5/8 17:11,100,23.32002258,100,22.32349586,100,22.45370293,0,21.9145813
2023/5/8 17:12,100,23.32002258,100,22.32349586,100,22.45370293,0,21.9145813
2023/5/8 17:13,100,23.32002258,100,22.32349586,100,22.45370293,0,21.9145813
2023/5/8 17:14,100,23.32002258,100,22.42476845,100,22.35243034,0,21.9145813
2023/5/8 17:15,100,23.30555534,100,22.42476845,100,22.45370293,0,21.9145813
2023/5/8 17:16,100,23.32002258,100,22.41030121,100,22.45370293,0,21.9145813
2023/5/8 17:17,100,23.32002258,100,22.42476845,100,22.45370293,0,21.9145813
2023/5/8 17:18,100,23.24768448,100,22.42476845,100,22.45370293,0,21.9145813
2023/5/8 17:19,100,23.32002258,100,22.42476845,100,22.54051018,0,21.9145813
2023/5/8 17:20,100,23.01620293,100,22.42476845,100,22.45370293,0,21.9145813
2023/5/8 17:21,100,23.32002258,100,22.52604294,100,22.55497742,0,21.90011406
2023/5/8 17:22,100,23.32002258,100,22.42476845,100,22.55497742,48.46835327,22.11712837
2023/5/8 17:23,100,23.32002258,100,22.52604294,100,22.55497742,100,22.11712837
2023/5/8 17:24,100,23.30555534,100,22.52604294,100,22.55497742,100,22.11712837
2023/5/8 17:25,100,23.32002258,100,22.52604294,100,22.55497742,100,22.11712837
2023/5/8 17:26,100,23.32002258,100,22.52604294,100,22.55497742,100,22.11712837
2023/5/8 17:27,100,23.32002258,100,22.52604294,100,22.55497742,100,22.11712837
2023/5/8 17:28,100,23.32002258,100,22.42476845,100,22.45370293,100,22.11712837
2023/5/8 17:29,100,23.32002258,100,22.42476845,100,22.45370293,100,22.11712837
2023/5/8 17:30,100,23.32002258,100,22.42476845,100,22.45370293,100,22.10266113
2023/5/8 17:31,100,23.32002258,100,22.32349586,100,22.45370293,81.26696014,21.9145813
2023/5/8 17:32,100,23.32002258,100,22.32349586,100,22.35243034,14.88369179,21.9145813
2023/5/8 17:33,100,23.32002258,100,22.22222328,100,22.25115776,0,21.9145813
2023/5/8 17:34,100,23.32002258,100,22.22222328,100,22.25115776,0,21.9145813
2023/5/8 17:35,100,23.32002258,100,22.32349586,100,22.35243034,0,21.9145813
2023/5/8 17:36,100,23.32002258,100,22.32349586,100,22.35243034,0,21.9145813
2023/5/8 17:37,100,23.32002258,100,22.32349586,100,22.35243034,0,21.9145813
2023/5/8 17:38,100,23.32002258,100,22.32349586,100,22.35243034,0,21.9145813
2023/5/8 17:39,100,23.32002258,100,22.42476845,100,22.45370293,0,21.9145813
2023/5/8 17:40,100,23.32002258,100,22.42476845,100,22.45370293,0,21.9145813
2023/5/8 17:41,100,23.32002258,100,22.42476845,100,22.45370293,0,21.9145813
2023/5/8 17:42,100,23.32002258,100,22.52604294,100,22.55497742,63.01243591,22.11712837
2023/5/8 17:43,100,23.32002258,100,22.52604294,100,22.55497742,100,22.11712837
2023/5/8 17:44,100,23.01620293,100,22.62731552,100,22.65625,100,22.11712837
2023/5/8 17:45,100,23.32002258,100,22.61284828,100,22.55497742,100,22.11712837
2023/5/8 17:46,100,23.01620293,100,22.62731552,100,22.61284828,100,22.11712837
2023/5/8 17:47,100,23.30555534,100,22.62731552,100,22.55497742,100,22.11712837
2023/5/8 17:48,100,23.01620293,100,22.52604294,100,22.55497742,100,22.11712837
2023/5/8 17:49,100,23.10301018,100,22.52604294,100,22.55497742,100,22.11712837
2023/5/8 17:50,100,23.32002258,100,22.52604294,100,22.45370293,61.16252136,21.9145813
2023/5/8 17:51,100,23.03067207,100,22.42476845,100,22.45370293,0,21.9145813
2023/5/8 17:52,100,23.32002258,100,22.42476845,100,22.45370293,0,21.9145813
2023/5/8 17:53,100,23.32002258,100,22.42476845,100,22.45370293,0,21.9145813
2023/5/8 17:54,100,23.32002258,100,22.42476845,100,22.55497742,0,21.9145813
2023/5/8 17:55,100,23.32002258,100,22.42476845,100,22.45370293,0,21.9145813
2023/5/8 17:56,100,23.32002258,100,22.51157379,100,22.55497742,0,21.9145813
2023/5/8 17:57,100,23.32002258,100,22.52604294,100,22.55497742,0,21.9145813
2023/5/8 17:58,100,23.32002258,100,22.52604294,100,22.55497742,0,21.9145813
2023/5/8 17:59,100,23.32002258,100,22.62731552,100,22.62731552,0,21.9145813
2023/5/8 18:00,100,23.32002258,100,22.62731552,100,22.65625,0,21.9145813
2023/5/8 18:01,100,23.32002258,100,22.61284828,100,22.65625,14.76909161,22.11712837
2023/5/8 18:02,100,23.32002258,100,22.62731552,100,22.64178276,100,22.11712837
2023/5/8 18:03,100,23.01620293,100,22.62731552,100,22.65625,100,22.11712837
2023/5/8 18:04,100,23.32002258,100,22.62731552,100,22.65625,100,22.11712837
2023/5/8 18:05,100,23.01620293,100,22.62731552,100,22.65625,100,22.11712837
2023/5/8 18:06,100,23.11747742,100,22.62731552,100,22.55497742,100,22.11712837
2023/5/8 18:07,100,23.01620293,100,22.52604294,100,22.65625,100,22.11712837
2023/5/8 18:08,100,23.01620293,100,22.52604294,100,22.65625,100,22.11712837
2023/5/8 18:09,100,23.01620293,100,22.52604294,100,22.55497742,98.00146484,21.9145813
2023/5/8 18:10,100,23.11747742,100,22.52604294,100,22.55497742,36.72505569,21.9145813
2023/5/8 18:11,100,23.26215172,100,22.52604294,100,22.54051018,0,21.9145813
2023/5/8 18:12,100,23.32002258,100,22.42476845,100,22.45370293,0,21.9145813
2023/5/8 18:13,100,23.32002258,100,22.52604294,100,22.54051018,0,21.9145813
2023/5/8 18:14,100,23.32002258,100,22.52604294,100,22.55497742,0,21.9145813
2023/5/8 18:15,100,23.32002258,100,22.42476845,100,22.45370293,0,21.9145813
2023/5/8 18:16,100,23.26215172,100,22.42476845,100,22.45370293,0,21.9145813
2023/5/8 18:17,100,23.11747742,100,22.52604294,100,22.55497742,0,21.9145813
2023/5/8 18:18,100,23.32002258,100,22.52604294,100,22.54051018,0,21.9145813
2023/5/8 18:19,100,23.32002258,100,22.62731552,100,22.5839119,0,21.9145813
2023/5/8 18:20,100,23.32002258,100,22.62731552,100,22.65625,0,21.9145813
2023/5/8 18:21,100,23.01620293,100,22.62731552,100,22.65625,0,21.9145813
2023/5/8 18:22,100,23.01620293,100,22.61284828,100,22.75752258,0,21.9145813
2023/5/8 18:23,100,23.01620293,100,22.7285881,100,22.75752258,57.00712585,22.11712837
2023/5/8 18:24,100,23.32002258,100,22.7285881,100,22.75752258,100,22.11712837
2023/5/8 18:25,100,23.01620293,100,22.7285881,100,22.75752258,100,22.11712837
2023/5/8 18:26,100,23.01620293,100,22.7285881,100,22.75752258,100,22.11712837
2023/5/8 18:27,100,23.01620293,100,22.71412086,100,22.64178276,100,22.11712837
2023/5/8 18:28,100,23.01620293,100,22.62731552,100,22.71412086,100,22.11712837
2023/5/8 18:29,100,23.01620293,100,22.62731552,100,22.65625,100,22.11712837
2023/5/8 18:30,100,23.01620293,100,22.62731552,100,22.65625,100,22.11712837
2023/5/8 18:31,100,23.01620293,100,22.5839119,100,22.65625,100,22.11712837
2023/5/8 18:32,100,23.01620293,100,22.52604294,100,22.54051018,52.21323776,21.9145813
2023/5/8 18:33,100,23.01620293,100,22.52604294,100,22.65625,0,21.9145813
2023/5/8 18:34,100,23.08854294,100,22.52604294,100,22.65625,0,21.9145813
2023/5/8 18:35,100,23.01620293,100,22.52604294,100,22.55497742,0,21.9145813
2023/5/8 18:36,100,23.01620293,100,22.52604294,100,22.55497742,0,21.9145813
2023/5/8 18:37,100,23.01620293,100,22.52604294,100,22.54051018,0,21.9145813
2023/5/8 18:38,100,23.01620293,100,22.52604294,100,22.54051018,0,21.9145813
2023/5/8 18:39,100,23.11747742,100,22.52604294,100,22.64178276,0,21.9145813
2023/5/8 18:40,100,23.01620293,100,22.62731552,100,22.65625,0,21.9145813
2023/5/8 18:41,100,23.01620293,100,22.62731552,100,22.65625,0,21.9145813
2023/5/8 18:42,100,23.11747742,100,22.62731552,100,22.65625,0.001654603,21.95798492
2023/5/8 18:43,100,23.01620293,100,22.62731552,100,22.64178276,71.7545929,22.11712837
2023/5/8 18:44,100,23.01620293,100,22.52604294,100,22.61284828,100,22.11712837
2023/5/8 18:45,100,23.11747742,100,22.52604294,100,22.55497742,100,22.11712837
2023/5/8 18:46,100,23.01620293,100,22.52604294,100,22.55497742,100,22.11712837
2023/5/8 18:47,100,23.01620293,100,22.52604294,100,22.55497742,100,22.11712837
2023/5/8 18:48,100,23.01620293,100,22.52604294,100,22.65625,100,22.11712837
2023/5/8 18:49,100,23.04513931,100,22.62731552,100,22.65625,100,22.11712837
2023/5/8 18:50,100,23.01620293,100,22.52604294,100,22.65625,100,22.11712837
2023/5/8 18:51,100,23.01620293,100,22.52604294,100,22.65625,73.42455292,21.9145813
2023/5/8 18:52,100,23.32002258,100,22.52604294,100,22.5839119,6.723948479,21.9145813
2023/5/8 18:53,100,23.13194466,100,22.51157379,100,22.55497742,0,21.9145813
2023/5/8 18:54,100,23.32002258,100,22.52604294,100,22.55497742,0,21.9145813
2023/5/8 18:55,100,23.32002258,100,22.52604294,100,22.55497742,0,21.9145813
2023/5/8 18:56,100,23.32002258,100,22.52604294,100,22.55497742,0,21.90011406
2023/5/8 18:57,100,23.32002258,100,22.52604294,100,22.55497742,0,21.9145813
2023/5/8 18:58,100,23.32002258,100,22.52604294,100,22.54051018,0,21.9145813
2023/5/8 18:59,100,23.01620293,100,22.52604294,100,22.65625,0,21.9145813
2023/5/8 19:00,100,23.01620293,100,22.52604294,100,22.65625,0,21.9145813
2023/5/8 19:01,100,23.01620293,100,22.52604294,100,22.65625,0,21.9145813
2023/5/8 19:02,100,23.10301018,100,22.62731552,100,22.65625,48.64738464,22.11712837
2023/5/8 19:03,100,23.01620293,100,22.62731552,100,22.74305534,100,22.11712837
2023/5/8 19:04,100,23.10301018,100,22.7285881,100,22.74305534,100,22.11712837
2023/5/8 19:05,100,23.11747742,100,22.62731552,100,22.65625,100,22.11712837
2023/5/8 19:06,100,23.11747742,100,22.62731552,100,22.65625,100,22.11712837
2023/5/8 19:07,100,23.11747742,100,22.61284828,100,22.55497742,100,22.11712837
2023/5/8 19:08,100,23.11747742,100,22.52604294,100,22.55497742,100,22.11712837
2023/5/8 19:09,100,23.21875,100,22.52604294,100,22.55497742,100,22.10266113
2023/5/8 19:10,100,23.11747742,100,22.52604294,100,22.48263931,51.12876892,21.9145813
2023/5/8 19:11,100,23.11747742,100,22.42476845,100,22.45370293,0,21.9145813
2023/5/8 19:12,100,23.11747742,100,22.42476845,100,22.45370293,0,21.9145813
2023/5/8 19:13,100,23.11747742,100,22.42476845,100,22.45370293,0,21.9145813
2023/5/8 19:14,100,23.11747742,100,22.52604294,100,22.45370293,0,21.9145813
2023/5/8 19:15,100,23.11747742,100,22.52604294,100,22.51157379,0,21.9145813
2023/5/8 19:16,100,23.11747742,100,22.42476845,100,22.45370293,0,21.9145813
2023/5/8 19:17,100,23.21875,100,22.42476845,100,22.45370293,0,21.9145813
2023/5/8 19:18,100,23.11747742,100,22.42476845,100,22.45370293,0,21.9145813
2023/5/8 19:19,100,23.11747742,100,22.42476845,100,22.45370293,0,21.9145813
2023/5/8 19:20,100,23.11747742,100,22.42476845,100,22.45370293,15.96751499,22.11712837
2023/5/8 19:21,100,23.11747742,100,22.42476845,100,22.45370293,100,22.11712837
2023/5/8 19:22,100,23.01620293,100,22.42476845,100,22.55497742,100,22.11712837
2023/5/8 19:23,100,23.11747742,100,22.52604294,100,22.55497742,100,22.11712837
2023/5/8 19:24,100,23.11747742,100,22.42476845,100,22.45370293,100,22.11712837
2023/5/8 19:25,100,23.11747742,100,22.42476845,100,22.45370293,100,22.11712837
2023/5/8 19:26,100,23.11747742,100,22.42476845,100,22.45370293,100,22.11712837
2023/5/8 19:27,100,23.11747742,100,22.32349586,100,22.35243034,100,22.11712837
2023/5/8 19:28,100,23.11747742,100,22.32349586,100,22.35243034,100,22.11712837
2023/5/8 19:29,100,23.11747742,100,22.32349586,100,22.45370293,100,22.11712837
2023/5/8 19:30,100,23.11747742,100,22.42476845,100,22.45370293,96.34758759,21.9145813
2023/5/8 19:31,100,23.21875,100,22.42476845,100,22.45370293,32.23307037,21.9145813
2023/5/8 19:32,100,23.21875,100,22.42476845,100,22.45370293,0,21.9145813
2023/5/8 19:33,100,23.11747742,100,22.30902672,100,22.45370293,0,21.9145813
2023/5/8 19:34,100,23.11747742,100,22.32349586,100,22.35243034,0,21.9145813
2023/5/8 19:35,100,23.1464119,100,22.32349586,100,22.35243034,0,21.9145813
2023/5/8 19:36,100,23.11747742,100,22.32349586,100,22.45370293,0,21.9145813
2023/5/8 19:37,100,23.01620293,100,22.39583206,100,22.45370293,0,21.9145813
2023/5/8 19:38,100,23.11747742,100,22.42476845,100,22.45370293,0,21.9145813
2023/5/8 19:39,100,23.11747742,100,22.42476845,100,22.45370293,0,21.9145813
2023/5/8 19:40,100,23.11747742,100,22.42476845,100,22.54051018,0,21.9145813
2023/5/8 19:41,100,23.11747742,100,22.42476845,100,22.55497742,2.331488848,22.07372665
2023/5/8 19:42,100,23.01620293,100,22.52604294,100,22.55497742,79.70487976,22.11712837
2023/5/8 19:43,100,23.01620293,100,22.42476845,100,22.45370293,100,22.11712837
2023/5/8 19:44,100,23.11747742,100,22.52604294,100,22.48263931,100,22.11712837
2023/5/8 19:45,100,23.11747742,100,22.52604294,100,22.43923569,100,22.11712837
2023/5/8 19:46,100,23.01620293,100,22.42476845,100,22.45370293,100,22.11712837
2023/5/8 19:47,100,23.01620293,100,22.42476845,100,22.45370293,100,22.11712837
2023/5/8 19:48,100,23.00173569,100,22.42476845,100,22.45370293,100,22.11712837
2023/5/8 19:49,100,23.32002258,100,22.42476845,100,22.35243034,100,22.11712837
2023/5/8 19:50,100,23.01620293,100,22.32349586,100,22.35243034,100,22.11712837
2023/5/8 19:51,100,23.01620293,100,22.32349586,100,22.35243034,89.4984436,21.9145813
2023/5/8 19:52,100,23.01620293,100,22.32349586,100,22.35243034,23.61759758,21.9145813
2023/5/8 19:53,100,23.11747742,100,22.32349586,100,22.35243034,0,21.9145813
2023/5/8 19:54,100,23.11747742,100,22.32349586,100,22.35243034,0,21.9145813
2023/5/8 19:55,100,23.05960655,100,22.32349586,100,22.35243034,0,21.9145813
2023/5/8 19:56,100,23.11747742,100,22.32349586,100,22.35243034,0,21.9145813
2023/5/8 19:57,100,23.11747742,100,22.32349586,100,22.45370293,0,21.9145813
2023/5/8 19:58,100,23.01620293,100,22.32349586,100,22.45370293,0,21.9145813
2023/5/8 19:59,100,23.11747742,100,22.42476845,100,22.45370293,0,21.9145813
2023/5/8 20:00,100,23.01620293,100,22.42476845,100,22.45370293,54.00850677,22.11712837
2023/5/8 20:01,100,23.11747742,100,22.42476845,100,22.45370293,100,22.11712837
2023/5/8 20:02,100,23.10301018,100,22.42476845,100,22.45370293,100,22.11712837
2023/5/8 20:03,100,23.11747742,100,22.42476845,100,22.45370293,100,22.11712837
2023/5/8 20:04,100,23.11747742,100,22.42476845,100,22.45370293,100,22.11712837
2023/5/8 20:05,100,23.10301018,100,22.32349586,100,22.45370293,100,22.11712837
2023/5/8 20:06,100,23.11747742,100,22.32349586,100,22.45370293,100,22.11712837
2023/5/8 20:07,100,23.11747742,100,22.32349586,100,22.35243034,100,22.11712837
2023/5/8 20:08,100,23.11747742,100,22.32349586,100,22.35243034,100,22.11712837
2023/5/8 20:09,100,23.01620293,100,22.22222328,100,22.35243034,93.76952362,21.9145813
2023/5/8 20:10,100,23.05960655,100,22.22222328,100,22.35243034,35.91119003,21.9145813
2023/5/8 20:11,100,23.11747742,100,22.22222328,100,22.35243034,0,21.9145813
2023/5/8 20:12,100,23.11747742,100,22.23669052,100,22.35243034,0,21.9145813
2023/5/8 20:13,100,23.11747742,100,22.23669052,100,22.25115776,0,21.9145813
2023/5/8 20:14,100,23.11747742,100,22.22222328,100,22.25115776,0,21.9145813
2023/5/8 20:15,100,23.11747742,100,22.22222328,100,22.25115776,0,21.9145813
2023/5/8 20:16,100,23.11747742,100,22.23669052,100,22.25115776,0,21.9145813
2023/5/8 20:17,100,23.11747742,100,22.32349586,100,22.35243034,0,21.9145813
2023/5/8 20:18,100,23.11747742,100,22.32349586,100,22.45370293,0,21.9145813
2023/5/8 20:19,100,23.11747742,100,22.32349586,100,22.45370293,0,21.9145813
2023/5/8 20:20,100,23.01620293,100,22.32349586,100,22.45370293,0,21.9145813
2023/5/8 20:21,100,23.11747742,100,22.42476845,100,22.45370293,0,21.9145813
2023/5/8 20:22,100,23.01620293,100,22.42476845,100,22.45370293,0,21.9145813
2023/5/8 20:23,100,23.01620293,100,22.42476845,100,22.43923569,0,21.9145813
2023/5/8 20:24,100,23.11747742,100,22.42476845,100,22.45370293,0,21.9145813
2023/5/8 20:25,100,23.11747742,100,22.42476845,100,22.45370293,19.2594986,22.07372665
2023/5/8 20:26,100,23.11747742,100,22.42476845,100,22.45370293,100,22.11712837
2023/5/8 20:27,100,23.11747742,100,22.42476845,100,22.55497742,100,22.11712837
2023/5/8 20:28,100,23.11747742,100,22.42476845,100,22.45370293,100,22.11712837
2023/5/8 20:29,100,23.21875,100,22.42476845,100,22.45370293,100,22.11712837
2023/5/8 20:30,100,23.21875,100,22.42476845,100,22.45370293,100,22.11712837
2023/5/8 20:31,100,23.20428276,100,22.52604294,100,22.45370293,100,22.11712837
2023/5/8 20:32,100,23.21875,100,22.42476845,100,22.45370293,100,22.11712837
2023/5/8 20:33,100,23.21875,100,22.42476845,100,22.45370293,63.77828598,21.9145813
2023/5/8 20:34,100,23.32002258,100,22.43923569,100,22.45370293,0,21.9145813
2023/5/8 20:35,100,23.21875,100,22.42476845,100,22.45370293,0,21.9145813
2023/5/8 20:36,100,23.11747742,100,22.32349586,100,22.35243034,0,21.9145813
2023/5/8 20:37,100,23.20428276,100,22.32349586,100,22.35243034,0,21.9145813
2023/5/8 20:38,100,23.21875,100,22.32349586,100,22.35243034,0,21.9145813
2023/5/8 20:39,100,23.32002258,100,22.32349586,100,22.35243034,0,21.9145813
2023/5/8 20:40,100,23.32002258,100,22.42476845,100,22.45370293,0,21.9145813
2023/5/8 20:41,100,23.32002258,100,22.35243034,100,22.45370293,0,21.9145813
2023/5/8 20:42,100,23.32002258,100,22.42476845,100,22.45370293,23.04693604,22.10266113
2023/5/8 20:43,100,23.32002258,100,22.42476845,100,22.45370293,100,22.11712837
2023/5/8 20:44,100,23.32002258,100,22.52604294,100,22.45370293,100,22.11712837
2023/5/8 20:45,100,23.18981552,100,22.52604294,100,22.45370293,100,22.10266113
2023/5/8 20:46,100,23.21875,100,22.42476845,100,22.45370293,100,22.11712837
2023/5/8 20:47,100,23.21875,100,22.42476845,100,22.45370293,100,22.11712837
2023/5/8 20:48,100,23.21875,100,22.42476845,100,22.35243034,100,22.11712837
2023/5/8 20:49,100,23.21875,100,22.32349586,100,22.35243034,100,22.11712837
2023/5/8 20:50,100,23.32002258,100,22.42476845,100,22.35243034,99.87914276,21.97245216
2023/5/8 20:51,100,23.30555534,100,22.42476845,100,22.35243034,73.42606354,21.9145813
2023/5/8 20:52,100,23.32002258,100,22.32349586,100,22.35243034,8.33967495,21.9145813
2023/5/8 20:53,100,23.21875,100,22.25115776,100,22.25115776,0,21.9145813
2023/5/8 20:54,100,23.11747742,100,22.23669052,100,22.25115776,0,21.9145813
2023/5/8 20:55,100,23.11747742,100,22.22222328,100,22.25115776,0,21.9145813
2023/5/8 20:56,100,23.10301018,100,22.23669052,100,22.25115776,0,21.9145813
2023/5/8 20:57,100,23.21875,100,22.22222328,100,22.25115776,0,21.9145813
2023/5/8 20:58,100,23.21875,100,22.32349586,100,22.35243034,0,21.9145813
2023/5/8 20:59,100,23.30555534,100,22.30902672,100,22.35243034,0,21.9145813
2023/5/8 21:00,100,23.32002258,100,22.32349586,100,22.35243034,0,21.9145813
2023/5/8 21:01,100,23.32002258,100,22.42476845,100,22.45370293,0,21.9145813
2023/5/8 21:02,100,23.40682793,100,22.42476845,100,22.45370293,0,21.9145813
2023/5/8 21:03,100,23.42129707,100,22.42476845,100,22.45370293,7.192931175,22.11712837
2023/5/8 21:04,100,23.42129707,100,22.42476845,100,22.45370293,82.9855957,22.11712837
2023/5/8 21:05,100,23.32002258,100,22.42476845,100,22.45370293,100,22.11712837
2023/5/8 21:06,100,23.32002258,100,22.32349586,100,22.35243034,100,22.11712837
2023/5/8 21:07,100,23.32002258,100,22.32349586,100,22.35243034,100,22.11712837
2023/5/8 21:08,100,23.32002258,100,22.32349586,100,22.35243034,99.0088501,21.9145813
2023/5/8 21:09,100,23.42129707,100,22.29455948,100,22.3379631,45.22352982,21.9145813
2023/5/8 21:10,100,23.40682793,100,22.32349586,100,22.35243034,0,21.9145813
2023/5/8 21:11,100,23.42129707,100,22.32349586,100,22.35243034,0,21.9145813
2023/5/8 21:12,100,23.32002258,100,22.32349586,100,22.25115776,0,21.9145813
2023/5/8 21:13,100,23.32002258,100,22.32349586,100,22.35243034,0,21.9145813
2023/5/8 21:14,100,23.36342621,100,22.32349586,100,22.35243034,0,21.9145813
2023/5/8 21:15,100,23.32002258,100,22.32349586,100,22.35243034,0,21.9145813
2023/5/8 21:16,100,23.30555534,100,22.32349586,100,22.35243034,0,21.9145813
2023/5/8 21:17,100,23.32002258,100,22.32349586,100,22.35243034,0,21.9145813
2023/5/8 21:18,100,23.32002258,100,22.32349586,100,22.36689758,0,21.9145813
2023/5/8 21:19,100,23.32002258,100,22.32349586,100,22.45370293,0,21.9145813
2023/5/8 21:20,100,23.21875,100,22.32349586,100,22.35243034,33.06047058,22.11712837
2023/5/8 21:21,100,23.21875,100,22.32349586,100,22.35243034,100,22.11712837
2023/5/8 21:22,100,23.10301018,100,22.32349586,100,22.45370293,100,22.10266113
2023/5/8 21:23,100,23.11747742,100,22.32349586,100,22.45370293,100,22.11712837
2023/5/8 21:24,100,23.20428276,100,22.32349586,100,22.35243034,100,22.11712837
2023/5/8 21:25,100,23.21875,100,22.32349586,100,22.35243034,100,22.11712837
2023/5/8 21:26,100,23.11747742,100,22.32349586,100,22.35243034,100,22.10266113
2023/5/8 21:27,100,23.11747742,100,22.25115776,100,22.35243034,51.6753006,21.92905045
2023/5/8 21:28,100,23.11747742,100,22.32349586,100,22.35243034,0,21.9145813
2023/5/8 21:29,100,23.11747742,100,22.32349586,100,22.35243034,0,21.9145813
2023/5/8 21:30,100,23.11747742,100,22.22222328,100,22.25115776,0,21.9145813
2023/5/8 21:31,100,23.21875,100,22.22222328,100,22.25115776,0,21.9145813
2023/5/8 21:32,100,23.21875,100,22.32349586,100,22.32349586,0,21.90011406
2023/5/8 21:33,100,23.21875,100,22.32349586,100,22.35243034,0,21.9145813
2023/5/8 21:34,100,23.32002258,100,22.32349586,100,22.35243034,0,21.9145813
2023/5/8 21:35,100,23.32002258,100,22.32349586,100,22.35243034,0,21.9145813
2023/5/8 21:36,100,23.21875,100,22.32349586,100,22.35243034,0,21.9145813
2023/5/8 21:37,100,23.21875,100,22.42476845,100,22.43923569,0,21.9145813
2023/5/8 21:38,100,23.21875,100,22.42476845,100,22.45370293,66.68444824,22.11712837
2023/5/8 21:39,100,23.18981552,100,22.42476845,100,22.45370293,100,22.11712837
2023/5/8 21:40,100,23.11747742,100,22.42476845,100,22.45370293,100,22.11712837
2023/5/8 21:41,100,23.21875,100,22.42476845,100,22.45370293,100,22.11712837
2023/5/8 21:42,100,23.21875,100,22.42476845,100,22.45370293,100,22.11712837
2023/5/8 21:43,100,23.11747742,100,22.42476845,100,22.45370293,100,22.11712837
2023/5/8 21:44,100,23.21875,100,22.32349586,100,22.35243034,88.33300018,21.9145813
2023/5/8 21:45,100,23.21875,100,22.32349586,100,22.35243034,21.40313339,21.9145813
2023/5/8 21:46,100,23.21875,100,22.32349586,100,22.35243034,0,21.9145813
2023/5/8 21:47,100,23.11747742,100,22.32349586,100,22.35243034,0,21.9145813
2023/5/8 21:48,100,23.21875,100,22.32349586,100,22.25115776,0,21.9145813
2023/5/8 21:49,100,23.21875,100,22.32349586,100,22.35243034,0,21.9145813
2023/5/8 21:50,100,23.21875,100,22.32349586,100,22.35243034,0,21.9145813
2023/5/8 21:51,100,23.11747742,100,22.32349586,100,22.35243034,0,21.9145813
2023/5/8 21:52,100,23.11747742,100,22.32349586,100,22.45370293,0,21.9145813
2023/5/8 21:53,100,23.21875,100,22.38136482,100,22.45370293,0,21.9145813
2023/5/8 21:54,100,23.11747742,100,22.42476845,100,22.45370293,0,21.9145813
2023/5/8 21:55,100,23.11747742,100,22.42476845,100,22.45370293,0,21.9145813
2023/5/8 21:56,100,23.11747742,100,22.42476845,100,22.45370293,0,21.9145813
2023/5/8 21:57,100,23.11747742,100,22.42476845,100,22.45370293,42.91894531,22.11712837
2023/5/8 21:58,100,23.11747742,100,22.42476845,100,22.55497742,100,22.11712837
2023/5/8 21:59,100,23.11747742,100,22.42476845,100,22.45370293,100,22.11712837
2023/5/8 22:00,100,23.16087914,100,22.42476845,100,22.45370293,100,22.11712837
2023/5/8 22:01,100,23.10301018,100,22.42476845,100,22.45370293,100,22.11712837
2023/5/8 22:02,100,23.11747742,100,22.42476845,100,22.45370293,86.96063995,21.9145813
2023/5/8 22:03,100,23.11747742,100,22.42476845,100,22.45370293,20.19134331,21.9145813
2023/5/8 22:04,100,23.11747742,100,22.42476845,100,22.45370293,0,21.9145813
2023/5/8 22:05,100,23.01620293,100,22.38136482,100,22.35243034,0,21.9145813
2023/5/8 22:06,100,23.11747742,100,22.32349586,100,22.35243034,0,21.9145813
2023/5/8 22:07,100,23.07407379,100,22.32349586,100,22.35243034,0,21.9145813
2023/5/8 22:08,100,23.32002258,100,22.32349586,100,22.35243034,0,21.9145813
2023/5/8 22:09,100,23.01620293,100,22.42476845,100,22.45370293,0,21.9145813
2023/5/8 22:10,100,23.01620293,100,22.42476845,100,22.45370293,0,21.9145813
2023/5/8 22:11,100,23.01620293,100,22.42476845,100,22.45370293,0.330848455,22.08819389
2023/5/8 22:12,100,23.01620293,100,22.42476845,100,22.48263931,55.79806519,22.11712837
2023/5/8 22:13,100,23.01620293,100,22.42476845,100,22.45370293,100,22.11712837
2023/5/8 22:14,100,23.01620293,100,22.42476845,100,22.45370293,100,22.11712837
2023/5/8 22:15,100,23.11747742,100,22.32349586,100,22.35243034,100,22.11712837
2023/5/8 22:16,100,23.11747742,100,22.32349586,100,22.35243034,100,22.11712837
2023/5/8 22:17,100,23.21875,100,22.32349586,100,22.35243034,100,22.11712837
2023/5/8 22:18,100,23.11747742,100,22.32349586,100,22.35243034,100,22.11712837
2023/5/8 22:19,100,23.01620293,100,22.32349586,100,22.35243034,100,22.11712837
2023/5/8 22:20,100,23.01620293,100,22.32349586,100,22.35243034,69.73284149,21.9145813
2023/5/8 22:21,100,23.01620293,100,22.32349586,100,22.35243034,2.814270973,21.9145813
2023/5/8 22:22,100,23.11747742,100,22.23669052,100,22.35243034,0,21.9145813
2023/5/8 22:23,100,23.11747742,100,22.32349586,100,22.35243034,0,21.9145813
2023/5/8 22:24,100,23.11747742,100,22.32349586,100,22.35243034,0,21.9145813
2023/5/8 22:25,100,23.11747742,100,22.32349586,100,22.35243034,0,21.9145813
2023/5/8 22:26,100,23.11747742,100,22.23669052,100,22.25115776,0,21.9145813
2023/5/8 22:27,100,23.21875,100,22.32349586,100,22.35243034,0,21.9145813
2023/5/8 22:28,100,23.11747742,100,22.32349586,100,22.35243034,0,21.9145813
2023/5/8 22:29,100,23.11747742,100,22.32349586,100,22.35243034,0,21.9145813
2023/5/8 22:30,100,23.11747742,100,22.42476845,100,22.35243034,0.439150393,21.92905045
2023/5/8 22:31,100,23.11747742,100,22.42476845,100,22.36689758,75.05205536,22.11712837
2023/5/8 22:32,100,23.11747742,100,22.42476845,100,22.45370293,100,22.11712837
2023/5/8 22:33,100,23.01620293,100,22.42476845,100,22.35243034,100,22.11712837
2023/5/8 22:34,100,23.01620293,100,22.42476845,100,22.35243034,100,22.11712837
2023/5/8 22:35,100,23.01620293,100,22.32349586,100,22.35243034,100,22.11712837
2023/5/8 22:36,100,23.01620293,100,22.32349586,100,22.35243034,100,22.10266113
2023/5/8 22:37,100,23.01620293,100,22.32349586,100,22.35243034,100,22.11712837
2023/5/8 22:38,100,23.30555534,100,22.32349586,100,22.35243034,100,22.11712837
2023/5/8 22:39,100,23.01620293,100,22.32349586,100,22.35243034,99.62150574,21.92905045
2023/5/8 22:40,100,23.01620293,100,22.32349586,100,22.35243034,32.61240387,21.9145813
2023/5/8 22:41,100,23.05960655,100,22.22222328,100,22.35243034,0,21.9145813
2023/5/8 22:42,100,23.32002258,100,22.22222328,100,22.35243034,0,21.9145813
2023/5/8 22:43,100,23.32002258,100,22.23669052,100,22.25115776,0,21.9145813
2023/5/8 22:44,100,23.32002258,100,22.22222328,100,22.25115776,0,21.9145813
2023/5/8 22:45,100,23.32002258,100,22.23669052,100,22.35243034,0,21.9145813
2023/5/8 22:46,100,23.30555534,100,22.23669052,100,22.35243034,0,21.92905045
2023/5/8 22:47,100,23.21875,100,22.23669052,100,22.35243034,0,21.9145813
2023/5/8 22:48,100,23.21875,100,22.32349586,100,22.35243034,0,21.9145813
2023/5/8 22:49,100,23.21875,100,22.22222328,100,22.35243034,0,21.9145813
2023/5/8 22:50,100,23.21875,100,22.32349586,100,22.35243034,0,21.9145813
2023/5/8 22:51,100,23.21875,100,22.32349586,100,22.35243034,69.29082489,22.11712837
2023/5/8 22:52,100,23.21875,100,22.32349586,100,22.45370293,100,22.11712837
2023/5/8 22:53,100,23.32002258,100,22.42476845,100,22.45370293,100,22.11712837
2023/5/8 22:54,100,23.32002258,100,22.42476845,100,22.45370293,100,22.11712837
2023/5/8 22:55,100,23.21875,100,22.32349586,100,22.45370293,100,22.11712837
2023/5/8 22:56,100,23.21875,100,22.32349586,100,22.35243034,100,22.11712837
2023/5/8 22:57,100,23.21875,100,22.32349586,100,22.35243034,100,22.11712837
2023/5/8 22:58,100,23.20428276,100,22.32349586,100,22.35243034,55.69865799,21.9145813
2023/5/8 22:59,100,23.11747742,100,22.32349586,100,22.35243034,0,21.9145813
2023/5/8 23:00,100,23.11747742,100,22.23669052,100,22.25115776,0,21.9145813
2023/5/8 23:01,100,23.11747742,100,22.22222328,100,22.25115776,0,21.9145813
2023/5/8 23:02,100,23.11747742,100,22.13541794,100,22.25115776,0,21.9145813
2023/5/8 23:03,100,23.11747742,100,22.12094879,100,22.25115776,0,21.9145813
2023/5/8 23:04,100,23.11747742,100,22.22222328,100,22.25115776,0,21.9145813
2023/5/8 23:05,100,23.11747742,100,22.20775414,100,22.35243034,0,21.9145813
2023/5/8 23:06,100,23.11747742,100,22.32349586,100,22.35243034,0,21.9145813
2023/5/8 23:07,100,23.11747742,100,22.32349586,100,22.35243034,0,21.9145813
2023/5/8 23:08,100,23.11747742,100,22.42476845,100,22.45370293,0,21.9145813
2023/5/8 23:09,100,23.11747742,100,22.42476845,100,22.45370293,87.81481934,22.11712837
2023/5/8 23:10,100,23.21875,100,22.42476845,100,22.45370293,100,22.11712837
2023/5/8 23:11,100,23.32002258,100,22.42476845,100,22.45370293,100,22.11712837
2023/5/8 23:12,100,23.21875,100,22.32349586,100,22.35243034,100,22.11712837
2023/5/8 23:13,100,23.21875,100,22.32349586,100,22.35243034,100,22.11712837
2023/5/8 23:14,100,23.21875,100,22.23669052,100,22.25115776,100,22.11712837
2023/5/8 23:15,100,23.21875,100,22.22222328,100,22.25115776,100,22.11712837
2023/5/8 23:16,100,23.21875,100,22.22222328,100,22.25115776,100,22.11712837
2023/5/8 23:17,100,23.21875,100,22.23669052,100,22.25115776,73.30767822,21.9145813
2023/5/8 23:18,100,23.21875,100,22.13541794,100,22.25115776,6.300892353,21.9145813
2023/5/8 23:19,100,23.32002258,100,22.12094879,100,22.25115776,0,21.9145813
2023/5/8 23:20,100,23.11747742,100,22.12094879,100,22.25115776,0,21.9145813
2023/5/8 23:21,100,23.21875,100,22.13541794,100,22.25115776,0,21.9145813
2023/5/8 23:22,100,23.32002258,100,22.13541794,100,22.25115776,0,21.9145813
2023/5/8 23:23,100,23.21875,100,22.22222328,100,22.25115776,0,21.9145813
2023/5/8 23:24,100,23.21875,100,22.23669052,100,22.23669052,0,21.9145813
2023/5/8 23:25,100,23.21875,100,22.22222328,100,22.25115776,0,21.9145813
2023/5/8 23:26,100,23.21875,100,22.23669052,100,22.35243034,0,21.9145813
2023/5/8 23:27,100,23.21875,100,22.22222328,100,22.35243034,0,21.9145813
2023/5/8 23:28,100,23.32002258,100,22.22222328,100,22.35243034,0,21.9145813
2023/5/8 23:29,100,23.21875,100,22.22222328,100,22.35243034,50.17938232,22.11712837
2023/5/8 23:30,100,23.21875,100,22.23669052,100,22.35243034,100,22.11712837
2023/5/8 23:31,100,23.21875,100,22.32349586,100,22.35243034,100,22.11712837
2023/5/8 23:32,100,23.21875,100,22.23669052,100,22.25115776,100,22.11712837
2023/5/8 23:33,100,23.32002258,100,22.22222328,100,22.23669052,100,22.11712837
2023/5/8 23:34,100,23.32002258,100,22.23669052,100,22.25115776,100,22.11712837
2023/5/8 23:35,100,23.32002258,100,22.22222328,100,22.25115776,87.69198608,21.9145813
2023/5/8 23:36,100,23.32002258,100,22.23669052,100,22.35243034,21.69445992,21.9145813
2023/5/8 23:37,100,23.32002258,100,22.22222328,100,22.25115776,0,21.9145813
2023/5/8 23:38,100,23.32002258,100,22.23669052,100,22.23669052,0,21.9145813
2023/5/8 23:39,100,23.32002258,100,22.23669052,100,22.25115776,0,21.9145813
2023/5/8 23:40,100,23.01620293,100,22.23669052,100,22.25115776,0,21.9145813
2023/5/8 23:41,100,23.01620293,100,22.22222328,100,22.25115776,0,21.9145813
2023/5/8 23:42,100,23.32002258,100,22.22222328,100,22.25115776,0,21.9145813
2023/5/8 23:43,100,23.32002258,100,22.23669052,100,22.35243034,0,21.9145813
2023/5/8 23:44,100,23.32002258,100,22.23669052,100,22.35243034,0,21.9145813
2023/5/8 23:45,100,23.03067207,100,22.23669052,100,22.35243034,0,21.9145813
2023/5/8 23:46,100,23.32002258,100,22.23669052,100,22.35243034,0,21.9145813
2023/5/8 23:47,100,23.32002258,100,22.32349586,100,22.35243034,70.61813354,22.11712837
2023/5/8 23:48,100,23.32002258,100,22.32349586,100,22.35243034,100,22.11712837
2023/5/8 23:49,100,23.01620293,100,22.32349586,100,22.35243034,100,22.11712837
2023/5/8 23:50,100,23.32002258,100,22.32349586,100,22.35243034,100,22.11712837
2023/5/8 23:51,100,23.32002258,100,22.32349586,100,22.35243034,100,22.11712837
2023/5/8 23:52,100,23.32002258,100,22.32349586,100,22.35243034,100,22.11712837
2023/5/8 23:53,100,23.2910881,100,22.32349586,100,22.35243034,100,22.11712837
2023/5/8 23:54,100,23.32002258,100,22.22222328,100,22.35243034,100,22.11712837
2023/5/8 23:55,100,23.32002258,100,22.23669052,100,22.25115776,77.341362,21.9145813
2023/5/8 23:56,100,23.32002258,100,22.22222328,100,22.25115776,9.297180176,21.9145813
2023/5/8 23:57,100,23.32002258,100,22.22222328,100,22.25115776,0,21.9145813
2023/5/8 23:58,100,23.30555534,100,22.13541794,100,22.25115776,0,21.9145813
2023/5/8 23:59,100,23.32002258,100,22.13541794,100,22.25115776,0,21.9145813