DateTime,TCV_01_CV5,TCV_01_TT4,TCV_02_CV5,TCV_02_TT4,TCV_03_CV5,TCV_03_TT4,TCV_04_CV5,TCV_04_TT4
2023/5/26 0:00,100,21.1192131,100,21.23032379,100,21.06053352,100,22.22222328
2023/5/26 0:01,100,21.01794052,100,21.12905121,96.9705658,20.95926094,100,22.12094879
2023/5/26 0:02,100,21.01794052,100,21.12905121,93.42433929,20.9447937,100,22.01967621
2023/5/26 0:03,99.81387329,21.01794052,100,21.12905121,86.42440796,20.85798645,97.92481995,21.91840172
2023/5/26 0:04,99.69262695,21.00347328,100,21.12905121,75.05697632,20.85798645,32.9597168,21.91840172
2023/5/26 0:05,98.05414581,20.91666794,100,21.02777672,61.2983284,20.75671387,0,21.81712914
2023/5/26 0:06,91.62236786,20.91666794,100,21.02777672,42.13879776,20.75671387,0,21.81712914
2023/5/26 0:07,78.28868866,20.81539345,94.81832886,20.92650414,17.55536461,20.65544128,0,21.81712914
2023/5/26 0:08,66.98269653,20.84432793,82.82524109,20.82523155,0,20.56863594,0,21.81712914
2023/5/26 0:09,52.99783325,20.81539345,71.67848969,20.92650414,0,20.65544128,0,21.81712914
2023/5/26 0:10,38.2911644,20.81539345,67.00272369,21.02777672,0,20.75671387,0,21.81712914
2023/5/26 0:11,25.32652473,20.91666794,69.13314056,21.02777672,0,20.75671387,0,21.81712914
2023/5/26 0:12,23.56595421,21.01794052,75.64949036,21.12905121,0,20.85798645,0,21.81712914
2023/5/26 0:13,31.35271454,21.22048569,85.63231659,21.11458206,0,20.85798645,0,21.90393448
2023/5/26 0:14,48.77943802,21.20601845,98.71957397,21.23032379,0,20.95926094,0,21.91840172
2023/5/26 0:15,66.25325775,21.22048569,100,21.21585655,0,20.9447937,4.39301157,22.01967621
2023/5/26 0:16,89.34485626,21.32176018,100,21.23032379,2.910229683,21.04606628,40.35673523,22.12094879
2023/5/26 0:17,100,21.22048569,100,21.33159828,6.80281353,21.04606628,100,22.32349586
2023/5/26 0:18,100,21.22048569,100,21.33159828,17.79149628,21.14733887,100,22.22222328
2023/5/26 0:19,100,21.22048569,100,21.33159828,29.66477394,21.16180611,100,22.22222328
2023/5/26 0:20,100,21.1192131,100,21.33159828,43.58846664,21.26307869,100,22.32349586
2023/5/26 0:21,100,21.01794052,100,21.33159828,63.6686058,21.26307869,100,22.32349586
2023/5/26 0:22,100,21.1192131,100,21.33159828,84.21389771,21.26307869,100,22.32349586
2023/5/26 0:23,100,21.01794052,100,21.33159828,98.08809662,21.14733887,100,22.32349586
2023/5/26 0:24,100,21.01794052,100,21.31712914,100,21.14733887,100,22.22222328
2023/5/26 0:25,100,21.01794052,100,21.23032379,99.94095612,20.95926094,100,22.22222328
2023/5/26 0:26,99.21796417,21.01794052,100,21.12905121,96.47769165,20.95926094,100,22.10648155
2023/5/26 0:27,99.75914001,20.9745369,100,21.12905121,89.21658325,20.84351921,100,22.12094879
2023/5/26 0:28,93.37613678,20.91666794,100,21.02777672,76.11682129,20.74224663,100,22.01967621
2023/5/26 0:29,90.44882965,20.91666794,92.78308868,20.82523155,54.00707626,20.64097404,82.8210144,21.91840172
2023/5/26 0:30,84.0168457,20.91666794,78.87081146,20.82523155,25.7741642,20.5541687,17.56219101,21.91840172
2023/5/26 0:31,75.82650757,20.91666794,63.43538284,20.72395706,0,20.5541687,0,21.81712914
2023/5/26 0:32,64.04762268,20.81539345,41.48336411,20.72395706,0,20.53969955,0,21.81712914
2023/5/26 0:33,56.07759857,20.91666794,19.97054863,20.81076431,0,20.5541687,0,21.81712914
2023/5/26 0:34,49.43654633,20.91666794,5.464183807,20.82523155,0,20.65544128,0,21.81712914
2023/5/26 0:35,42.45288086,20.91666794,0,20.92650414,0,20.75671387,0,21.81712914
2023/5/26 0:36,39.10585022,21.01794052,3.098896742,21.12905121,0,20.95926094,0,21.81712914
2023/5/26 0:37,41.31233978,21.10474586,18.34742165,21.23032379,2.66087389,21.14733887,0,21.81712914
2023/5/26 0:38,50.50780106,21.1192131,42.7007637,21.33159828,17.36479378,21.24861145,0,21.91840172
2023/5/26 0:39,65.54987335,21.22048569,70.07563782,21.41840172,41.84760284,21.34988594,1.247517586,22.01967621
2023/5/26 0:40,82.99639893,21.22048569,100,21.51967621,73.16633606,21.45115852,21.71342278,22.09201431
2023/5/26 0:41,100,21.20601845,100,21.51967621,100,21.34988594,100,22.12094879
2023/5/26 0:42,100,21.22048569,100,21.43287086,100,21.27754784,100,22.22222328
2023/5/26 0:43,100,21.22048569,100,21.33159828,100,21.16180611,100,22.22222328
2023/5/26 0:44,100,21.1192131,100,21.31712914,100,21.06053352,100,22.22222328
2023/5/26 0:45,100,21.1192131,100,21.23032379,98.86492157,20.9447937,100,22.22222328
2023/5/26 0:46,100,21.1192131,100,21.12905121,91.29436493,20.85798645,100,22.12094879
2023/5/26 0:47,100,21.1192131,100,21.02777672,77.51816559,20.75671387,100,22.12094879
2023/5/26 0:48,100,21.1192131,98.44004822,20.92650414,58.09712219,20.75671387,100,22.01967621
2023/5/26 0:49,100,21.046875,92.66158295,20.92650414,37.67407608,20.64097404,83.09346771,21.91840172
2023/5/26 0:50,100,21.01794052,86.79078674,20.92650414,10.06853485,20.65544128,17.63093376,21.91840172
2023/5/26 0:51,100,21.01794052,74.86329651,20.83969879,0,20.65544128,0,21.91840172
2023/5/26 0:52,100,21.01794052,60.91933823,20.82523155,0,20.64097404,0,21.81712914
2023/5/26 0:53,99.86120605,20.91666794,47.01162338,20.82523155,0,20.65544128,0,21.81712914
2023/5/26 0:54,95.63948822,20.91666794,33.98698044,20.83969879,0,20.74224663,0,21.81712914
2023/5/26 0:55,89.00676727,20.91666794,28.11837196,20.92650414,0,20.75671387,0,21.81712914
2023/5/26 0:56,82.36051941,20.91666794,28.24606705,21.02777672,0,20.93032455,0,21.81712914
2023/5/26 0:57,80.69682312,21.01794052,40.56953812,21.23032379,1.456340551,21.04606628,0,21.90393448
2023/5/26 0:58,82.03895569,21.01794052,63.19753265,21.33159828,11.67586613,21.14733887,0,21.91840172
2023/5/26 0:59,83.37683105,21.01794052,89.43670654,21.31712914,29.47856522,21.26307869,12.66712189,22.01967621
2023/5/26 1:00,84.73360443,21.01794052,100,21.33159828,49.97822952,21.26307869,73.9364624,22.12094879
2023/5/26 1:01,86.09108734,21.01794052,100,21.31712914,70.46125031,21.24861145,100,22.22222328
2023/5/26 1:02,93.79441071,21.1192131,100,21.33159828,90.19942474,21.17627335,100,22.22222328
2023/5/26 1:03,100,21.1192131,100,21.33159828,100,21.16180611,100,22.32349586
2023/5/26 1:04,100,21.1192131,100,21.23032379,100,21.04606628,100,22.32349586
2023/5/26 1:05,100,21.1192131,100,21.23032379,98.02297211,20.95926094,100,22.22222328
2023/5/26 1:06,100,21.1192131,100,21.12905121,94.60092926,20.95926094,100,22.22222328
2023/5/26 1:07,100,21.1192131,100,21.10011482,84.63415527,20.85798645,100,22.12094879
2023/5/26 1:08,100,21.01794052,100,21.02777672,70.18268585,20.75671387,100,22.12094879
2023/5/26 1:09,100,21.01794052,98.98029327,20.92650414,50.72327423,20.75671387,100,22.01967621
2023/5/26 1:10,100,21.01794052,93.22480011,20.92650414,31.59941864,20.75671387,57.12481689,21.91840172
2023/5/26 1:11,100,21.01794052,83.84815979,20.82523155,5.243665695,20.65544128,0,21.81712914
2023/5/26 1:12,100,21.01794052,69.91436005,20.82523155,0,20.5541687,0,21.8026619
2023/5/26 1:13,100,21.01794052,56.16898346,20.82523155,0,20.65544128,0,21.81712914
2023/5/26 1:14,100,21.01794052,42.2776413,20.82523155,0,20.65544128,0,21.81712914
2023/5/26 1:15,94.95413971,20.91666794,30.28527451,20.92650414,0,20.75671387,0,21.81712914
2023/5/26 1:16,94.11755371,21.01794052,24.83189583,21.02777672,0,20.75671387,0,21.81712914
2023/5/26 1:17,95.48745728,21.01794052,27.34406471,21.12905121,0,20.85798645,0,21.81712914
2023/5/26 1:18,100,21.1192131,41.37123108,21.23032379,0.22687225,21.04606628,0,21.91840172
2023/5/26 1:19,100,21.1192131,63.59630966,21.33159828,7.156106949,21.16180611,4.00775528,22.01967621
2023/5/26 1:20,100,21.1192131,89.89823151,21.33159828,21.5811367,21.26307869,18.8128643,22.01967621
2023/5/26 1:21,100,21.22048569,100,21.33159828,41.78939056,21.26307869,100,22.12094879
2023/5/26 1:22,100,21.1192131,100,21.33159828,61.55770111,21.16180611,100,22.20775414
2023/5/26 1:23,100,21.1192131,100,21.33159828,74.74811554,21.14733887,100,22.22222328
2023/5/26 1:24,100,21.1192131,100,21.33159828,86.65986633,21.14733887,100,22.22222328
2023/5/26 1:25,100,21.1192131,100,21.33159828,99.20440674,21.14733887,100,22.32349586
2023/5/26 1:26,100,21.22048569,100,21.33159828,100,21.14733887,100,22.22222328
2023/5/26 1:27,100,21.22048569,100,21.23032379,100,21.04606628,100,22.22222328
2023/5/26 1:28,100,21.22048569,100,21.12905121,97.51825714,20.9447937,100,22.12094879
2023/5/26 1:29,100,21.22048569,100,21.02777672,87.36268616,20.85798645,100,22.01967621
2023/5/26 1:30,100,21.22048569,100,21.02777672,73.50460815,20.75671387,100,22.01967621
2023/5/26 1:31,100,21.1192131,96.75078583,20.9120369,52.7255249,20.65544128,61.64074707,21.91840172
2023/5/26 1:32,100,21.22048569,90.864151,20.92650414,25.19342422,20.64097404,0,21.91840172
2023/5/26 1:33,100,21.1192131,84.73311615,20.92650414,0,20.65544128,0,21.81712914
2023/5/26 1:34,100,21.1192131,78.87277222,20.92650414,0,20.75671387,0,21.81712914
2023/5/26 1:35,100,21.1192131,73.09204865,20.92650414,0,20.75671387,0,21.81712914
2023/5/26 1:36,100,21.1192131,67.33371735,20.92650414,0,20.75671387,0,21.81712914
2023/5/26 1:37,100,21.1192131,65.48740387,21.02777672,0,20.75671387,0,21.81712914
2023/5/26 1:38,100,21.22048569,67.61560822,21.02777672,0,20.85798645,0,21.81712914
2023/5/26 1:39,100,21.22048569,76.10940552,21.12905121,0,20.95926094,0,21.91840172
2023/5/26 1:40,100,21.22048569,93.68589783,21.23032379,0.780736148,21.04606628,0,21.91840172
2023/5/26 1:41,100,21.22048569,100,21.33159828,4.856096268,21.04606628,6.188560486,22.01967621
2023/5/26 1:42,100,21.22048569,100,21.33159828,13.40921688,21.16180611,39.81826401,22.12094879
2023/5/26 1:43,100,21.1192131,100,21.33159828,26.09949303,21.26307869,100,22.12094879
2023/5/26 1:44,100,21.22048569,100,21.33159828,46.67575073,21.26307869,100,22.22222328
2023/5/26 1:45,100,21.22048569,100,21.33159828,67.35136414,21.26307869,100,22.22222328
2023/5/26 1:46,100,21.22048569,100,21.33159828,87.74420929,21.26307869,100,22.32349586
2023/5/26 1:47,100,21.22048569,100,21.33159828,100,21.26307869,100,22.32349586
2023/5/26 1:48,100,21.22048569,100,21.31712914,100,21.16180611,100,22.22222328
2023/5/26 1:49,100,21.22048569,100,21.33159828,100,21.16180611,100,22.22222328
2023/5/26 1:50,100,21.22048569,100,21.33159828,100,21.04606628,100,22.12094879
2023/5/26 1:51,100,21.1192131,100,21.23032379,99.87586975,20.95926094,100,22.10648155
2023/5/26 1:52,100,21.1192131,100,21.23032379,96.40904999,20.95926094,100,22.01967621
2023/5/26 1:53,100,21.22048569,100,21.12905121,91.25868225,20.85798645,94.58682251,21.91840172
2023/5/26 1:54,100,21.1192131,100,21.11458206,80.04408264,20.85798645,30.95899773,21.91840172
2023/5/26 1:55,100,21.1192131,100,21.02777672,68.15322113,20.82905197,0,21.90393448
2023/5/26 1:56,100,21.1192131,100,21.02777672,48.72354507,20.75671387,0,21.81712914
2023/5/26 1:57,100,21.1192131,100,21.02777672,29.59102058,20.75671387,0,21.81712914
2023/5/26 1:58,100,21.1192131,100,21.02777672,10.14109135,20.75671387,0,21.81712914
2023/5/26 1:59,100,21.22048569,100,21.02777672,0,20.75671387,0,21.81712914
2023/5/26 2:00,100,21.22048569,100,21.02777672,0,20.75671387,0,21.81712914
2023/5/26 2:01,100,21.22048569,100,21.01330948,0,20.75671387,0,21.81712914
2023/5/26 2:02,100,21.22048569,100,21.12905121,0,20.95926094,0,21.81712914
2023/5/26 2:03,100,21.22048569,100,21.23032379,0.549522758,21.04606628,0,21.91840172
2023/5/26 2:04,100,21.32176018,100,21.23032379,4.666462421,21.089468,0,21.91840172
2023/5/26 2:05,100,21.32176018,100,21.33159828,16.86395645,21.16180611,3.292830944,22.01967621
2023/5/26 2:06,100,21.32176018,100,21.33159828,29.09424591,21.16180611,17.92086411,22.01967621
2023/5/26 2:07,100,21.32176018,100,21.33159828,47.55160141,21.26307869,100,22.12094879
2023/5/26 2:08,100,21.42303276,100,21.33159828,61.92957306,21.14733887,100,22.22222328
2023/5/26 2:09,100,21.42303276,100,21.33159828,77.39526367,21.26307869,100,22.22222328
2023/5/26 2:10,100,21.32176018,100,21.33159828,98.09187317,21.24861145,100,22.23669052
2023/5/26 2:11,100,21.3651619,100,21.33159828,100,21.16180611,100,22.22222328
2023/5/26 2:12,100,21.32176018,100,21.33159828,100,21.14733887,100,22.22222328
2023/5/26 2:13,100,21.42303276,100,21.33159828,100,21.16180611,100,22.22222328
2023/5/26 2:14,100,21.42303276,100,21.33159828,100,21.16180611,100,22.12094879
2023/5/26 2:15,100,21.42303276,100,21.33159828,100,21.16180611,100,22.12094879
2023/5/26 2:16,100,21.42303276,100,21.33159828,100,21.04606628,100,22.01967621
2023/5/26 2:17,100,21.40856552,100,21.3026619,99.83350372,20.9447937,81.09402466,21.91840172
2023/5/26 2:18,100,21.52430534,100,21.23032379,96.29050446,20.9447937,15.9128952,21.91840172
2023/5/26 2:19,100,21.52430534,100,21.23032379,92.77747345,20.95926094,0,21.91840172
2023/5/26 2:20,100,21.52430534,100,21.12905121,83.19451141,20.85798645,0,21.81712914
2023/5/26 2:21,100,21.52430534,100,21.12905121,67.74926758,20.75671387,0,21.81712914
2023/5/26 2:22,100,21.42303276,100,21.20138931,55.59355927,20.85798645,0,21.8026619
2023/5/26 2:23,100,21.52430534,100,21.23032379,48.15064621,20.95926094,0,21.81712914
2023/5/26 2:24,100,21.49537086,100,21.23032379,44.62796402,20.95926094,0,21.81712914
2023/5/26 2:25,100,21.52430534,100,21.21585655,41.06702042,20.95926094,0,21.81712914
2023/5/26 2:26,100,21.52430534,100,21.23032379,37.59941101,20.95926094,0,21.81712914
2023/5/26 2:27,100,21.52430534,100,21.23032379,34.14504242,20.95926094,0,21.81712914
2023/5/26 2:28,100,21.71238518,100,21.33159828,30.89792252,20.97372818,0,21.81712914
2023/5/26 2:29,100,21.72685242,100,21.31712914,34.78416824,21.06053352,0,21.81712914
2023/5/26 2:30,100,21.72685242,100,21.33159828,38.85726547,21.06053352,0,21.81712914
2023/5/26 2:31,100,21.72685242,100,21.33159828,49.41875458,21.16180611,0,21.91840172
2023/5/26 2:32,100,21.72685242,100,21.43287086,61.53354645,21.14733887,0,21.91840172
2023/5/26 2:33,100,21.79919052,100,21.43287086,79.0463028,21.24861145,0,21.99073982
2023/5/26 2:34,100,21.828125,100,21.43287086,98.30542755,21.26307869,12.14106083,22.01967621
2023/5/26 2:35,100,21.828125,100,21.43287086,100,21.26307869,28.06351852,22.01967621
2023/5/26 2:36,100,21.81365776,100,21.43287086,100,21.26307869,42.73833084,22.01967621
2023/5/26 2:37,100,21.81365776,100,21.43287086,100,21.26307869,57.45688248,22.01967621
2023/5/26 2:38,100,21.828125,100,21.43287086,100,21.26307869,71.71961975,22.01967621
2023/5/26 2:39,100,21.72685242,100,21.43287086,100,21.14733887,86.7539444,22.01967621
2023/5/26 2:40,100,21.72685242,100,21.43287086,100,21.16180611,100,22.01967621
2023/5/26 2:41,100,21.52430534,100,21.33159828,100,21.14733887,100,22.01967621
2023/5/26 2:42,100,21.72685242,100,21.33159828,100,21.04606628,78.84934998,21.91840172
2023/5/26 2:43,100,21.828125,100,21.31712914,99.69216156,20.95926094,13.34238052,21.91840172
2023/5/26 2:44,100,21.828125,100,21.33159828,96.41320038,20.95926094,0,21.91840172
2023/5/26 2:45,100,21.828125,100,21.33159828,93.05099487,20.95926094,0,21.91840172
2023/5/26 2:46,100,21.828125,100,21.33159828,89.92775726,20.95926094,0,21.81712914
2023/5/26 2:47,100,21.828125,100,21.33159828,92.74823761,21.04606628,0,21.81712914
2023/5/26 2:48,100,21.72685242,100,21.33159828,96.87929535,21.04606628,0,21.81712914
2023/5/26 2:49,100,21.72685242,100,21.33159828,100,21.04606628,0,21.81712914
2023/5/26 2:50,100,21.72685242,100,21.33159828,100,21.06053352,0,21.81712914
2023/5/26 2:51,100,21.81365776,100,21.33159828,100,21.04606628,0,21.81712914
2023/5/26 2:52,100,21.81365776,100,21.33159828,100,21.14733887,0,21.81712914
2023/5/26 2:53,100,21.72685242,100,21.31712914,100,21.16180611,0,21.81712914
2023/5/26 2:54,100,21.72685242,100,21.33159828,100,21.14733887,0,21.81712914
2023/5/26 2:55,100,21.828125,100,21.43287086,100,21.16180611,0,21.81712914
2023/5/26 2:56,100,21.828125,100,21.43287086,100,21.16180611,0,21.81712914
2023/5/26 2:57,100,21.828125,100,21.33159828,100,21.16180611,0,21.81712914
2023/5/26 2:58,100,21.828125,100,21.43287086,100,21.16180611,0,21.81712914
2023/5/26 2:59,100,21.91493034,100,21.33159828,100,21.14733887,0,21.81712914
2023/5/26 3:00,100,21.91493034,100,21.43287086,100,21.16180611,0,21.81712914
2023/5/26 3:01,100,21.91493034,100,21.43287086,100,21.16180611,0,21.81712914
2023/5/26 3:02,100,21.828125,100,21.43287086,100,21.19074059,0,21.81712914
2023/5/26 3:03,100,21.828125,100,21.43287086,100,21.24861145,0,21.81712914
2023/5/26 3:04,100,21.92939758,100,21.53414345,100,21.26307869,0,21.81712914
2023/5/26 3:05,100,21.91493034,100,21.53414345,100,21.24861145,0,21.81712914
2023/5/26 3:06,100,21.91493034,100,21.51967621,100,21.34988594,0,21.81712914
2023/5/26 3:07,100,22.03067207,100,21.53414345,100,21.24861145,0,21.81712914
2023/5/26 3:08,100,22.01620293,100,21.53414345,100,21.24861145,0,21.81712914
2023/5/26 3:09,100,22.01620293,100,21.53414345,100,21.3354187,0,21.81712914
2023/5/26 3:10,100,22.01620293,100,21.53414345,100,21.34988594,0,21.81712914
2023/5/26 3:11,100,22.01620293,100,21.53414345,100,21.3354187,0,21.81712914
2023/5/26 3:12,100,22.01620293,100,21.51967621,100,21.26307869,0,21.81712914
2023/5/26 3:13,100,22.01620293,100,21.51967621,100,21.24861145,0,21.81712914
2023/5/26 3:14,100,22.10301018,100,21.53414345,100,21.26307869,0,21.81712914
2023/5/26 3:15,100,22.01620293,100,21.53414345,100,21.26307869,0,21.81712914
2023/5/26 3:16,100,22.01620293,100,21.43287086,100,21.24861145,0,21.81712914
2023/5/26 3:17,100,22.01620293,100,21.41840172,100,21.26307869,0,21.81712914
2023/5/26 3:18,100,22.11747742,100,21.43287086,100,21.26307869,0,21.81712914
2023/5/26 3:19,100,22.11747742,100,21.43287086,100,21.26307869,0,21.81712914
2023/5/26 3:20,100,22.11747742,100,21.43287086,100,21.16180611,0,21.81712914
2023/5/26 3:21,100,22.11747742,100,21.43287086,100,21.16180611,0,21.81712914
2023/5/26 3:22,100,22.11747742,100,21.43287086,100,21.14733887,0,21.81712914
2023/5/26 3:23,100,22.11747742,100,21.43287086,100,21.26307869,0,21.81712914
2023/5/26 3:24,100,22.11747742,100,21.41840172,100,21.26307869,0,21.81712914
2023/5/26 3:25,100,22.11747742,100,21.53414345,100,21.34988594,0,21.81712914
2023/5/26 3:26,100,22.11747742,100,21.51967621,100,21.34988594,0,21.81712914
2023/5/26 3:27,100,22.11747742,100,21.51967621,100,21.34988594,0,21.81712914
2023/5/26 3:28,100,22.21875,100,21.51967621,100,21.34988594,0,21.81712914
2023/5/26 3:29,100,22.21875,100,21.51967621,100,21.26307869,0,21.81712914
2023/5/26 3:30,100,22.20428276,100,21.41840172,100,21.26307869,0,21.81712914
2023/5/26 3:31,100,22.11747742,100,21.43287086,100,21.24861145,0,21.81712914
2023/5/26 3:32,100,22.21875,100,21.43287086,100,21.24861145,0,21.81712914
2023/5/26 3:33,100,22.21875,100,21.51967621,100,21.26307869,0,21.81712914
2023/5/26 3:34,100,22.11747742,100,21.51967621,100,21.26307869,0,21.81712914
2023/5/26 3:35,100,22.11747742,100,21.51967621,100,21.26307869,0,21.81712914
2023/5/26 3:36,100,22.11747742,100,21.53414345,100,21.26307869,0,21.81712914
2023/5/26 3:37,100,22.21875,100,21.51967621,100,21.26307869,0,21.81712914
2023/5/26 3:38,100,22.21875,100,21.51967621,100,21.26307869,0,21.81712914
2023/5/26 3:39,100,22.21875,100,21.51967621,100,21.26307869,0,21.81712914
2023/5/26 3:40,100,22.21875,100,21.53414345,100,21.26307869,0,21.81712914
2023/5/26 3:41,100,22.21875,100,21.51967621,100,21.26307869,0,21.81712914
2023/5/26 3:42,100,22.21875,100,21.53414345,100,21.36435318,0,21.81712914
2023/5/26 3:43,100,22.30555534,100,21.51967621,100,21.29201508,0,21.81712914
2023/5/26 3:44,100,22.21875,100,21.53414345,100,21.34988594,0,21.81712914
2023/5/26 3:45,100,22.21875,100,21.51967621,100,21.26307869,0,21.81712914
2023/5/26 3:46,100,22.21875,100,21.51967621,100,21.34988594,0,21.81712914
2023/5/26 3:47,100,22.21875,100,21.63541794,100,21.34988594,0,21.81712914
2023/5/26 3:48,100,22.32002258,100,21.53414345,100,21.34988594,0,21.81712914
2023/5/26 3:49,100,22.21875,100,21.53414345,100,21.34988594,0,21.81712914
2023/5/26 3:50,100,22.32002258,100,21.53414345,100,21.34988594,0,21.81712914
2023/5/26 3:51,100,22.2910881,100,21.53414345,100,21.34988594,0,21.81712914
2023/5/26 3:52,100,22.21875,100,21.51967621,100,21.34988594,0,21.81712914
2023/5/26 3:53,100,22.21875,100,21.53414345,100,21.34988594,0,21.81712914
2023/5/26 3:54,100,22.32002258,100,21.51967621,100,21.34988594,0,21.81712914
2023/5/26 3:55,100,22.32002258,100,21.53414345,100,21.34988594,0,21.81712914
2023/5/26 3:56,100,22.32002258,100,21.51967621,100,21.34988594,0,21.81712914
2023/5/26 3:57,100,22.23321724,100,21.63541794,100,21.34988594,0,21.81712914
2023/5/26 3:58,100,22.32002258,100,21.63541794,100,21.34988594,0,21.91840172
2023/5/26 3:59,100,22.32002258,100,21.53414345,100,21.36435318,0,21.81712914
2023/5/26 4:00,100,22.32002258,100,21.53414345,100,21.34988594,0,21.81712914
2023/5/26 4:01,100,22.32002258,100,21.51967621,100,21.34988594,0,21.81712914
2023/5/26 4:02,100,22.32002258,100,21.53414345,100,21.34988594,0,21.81712914
2023/5/26 4:03,100,22.32002258,100,21.53414345,100,21.34988594,0,21.81712914
2023/5/26 4:04,100,22.30555534,100,21.51967621,100,21.34988594,0,21.81712914
2023/5/26 4:05,100,22.32002258,100,21.51967621,100,21.34988594,0,21.81712914
2023/5/26 4:06,100,22.32002258,100,21.51967621,100,21.34988594,0,21.81712914
2023/5/26 4:07,100,22.32002258,100,21.53414345,100,21.34988594,0,21.8026619
2023/5/26 4:08,100,22.32002258,100,21.53414345,100,21.34988594,0,21.81712914
2023/5/26 4:09,100,22.30555534,100,21.53414345,100,21.34988594,0,21.81712914
2023/5/26 4:10,100,22.32002258,100,21.51967621,100,21.34988594,0,21.81712914
2023/5/26 4:11,100,22.32002258,100,21.51967621,100,21.34988594,0,21.81712914
2023/5/26 4:12,100,22.32002258,100,21.51967621,100,21.34988594,0,21.81712914
2023/5/26 4:13,100,22.32002258,100,21.63541794,100,21.34988594,0,21.81712914
2023/5/26 4:14,100,22.21875,100,21.51967621,100,21.34988594,0,21.81712914
2023/5/26 4:15,100,22.32002258,100,21.51967621,100,21.34988594,0,21.81712914
2023/5/26 4:16,100,22.32002258,100,21.53414345,100,21.34988594,0,21.81712914
2023/5/26 4:17,100,22.32002258,100,21.53414345,100,21.34988594,0,21.81712914
2023/5/26 4:18,100,22.32002258,100,21.51967621,100,21.34988594,0,21.81712914
2023/5/26 4:19,100,22.32002258,100,21.51967621,100,21.34988594,0,21.81712914
2023/5/26 4:20,100,22.32002258,100,21.53414345,100,21.34988594,0,21.81712914
2023/5/26 4:21,100,22.01620293,100,21.63541794,100,21.34988594,0,21.81712914
2023/5/26 4:22,100,22.32002258,100,21.63541794,100,21.36435318,0,21.8026619
2023/5/26 4:23,100,22.32002258,100,21.63541794,100,21.34988594,0,21.81712914
2023/5/26 4:24,100,22.32002258,100,21.54861069,100,21.34988594,0,21.81712914
2023/5/26 4:25,100,22.32002258,100,21.53414345,100,21.34988594,0,21.81712914
2023/5/26 4:26,100,22.32002258,100,21.53414345,100,21.34988594,0,21.81712914
2023/5/26 4:27,100,22.32002258,100,21.63541794,100,21.34988594,0,21.81712914
2023/5/26 4:28,100,22.32002258,100,21.63541794,100,21.34988594,0,21.81712914
2023/5/26 4:29,100,22.32002258,100,21.63541794,100,21.34988594,0,21.81712914
2023/5/26 4:30,100,22.32002258,100,21.63541794,100,21.34988594,0,21.81712914
2023/5/26 4:31,100,22.32002258,100,21.62094879,100,21.34988594,0,21.81712914
2023/5/26 4:32,100,22.32002258,100,21.51967621,100,21.34988594,0,21.81712914
2023/5/26 4:33,100,22.32002258,100,21.53414345,100,21.34988594,0,21.81712914
2023/5/26 4:34,100,22.32002258,100,21.53414345,100,21.26307869,0,21.81712914
2023/5/26 4:35,100,22.32002258,100,21.51967621,100,21.34988594,0,21.81712914
2023/5/26 4:36,100,22.30555534,100,21.63541794,100,21.34988594,0,21.81712914
2023/5/26 4:37,100,22.32002258,100,21.63541794,100,21.34988594,0,21.81712914
2023/5/26 4:38,100,22.32002258,100,21.63541794,100,21.45115852,0,21.81712914
2023/5/26 4:39,100,22.32002258,100,21.72222328,100,21.45115852,0,21.81712914
2023/5/26 4:40,100,22.32002258,100,21.72222328,100,21.45115852,0,21.81712914
2023/5/26 4:41,100,22.32002258,100,21.73669052,100,21.46562576,0,21.81712914
2023/5/26 4:42,100,22.01620293,100,21.73669052,100,21.45115852,0,21.81712914
2023/5/26 4:43,100,22.01620293,100,21.72222328,100,21.45115852,0,21.81712914
2023/5/26 4:44,100,22.01620293,100,21.73669052,100,21.45115852,0,21.81712914
2023/5/26 4:45,100,22.01620293,100,21.82349586,100,21.45115852,0,21.81712914
2023/5/26 4:46,100,22.01620293,100,21.82349586,100,21.55243111,0,21.81712914
2023/5/26 4:47,100,22.32002258,100,21.82349586,100,21.55243111,0,21.81712914
2023/5/26 4:48,100,22.32002258,100,21.82349586,100,21.55243111,0,21.81712914
2023/5/26 4:49,100,22.32002258,100,21.82349586,100,21.55243111,0,21.91840172
2023/5/26 4:50,100,22.32002258,100,21.82349586,100,21.55243111,0,21.91840172
2023/5/26 4:51,100,22.32002258,100,21.82349586,100,21.55243111,0,21.88946724
2023/5/26 4:52,100,22.01620293,100,21.82349586,100,21.55243111,0,21.81712914
2023/5/26 4:53,100,22.01620293,100,21.82349586,100,21.46562576,0,21.91840172
2023/5/26 4:54,100,22.32002258,100,21.8379631,100,21.45115852,0,21.81712914
2023/5/26 4:55,100,22.32002258,100,21.8379631,100,21.55243111,0,21.81712914
2023/5/26 4:56,100,22.01620293,100,21.82349586,100,21.55243111,0,21.91840172
2023/5/26 4:57,100,22.32002258,100,21.82349586,100,21.55243111,0,21.91840172
2023/5/26 4:58,100,22.32002258,100,21.8379631,100,21.55243111,0,21.91840172
2023/5/26 4:59,100,22.01620293,100,21.82349586,100,21.55243111,0,21.91840172
2023/5/26 5:00,100,22.01620293,100,21.82349586,100,21.65370369,0,21.91840172
2023/5/26 5:01,100,22.01620293,100,21.92476845,100,21.56689835,0,21.91840172
2023/5/26 5:02,100,22.01620293,100,21.92476845,100,21.55243111,0,21.91840172
2023/5/26 5:03,100,22.01620293,100,21.92476845,100,21.55243111,0,21.91840172
2023/5/26 5:04,100,22.01620293,100,21.92476845,100,21.65370369,0,21.91840172
2023/5/26 5:05,100,22.32002258,100,21.93923569,100,21.65370369,0,21.91840172
2023/5/26 5:06,100,22.32002258,100,21.92476845,100,21.65370369,0,21.91840172
2023/5/26 5:07,100,22.01620293,100,21.92476845,100,21.65370369,0,21.91840172
2023/5/26 5:08,100,22.32002258,100,21.92476845,100,21.65370369,0,21.91840172
2023/5/26 5:09,100,22.32002258,100,21.92476845,100,21.58136559,0,21.91840172
2023/5/26 5:10,100,22.32002258,100,21.92476845,100,21.65370369,0,21.91840172
2023/5/26 5:11,100,22.01620293,100,21.93923569,100,21.65370369,0,21.91840172
2023/5/26 5:12,100,22.20428276,100,21.93923569,100,21.65370369,0,21.91840172
2023/5/26 5:13,100,22.01620293,100,21.93923569,100,21.65370369,0.136631846,22.01967621
2023/5/26 5:14,100,22.01620293,100,21.92476845,100,21.65370369,0.251697987,22.01967621
2023/5/26 5:15,100,22.01620293,100,21.92476845,100,21.65370369,0,21.91840172
2023/5/26 5:16,100,22.32002258,100,21.92476845,100,21.65370369,0,21.91840172
2023/5/26 5:17,100,22.01620293,100,21.92476845,100,21.65370369,0,21.90393448
2023/5/26 5:18,100,22.01620293,100,21.92476845,100,21.65370369,0,21.91840172
2023/5/26 5:19,100,22.01620293,100,21.92476845,100,21.65370369,0,21.91840172
2023/5/26 5:20,100,22.01620293,100,21.93923569,100,21.65370369,0,21.91840172
2023/5/26 5:21,100,22.01620293,100,21.92476845,100,21.65370369,0,21.91840172
2023/5/26 5:22,100,22.32002258,100,21.92476845,100,21.65370369,0,21.91840172
2023/5/26 5:23,100,22.32002258,100,21.92476845,100,21.65370369,0,21.91840172
2023/5/26 5:24,100,22.30555534,100,21.92476845,100,21.65370369,0,21.91840172
2023/5/26 5:25,100,22.01620293,100,21.92476845,100,21.65370369,0,21.91840172
2023/5/26 5:26,100,22.01620293,100,21.93923569,100,21.66817284,0.310070425,21.93287086
2023/5/26 5:27,100,22.01620293,100,22.02604294,100,21.75497818,10.46332932,22.01967621
2023/5/26 5:28,100,22.32002258,100,22.02604294,100,21.75497818,25.76725006,22.01967621
2023/5/26 5:29,100,22.32002258,100,22.02604294,100,21.66817284,40.26444626,22.01967621
2023/5/26 5:30,100,22.32002258,100,21.92476845,100,21.65370369,55.05609131,22.01967621
2023/5/26 5:31,100,22.32002258,100,22.02604294,100,21.65370369,69.65920258,22.01967621
2023/5/26 5:32,100,22.32002258,100,22.02604294,100,21.65370369,84.77581787,22.01967621
2023/5/26 5:33,100,22.32002258,100,22.02604294,100,21.65370369,99.45893097,22.01967621
2023/5/26 5:34,100,22.32002258,100,21.92476845,100,21.65370369,100,22.01967621
2023/5/26 5:35,100,22.32002258,100,21.92476845,100,21.65370369,79.3167572,21.91840172
2023/5/26 5:36,100,22.32002258,100,21.92476845,100,21.65370369,13.02736187,21.91840172
2023/5/26 5:37,100,22.05960655,100,21.92476845,100,21.65370369,0,21.81712914
2023/5/26 5:38,100,22.32002258,100,21.92476845,100,21.65370369,0,21.81712914
2023/5/26 5:39,100,22.32002258,100,21.92476845,100,21.65370369,0,21.81712914
2023/5/26 5:40,100,22.32002258,100,21.92476845,100,21.65370369,0,21.81712914
2023/5/26 5:41,100,22.32002258,100,21.92476845,100,21.65370369,0,21.81712914
2023/5/26 5:42,100,22.32002258,100,21.93923569,100,21.65370369,0,21.81712914
2023/5/26 5:43,100,22.32002258,100,21.93923569,100,21.65370369,0,21.81712914
2023/5/26 5:44,100,22.32002258,100,21.92476845,100,21.65370369,0,21.81712914
2023/5/26 5:45,100,22.32002258,100,21.92476845,100,21.65370369,0,21.81712914
2023/5/26 5:46,100,22.32002258,100,21.92476845,100,21.65370369,0,21.81712914
2023/5/26 5:47,100,22.32002258,100,21.92476845,100,21.65370369,0,21.81712914
2023/5/26 5:48,100,22.32002258,100,21.92476845,100,21.55243111,0,21.81712914
2023/5/26 5:49,100,22.32002258,100,21.92476845,100,21.55243111,0,21.81712914
2023/5/26 5:50,100,22.32002258,100,21.82349586,100,21.55243111,0,21.81712914
2023/5/26 5:51,100,22.32002258,100,21.82349586,100,21.55243111,0,21.81712914
2023/5/26 5:52,100,22.32002258,100,21.82349586,100,21.55243111,0,21.81712914
2023/5/26 5:53,100,22.32002258,100,21.82349586,100,21.55243111,0,21.81712914
2023/5/26 5:54,100,22.32002258,100,21.82349586,100,21.45115852,0,21.81712914
2023/5/26 5:55,100,22.32002258,100,21.72222328,100,21.45115852,0,21.81712914
2023/5/26 5:56,100,22.32002258,100,21.73669052,100,21.45115852,0,21.81712914
2023/5/26 5:57,100,22.32002258,100,21.82349586,100,21.46562576,0,21.91840172
2023/5/26 5:58,100,22.32002258,100,21.82349586,100,21.45115852,0,21.91840172
2023/5/26 5:59,100,22.32002258,100,21.73669052,100,21.45115852,0,21.91840172
2023/5/26 6:00,100,22.32002258,100,21.73669052,100,21.45115852,0,21.91840172
2023/5/26 6:01,100,22.30555534,100,21.73669052,100,21.45115852,0,21.91840172
2023/5/26 6:02,100,22.32002258,100,21.73669052,100,21.45115852,0,21.91840172
2023/5/26 6:03,100,22.32002258,100,21.72222328,100,21.45115852,0,21.91840172
2023/5/26 6:04,100,22.32002258,100,21.72222328,100,21.45115852,0,21.91840172
2023/5/26 6:05,100,22.32002258,100,21.73669052,100,21.45115852,0,21.91840172
2023/5/26 6:06,100,22.32002258,100,21.72222328,100,21.45115852,0,21.91840172
2023/5/26 6:07,100,22.32002258,100,21.73669052,100,21.45115852,0,21.91840172
2023/5/26 6:08,100,22.32002258,100,21.72222328,100,21.45115852,0,21.91840172
2023/5/26 6:09,100,22.32002258,100,21.82349586,100,21.45115852,0,21.91840172
2023/5/26 6:10,100,22.32002258,100,21.82349586,100,21.45115852,0,21.91840172
2023/5/26 6:11,100,22.32002258,100,21.82349586,100,21.45115852,0.196456745,22.01967621
2023/5/26 6:12,100,22.32002258,100,21.72222328,100,21.45115852,3.59710598,22.01967621
2023/5/26 6:13,100,22.32002258,100,21.73669052,100,21.45115852,8.148298264,22.01967621
2023/5/26 6:14,100,22.32002258,100,21.73669052,100,21.45115852,20.30515671,22.01967621
2023/5/26 6:15,100,22.21875,100,21.72222328,100,21.43669128,35.17227173,22.01967621
2023/5/26 6:16,100,22.26215172,100,21.73669052,100,21.45115852,49.86474609,22.01967621
2023/5/26 6:17,100,22.32002258,100,21.73669052,100,21.45115852,64.66697693,22.00520706
2023/5/26 6:18,100,22.32002258,100,21.73669052,100,21.45115852,79.36685181,22.01967621
2023/5/26 6:19,100,22.32002258,100,21.72222328,100,21.46562576,94.31005859,22.01967621
2023/5/26 6:20,100,22.32002258,100,21.63541794,100,21.45115852,100,22.01967621
2023/5/26 6:21,100,22.32002258,100,21.73669052,100,21.45115852,84.7784729,21.91840172
2023/5/26 6:22,100,22.21875,100,21.63541794,100,21.45115852,19.59780693,21.91840172
2023/5/26 6:23,100,22.21875,100,21.63541794,100,21.45115852,0,21.91840172
2023/5/26 6:24,100,22.21875,100,21.53414345,100,21.34988594,0,21.91840172
2023/5/26 6:25,100,22.21875,100,21.63541794,100,21.34988594,0,21.81712914
2023/5/26 6:26,100,22.21875,100,21.63541794,100,21.34988594,0,21.81712914
2023/5/26 6:27,100,22.21875,100,21.62094879,100,21.43669128,0,21.81712914
2023/5/26 6:28,100,22.21875,100,21.63541794,100,21.45115852,0,21.81712914
2023/5/26 6:29,100,22.21875,100,21.63541794,100,21.45115852,0,21.81712914
2023/5/26 6:30,100,22.26215172,100,21.63541794,100,21.34988594,0,21.81712914
2023/5/26 6:31,100,22.21875,100,21.63541794,100,21.45115852,0,21.8026619
2023/5/26 6:32,100,22.32002258,100,21.72222328,100,21.45115852,0,21.81712914
2023/5/26 6:33,100,22.32002258,100,21.73669052,100,21.45115852,0,21.81712914
2023/5/26 6:34,100,22.21875,100,21.72222328,100,21.45115852,0,21.81712914
2023/5/26 6:35,100,22.21875,100,21.72222328,100,21.45115852,0,21.81712914
2023/5/26 6:36,100,22.32002258,100,21.73669052,100,21.45115852,0,21.81712914
2023/5/26 6:37,100,22.21875,100,21.73669052,100,21.45115852,0,21.81712914
2023/5/26 6:38,100,22.21875,100,21.72222328,100,21.45115852,0,21.81712914
2023/5/26 6:39,100,22.21875,100,21.73669052,100,21.45115852,0,21.81712914
2023/5/26 6:40,100,22.30555534,100,21.72222328,100,21.45115852,0,21.81712914
2023/5/26 6:41,100,22.32002258,100,21.73669052,100,21.45115852,0,21.81712914
2023/5/26 6:42,100,22.32002258,100,21.73669052,100,21.43669128,0,21.81712914
2023/5/26 6:43,100,22.21875,100,21.82349586,100,21.45115852,0,21.81712914
2023/5/26 6:44,100,22.32002258,100,21.82349586,100,21.45115852,0,21.81712914
2023/5/26 6:45,100,22.32002258,100,21.72222328,100,21.45115852,0,21.91840172
2023/5/26 6:46,100,22.32002258,100,21.72222328,100,21.45115852,0,21.83159828
2023/5/26 6:47,100,22.32002258,100,21.73669052,100,21.45115852,0,21.86053276
2023/5/26 6:48,100,22.32002258,100,21.73669052,100,21.45115852,0,21.91840172
2023/5/26 6:49,100,22.32002258,100,21.72222328,100,21.45115852,0,21.91840172
2023/5/26 6:50,100,22.32002258,100,21.72222328,100,21.43669128,0,21.90393448
2023/5/26 6:51,100,22.32002258,100,21.73669052,100,21.45115852,0,21.91840172
2023/5/26 6:52,100,22.32002258,100,21.73669052,100,21.45115852,0,21.91840172
2023/5/26 6:53,100,22.32002258,100,21.73669052,100,21.45115852,0,21.91840172
2023/5/26 6:54,100,22.32002258,100,21.63541794,100,21.45115852,0,21.91840172
2023/5/26 6:55,100,22.32002258,100,21.63541794,100,21.45115852,0,21.91840172
2023/5/26 6:56,100,22.32002258,100,21.72222328,100,21.45115852,0,21.91840172
2023/5/26 6:57,100,22.32002258,100,21.72222328,100,21.45115852,0,21.91840172
2023/5/26 6:58,100,22.32002258,100,21.73669052,100,21.45115852,0,21.91840172
2023/5/26 6:59,100,22.32002258,100,21.73669052,100,21.45115852,0,21.91840172
2023/5/26 7:00,100,22.32002258,100,21.73669052,100,21.45115852,0,21.91840172
2023/5/26 7:01,100,22.32002258,100,21.72222328,100,21.46562576,0,21.91840172
2023/5/26 7:02,100,22.21875,100,21.72222328,100,21.46562576,1.029007912,21.99073982
2023/5/26 7:03,100,22.32002258,100,21.73669052,100,21.45115852,11.83012962,22.00520706
2023/5/26 7:04,100,22.32002258,100,21.73669052,100,21.45115852,24.31951523,22.01967621
2023/5/26 7:05,100,22.32002258,100,21.63541794,100,21.45115852,35.25657654,22.01967621
2023/5/26 7:06,100,22.32002258,100,21.62094879,100,21.45115852,50.31263733,22.00520706
2023/5/26 7:07,100,22.32002258,100,21.63541794,100,21.45115852,64.42427063,22.01967621
2023/5/26 7:08,100,22.32002258,100,21.63541794,100,21.45115852,72.35323334,22.01967621
2023/5/26 7:09,100,22.01620293,100,21.63541794,100,21.45115852,50.67830276,21.91840172
2023/5/26 7:10,100,22.01620293,100,21.63541794,100,21.45115852,0,21.91840172
2023/5/26 7:11,100,22.01620293,100,21.51967621,100,21.34988594,0,21.91840172
2023/5/26 7:12,100,22.01620293,100,21.51967621,100,21.34988594,0,21.91840172
2023/5/26 7:13,100,22.32002258,100,21.63541794,100,21.34988594,0,21.91840172
2023/5/26 7:14,100,22.01620293,100,21.63541794,100,21.34988594,0,21.91840172
2023/5/26 7:15,100,22.01620293,100,21.63541794,100,21.45115852,0,21.90393448
2023/5/26 7:16,100,22.01620293,100,21.63541794,100,21.34988594,0,21.81712914
2023/5/26 7:17,100,22.01620293,100,21.63541794,100,21.45115852,0,21.81712914
2023/5/26 7:18,100,22.03067207,100,21.72222328,100,21.45115852,0,21.81712914
2023/5/26 7:19,100,22.01620293,100,21.72222328,100,21.45115852,0,21.81712914
2023/5/26 7:20,100,22.01620293,100,21.73669052,100,21.45115852,0,21.81712914
2023/5/26 7:21,100,22.01620293,100,21.72222328,100,21.45115852,0,21.81712914
2023/5/26 7:22,100,22.01620293,100,21.82349586,100,21.45115852,0,21.81712914
2023/5/26 7:23,100,22.32002258,100,21.80902672,100,21.45115852,0,21.81712914
2023/5/26 7:24,100,22.32002258,100,21.72222328,100,21.45115852,0,21.81712914
2023/5/26 7:25,100,22.32002258,100,21.73669052,100,21.45115852,0,21.81712914
2023/5/26 7:26,100,22.32002258,100,21.72222328,100,21.45115852,0,21.81712914
2023/5/26 7:27,100,22.01620293,100,21.82349586,100,21.45115852,0,21.81712914
2023/5/26 7:28,100,22.32002258,100,21.82349586,100,21.45115852,0,21.81712914
2023/5/26 7:29,100,22.32002258,100,21.82349586,100,21.45115852,0,21.81712914
2023/5/26 7:30,100,22.11747742,100,21.82349586,100,21.45115852,0,21.81712914
2023/5/26 7:31,100,22.32002258,100,21.93923569,100,21.55243111,0,21.81712914
2023/5/26 7:32,100,22.11747742,100,21.92476845,100,21.55243111,0,21.81712914
2023/5/26 7:33,100,22.01620293,100,21.92476845,100,21.65370369,0,21.81712914
2023/5/26 7:34,100,22.01620293,100,21.92476845,100,21.65370369,0,21.81712914
2023/5/26 7:35,100,22.11747742,100,21.92476845,100,21.55243111,0,21.81712914
2023/5/26 7:36,100,22.11747742,100,21.92476845,100,21.55243111,0,21.81712914
2023/5/26 7:37,100,22.11747742,100,21.92476845,100,21.55243111,0,21.81712914
2023/5/26 7:38,100,22.01620293,100,21.92476845,100,21.55243111,0,21.81712914
2023/5/26 7:39,100,22.01620293,100,21.92476845,100,21.55243111,0,21.81712914
2023/5/26 7:40,100,22.01620293,100,21.92476845,100,21.55243111,0,21.81712914
2023/5/26 7:41,100,22.11747742,100,21.92476845,100,21.55243111,0,21.81712914
2023/5/26 7:42,100,22.01620293,100,22.02604294,100,21.55243111,0,21.81712914
2023/5/26 7:43,100,22.11747742,100,22.02604294,100,21.65370369,0,21.81712914
2023/5/26 7:44,100,22.11747742,100,22.11284828,100,21.74051094,0,21.81712914
2023/5/26 7:45,100,22.11747742,100,22.12731552,100,21.75497818,0,21.81712914
2023/5/26 7:46,100,22.11747742,100,22.05497742,100,21.65370369,0,21.81712914
2023/5/26 7:47,100,22.11747742,100,22.02604294,100,21.65370369,0,21.81712914
2023/5/26 7:48,100,22.11747742,100,22.02604294,100,21.65370369,0,21.81712914
2023/5/26 7:49,100,22.11747742,100,22.02604294,100,21.75497818,0,21.81712914
2023/5/26 7:50,100,22.11747742,100,22.02604294,100,21.75497818,0,21.81712914
2023/5/26 7:51,100,22.11747742,100,22.02604294,100,21.75497818,0,21.81712914
2023/5/26 7:52,100,22.11747742,100,22.02604294,100,21.75497818,0,21.8026619
2023/5/26 7:53,100,22.11747742,100,22.02604294,100,21.75497818,0,21.81712914
2023/5/26 7:54,100,22.11747742,100,22.02604294,100,21.75497818,0,21.81712914
2023/5/26 7:55,100,22.11747742,100,21.92476845,100,21.65370369,0,21.81712914
2023/5/26 7:56,100,22.11747742,100,21.93923569,100,21.65370369,0,21.81712914
2023/5/26 7:57,100,22.11747742,100,21.92476845,100,21.65370369,0,21.81712914
2023/5/26 7:58,100,22.01620293,100,22.02604294,100,21.75497818,0,21.81712914
2023/5/26 7:59,100,22.11747742,100,22.02604294,100,21.75497818,0,21.81712914
2023/5/26 8:00,100,22.11747742,100,22.02604294,100,21.75497818,0,21.81712914
2023/5/26 8:01,100,22.11747742,100,22.02604294,100,21.75497818,0,21.81712914
2023/5/26 8:02,100,22.11747742,100,21.92476845,100,21.65370369,0,21.81712914
2023/5/26 8:03,100,22.11747742,100,21.93923569,100,21.65370369,0,21.81712914
2023/5/26 8:04,100,22.11747742,100,21.92476845,100,21.65370369,0,21.62905121
2023/5/26 8:05,100,22.11747742,100,21.92476845,100,21.75497818,0,21.62905121
2023/5/26 8:06,100,22.11747742,100,21.92476845,100,21.75497818,0,21.61458206
2023/5/26 8:07,100,22.11747742,100,21.92476845,100,21.75497818,0,21.61458206
2023/5/26 8:08,100,22.11747742,100,22.02604294,100,21.75497818,0,21.64351845
2023/5/26 8:09,100,22.11747742,100,22.02604294,100,21.75497818,0,21.81712914
2023/5/26 8:10,100,22.11747742,100,22.02604294,100,21.75497818,0,21.61458206
2023/5/26 8:11,100,22.20428276,100,22.02604294,100,21.75497818,0,21.61458206
2023/5/26 8:12,100,22.21875,100,21.92476845,100,21.75497818,0,21.61458206
2023/5/26 8:13,100,22.1464119,100,22.02604294,100,21.75497818,0,21.61458206
2023/5/26 8:14,100,22.11747742,100,22.02604294,100,21.75497818,0,21.61458206
2023/5/26 8:15,100,22.11747742,100,22.02604294,100,21.75497818,0,21.61458206
2023/5/26 8:16,100,22.11747742,100,22.02604294,100,21.75497818,0,21.61458206
2023/5/26 8:17,100,22.11747742,100,22.02604294,100,21.75497818,0,21.61458206
2023/5/26 8:18,100,22.11747742,100,22.02604294,100,21.75497818,0,21.61458206
2023/5/26 8:19,100,22.11747742,100,21.93923569,100,21.74051094,0,21.81712914
2023/5/26 8:20,100,22.11747742,100,21.92476845,100,21.65370369,0,21.81712914
2023/5/26 8:21,100,22.11747742,100,22.02604294,100,21.65370369,0,21.81712914
2023/5/26 8:22,100,22.11747742,100,22.02604294,100,21.75497818,0,21.81712914
2023/5/26 8:23,100,22.11747742,100,22.02604294,100,21.85625076,0,21.81712914
2023/5/26 8:24,100,22.21875,100,22.02604294,100,21.75497818,0,21.81712914
2023/5/26 8:25,100,22.21875,100,22.06944466,100,21.85625076,0,21.81712914
2023/5/26 8:26,100,22.11747742,100,22.12731552,100,21.85625076,0,21.81712914
2023/5/26 8:27,100,22.21875,100,22.12731552,100,21.85625076,0,21.81712914
2023/5/26 8:28,100,22.21875,100,22.12731552,100,21.85625076,0,21.81712914
2023/5/26 8:29,100,22.21875,100,22.12731552,100,21.85625076,0,21.81712914
2023/5/26 8:30,100,22.21875,100,22.12731552,100,21.84178352,0,21.81712914
2023/5/26 8:31,100,22.21875,100,22.12731552,100,21.85625076,0,21.81712914
2023/5/26 8:32,100,22.11747742,100,22.02604294,100,21.85625076,0,21.81712914
2023/5/26 8:33,100,22.11747742,100,22.02604294,100,21.85625076,0,21.81712914
2023/5/26 8:34,100,22.21875,100,22.02604294,100,21.85625076,0,21.81712914
2023/5/26 8:35,100,22.21875,100,22.12731552,100,21.85625076,0,21.81712914
2023/5/26 8:36,100,22.21875,100,22.12731552,100,21.85625076,0,21.81712914
2023/5/26 8:37,100,22.21875,100,22.12731552,100,21.85625076,0,21.81712914
2023/5/26 8:38,100,22.21875,100,22.12731552,100,21.84178352,0,21.81712914
2023/5/26 8:39,100,22.21875,100,22.12731552,100,21.85625076,0,21.81712914
2023/5/26 8:40,100,22.21875,100,22.12731552,100,21.85625076,0,21.81712914
2023/5/26 8:41,100,22.20428276,100,22.12731552,100,21.85625076,0,21.81712914
2023/5/26 8:42,100,22.11747742,100,22.12731552,100,21.85625076,0,21.81712914
2023/5/26 8:43,100,22.11747742,100,22.12731552,100,21.85625076,0,21.81712914
2023/5/26 8:44,100,22.11747742,100,22.12731552,100,21.84178352,0,21.81712914
2023/5/26 8:45,100,22.21875,100,22.12731552,100,21.85625076,0,21.81712914
2023/5/26 8:46,100,22.21875,100,22.12731552,100,21.85625076,0,21.8026619
2023/5/26 8:47,100,22.21875,100,22.12731552,100,21.85625076,0,21.81712914
2023/5/26 8:48,100,22.21875,100,22.12731552,100,21.85625076,0,21.81712914
2023/5/26 8:49,100,22.11747742,100,22.12731552,100,21.95752335,0,21.81712914
2023/5/26 8:50,100,22.21875,100,22.12731552,100,21.95752335,0,21.81712914
2023/5/26 8:51,100,22.21875,100,22.12731552,100,21.85625076,0,21.81712914
2023/5/26 8:52,100,22.21875,100,22.12731552,100,21.85625076,0,21.81712914
2023/5/26 8:53,100,22.21875,100,22.12731552,100,21.85625076,0,21.81712914
2023/5/26 8:54,100,22.21875,100,22.12731552,100,21.85625076,0,21.81712914
2023/5/26 8:55,100,22.32002258,100,22.12731552,100,21.85625076,0,21.81712914
2023/5/26 8:56,100,22.21875,100,22.12731552,100,21.85625076,0,21.81712914
2023/5/26 8:57,100,22.11747742,100,22.12731552,100,21.85625076,0,21.81712914
2023/5/26 8:58,100,22.13194466,100,22.12731552,100,21.85625076,0,21.81712914
2023/5/26 8:59,100,22.21875,100,22.21412086,100,21.85625076,0,21.91840172
2023/5/26 9:00,100,22.21875,100,22.2285881,100,21.85625076,0,21.91840172
2023/5/26 9:01,100,22.32002258,100,22.2285881,100,21.85625076,0,21.81712914
2023/5/26 9:02,100,22.21875,100,22.2285881,100,21.95752335,0,21.81712914
2023/5/26 9:03,100,22.21875,100,22.2285881,100,21.95752335,0,21.81712914
2023/5/26 9:04,100,22.21875,100,22.21412086,100,21.85625076,0,21.91840172
2023/5/26 9:05,100,22.21875,100,22.2285881,100,21.94305611,0,21.91840172
2023/5/26 9:06,100,22.21875,100,22.12731552,100,21.95752335,0,21.91840172
2023/5/26 9:07,100,22.20428276,100,22.12731552,100,21.85625076,0,21.91840172
2023/5/26 9:08,100,22.21875,100,22.2285881,100,21.95752335,0,21.84606552
2023/5/26 9:09,100,22.21875,100,22.21412086,100,21.85625076,0,21.91840172
2023/5/26 9:10,100,22.21875,100,22.12731552,100,21.85625076,0,21.91840172
2023/5/26 9:11,100,22.21875,100,22.12731552,100,21.85625076,0,21.91840172
2023/5/26 9:12,100,22.21875,100,22.11284828,100,21.92858887,0,21.91840172
2023/5/26 9:13,100,22.21875,100,22.2285881,100,21.95752335,0,21.91840172
2023/5/26 9:14,100,22.21875,100,22.2285881,100,21.85625076,0,21.91840172
2023/5/26 9:15,100,22.21875,100,22.2285881,100,21.95752335,0,21.91840172
2023/5/26 9:16,100,22.20428276,100,22.32986069,100,21.95752335,0,21.91840172
2023/5/26 9:17,100,22.21875,100,22.32986069,100,21.95752335,0,21.91840172
2023/5/26 9:18,100,22.11747742,100,22.32986069,100,21.95752335,0,21.91840172
2023/5/26 9:19,100,22.21875,100,22.32986069,100,21.95752335,0,21.91840172
2023/5/26 9:20,100,22.21875,100,22.32986069,100,21.95752335,0,21.9473381
2023/5/26 9:21,100,22.21875,100,22.24305534,100,21.95752335,0,21.91840172
2023/5/26 9:22,100,22.21875,100,22.2285881,100,21.94305611,0,21.91840172
2023/5/26 9:23,100,22.32002258,100,22.32986069,100,22.05879784,0,21.91840172
2023/5/26 9:24,100,22.32002258,100,22.32986069,100,22.05879784,0,21.91840172
2023/5/26 9:25,100,22.32002258,100,22.32986069,100,22.16007042,0,21.91840172
2023/5/26 9:26,100,22.21875,100,22.32986069,100,22.05879784,0,21.91840172
2023/5/26 9:27,100,22.32002258,100,22.25752258,100,22.05879784,0,21.91840172
2023/5/26 9:28,100,22.21875,100,22.24305534,100,22.05879784,0,21.91840172
2023/5/26 9:29,100,22.21875,100,22.2285881,100,22.05879784,0,21.91840172
2023/5/26 9:30,100,22.21875,100,22.2285881,100,22.05879784,6.118525028,22.01967621
2023/5/26 9:31,100,22.32002258,100,22.2285881,100,22.05879784,10.14754391,22.01967621
2023/5/26 9:32,100,22.21875,100,22.2285881,100,22.05879784,24.84998894,22.01967621
2023/5/26 9:33,100,22.32002258,100,22.2285881,100,22.04432869,39.24304581,22.01967621
2023/5/26 9:34,100,22.32002258,100,22.2285881,100,21.95752335,53.98947525,22.01967621
2023/5/26 9:35,100,22.30555534,100,22.32986069,100,22.02986145,68.71684265,22.01967621
2023/5/26 9:36,100,22.32002258,100,22.2285881,100,21.95752335,83.56490326,22.01967621
2023/5/26 9:37,100,22.32002258,100,22.21412086,100,22.05879784,98.21382904,22.01967621
2023/5/26 9:38,100,22.32002258,100,22.32986069,100,22.05879784,95.4699707,21.93287086
2023/5/26 9:39,100,22.32002258,100,22.32986069,100,22.05879784,36.31549072,21.91840172
2023/5/26 9:40,100,22.21875,100,22.2285881,100,22.04432869,0,21.91840172
2023/5/26 9:41,100,22.21875,100,22.2285881,100,21.95752335,0,21.81712914
2023/5/26 9:42,100,22.21875,100,22.12731552,100,21.84178352,0,21.81712914
2023/5/26 9:43,100,22.21875,100,22.12731552,100,21.85625076,0,21.81712914
2023/5/26 9:44,100,22.21875,100,22.12731552,100,21.95752335,0,21.81712914
2023/5/26 9:45,100,22.21875,100,22.12731552,100,21.95752335,0,21.81712914
2023/5/26 9:46,100,22.21875,100,22.2285881,100,21.94305611,0,21.81712914
2023/5/26 9:47,100,22.32002258,100,22.2285881,100,21.95752335,0,21.81712914
2023/5/26 9:48,100,22.21875,100,22.2285881,100,21.95752335,0,21.81712914
2023/5/26 9:49,100,22.21875,100,22.2285881,100,21.95752335,0,21.81712914
2023/5/26 9:50,100,22.21875,100,22.21412086,100,21.95752335,0,21.81712914
2023/5/26 9:51,100,22.21875,100,22.2285881,100,21.94305611,0,21.81712914
2023/5/26 9:52,100,22.21875,100,22.2285881,100,21.95752335,0,21.81712914
2023/5/26 9:53,100,22.21875,100,22.2285881,100,21.95752335,0,21.81712914
2023/5/26 9:54,100,22.21875,100,22.2285881,100,22.05879784,0,21.81712914
2023/5/26 9:55,100,22.21875,100,22.21412086,100,22.04432869,0,21.81712914
2023/5/26 9:56,100,22.11747742,100,22.12731552,100,21.85625076,0,21.81712914
2023/5/26 9:57,100,22.21875,100,22.12731552,100,21.85625076,0,21.91840172
2023/5/26 9:58,100,22.21875,100,22.12731552,100,21.85625076,0,21.91840172
2023/5/26 9:59,100,22.21875,100,22.12731552,100,21.84178352,0,21.91840172
2023/5/26 10:00,100,22.21875,100,22.12731552,100,21.85625076,0,21.91840172
2023/5/26 10:01,100,22.32002258,100,22.2285881,100,21.95752335,0,21.91840172
2023/5/26 10:02,100,22.32002258,100,22.12731552,100,21.85625076,0,21.91840172
2023/5/26 10:03,100,22.32002258,100,22.2285881,100,21.95752335,0,21.91840172
2023/5/26 10:04,100,22.32002258,100,22.2285881,100,21.95752335,0,21.91840172
2023/5/26 10:05,100,22.23321724,100,22.2285881,100,21.95752335,0,21.91840172
2023/5/26 10:06,100,22.21875,100,22.2285881,100,21.95752335,0,21.91840172
2023/5/26 10:07,100,22.21875,100,22.2285881,100,21.91412163,0,21.91840172
2023/5/26 10:08,100,22.21875,100,22.2285881,100,21.95752335,0,21.91840172
2023/5/26 10:09,100,22.21875,100,22.2285881,100,21.95752335,0,21.91840172
2023/5/26 10:10,100,22.32002258,100,22.2285881,100,21.95752335,0,21.91840172
2023/5/26 10:11,100,22.32002258,100,22.2285881,100,21.95752335,0,21.91840172
2023/5/26 10:12,100,22.32002258,100,22.2285881,100,22.05879784,0,21.91840172
2023/5/26 10:13,100,22.32002258,100,22.32986069,100,22.05879784,0,21.91840172
2023/5/26 10:14,100,22.23321724,100,22.32986069,100,22.05879784,4.852002144,22.01967621
2023/5/26 10:15,100,22.32002258,100,22.32986069,100,22.05879784,19.1882267,22.01967621
2023/5/26 10:16,100,22.32002258,100,22.32986069,100,22.16007042,34.12983704,22.01967621
2023/5/26 10:17,100,22.32002258,100,22.32986069,100,22.16007042,49.01828003,22.01967621
2023/5/26 10:18,100,22.27662086,100,22.32986069,100,22.16007042,63.83879089,22.01967621
2023/5/26 10:19,100,22.21875,100,22.32986069,100,22.05879784,78.23821259,22.01967621
2023/5/26 10:20,100,22.32002258,100,22.32986069,100,22.05879784,93.46633911,22.01967621
2023/5/26 10:21,100,22.32002258,100,22.32986069,100,22.05879784,100,22.01967621
2023/5/26 10:22,100,22.21875,100,22.31539345,100,22.05879784,41.2783432,21.91840172
2023/5/26 10:23,100,22.21875,100,22.2285881,100,22.05879784,0,21.91840172
2023/5/26 10:24,100,22.32002258,100,22.2285881,100,21.95752335,0,21.91840172
2023/5/26 10:25,100,22.21875,100,22.2285881,100,21.95752335,0,21.81712914
2023/5/26 10:26,100,22.32002258,100,22.32986069,100,22.05879784,0,21.81712914
2023/5/26 10:27,100,22.21875,100,22.32986069,100,22.05879784,0,21.81712914
2023/5/26 10:28,100,22.21875,100,22.32986069,100,22.05879784,0,21.81712914
2023/5/26 10:29,100,22.32002258,100,22.32986069,100,22.05879784,0,21.81712914
2023/5/26 10:30,100,22.21875,100,22.32986069,100,21.95752335,0,21.81712914
2023/5/26 10:31,100,22.21875,100,22.32986069,100,21.95752335,0,21.81712914
2023/5/26 10:32,100,22.32002258,100,22.32986069,100,22.05879784,0,21.81712914
2023/5/26 10:33,100,22.32002258,100,22.32986069,100,22.05879784,0,21.81712914
2023/5/26 10:34,100,22.32002258,100,22.43113518,100,22.16007042,0,21.81712914
2023/5/26 10:35,100,22.32002258,100,22.32986069,100,22.16007042,0,21.81712914
2023/5/26 10:36,100,22.21875,100,22.43113518,100,22.16007042,0,21.81712914
2023/5/26 10:37,100,22.32002258,100,22.43113518,100,22.16007042,0,21.81712914
2023/5/26 10:38,100,22.32002258,100,22.43113518,100,22.16007042,0,21.81712914
2023/5/26 10:39,100,22.32002258,100,22.43113518,100,22.16007042,0,21.81712914
2023/5/26 10:40,100,22.32002258,100,22.32986069,100,22.05879784,0,21.81712914
2023/5/26 10:41,100,22.32002258,100,22.32986069,100,22.05879784,0,21.81712914
2023/5/26 10:42,100,22.32002258,100,22.32986069,100,22.05879784,0,21.81712914
2023/5/26 10:43,100,22.21875,100,22.31539345,100,22.05879784,0,21.81712914
2023/5/26 10:44,100,22.21875,100,22.2285881,100,22.05879784,0,21.91840172
2023/5/26 10:45,100,22.21875,100,22.2285881,100,22.05879784,0,21.91840172
2023/5/26 10:46,100,22.32002258,100,22.32986069,100,22.05879784,0,21.91840172
2023/5/26 10:47,100,22.32002258,100,22.32986069,100,22.05879784,0,21.91840172
2023/5/26 10:48,100,22.32002258,100,22.32986069,100,22.16007042,0,21.91840172
2023/5/26 10:49,100,22.33448982,100,22.32986069,100,22.16007042,0,21.91840172
2023/5/26 10:50,100,22.32002258,100,22.32986069,100,22.05879784,0,21.91840172
2023/5/26 10:51,100,22.32002258,100,22.32986069,100,22.14560318,0,21.91840172
2023/5/26 10:52,100,22.32002258,100,22.43113518,100,22.16007042,0,21.91840172
2023/5/26 10:53,100,22.32002258,100,22.43113518,100,22.261343,0,21.91840172
2023/5/26 10:54,100,22.32002258,100,22.50347328,100,22.24687576,0,21.91840172
2023/5/26 10:55,100,22.42129707,100,22.43113518,100,22.16007042,0,21.91840172
2023/5/26 10:56,100,22.32002258,100,22.43113518,100,22.16007042,11.83611107,22.01967621
2023/5/26 10:57,100,22.32002258,100,22.31539345,100,22.14560318,26.58148766,22.01967621
2023/5/26 10:58,100,22.32002258,100,22.43113518,100,22.261343,41.06170654,22.01967621
2023/5/26 10:59,100,22.32002258,100,22.32986069,100,22.14560318,55.74805832,22.01967621
2023/5/26 11:00,100,22.32002258,100,22.32986069,100,22.16007042,70.44028473,22.01967621
2023/5/26 11:01,100,22.32002258,100,22.32986069,100,22.14560318,85.22671509,22.00520706
2023/5/26 11:02,100,22.32002258,100,22.2285881,100,22.05879784,100,22.01967621
2023/5/26 11:03,100,22.32002258,100,22.32986069,100,22.05879784,98.96618652,22.00520706
2023/5/26 11:04,100,22.32002258,100,22.32986069,100,22.05879784,42.18146515,21.91840172
2023/5/26 11:05,100,22.32002258,100,22.32986069,100,22.04432869,0,21.91840172
2023/5/26 11:06,100,22.32002258,100,22.2285881,100,22.05879784,0,21.81712914
2023/5/26 11:07,100,22.21875,100,22.2285881,100,22.05879784,0,21.81712914
2023/5/26 11:08,100,22.21875,100,22.2285881,100,22.05879784,0,21.81712914
2023/5/26 11:09,100,22.11747742,100,22.2285881,100,22.04432869,0,21.81712914
2023/5/26 11:10,100,22.21875,100,22.2285881,100,22.05879784,0,21.81712914
2023/5/26 11:11,100,22.21875,100,22.2285881,100,22.04432869,0,21.8026619
2023/5/26 11:12,100,22.1464119,100,22.2285881,100,22.05879784,0,21.81712914
2023/5/26 11:13,100,22.11747742,100,22.2285881,100,22.05879784,0,21.81712914
2023/5/26 11:14,100,22.11747742,100,22.2285881,100,22.05879784,0,21.81712914
2023/5/26 11:15,100,22.21875,100,22.32986069,100,22.05879784,0,21.81712914
2023/5/26 11:16,100,22.21875,100,22.32986069,100,22.05879784,0,21.81712914
2023/5/26 11:17,100,22.32002258,100,22.32986069,100,22.05879784,0,21.81712914
2023/5/26 11:18,100,22.21875,100,22.32986069,100,22.16007042,0,21.81712914
2023/5/26 11:19,100,22.32002258,100,22.31539345,100,22.16007042,0,21.81712914
2023/5/26 11:20,100,22.32002258,100,22.32986069,100,22.16007042,0,21.81712914
2023/5/26 11:21,100,22.32002258,100,22.32986069,100,22.14560318,0,21.81712914
2023/5/26 11:22,100,22.32002258,100,22.41666794,100,22.16007042,0,21.81712914
2023/5/26 11:23,100,22.32002258,100,22.43113518,100,22.16007042,0,21.81712914
2023/5/26 11:24,100,22.32002258,100,22.43113518,100,22.16007042,0,21.81712914
2023/5/26 11:25,100,22.32002258,100,22.32986069,100,22.05879784,0,21.81712914
2023/5/26 11:26,100,22.21875,100,22.2285881,100,22.00092697,0,21.81712914
2023/5/26 11:27,100,22.21875,100,22.2285881,100,21.95752335,0,21.81712914
2023/5/26 11:28,100,22.32002258,100,22.12731552,100,21.85625076,0,21.91840172
2023/5/26 11:29,100,22.32002258,100,22.12731552,100,21.85625076,0,21.91840172
2023/5/26 11:30,100,22.32002258,100,22.2285881,100,21.85625076,0,21.91840172
2023/5/26 11:31,100,22.21875,100,22.2285881,100,21.95752335,0,21.91840172
2023/5/26 11:32,100,22.21875,100,22.31539345,100,21.95752335,0,21.91840172
2023/5/26 11:33,100,22.21875,100,22.31539345,100,22.05879784,0,21.91840172
2023/5/26 11:34,100,22.32002258,100,22.32986069,100,22.16007042,0,22.01967621
2023/5/26 11:35,100,22.32002258,100,22.43113518,100,22.16007042,10.67424202,22.01967621
2023/5/26 11:36,100,22.32002258,100,22.32986069,100,22.05879784,24.80467606,22.01967621
2023/5/26 11:37,100,22.32002258,100,22.32986069,100,22.05879784,39.93314362,22.01967621
2023/5/26 11:38,100,22.32002258,100,22.32986069,100,22.05879784,54.14603806,22.01967621
2023/5/26 11:39,100,22.32002258,100,22.32986069,100,22.05879784,69.06394196,22.01967621
2023/5/26 11:40,100,22.32002258,100,22.32986069,100,22.05879784,84.15783691,22.00520706
2023/5/26 11:41,100,22.32002258,100,22.32986069,100,22.05879784,100,22.01967621
2023/5/26 11:42,100,22.32002258,100,22.32986069,100,22.05879784,100,22.01967621
2023/5/26 11:43,100,22.32002258,100,22.32986069,100,22.05879784,100,22.01967621
2023/5/26 11:44,100,22.32002258,100,22.32986069,100,22.05879784,100,22.01967621
2023/5/26 11:45,100,22.32002258,100,22.32986069,100,22.05879784,70.46828461,21.91840172
2023/5/26 11:46,100,22.32002258,100,22.32986069,100,22.05879784,5.225781918,21.91840172
2023/5/26 11:47,100,22.32002258,100,22.32986069,100,22.04432869,0,21.90393448
2023/5/26 11:48,100,22.21875,100,22.32986069,100,22.05879784,0,21.81712914
2023/5/26 11:49,100,22.21875,100,22.32986069,100,22.04432869,0,21.8026619
2023/5/26 11:50,100,22.21875,100,22.32986069,100,22.05879784,0,21.81712914
2023/5/26 11:51,100,22.21875,100,22.31539345,100,22.05879784,0,21.81712914
2023/5/26 11:52,100,22.21875,100,22.32986069,100,22.05879784,0,21.81712914
2023/5/26 11:53,100,22.24768448,100,22.32986069,100,22.05879784,0,21.81712914
2023/5/26 11:54,100,22.32002258,100,22.32986069,100,22.05879784,0,21.81712914
2023/5/26 11:55,100,22.32002258,100,22.32986069,100,22.05879784,0,21.81712914
2023/5/26 11:56,100,22.32002258,100,22.32986069,100,22.04432869,0,21.81712914
2023/5/26 11:57,100,22.21875,100,22.32986069,100,22.05879784,0,21.81712914
2023/5/26 11:58,100,22.21875,100,22.21412086,100,22.04432869,0,21.81712914
2023/5/26 11:59,100,22.21875,100,22.2285881,100,22.05879784,0,21.81712914
2023/5/26 12:00,100,22.32002258,100,22.2285881,100,21.95752335,0,21.91840172
2023/5/26 12:01,100,22.30555534,100,22.2285881,100,21.95752335,0,21.91840172
2023/5/26 12:02,100,22.21875,100,22.2285881,100,21.94305611,0,21.91840172
2023/5/26 12:03,100,22.21875,100,22.32986069,100,22.05879784,0,21.90393448
2023/5/26 12:04,100,22.21875,100,22.32986069,100,22.05879784,0,21.91840172
2023/5/26 12:05,100,22.21875,100,22.43113518,100,22.16007042,0,21.91840172
2023/5/26 12:06,100,22.21875,100,22.53240776,100,22.16007042,0,21.91840172
2023/5/26 12:07,100,22.21875,100,22.43113518,100,22.23240852,7.549986362,22.01967621
2023/5/26 12:08,100,22.21875,100,22.43113518,100,22.14560318,22.38319206,22.01967621
2023/5/26 12:09,100,22.32002258,100,22.43113518,100,22.16007042,37.00754166,22.01967621
2023/5/26 12:10,100,22.32002258,100,22.43113518,100,22.16007042,51.75914001,22.01967621
2023/5/26 12:11,100,22.32002258,100,22.43113518,100,22.16007042,66.21400452,22.01967621
2023/5/26 12:12,100,22.32002258,100,22.43113518,100,22.16007042,80.86878967,22.01967621
2023/5/26 12:13,100,22.32002258,100,22.32986069,100,22.05879784,100,22.01967621
2023/5/26 12:14,100,22.21875,100,22.32986069,100,22.04432869,100,22.01967621
2023/5/26 12:15,100,22.32002258,100,22.34432793,100,22.05879784,100,22.01967621
2023/5/26 12:16,100,22.32002258,100,22.43113518,100,22.16007042,100,22.01967621
2023/5/26 12:17,100,22.21875,100,22.32986069,100,22.14560318,95.78595734,21.91840172
2023/5/26 12:18,100,22.21875,100,22.32986069,100,22.16007042,32.05831909,21.91840172
2023/5/26 12:19,100,22.21875,100,22.32986069,100,22.14560318,0,21.91840172
2023/5/26 12:20,100,22.21875,100,22.32986069,100,22.16007042,0,21.81712914
2023/5/26 12:21,100,22.21875,100,22.31539345,100,22.16007042,0,21.81712914
2023/5/26 12:22,100,22.11747742,100,22.32986069,100,22.16007042,0,21.81712914
2023/5/26 12:23,100,22.11747742,100,22.43113518,100,22.16007042,0,21.81712914
2023/5/26 12:24,100,22.11747742,100,22.43113518,100,22.24687576,0,21.81712914
2023/5/26 12:25,100,22.11747742,100,22.43113518,100,22.16007042,0,21.81712914
2023/5/26 12:26,100,22.21875,100,22.43113518,100,22.16007042,0,21.81712914
2023/5/26 12:27,100,22.21875,100,22.43113518,100,22.16007042,0,21.81712914
2023/5/26 12:28,100,22.21875,100,22.32986069,100,22.04432869,0,21.81712914
2023/5/26 12:29,100,22.21875,100,22.32986069,100,22.16007042,0,21.81712914
2023/5/26 12:30,100,22.21875,100,22.32986069,100,22.05879784,0,21.81712914
2023/5/26 12:31,100,22.21875,100,22.43113518,100,22.16007042,0,21.86053276
2023/5/26 12:32,100,22.32002258,100,22.41666794,100,22.14560318,0,21.91840172
2023/5/26 12:33,100,22.21875,100,22.32986069,100,22.16007042,0,21.91840172
2023/5/26 12:34,100,22.32002258,100,22.32986069,100,22.16007042,0,21.91840172
2023/5/26 12:35,100,22.32002258,100,22.32986069,100,22.05879784,0,21.91840172
2023/5/26 12:36,100,22.23321724,100,22.32986069,100,22.16007042,0.694915473,22.01967621
2023/5/26 12:37,100,22.30555534,100,22.32986069,100,22.14560318,14.81780148,22.01967621
2023/5/26 12:38,100,22.21875,100,22.43113518,100,22.16007042,29.47583199,22.01967621
2023/5/26 12:39,100,22.32002258,100,22.43113518,100,22.261343,44.14126968,22.01967621
2023/5/26 12:40,100,22.32002258,100,22.53240776,100,22.261343,58.55739975,22.01967621
2023/5/26 12:41,100,22.21875,100,22.53240776,100,22.261343,75.42581177,22.09201431
2023/5/26 12:42,100,22.21875,100,22.53240776,100,22.261343,100,22.01967621
2023/5/26 12:43,100,22.21875,100,22.53240776,100,22.261343,100,22.09201431
2023/5/26 12:44,100,22.21875,100,22.53240776,100,22.261343,100,22.01967621
2023/5/26 12:45,100,22.21875,100,22.43113518,100,22.16007042,100,22.01967621
2023/5/26 12:46,100,22.32002258,100,22.43113518,100,22.16007042,87.33987427,21.90393448
2023/5/26 12:47,100,22.32002258,100,22.53240776,100,22.17453766,21.81105614,21.91840172
2023/5/26 12:48,100,22.21875,100,22.41666794,100,22.261343,0,21.91840172
2023/5/26 12:49,100,22.21875,100,22.43113518,100,22.24687576,0,21.81712914
2023/5/26 12:50,100,22.21875,100,22.43113518,100,22.261343,0,21.81712914
2023/5/26 12:51,100,22.21875,100,22.43113518,100,22.261343,0,21.81712914
2023/5/26 12:52,100,22.21875,100,22.43113518,100,22.261343,0,21.81712914
2023/5/26 12:53,100,22.21875,100,22.43113518,100,22.36261559,0,21.81712914
2023/5/26 12:54,100,22.32002258,100,22.53240776,100,22.36261559,0,21.81712914
2023/5/26 12:55,100,22.32002258,100,22.53240776,100,22.36261559,0,21.81712914
2023/5/26 12:56,100,22.21875,100,22.53240776,100,22.36261559,0,21.81712914
2023/5/26 12:57,100,22.21875,100,22.53240776,100,22.261343,0,21.81712914
2023/5/26 12:58,100,22.26215172,100,22.43113518,100,22.261343,0,21.81712914
2023/5/26 12:59,100,22.32002258,100,22.41666794,100,22.24687576,0,21.81712914
2023/5/26 13:00,100,22.32002258,100,22.43113518,100,22.261343,0,21.90393448
2023/5/26 13:01,100,22.23321724,100,22.43113518,100,22.261343,0,21.91840172
2023/5/26 13:02,100,22.32002258,100,22.32986069,100,22.16007042,0,21.91840172
2023/5/26 13:03,100,22.21875,100,22.43113518,100,22.261343,0,21.91840172
2023/5/26 13:04,100,22.32002258,100,22.32986069,100,22.14560318,0.211591467,22.00520706
2023/5/26 13:05,100,22.21875,100,22.32986069,100,22.16007042,13.69261265,22.01967621
2023/5/26 13:06,100,22.21875,100,22.32986069,100,22.16007042,28.28985786,22.01967621
2023/5/26 13:07,100,22.32002258,100,22.32986069,100,22.16007042,42.91508484,22.01967621
2023/5/26 13:08,100,22.32002258,100,22.32986069,100,22.24687576,80.97393799,22.12094879
2023/5/26 13:09,100,22.32002258,100,22.32986069,100,22.16007042,100,22.12094879
2023/5/26 13:10,100,22.32002258,100,22.32986069,100,22.261343,100,22.12094879
2023/5/26 13:11,100,22.32002258,100,22.32986069,100,22.261343,100,22.12094879
2023/5/26 13:12,100,22.32002258,100,22.2285881,100,22.14560318,100,22.12094879
2023/5/26 13:13,100,22.32002258,100,22.2285881,100,22.16007042,100,22.12094879
2023/5/26 13:14,100,22.32002258,100,22.32986069,100,22.14560318,100,22.00520706
2023/5/26 13:15,100,22.30555534,100,22.2285881,100,22.16007042,99.72829437,21.96180534
2023/5/26 13:16,100,22.32002258,100,22.2285881,100,22.16007042,54.28712463,21.91840172
2023/5/26 13:17,100,22.21875,100,22.12731552,100,22.04432869,0,21.90393448
2023/5/26 13:18,100,22.32002258,100,22.12731552,100,22.05879784,0,21.91840172
2023/5/26 13:19,100,22.21875,100,22.11284828,100,22.05879784,0,21.91840172
2023/5/26 13:20,100,22.21875,100,22.12731552,100,22.05879784,0,21.91840172
2023/5/26 13:21,100,22.21875,100,22.12731552,100,21.95752335,0,21.81712914
2023/5/26 13:22,100,22.21875,100,22.02604294,100,21.95752335,0,21.91840172
2023/5/26 13:23,100,22.21875,100,22.12731552,100,21.95752335,0,21.91840172
2023/5/26 13:24,100,22.21875,100,22.15625,100,22.05879784,0,21.91840172
2023/5/26 13:25,100,22.11747742,100,22.2285881,100,22.05879784,0,21.91840172
2023/5/26 13:26,100,22.11747742,100,22.17071724,100,22.05879784,0,21.91840172
2023/5/26 13:27,100,22.11747742,100,22.12731552,100,22.05879784,0,21.91840172
2023/5/26 13:28,100,22.21875,100,22.2285881,100,22.16007042,0,21.91840172
2023/5/26 13:29,100,22.32002258,100,22.2285881,100,22.16007042,7.282779694,22.00520706
2023/5/26 13:30,100,22.21875,100,22.21412086,100,22.05879784,21.95892334,22.01967621
2023/5/26 13:31,100,22.21875,100,22.32986069,100,22.16007042,36.4840889,22.01967621
2023/5/26 13:32,100,22.21875,100,22.32986069,100,22.16007042,77.13199615,22.12094879
2023/5/26 13:33,100,22.21875,100,22.32986069,100,22.16007042,100,22.10648155
2023/5/26 13:34,100,22.32002258,100,22.32986069,100,22.16007042,100,22.12094879
2023/5/26 13:35,100,22.21875,100,22.32986069,100,22.16007042,100,22.01967621
2023/5/26 13:36,100,22.32002258,100,22.32986069,100,22.16007042,100,22.01967621
2023/5/26 13:37,100,22.32002258,100,22.32986069,100,22.05879784,100,22.01967621
2023/5/26 13:38,100,22.32002258,100,22.32986069,100,22.16007042,100,22.01967621
2023/5/26 13:39,100,22.21875,100,22.41666794,100,22.16007042,99.38212585,22.01967621
2023/5/26 13:40,100,22.21875,100,22.34432793,100,22.14560318,40.08315277,21.91840172
2023/5/26 13:41,100,22.21875,100,22.32986069,100,22.04432869,0,21.91840172
2023/5/26 13:42,100,22.21875,100,22.32986069,100,21.95752335,0,21.81712914
2023/5/26 13:43,100,22.21875,100,22.21412086,100,22.05879784,0,21.81712914
2023/5/26 13:44,100,22.11747742,100,22.2285881,100,22.04432869,0,21.81712914
2023/5/26 13:45,100,22.11747742,100,22.32986069,100,22.05879784,0,21.81712914
2023/5/26 13:46,100,22.11747742,100,22.32986069,100,22.16007042,0,21.81712914
2023/5/26 13:47,100,22.20428276,100,22.32986069,100,22.16007042,0,21.8026619
2023/5/26 13:48,100,22.21875,100,22.32986069,100,22.14560318,0,21.81712914
2023/5/26 13:49,100,22.21875,100,22.21412086,100,22.05879784,0,21.81712914
2023/5/26 13:50,100,22.21875,100,22.24305534,100,22.05879784,0,21.81712914
2023/5/26 13:51,100,22.21875,100,22.32986069,100,22.14560318,0,21.81712914
2023/5/26 13:52,100,22.32002258,100,22.43113518,100,22.16007042,0,21.91840172
2023/5/26 13:53,100,22.21875,100,22.43113518,100,22.16007042,0,21.91840172
2023/5/26 13:54,100,22.21875,100,22.43113518,100,22.16007042,0,21.91840172
2023/5/26 13:55,100,22.32002258,100,22.53240776,100,22.16007042,0,21.91840172
2023/5/26 13:56,100,22.32002258,100,22.53240776,100,22.261343,0,21.91840172
2023/5/26 13:57,100,22.21875,100,22.59027672,100,22.261343,0,21.91840172
2023/5/26 13:58,100,22.24768448,100,22.53240776,100,22.261343,0,21.91840172
2023/5/26 13:59,100,22.21875,100,22.43113518,100,22.14560318,0,21.91840172
2023/5/26 14:00,100,22.21875,100,22.43113518,100,22.16007042,0.300725788,22.00520706
2023/5/26 14:01,100,22.21875,100,22.43113518,100,22.16007042,13.04605961,22.01967621
2023/5/26 14:02,100,22.21875,100,22.43113518,100,22.16007042,27.58849144,22.00520706
2023/5/26 14:03,100,22.21875,100,22.43113518,100,22.05879784,42.17356491,22.01967621
2023/5/26 14:04,100,22.21875,100,22.43113518,100,22.05879784,56.81689453,22.01967621
2023/5/26 14:05,100,22.21875,100,22.43113518,100,22.04432869,75.49217987,22.01967621
2023/5/26 14:06,100,22.21875,100,22.43113518,100,22.16007042,100,22.06307793
2023/5/26 14:07,100,22.21875,100,22.43113518,100,22.05879784,100,22.06307793
2023/5/26 14:08,100,22.21875,100,22.32986069,100,22.04432869,100,22.12094879
2023/5/26 14:09,100,22.21875,100,22.32986069,100,22.05879784,100,22.01967621
2023/5/26 14:10,100,22.21875,100,22.32986069,100,22.05879784,100,22.01967621
2023/5/26 14:11,100,22.21875,100,22.32986069,100,22.05879784,83.5222702,21.91840172
2023/5/26 14:12,100,22.21875,100,22.32986069,100,22.13113594,17.24958801,21.91840172
2023/5/26 14:13,100,22.21875,100,22.32986069,100,22.05879784,0,21.91840172
2023/5/26 14:14,100,22.21875,100,22.21412086,100,22.04432869,0,21.81712914
2023/5/26 14:15,100,22.21875,100,22.32986069,100,22.05879784,0,21.81712914
2023/5/26 14:16,100,22.11747742,100,22.32986069,100,22.16007042,0,21.81712914
2023/5/26 14:17,100,22.21875,100,22.32986069,100,22.16007042,0,21.81712914
2023/5/26 14:18,100,22.21875,100,22.32986069,100,22.16007042,0,21.81712914
2023/5/26 14:19,100,22.21875,100,22.41666794,100,22.16007042,0,21.81712914
2023/5/26 14:20,100,22.21875,100,22.43113518,100,22.16007042,0,21.81712914
2023/5/26 14:21,100,22.21875,100,22.43113518,100,22.14560318,0,21.81712914
2023/5/26 14:22,100,22.21875,100,22.43113518,100,22.14560318,0,21.81712914
2023/5/26 14:23,100,22.21875,100,22.43113518,100,22.14560318,0,21.81712914
2023/5/26 14:24,100,22.21875,100,22.43113518,100,22.14560318,0,21.81712914
2023/5/26 14:25,100,22.21875,100,22.43113518,100,22.14560318,0,21.81712914
2023/5/26 14:26,100,22.21875,100,22.43113518,100,22.14560318,0,21.81712914
2023/5/26 14:27,,,,,,,,
2023/5/26 14:28,,,,,,,,
2023/5/26 14:29,,,,,,,,
2023/5/26 14:30,,,,,,,,
2023/5/26 14:31,100,22.20428276,100,22.32986069,100,22.16007042,60.38762665,22.01967621
2023/5/26 14:32,100,22.11747742,100,22.41666794,100,22.16007042,100,22.12094879
2023/5/26 14:33,100,22.20428276,100,22.32986069,100,22.16007042,100,22.12094879
2023/5/26 14:34,100,22.32002258,100,22.32986069,100,22.05879784,100,22.12094879
2023/5/26 14:35,100,22.32002258,100,22.2285881,100,21.95752335,100,22.12094879
2023/5/26 14:36,100,22.32002258,100,22.2285881,100,21.95752335,100,22.01967621
2023/5/26 14:37,100,22.32002258,100,22.32986069,100,22.05879784,100,22.01967621
2023/5/26 14:38,100,22.32002258,100,22.32986069,100,22.16007042,93.9274292,22.01967621
2023/5/26 14:39,100,22.32002258,100,22.32986069,100,22.16007042,31.47538757,21.91840172
2023/5/26 14:40,100,22.32002258,100,22.32986069,100,22.261343,0,21.91840172
2023/5/26 14:41,100,22.21875,100,22.32986069,100,22.261343,0,21.81712914
2023/5/26 14:42,100,22.20428276,100,22.43113518,100,22.261343,0,21.81712914
2023/5/26 14:43,100,22.21875,100,22.32986069,100,22.16007042,0,21.81712914
2023/5/26 14:44,100,22.21875,100,22.32986069,100,22.16007042,0,21.81712914
2023/5/26 14:45,100,22.21875,100,22.32986069,100,22.16007042,0,21.81712914
2023/5/26 14:46,100,22.21875,100,22.32986069,100,22.16007042,0,21.81712914
2023/5/26 14:47,100,22.32002258,100,22.41666794,100,22.16007042,0,21.81712914
2023/5/26 14:48,100,22.32002258,100,22.43113518,100,22.16007042,0,21.81712914
2023/5/26 14:49,100,22.32002258,100,22.53240776,100,22.261343,0,21.81712914
2023/5/26 14:50,100,22.21875,100,22.53240776,100,22.261343,0,21.81712914
2023/5/26 14:51,100,22.11747742,100,22.53240776,100,22.261343,0,21.81712914
2023/5/26 14:52,100,22.21875,100,22.53240776,100,22.261343,0,21.81712914
2023/5/26 14:53,100,22.21875,100,22.43113518,100,22.261343,0,21.81712914
2023/5/26 14:54,100,22.21875,100,22.43113518,100,22.16007042,0,21.84606552
2023/5/26 14:55,100,22.20428276,100,22.43113518,100,22.16007042,0,21.81712914
2023/5/26 14:56,100,22.21875,100,22.43113518,100,22.16007042,0,21.81712914
2023/5/26 14:57,100,22.32002258,100,22.43113518,100,22.16007042,0,21.91840172
2023/5/26 14:58,100,22.32002258,100,22.43113518,100,22.16007042,0,21.91840172
2023/5/26 14:59,100,22.32002258,100,22.41666794,100,22.16007042,0,21.91840172
2023/5/26 15:00,100,22.32002258,100,22.43113518,100,22.23240852,0,21.91840172
2023/5/26 15:01,100,22.32002258,100,22.51794052,100,22.24687576,0,21.91840172
2023/5/26 15:02,100,22.32002258,100,22.43113518,100,22.261343,0,21.91840172
2023/5/26 15:03,100,22.32002258,100,22.43113518,100,22.261343,0,21.91840172
2023/5/26 15:04,100,22.32002258,100,22.43113518,100,22.261343,0,21.91840172
2023/5/26 15:05,100,22.32002258,100,22.53240776,100,22.261343,0,21.91840172
2023/5/26 15:06,100,22.32002258,100,22.43113518,100,22.261343,0,21.91840172
2023/5/26 15:07,100,22.32002258,100,22.43113518,100,22.16007042,0,21.91840172
2023/5/26 15:08,100,22.32002258,100,22.41666794,100,22.16007042,0,21.91840172
2023/5/26 15:09,100,22.32002258,100,22.43113518,100,22.16007042,0,21.91840172
2023/5/26 15:10,100,22.32002258,100,22.43113518,100,22.261343,0,21.91840172
2023/5/26 15:11,100,22.32002258,100,22.53240776,100,22.261343,0,21.91840172
2023/5/26 15:12,100,22.32002258,100,22.43113518,100,22.261343,0,21.91840172
2023/5/26 15:13,100,22.32002258,100,22.41666794,100,22.16007042,0,21.91840172
2023/5/26 15:14,100,22.32002258,100,22.43113518,100,22.16007042,0.220493644,22.01967621
2023/5/26 15:15,100,22.32002258,100,22.43113518,100,22.16007042,8.337685585,22.01967621
2023/5/26 15:16,100,22.30555534,100,22.53240776,100,22.261343,23.46666527,22.01967621
2023/5/26 15:17,100,22.32002258,100,22.53240776,100,22.261343,38.04692459,22.01967621
2023/5/26 15:18,100,22.32002258,100,22.43113518,100,22.16007042,52.81624603,22.01967621
2023/5/26 15:19,100,22.32002258,100,22.43113518,100,22.16007042,84.84790039,22.09201431
2023/5/26 15:20,100,22.32002258,100,22.50347328,100,22.261343,100,22.12094879
2023/5/26 15:21,100,22.32002258,100,22.43113518,100,22.16007042,100,22.12094879
2023/5/26 15:22,100,22.32002258,100,22.43113518,100,22.16007042,100,22.12094879
2023/5/26 15:23,100,22.32002258,100,22.43113518,100,22.16007042,100,22.12094879
2023/5/26 15:24,100,22.32002258,100,22.32986069,100,22.16007042,100,22.01967621
2023/5/26 15:25,100,22.32002258,100,22.32986069,100,22.16007042,100,22.01967621
2023/5/26 15:26,100,22.32002258,100,22.32986069,100,22.16007042,98.05773163,21.99073982
2023/5/26 15:27,100,22.32002258,100,22.2285881,100,22.05879784,34.27961731,21.91840172
2023/5/26 15:28,100,22.32002258,100,22.12731552,100,21.95752335,0,21.81712914
2023/5/26 15:29,100,22.21875,100,22.12731552,100,21.95752335,0,21.81712914
2023/5/26 15:30,100,22.30555534,100,22.12731552,100,21.85625076,0,21.81712914
2023/5/26 15:31,100,22.21875,100,22.04051018,100,21.85625076,0,21.81712914
2023/5/26 15:32,100,22.21875,100,22.02604294,100,21.85625076,0,21.81712914
2023/5/26 15:33,100,22.20428276,100,22.02604294,100,21.85625076,0,21.81712914
2023/5/26 15:34,100,22.21875,100,22.02604294,100,21.85625076,0,21.8026619
2023/5/26 15:35,100,22.24768448,100,22.12731552,100,21.85625076,0,21.81712914
2023/5/26 15:36,100,22.32002258,100,22.2285881,100,21.88518524,0,21.81712914
2023/5/26 15:37,100,22.32002258,100,22.12731552,100,21.85625076,0,21.81712914
2023/5/26 15:38,100,22.32002258,100,22.12731552,100,21.85625076,0,21.81712914
2023/5/26 15:39,100,22.30555534,100,22.11284828,100,21.85625076,0,21.91840172
2023/5/26 15:40,100,22.32002258,100,22.21412086,100,21.85625076,0,21.91840172
2023/5/26 15:41,100,22.32002258,100,22.2285881,100,21.95752335,0,21.91840172
2023/5/26 15:42,100,22.32002258,100,22.2285881,100,21.95752335,0,21.91840172
2023/5/26 15:43,100,22.32002258,100,22.2285881,100,21.95752335,0,21.91840172
2023/5/26 15:44,100,22.42129707,100,22.2285881,100,21.95752335,0,21.91840172
2023/5/26 15:45,100,22.42129707,100,22.30092621,100,21.95752335,0,21.91840172
2023/5/26 15:46,100,22.42129707,100,22.2285881,100,21.95752335,0,21.91840172
2023/5/26 15:47,100,22.30555534,100,22.2285881,100,21.95752335,0,21.91840172
2023/5/26 15:48,100,22.32002258,100,22.2285881,100,21.95752335,13.01483822,22.01967621
2023/5/26 15:49,100,22.30555534,100,22.2285881,100,21.85625076,27.84625816,22.01967621
2023/5/26 15:50,100,22.42129707,100,22.2285881,100,21.95752335,42.58473206,22.01967621
2023/5/26 15:51,100,22.42129707,100,22.12731552,100,21.85625076,70.47379303,22.12094879
2023/5/26 15:52,100,22.30555534,100,22.11284828,100,21.85625076,100,22.12094879
2023/5/26 15:53,100,22.32002258,100,22.12731552,100,21.85625076,100,22.12094879
2023/5/26 15:54,100,22.32002258,100,22.12731552,100,21.85625076,100,22.12094879
2023/5/26 15:55,100,22.32002258,100,22.12731552,100,21.75497818,100,22.01967621
2023/5/26 15:56,100,22.32002258,100,22.02604294,100,21.75497818,100,22.01967621
2023/5/26 15:57,100,22.32002258,100,22.02604294,100,21.68264008,100,22.01967621
2023/5/26 15:58,100,22.30555534,100,21.92476845,100,21.65370369,93.86690521,21.91840172
2023/5/26 15:59,100,22.42129707,100,21.93923569,100,21.65370369,31.80248833,21.91840172
2023/5/26 16:00,100,22.32002258,100,21.92476845,100,21.65370369,0,21.91840172
2023/5/26 16:01,100,22.32002258,100,21.92476845,100,21.65370369,0,21.91840172
2023/5/26 16:02,100,22.32002258,100,21.92476845,100,21.65370369,0,21.91840172
2023/5/26 16:03,100,22.32002258,100,21.92476845,100,21.65370369,0,21.90393448
2023/5/26 16:04,100,22.30555534,100,21.92476845,100,21.65370369,0,21.91840172
2023/5/26 16:05,100,22.32002258,100,21.92476845,100,21.65370369,0,21.91840172
2023/5/26 16:06,100,22.21875,100,21.92476845,100,21.65370369,0,21.91840172
2023/5/26 16:07,100,22.32002258,100,22.02604294,100,21.65370369,0,21.91840172
2023/5/26 16:08,100,22.32002258,100,22.02604294,100,21.75497818,0,21.91840172
2023/5/26 16:09,100,22.32002258,100,22.11284828,100,21.75497818,0,21.91840172
2023/5/26 16:10,100,22.32002258,100,22.12731552,100,21.75497818,0,21.91840172
2023/5/26 16:11,100,22.32002258,100,22.12731552,100,21.75497818,0,21.91840172
2023/5/26 16:12,100,22.32002258,100,22.12731552,100,21.84178352,0.703802347,22.01967621
2023/5/26 16:13,100,22.32002258,100,22.19965172,100,21.85625076,14.3654747,22.01967621
2023/5/26 16:14,100,22.21875,100,22.2285881,100,21.85625076,29.19234276,22.01967621
2023/5/26 16:15,100,22.30555534,100,22.32986069,100,22.00092697,43.92336655,22.01967621
2023/5/26 16:16,100,22.30555534,100,22.32986069,100,22.05879784,58.64652252,22.01967621
2023/5/26 16:17,100,22.32002258,100,22.32986069,100,22.04432869,73.56880951,22.01967621
2023/5/26 16:18,100,22.32002258,100,22.31539345,100,22.05879784,88.17211914,22.00520706
2023/5/26 16:19,100,22.32002258,100,22.32986069,100,22.05879784,100,22.01967621
2023/5/26 16:20,100,22.32002258,100,22.2285881,100,21.95752335,100,22.01967621
2023/5/26 16:21,100,22.32002258,100,22.17071724,100,21.85625076,100,22.00520706
2023/5/26 16:22,100,22.32002258,100,22.12731552,100,21.85625076,100,22.01967621
2023/5/26 16:23,100,22.30555534,100,22.02604294,100,21.75497818,66.17575836,21.91840172
2023/5/26 16:24,100,22.32002258,100,22.02604294,100,21.65370369,0.452160954,21.91840172
2023/5/26 16:25,100,22.32002258,100,22.02604294,100,21.65370369,0,21.84606552
2023/5/26 16:26,100,22.32002258,100,22.02604294,100,21.75497818,0,21.81712914
2023/5/26 16:27,100,22.21875,100,21.92476845,100,21.65370369,0,21.81712914
2023/5/26 16:28,100,22.20428276,100,22.02604294,100,21.75497818,0,21.81712914
2023/5/26 16:29,100,22.32002258,100,22.02604294,100,21.75497818,0,21.81712914
2023/5/26 16:30,100,22.32002258,100,22.11284828,100,21.85625076,0,21.81712914
2023/5/26 16:31,100,22.21875,100,22.12731552,100,21.85625076,0,21.81712914
2023/5/26 16:32,100,22.21875,100,22.12731552,100,21.85625076,0,21.81712914
2023/5/26 16:33,100,22.21875,100,22.2285881,100,21.95752335,0,21.81712914
2023/5/26 16:34,100,22.32002258,100,22.2285881,100,21.95752335,0,21.81712914
2023/5/26 16:35,100,22.32002258,100,22.2285881,100,21.95752335,0,21.81712914
2023/5/26 16:36,100,22.32002258,100,22.2285881,100,21.95752335,0,21.91840172
2023/5/26 16:37,100,22.32002258,100,22.2285881,100,21.95752335,0,21.91840172
2023/5/26 16:38,100,22.32002258,100,22.2285881,100,21.95752335,0,21.91840172
2023/5/26 16:39,100,22.32002258,100,22.21412086,100,21.95752335,0,21.91840172
2023/5/26 16:40,100,22.30555534,100,22.2285881,100,21.95752335,0,21.91840172
2023/5/26 16:41,100,22.32002258,100,22.21412086,100,21.95752335,9.562253952,22.01967621
2023/5/26 16:42,100,22.32002258,100,22.2285881,100,22.05879784,24.10536194,22.01967621
2023/5/26 16:43,100,22.32002258,100,22.32986069,100,22.05879784,38.80193329,22.01967621
2023/5/26 16:44,100,22.42129707,100,22.32986069,100,22.05879784,53.24694061,22.01967621
2023/5/26 16:45,100,22.33448982,100,22.32986069,100,22.05879784,100,22.12094879
2023/5/26 16:46,100,22.32002258,100,22.31539345,100,22.05879784,100,22.12094879
2023/5/26 16:47,100,22.32002258,100,22.32986069,100,22.05879784,100,22.12094879
2023/5/26 16:48,100,22.32002258,100,22.32986069,100,22.05879784,100,22.12094879
2023/5/26 16:49,100,22.42129707,100,22.2285881,100,21.95752335,100,22.00520706
2023/5/26 16:50,100,22.32002258,100,22.2285881,100,21.95752335,100,22.01967621
2023/5/26 16:51,100,22.32002258,100,22.2285881,100,21.95752335,100,22.01967621
2023/5/26 16:52,100,22.32002258,100,22.2285881,100,22.05879784,55.7416687,21.91840172
2023/5/26 16:53,100,22.32002258,100,22.32986069,100,22.05879784,0,21.91840172
2023/5/26 16:54,100,22.32002258,100,22.32986069,100,22.05879784,0,21.91840172
2023/5/26 16:55,100,22.32002258,100,22.32986069,100,22.05879784,0,21.83159828
2023/5/26 16:56,100,22.32002258,100,22.32986069,100,22.16007042,0,21.81712914
2023/5/26 16:57,100,22.32002258,100,22.43113518,100,22.261343,0,21.81712914
2023/5/26 16:58,100,22.32002258,100,22.43113518,100,22.16007042,0,21.81712914
2023/5/26 16:59,100,22.32002258,100,22.43113518,100,22.16007042,0,21.81712914
2023/5/26 17:00,100,22.32002258,100,22.32986069,100,22.05879784,0,21.81712914
2023/5/26 17:01,100,22.32002258,100,22.32986069,100,22.05879784,0,21.81712914
2023/5/26 17:02,100,22.32002258,100,22.32986069,100,22.05879784,0,21.81712914
2023/5/26 17:03,100,22.32002258,100,22.32986069,100,22.05879784,0,21.81712914
2023/5/26 17:04,100,22.32002258,100,22.32986069,100,22.05879784,0,21.81712914
2023/5/26 17:05,100,22.32002258,100,22.32986069,100,22.05879784,0,21.81712914
2023/5/26 17:06,100,22.32002258,100,22.32986069,100,22.05879784,0,21.81712914
2023/5/26 17:07,100,22.32002258,100,22.24305534,100,22.04432869,0,21.81712914
2023/5/26 17:08,100,22.32002258,100,22.2285881,100,22.05879784,0,21.81712914
2023/5/26 17:09,100,22.32002258,100,22.32986069,100,22.05879784,0,21.91840172
2023/5/26 17:10,100,22.32002258,100,22.32986069,100,22.05879784,0,21.91840172
2023/5/26 17:11,100,22.32002258,100,22.40219879,100,22.05879784,0,21.91840172
2023/5/26 17:12,100,22.24768448,100,22.43113518,100,22.05879784,0,21.91840172
2023/5/26 17:13,100,22.32002258,100,22.43113518,100,22.16007042,1.433140755,22.01967621
2023/5/26 17:14,100,22.32002258,100,22.41666794,100,22.16007042,11.33676052,22.01967621
2023/5/26 17:15,100,22.32002258,100,22.43113518,100,22.16007042,25.50435066,22.01967621
2023/5/26 17:16,100,22.32002258,100,22.53240776,100,22.261343,40.19654465,22.01967621
2023/5/26 17:17,100,22.32002258,100,22.51794052,100,22.261343,68.44716644,22.12094879
2023/5/26 17:18,100,22.42129707,100,22.43113518,100,22.261343,100,22.12094879
2023/5/26 17:19,100,22.42129707,100,22.53240776,100,22.261343,100,22.12094879
2023/5/26 17:20,100,22.32002258,100,22.43113518,100,22.16007042,100,22.12094879
2023/5/26 17:21,100,22.42129707,100,22.32986069,100,22.16007042,100,22.12094879
2023/5/26 17:22,100,22.36342621,100,22.32986069,100,22.16007042,100,22.00520706
2023/5/26 17:23,100,22.42129707,100,22.32986069,100,22.16007042,100,22.01967621
2023/5/26 17:24,100,22.42129707,100,22.32986069,100,22.16007042,100,22.01967621
2023/5/26 17:25,100,22.42129707,100,22.32986069,100,22.05879784,76.53800201,21.91840172
2023/5/26 17:26,100,22.30555534,100,22.32986069,100,22.05879784,9.979667664,21.91840172
2023/5/26 17:27,100,22.32002258,100,22.32986069,100,22.05879784,0,21.91840172
2023/5/26 17:28,100,22.32002258,100,22.32986069,100,22.05879784,0,21.81712914
2023/5/26 17:29,100,22.32002258,100,22.32986069,100,22.05879784,0,21.81712914
2023/5/26 17:30,100,22.32002258,100,22.2285881,100,21.95752335,0,21.81712914
2023/5/26 17:31,100,22.32002258,100,22.32986069,100,22.05879784,0,21.81712914
2023/5/26 17:32,100,22.32002258,100,22.32986069,100,22.16007042,0,21.81712914
2023/5/26 17:33,100,22.32002258,100,22.32986069,100,22.16007042,0,21.81712914
2023/5/26 17:34,100,22.32002258,100,22.32986069,100,22.16007042,0,21.81712914
2023/5/26 17:35,100,22.30555534,100,22.32986069,100,22.16007042,0,21.81712914
2023/5/26 17:36,100,22.32002258,100,22.32986069,100,22.16007042,0,21.91840172
2023/5/26 17:37,100,22.32002258,100,22.2285881,100,22.05879784,0,21.91840172
2023/5/26 17:38,100,22.32002258,100,22.32986069,100,22.05879784,0,21.91840172
2023/5/26 17:39,100,22.32002258,100,22.32986069,100,22.16007042,0.033232972,21.99073982
2023/5/26 17:40,100,22.32002258,100,22.32986069,100,22.16007042,10.32096863,22.01967621
2023/5/26 17:41,100,22.32002258,100,22.27198982,100,22.05879784,24.76776695,22.01967621
2023/5/26 17:42,100,22.32002258,100,22.32986069,100,22.05879784,39.59401703,22.01967621
2023/5/26 17:43,100,22.32002258,100,22.32986069,100,22.05879784,54.03811646,22.01967621
2023/5/26 17:44,100,22.32002258,100,22.32986069,100,22.05879784,68.74545288,22.01967621
2023/5/26 17:45,100,22.32002258,100,22.32986069,100,22.16007042,83.74110413,22.01967621
2023/5/26 17:46,100,22.32002258,100,22.32986069,100,22.16007042,98.34716034,22.01967621
2023/5/26 17:47,100,22.32002258,100,22.32986069,100,22.05879784,100,22.01967621
2023/5/26 17:48,100,22.32002258,100,22.2285881,100,21.95752335,100,22.01967621
2023/5/26 17:49,100,22.32002258,100,22.2285881,100,21.95752335,100,22.01967621
2023/5/26 17:50,100,22.32002258,100,22.2285881,100,22.05879784,70.2868042,21.91840172
2023/5/26 17:51,100,22.32002258,100,22.2285881,100,22.05879784,4.868866444,21.91840172
2023/5/26 17:52,100,22.32002258,100,22.30092621,100,22.05879784,0,21.91840172
2023/5/26 17:53,100,22.32002258,100,22.32986069,100,22.05879784,0,21.81712914
2023/5/26 17:54,100,22.21875,100,22.32986069,100,22.16007042,0,21.81712914
2023/5/26 17:55,100,22.32002258,100,22.31539345,100,22.16007042,0,21.81712914
2023/5/26 17:56,100,22.32002258,100,22.43113518,100,22.16007042,0,21.81712914
2023/5/26 17:57,100,22.32002258,100,22.32986069,100,22.1890049,0,21.81712914
2023/5/26 17:58,100,22.32002258,100,22.43113518,100,22.16007042,0,21.81712914
2023/5/26 17:59,100,22.32002258,100,22.43113518,100,22.16007042,0,21.81712914
2023/5/26 18:00,100,22.32002258,100,22.43113518,100,22.261343,0,21.81712914
2023/5/26 18:01,100,22.32002258,100,22.43113518,100,22.261343,0,21.81712914
2023/5/26 18:02,100,22.21875,100,22.41666794,100,22.261343,0,21.81712914
2023/5/26 18:03,100,22.32002258,100,22.43113518,100,22.261343,0,21.81712914
2023/5/26 18:04,100,22.32002258,100,22.43113518,100,22.261343,0,21.91840172
2023/5/26 18:05,100,22.32002258,100,22.43113518,100,22.261343,0,21.91840172
2023/5/26 18:06,100,22.32002258,100,22.43113518,100,22.16007042,0,21.91840172
2023/5/26 18:07,100,22.32002258,100,22.43113518,100,22.16007042,0,21.91840172
2023/5/26 18:08,100,22.32002258,100,22.32986069,100,22.16007042,0,21.91840172
2023/5/26 18:09,100,22.32002258,100,22.32986069,100,22.08773232,0,21.91840172
2023/5/26 18:10,100,22.32002258,100,22.32986069,100,22.05879784,2.719369888,22.00520706
2023/5/26 18:11,100,22.32002258,100,22.32986069,100,22.05879784,17.09073257,22.01967621
2023/5/26 18:12,100,22.32002258,100,22.32986069,100,22.05879784,31.87747765,22.01967621
2023/5/26 18:13,100,22.32002258,100,22.2285881,100,22.05879784,46.22048569,22.01967621
2023/5/26 18:14,100,22.32002258,100,22.31539345,100,22.05879784,98.10903931,22.12094879
2023/5/26 18:15,100,22.32002258,100,22.32986069,100,22.05879784,100,22.12094879
2023/5/26 18:16,100,22.32002258,100,22.32986069,100,22.05879784,100,22.12094879
2023/5/26 18:17,100,22.32002258,100,22.32986069,100,22.05879784,100,22.12094879
2023/5/26 18:18,100,22.32002258,100,22.2285881,100,21.95752335,100,22.01967621
2023/5/26 18:19,100,22.21875,100,22.12731552,100,21.95752335,100,22.01967621
2023/5/26 18:20,100,22.21875,100,22.12731552,100,21.95752335,94.64511871,21.91840172
2023/5/26 18:21,100,22.32002258,100,22.2285881,100,21.95752335,30.2630825,21.91840172
2023/5/26 18:22,100,22.30555534,100,22.2285881,100,22.05879784,0,21.91840172
2023/5/26 18:23,100,22.32002258,100,22.2285881,100,22.05879784,0,21.81712914
2023/5/26 18:24,100,22.24768448,100,22.2285881,100,22.05879784,0,21.81712914
2023/5/26 18:25,100,22.21875,100,22.2285881,100,22.05879784,0,21.8026619
2023/5/26 18:26,100,22.21875,100,22.2285881,100,22.05879784,0,21.81712914
2023/5/26 18:27,100,22.21875,100,22.2285881,100,22.05879784,0,21.81712914
2023/5/26 18:28,100,22.20428276,100,22.2285881,100,21.95752335,0,21.81712914
2023/5/26 18:29,100,22.21875,100,22.12731552,100,21.95752335,0,21.81712914
2023/5/26 18:30,100,22.32002258,100,22.12731552,100,21.95752335,0,21.81712914
2023/5/26 18:31,100,22.32002258,100,22.2285881,100,22.05879784,0,21.81712914
2023/5/26 18:32,100,22.32002258,100,22.2285881,100,22.05879784,0,21.81712914
2023/5/26 18:33,100,22.32002258,100,22.2285881,100,22.05879784,0,21.81712914
2023/5/26 18:34,100,22.32002258,100,22.32986069,100,22.05879784,0,21.8026619
2023/5/26 18:35,100,22.21875,100,22.21412086,100,22.16007042,0,21.81712914
2023/5/26 18:36,100,22.30555534,100,22.32986069,100,22.16007042,0,21.81712914
2023/5/26 18:37,100,22.32002258,100,22.32986069,100,22.16007042,0,21.81712914
2023/5/26 18:38,100,22.32002258,100,22.32986069,100,22.05879784,0,21.81712914
2023/5/26 18:39,100,22.32002258,100,22.32986069,100,22.16007042,0,21.91840172
2023/5/26 18:40,100,22.32002258,100,22.31539345,100,22.16007042,0,21.88946724
2023/5/26 18:41,100,22.21875,100,22.32986069,100,22.16007042,0,21.90393448
2023/5/26 18:42,100,22.32002258,100,22.43113518,100,22.261343,0,21.91840172
2023/5/26 18:43,100,22.32002258,100,22.43113518,100,22.261343,0,21.91840172
2023/5/26 18:44,100,22.32002258,100,22.43113518,100,22.261343,0,21.91840172
2023/5/26 18:45,100,22.32002258,100,22.43113518,100,22.36261559,0,21.91840172
2023/5/26 18:46,100,22.32002258,100,22.43113518,100,22.36261559,0,21.91840172
2023/5/26 18:47,100,22.32002258,100,22.41666794,100,22.261343,0,21.91840172
2023/5/26 18:48,100,22.32002258,100,22.43113518,100,22.261343,0,21.91840172
2023/5/26 18:49,100,22.32002258,100,22.32986069,100,22.16007042,0,21.91840172
2023/5/26 18:50,100,22.32002258,100,22.32986069,100,22.05879784,0,21.91840172
2023/5/26 18:51,100,22.32002258,100,22.2285881,100,22.05879784,0,21.91840172
2023/5/26 18:52,100,22.32002258,100,22.2285881,100,21.95752335,0.280302376,22.01967621
2023/5/26 18:53,100,22.32002258,100,22.2285881,100,21.95752335,7.556783199,22.01967621
2023/5/26 18:54,100,22.32002258,100,22.12731552,100,21.95752335,21.54748917,22.01967621
2023/5/26 18:55,100,22.32002258,100,22.2285881,100,21.95752335,34.96044922,22.01967621
2023/5/26 18:56,100,22.32002258,100,22.2285881,100,21.95752335,49.85353088,22.01967621
2023/5/26 18:57,100,22.32002258,100,22.2285881,100,22.05879784,64.54852295,22.01967621
2023/5/26 18:58,100,22.30555534,100,22.32986069,100,22.05879784,79.00076294,22.01967621
2023/5/26 18:59,100,22.32002258,100,22.2285881,100,22.05879784,93.79283142,22.01967621
2023/5/26 19:00,100,22.32002258,100,22.2285881,100,22.05879784,98.50937653,21.91840172
2023/5/26 19:01,100,22.42129707,100,22.2285881,100,22.05879784,36.68431854,21.91840172
2023/5/26 19:02,100,22.32002258,100,22.2285881,100,22.14560318,0,21.91840172
2023/5/26 19:03,100,22.32002258,100,22.2285881,100,22.05879784,0,21.90393448
2023/5/26 19:04,100,22.30555534,100,22.32986069,100,22.16007042,0,21.81712914
2023/5/26 19:05,100,22.32002258,100,22.2285881,100,22.05879784,0,21.81712914
2023/5/26 19:06,100,22.32002258,100,22.32986069,100,22.16007042,0,21.81712914
2023/5/26 19:07,100,22.30555534,100,22.32986069,100,22.261343,0,21.81712914
2023/5/26 19:08,100,22.32002258,100,22.43113518,100,22.261343,0,21.81712914
2023/5/26 19:09,100,22.32002258,100,22.43113518,100,22.261343,0,21.81712914
2023/5/26 19:10,100,22.32002258,100,22.31539345,100,22.16007042,0,21.8026619
2023/5/26 19:11,100,22.32002258,100,22.32986069,100,22.16007042,0,21.81712914
2023/5/26 19:12,100,22.32002258,100,22.43113518,100,22.261343,0,21.81712914
2023/5/26 19:13,100,22.32002258,100,22.43113518,100,22.261343,0,21.83159828
2023/5/26 19:14,100,22.32002258,100,22.43113518,100,22.261343,0,21.91840172
2023/5/26 19:15,100,22.30555534,100,22.43113518,100,22.261343,0,21.91840172
2023/5/26 19:16,100,22.32002258,100,22.43113518,100,22.261343,0,21.91840172
2023/5/26 19:17,100,22.27662086,100,22.43113518,100,22.36261559,0,21.91840172
2023/5/26 19:18,100,22.32002258,100,22.53240776,100,22.36261559,0,21.91840172
2023/5/26 19:19,100,22.32002258,100,22.53240776,100,22.36261559,0,21.91840172
2023/5/26 19:20,100,22.32002258,100,22.53240776,100,22.36261559,0,21.91840172
2023/5/26 19:21,100,22.21875,100,22.63368034,100,22.36261559,0,21.91840172
2023/5/26 19:22,100,22.21875,100,22.53240776,100,22.36261559,0.301718146,21.93287086
2023/5/26 19:23,100,22.32002258,100,22.53240776,100,22.36261559,13.62104034,22.01967621
2023/5/26 19:24,100,22.32002258,100,22.40219879,100,22.261343,28.42692184,22.01967621
2023/5/26 19:25,100,22.32002258,100,22.32986069,100,22.261343,43.07470703,22.01967621
2023/5/26 19:26,100,22.32002258,100,22.43113518,100,22.261343,57.80171967,22.01967621
2023/5/26 19:27,100,22.32002258,100,22.53240776,100,22.261343,72.60551453,22.01967621
2023/5/26 19:28,100,22.32002258,100,22.53240776,100,22.261343,88.11022186,22.01967621
2023/5/26 19:29,100,22.32002258,100,22.53240776,100,22.36261559,100,22.01967621
2023/5/26 19:30,100,22.32002258,100,22.43113518,100,22.261343,100,22.01967621
2023/5/26 19:31,100,22.32002258,100,22.43113518,100,22.261343,100,22.00520706
2023/5/26 19:32,100,22.21875,100,22.32986069,100,22.16007042,61.74047852,21.91840172
2023/5/26 19:33,100,22.32002258,100,22.32986069,100,22.16007042,0,21.91840172
2023/5/26 19:34,100,22.32002258,100,22.32986069,100,22.16007042,0,21.81712914
2023/5/26 19:35,100,22.32002258,100,22.2285881,100,22.05879784,0,21.81712914
2023/5/26 19:36,100,22.21875,100,22.2285881,100,22.05879784,0,21.81712914
2023/5/26 19:37,100,22.21875,100,22.2285881,100,22.05879784,0,21.81712914
2023/5/26 19:38,100,22.21875,100,22.2285881,100,22.05879784,0,21.81712914
2023/5/26 19:39,100,22.21875,100,22.2285881,100,22.05879784,0,21.81712914
2023/5/26 19:40,100,22.11747742,100,22.2285881,100,22.05879784,0,21.81712914
2023/5/26 19:41,100,22.11747742,100,22.2285881,100,21.95752335,0,21.81712914
2023/5/26 19:42,100,22.21875,100,22.2285881,100,21.95752335,0,21.81712914
2023/5/26 19:43,100,22.21875,100,22.2285881,100,21.95752335,0,21.81712914
2023/5/26 19:44,100,22.21875,100,22.14178276,100,21.95752335,0,21.81712914
2023/5/26 19:45,100,22.11747742,100,22.12731552,100,21.85625076,0,21.81712914
2023/5/26 19:46,100,22.21875,100,22.12731552,100,21.85625076,0,21.81712914
2023/5/26 19:47,100,22.11747742,100,22.12731552,100,21.85625076,0,21.81712914
2023/5/26 19:48,100,22.21875,100,22.12731552,100,21.95752335,0,21.81712914
2023/5/26 19:49,100,22.32002258,100,22.2285881,100,21.95752335,0,21.81712914
2023/5/26 19:50,100,22.21875,100,22.2285881,100,21.95752335,0,21.81712914
2023/5/26 19:51,100,22.21875,100,22.12731552,100,21.85625076,0,21.81712914
2023/5/26 19:52,100,22.21875,100,22.2285881,100,21.95752335,0,21.81712914
2023/5/26 19:53,100,22.11747742,100,22.2285881,100,21.95752335,0,21.81712914
2023/5/26 19:54,100,22.21875,100,22.2285881,100,21.95752335,0,21.81712914
2023/5/26 19:55,100,22.21875,100,22.32986069,100,21.95752335,0,21.81712914
2023/5/26 19:56,100,22.21875,100,22.32986069,100,22.05879784,0,21.83159828
2023/5/26 19:57,100,22.18981552,100,22.32986069,100,22.16007042,0,21.91840172
2023/5/26 19:58,100,22.21875,100,22.32986069,100,22.16007042,0,21.91840172
2023/5/26 19:59,100,22.21875,100,22.31539345,100,22.16007042,0,21.91840172
2023/5/26 20:00,100,22.21875,100,22.32986069,100,22.16007042,0,21.91840172
2023/5/26 20:01,100,22.21875,100,22.32986069,100,22.16007042,0,21.91840172
2023/5/26 20:02,100,22.21875,100,22.32986069,100,22.05879784,0,21.91840172
2023/5/26 20:03,100,22.27662086,100,22.32986069,100,22.14560318,0,21.91840172
2023/5/26 20:04,100,22.21875,100,22.32986069,100,22.05879784,0,21.90393448
2023/5/26 20:05,100,22.21875,100,22.32986069,100,22.16007042,0,21.91840172
2023/5/26 20:06,100,22.21875,100,22.32986069,100,22.05879784,0,21.91840172
2023/5/26 20:07,100,22.32002258,100,22.32986069,100,22.16007042,0,21.96180534
2023/5/26 20:08,100,22.32002258,100,22.32986069,100,22.16007042,6.223714828,22.01967621
2023/5/26 20:09,100,22.21875,100,22.32986069,100,22.16007042,21.18231773,22.01967621
2023/5/26 20:10,100,22.32002258,100,22.32986069,100,22.16007042,35.90215302,22.01967621
2023/5/26 20:11,100,22.21875,100,22.31539345,100,22.16007042,50.32796478,22.01967621
2023/5/26 20:12,100,22.21875,100,22.32986069,100,22.16007042,65.1210022,22.01967621
2023/5/26 20:13,100,22.21875,100,22.32986069,100,22.16007042,79.8298111,22.01967621
2023/5/26 20:14,100,22.21875,100,22.32986069,100,22.16007042,94.55007935,22.01967621
2023/5/26 20:15,100,22.11747742,100,22.32986069,100,22.16007042,100,22.01967621
2023/5/26 20:16,100,22.21875,100,22.31539345,100,22.05879784,100,22.01967621
2023/5/26 20:17,100,22.21875,100,22.32986069,100,22.16007042,55.92370605,21.91840172
2023/5/26 20:18,100,22.21875,100,22.32986069,100,22.05879784,0,21.90393448
2023/5/26 20:19,100,22.21875,100,22.2285881,100,22.04432869,0,21.81712914
2023/5/26 20:20,100,22.21875,100,22.2285881,100,22.05879784,0,21.81712914
2023/5/26 20:21,100,22.21875,100,22.2285881,100,22.05879784,0,21.81712914
2023/5/26 20:22,100,22.11747742,100,22.2285881,100,22.05879784,0,21.81712914
2023/5/26 20:23,100,22.11747742,100,22.27198982,100,22.05879784,0,21.81712914
2023/5/26 20:24,100,22.11747742,100,22.2285881,100,22.05879784,0,21.81712914
2023/5/26 20:25,100,22.11747742,100,22.2285881,100,21.95752335,0,21.81712914
2023/5/26 20:26,100,22.11747742,100,22.2285881,100,21.95752335,0,21.81712914
2023/5/26 20:27,100,22.11747742,100,22.2285881,100,22.05879784,0,21.81712914
2023/5/26 20:28,100,22.11747742,100,22.12731552,100,21.95752335,0,21.81712914
2023/5/26 20:29,100,22.11747742,100,22.12731552,100,21.95752335,0,21.81712914
2023/5/26 20:30,100,22.10301018,100,22.12731552,100,21.95752335,0,21.81712914
2023/5/26 20:31,100,22.21875,100,22.12731552,100,21.97199059,0,21.91840172
2023/5/26 20:32,100,22.21875,100,22.12731552,100,21.95752335,0,21.91840172
2023/5/26 20:33,100,22.21875,100,22.12731552,100,21.95752335,0,21.91840172
2023/5/26 20:34,100,22.21875,100,22.12731552,100,21.95752335,0,21.90393448
2023/5/26 20:35,100,22.11747742,100,22.2285881,100,21.95752335,0.144836664,22.01967621
2023/5/26 20:36,100,22.11747742,100,22.32986069,100,22.05879784,15.11157608,22.01967621
2023/5/26 20:37,100,22.11747742,100,22.32986069,100,22.16007042,29.91193962,22.01967621
2023/5/26 20:38,100,22.11747742,100,22.32986069,100,22.16007042,44.82828522,22.01967621
2023/5/26 20:39,100,22.21875,100,22.32986069,100,22.16007042,59.31332016,22.01967621
2023/5/26 20:40,100,22.27662086,100,22.43113518,100,22.261343,78.89621735,22.10648155
2023/5/26 20:41,100,22.21875,100,22.53240776,100,22.261343,100,22.01967621
2023/5/26 20:42,100,22.11747742,100,22.53240776,100,22.261343,100,22.01967621
2023/5/26 20:43,100,22.11747742,100,22.43113518,100,22.261343,100,22.01967621
2023/5/26 20:44,100,22.21875,100,22.43113518,100,22.16007042,99.49891663,21.9473381
2023/5/26 20:45,100,22.11747742,100,22.32986069,100,22.16007042,51.44733047,21.90393448
2023/5/26 20:46,100,22.11747742,100,22.32986069,100,22.16007042,0,21.91840172
2023/5/26 20:47,100,22.11747742,100,22.2285881,100,22.05879784,0,21.81712914
2023/5/26 20:48,100,22.11747742,100,22.25752258,100,22.07326508,0,21.81712914
2023/5/26 20:49,100,22.11747742,100,22.32986069,100,22.16007042,0,21.81712914
2023/5/26 20:50,100,22.11747742,100,22.32986069,100,22.16007042,0,21.81712914
2023/5/26 20:51,100,22.11747742,100,22.32986069,100,22.16007042,0,21.81712914
2023/5/26 20:52,100,22.11747742,100,22.32986069,100,22.1166687,0,21.81712914
2023/5/26 20:53,100,22.11747742,100,22.32986069,100,22.05879784,0,21.81712914
2023/5/26 20:54,100,22.21875,100,22.32986069,100,22.14560318,0,21.81712914
2023/5/26 20:55,100,22.21875,100,22.32986069,100,22.05879784,0,21.8026619
2023/5/26 20:56,100,22.11747742,100,22.32986069,100,22.05879784,0,21.81712914
2023/5/26 20:57,100,22.11747742,100,22.32986069,100,22.10219955,0,21.81712914
2023/5/26 20:58,100,22.21875,100,22.32986069,100,22.16007042,0,21.81712914
2023/5/26 20:59,100,22.21875,100,22.32986069,100,22.24687576,0,21.81712914
2023/5/26 21:00,100,22.11747742,100,22.32986069,100,22.16007042,0,21.81712914
2023/5/26 21:01,100,22.13194466,100,22.32986069,100,22.16007042,0,21.81712914
2023/5/26 21:02,100,22.21875,100,22.32986069,100,22.16007042,0,21.81712914
2023/5/26 21:03,100,22.21875,100,22.32986069,100,22.16007042,0,21.91840172
2023/5/26 21:04,100,22.21875,100,22.32986069,100,22.16007042,0,21.91840172
2023/5/26 21:05,100,22.21875,100,22.32986069,100,22.04432869,0,21.91840172
2023/5/26 21:06,100,22.21875,100,22.32986069,100,22.05879784,0,21.91840172
2023/5/26 21:07,100,22.21875,100,22.32986069,100,22.16007042,2.138286591,22.01967621
2023/5/26 21:08,100,22.21875,100,22.32986069,100,22.21794128,15.26208305,22.01967621
2023/5/26 21:09,100,22.21875,100,22.43113518,100,22.23240852,30.17310524,22.01967621
2023/5/26 21:10,100,22.21875,100,22.43113518,100,22.14560318,44.91226959,22.01967621
2023/5/26 21:11,100,22.11747742,100,22.32986069,100,22.16007042,59.91126633,22.01967621
2023/5/26 21:12,100,22.11747742,100,22.43113518,100,22.261343,74.54821014,22.01967621
2023/5/26 21:13,100,22.21875,100,22.43113518,100,22.261343,89.3518219,22.01967621
2023/5/26 21:14,100,22.11747742,100,22.32986069,100,22.16007042,100,22.01967621
2023/5/26 21:15,100,22.11747742,100,22.32986069,100,22.16007042,100,22.01967621
2023/5/26 21:16,100,22.20428276,100,22.31539345,100,22.14560318,100,22.01967621
2023/5/26 21:17,100,22.21875,100,22.2285881,100,22.05879784,100,22.01967621
2023/5/26 21:18,100,22.16087914,100,22.2285881,100,22.05879784,97.26126862,22.01967621
2023/5/26 21:19,100,22.11747742,100,22.2285881,100,22.05879784,57.72428131,21.91840172
2023/5/26 21:20,100,22.11747742,100,22.2285881,100,22.05879784,0,21.91840172
2023/5/26 21:21,100,22.21875,100,22.2285881,100,22.05879784,0,21.91840172
2023/5/26 21:22,100,22.11747742,100,22.2285881,100,22.05879784,0,21.81712914
2023/5/26 21:23,100,22.11747742,100,22.2285881,100,22.05879784,0,21.81712914
2023/5/26 21:24,100,22.11747742,100,22.2285881,100,22.05879784,0,21.81712914
2023/5/26 21:25,100,22.11747742,100,22.32986069,100,22.16007042,0,21.81712914
2023/5/26 21:26,100,22.11747742,100,22.32986069,100,22.16007042,0,21.81712914
2023/5/26 21:27,100,22.11747742,100,22.32986069,100,22.16007042,0,21.90393448
2023/5/26 21:28,100,22.01620293,100,22.32986069,100,22.05879784,0,21.81712914
2023/5/26 21:29,100,22.01620293,100,22.2285881,100,22.05879784,0,21.91840172
2023/5/26 21:30,100,22.01620293,100,22.2285881,100,22.05879784,0,21.91840172
2023/5/26 21:31,100,22.01620293,100,22.12731552,100,21.95752335,0,21.90393448
2023/5/26 21:32,100,22.32002258,100,22.11284828,100,21.95752335,0,21.91840172
2023/5/26 21:33,100,22.32002258,100,22.12731552,100,21.85625076,6.494942665,22.01967621
2023/5/26 21:34,100,22.01620293,100,22.12731552,100,21.91412163,21.36411476,22.01967621
2023/5/26 21:35,100,22.01620293,100,22.12731552,100,21.95752335,36.23122406,22.01967621
2023/5/26 21:36,100,22.01620293,100,22.12731552,100,21.95752335,50.86658478,22.01967621
2023/5/26 21:37,100,22.04513931,100,22.12731552,100,21.95752335,67.85719299,22.10648155
2023/5/26 21:38,100,22.11747742,100,22.12731552,100,21.95752335,100,22.12094879
2023/5/26 21:39,100,22.11747742,100,22.2285881,100,21.95752335,100,22.12094879
2023/5/26 21:40,100,22.01620293,100,22.2285881,100,21.95752335,100,22.01967621
2023/5/26 21:41,100,22.11747742,100,22.12731552,100,21.95752335,100,22.01967621
2023/5/26 21:42,100,22.11747742,100,22.12731552,100,21.95752335,100,22.01967621
2023/5/26 21:43,100,22.11747742,100,22.12731552,100,21.95752335,98.36103821,21.9473381
2023/5/26 21:44,100,22.11747742,100,22.12731552,100,21.95752335,39.53009796,21.91840172
2023/5/26 21:45,100,22.11747742,100,22.02604294,100,21.92858887,0,21.91840172
2023/5/26 21:46,100,22.01620293,100,22.11284828,100,21.95752335,0,21.81712914
2023/5/26 21:47,100,22.01620293,100,22.12731552,100,21.95752335,0,21.81712914
2023/5/26 21:48,100,22.11747742,100,22.12731552,100,21.95752335,0,21.81712914
2023/5/26 21:49,100,22.11747742,100,22.12731552,100,21.95752335,0,21.81712914
2023/5/26 21:50,100,22.11747742,100,22.2285881,100,22.05879784,0,21.81712914
2023/5/26 21:51,100,22.01620293,100,22.2285881,100,22.05879784,0,21.81712914
2023/5/26 21:52,100,22.32002258,100,22.2285881,100,22.05879784,0,21.81712914
2023/5/26 21:53,100,22.32002258,100,22.2285881,100,21.95752335,0,21.81712914
2023/5/26 21:54,100,22.32002258,100,22.2285881,100,21.95752335,0,21.81712914
2023/5/26 21:55,100,22.32002258,100,22.12731552,100,21.95752335,0,21.81712914
2023/5/26 21:56,100,22.01620293,100,22.21412086,100,21.95752335,0,21.81712914
2023/5/26 21:57,100,22.32002258,100,22.12731552,100,21.95752335,0,21.81712914
2023/5/26 21:58,100,22.04513931,100,22.12731552,100,21.95752335,0,21.90393448
2023/5/26 21:59,100,22.01620293,100,22.2285881,100,22.05879784,0,21.91840172
2023/5/26 22:00,100,22.11747742,100,22.2285881,100,22.05879784,0,21.91840172
2023/5/26 22:01,100,22.11747742,100,22.2285881,100,21.95752335,0,21.91840172
2023/5/26 22:02,100,22.20428276,100,22.12731552,100,21.95752335,6.350869656,22.01967621
2023/5/26 22:03,100,22.11747742,100,22.2285881,100,21.95752335,21.37120056,22.01967621
2023/5/26 22:04,100,22.11747742,100,22.2285881,100,22.05879784,36.17830658,22.01967621
2023/5/26 22:05,100,22.11747742,100,22.2285881,100,22.16007042,50.86405563,22.01967621
2023/5/26 22:06,100,22.11747742,100,22.2285881,100,22.16007042,65.34129333,22.01967621
2023/5/26 22:07,100,22.11747742,100,22.2285881,100,22.14560318,78.19042206,22.01967621
2023/5/26 22:08,100,22.11747742,100,22.2285881,100,22.16007042,58.68531036,21.91840172
2023/5/26 22:09,100,22.11747742,100,22.17071724,100,22.04432869,0,21.91840172
2023/5/26 22:10,100,22.11747742,100,22.21412086,100,22.05879784,0,21.91840172
2023/5/26 22:11,100,22.11747742,100,22.12731552,100,22.05879784,0,21.91840172
2023/5/26 22:12,100,22.11747742,100,22.12731552,100,22.05879784,0,21.8026619
2023/5/26 22:13,100,22.11747742,100,22.12731552,100,22.04432869,0,21.81712914
2023/5/26 22:14,100,22.01620293,100,22.2285881,100,22.05879784,0,21.81712914
2023/5/26 22:15,100,22.01620293,100,22.21412086,100,22.05879784,0,21.81712914
2023/5/26 22:16,100,22.11747742,100,22.2285881,100,22.05879784,0,21.81712914
2023/5/26 22:17,100,22.11747742,100,22.2285881,100,22.05879784,0,21.81712914
2023/5/26 22:18,100,22.11747742,100,22.2285881,100,22.04432869,0,21.81712914
2023/5/26 22:19,100,22.11747742,100,22.32986069,100,22.16007042,0,21.81712914
2023/5/26 22:20,100,22.11747742,100,22.32986069,100,22.16007042,0,21.81712914
2023/5/26 22:21,100,22.01620293,100,22.2285881,100,22.05879784,0,21.81712914
2023/5/26 22:22,100,22.11747742,100,22.32986069,100,22.16007042,0,21.81712914
2023/5/26 22:23,100,22.11747742,100,22.2285881,100,22.16007042,0,21.81712914
2023/5/26 22:24,100,22.11747742,100,22.31539345,100,22.05879784,0,21.81712914
2023/5/26 22:25,100,22.11747742,100,22.32986069,100,22.16007042,0,21.81712914
2023/5/26 22:26,100,22.11747742,100,22.32986069,100,22.05879784,0,21.8026619
2023/5/26 22:27,100,22.11747742,100,22.32986069,100,22.16007042,0,21.81712914
2023/5/26 22:28,100,22.01620293,100,22.32986069,100,22.16007042,0,21.81712914
2023/5/26 22:29,100,22.01620293,100,22.32986069,100,22.16007042,0,21.81712914
2023/5/26 22:30,100,22.11747742,100,22.2285881,100,22.05879784,0,21.81712914
2023/5/26 22:31,100,22.11747742,100,22.21412086,100,22.05879784,0,21.84606552
2023/5/26 22:32,100,22.11747742,100,22.32986069,100,22.16007042,0,21.91840172
2023/5/26 22:33,100,22.11747742,100,22.32986069,100,22.16007042,0,21.91840172
2023/5/26 22:34,100,22.11747742,100,22.32986069,100,22.05879784,0,21.91840172
2023/5/26 22:35,100,22.11747742,100,22.32986069,100,22.05879784,0,21.91840172
2023/5/26 22:36,100,22.11747742,100,22.32986069,100,22.05879784,0,21.91840172
2023/5/26 22:37,100,22.11747742,100,22.2285881,100,22.05879784,0,21.91840172
2023/5/26 22:38,100,22.11747742,100,22.32986069,100,22.05879784,0,21.90393448
2023/5/26 22:39,100,22.11747742,100,22.43113518,100,22.14560318,0,21.91840172
2023/5/26 22:40,100,22.11747742,100,22.43113518,100,22.261343,0,21.91840172
2023/5/26 22:41,100,22.11747742,100,22.32986069,100,22.16007042,0,21.90393448
2023/5/26 22:42,100,22.11747742,100,22.32986069,100,22.16007042,4.966404915,22.01967621
2023/5/26 22:43,100,22.21875,100,22.32986069,100,22.16007042,20.02765274,22.01967621
2023/5/26 22:44,100,22.21875,100,22.43113518,100,22.261343,34.76820755,22.01967621
2023/5/26 22:45,100,22.11747742,100,22.43113518,100,22.16007042,49.54576874,22.01967621
2023/5/26 22:46,100,22.11747742,100,22.43113518,100,22.16007042,64.39460754,22.01967621
2023/5/26 22:47,100,22.11747742,100,22.43113518,100,22.261343,100,22.09201431
2023/5/26 22:48,100,22.11747742,100,22.43113518,100,22.261343,100,22.01967621
2023/5/26 22:49,100,22.11747742,100,22.43113518,100,22.16007042,100,22.01967621
2023/5/26 22:50,100,22.11747742,100,22.32986069,100,22.14560318,100,22.01967621
2023/5/26 22:51,100,22.11747742,100,22.32986069,100,22.16007042,64.11724854,21.90393448
2023/5/26 22:52,100,22.01620293,100,22.32986069,100,22.16007042,0,21.91840172
2023/5/26 22:53,100,22.11747742,100,22.32986069,100,22.16007042,0,21.81712914
2023/5/26 22:54,100,22.01620293,100,22.32986069,100,22.16007042,0,21.81712914
2023/5/26 22:55,100,22.01620293,100,22.32986069,100,22.14560318,0,21.81712914
2023/5/26 22:56,100,22.32002258,100,22.32986069,100,22.16007042,0,21.81712914
2023/5/26 22:57,100,22.11747742,100,22.32986069,100,22.16007042,0,21.81712914
2023/5/26 22:58,100,22.11747742,100,22.32986069,100,22.05879784,0,21.81712914
2023/5/26 22:59,100,22.01620293,100,22.2285881,100,22.05879784,0,21.81712914
2023/5/26 23:00,100,22.32002258,100,22.32986069,100,22.05879784,0,21.81712914
2023/5/26 23:01,100,22.32002258,100,22.2285881,100,22.05879784,0,21.81712914
2023/5/26 23:02,100,22.01620293,100,22.2285881,100,22.05879784,0,21.81712914
2023/5/26 23:03,100,22.01620293,100,22.2285881,100,22.05879784,0,21.81712914
2023/5/26 23:04,100,22.01620293,100,22.2285881,100,22.05879784,0,21.81712914
2023/5/26 23:05,100,22.32002258,100,22.2285881,100,22.04432869,0,21.81712914
2023/5/26 23:06,100,22.01620293,100,22.2285881,100,21.95752335,0,21.81712914
2023/5/26 23:07,100,22.21875,100,22.2285881,100,21.95752335,0,21.91840172
2023/5/26 23:08,100,22.21875,100,22.2285881,100,21.85625076,0,21.91840172
2023/5/26 23:09,100,22.32002258,100,22.15625,100,21.85625076,0,21.91840172
2023/5/26 23:10,100,22.01620293,100,22.12731552,100,21.85625076,0,21.91840172
2023/5/26 23:11,100,22.32002258,100,22.12731552,100,21.84178352,0,21.91840172
2023/5/26 23:12,100,22.30555534,100,22.12731552,100,21.85625076,0.721565366,22.01967621
2023/5/26 23:13,100,22.32002258,100,22.12731552,100,21.85625076,13.95188332,22.01967621
2023/5/26 23:14,100,22.32002258,100,22.2285881,100,21.85625076,28.9971199,22.01967621
2023/5/26 23:15,100,22.32002258,100,22.2285881,100,21.85625076,72.25886536,22.12094879
2023/5/26 23:16,100,22.32002258,100,22.2285881,100,21.85625076,100,22.12094879
2023/5/26 23:17,100,22.21875,100,22.2285881,100,21.85625076,100,22.12094879
2023/5/26 23:18,100,22.21875,100,22.12731552,100,21.85625076,100,22.12094879
2023/5/26 23:19,100,22.21875,100,22.12731552,100,21.85625076,100,22.01967621
2023/5/26 23:20,100,22.21875,100,22.12731552,100,21.75497818,87.69297791,21.91840172
2023/5/26 23:21,100,22.21875,100,22.02604294,100,21.75497818,21.27352715,21.91840172
2023/5/26 23:22,100,22.21875,100,22.02604294,100,21.75497818,0,21.81712914
2023/5/26 23:23,100,22.11747742,100,22.02604294,100,21.75497818,0,21.81712914
2023/5/26 23:24,100,22.11747742,100,21.92476845,100,21.65370369,0,21.81712914
2023/5/26 23:25,100,22.11747742,100,21.92476845,100,21.65370369,0,21.81712914
2023/5/26 23:26,100,22.11747742,100,21.92476845,100,21.55243111,0,21.77372742
2023/5/26 23:27,100,22.11747742,100,21.92476845,100,21.55243111,0,21.61458206
2023/5/26 23:28,100,22.11747742,100,21.92476845,100,21.55243111,0,21.61458206
2023/5/26 23:29,100,22.11747742,100,21.92476845,100,21.55243111,0,21.61458206
2023/5/26 23:30,100,22.01620293,100,21.92476845,100,21.55243111,0,21.61458206
2023/5/26 23:31,100,22.11747742,100,21.92476845,100,21.55243111,0,21.61458206
2023/5/26 23:32,100,22.01620293,100,21.93923569,100,21.59583282,0,21.61458206
2023/5/26 23:33,100,22.10301018,100,21.92476845,100,21.65370369,0,21.61458206
2023/5/26 23:34,100,22.11747742,100,21.92476845,100,21.65370369,0,21.61458206
2023/5/26 23:35,100,22.01620293,100,21.92476845,100,21.65370369,0,21.61458206
2023/5/26 23:36,100,22.07407379,100,21.93923569,100,21.65370369,0,21.61458206
2023/5/26 23:37,100,22.01620293,100,21.92476845,100,21.55243111,0,21.61458206
2023/5/26 23:38,100,22.01620293,100,21.92476845,100,21.65370369,0,21.61458206
2023/5/26 23:39,100,22.01620293,100,21.92476845,100,21.62476921,0,21.61458206
2023/5/26 23:40,100,22.01620293,100,21.92476845,100,21.55243111,0,21.61458206
2023/5/26 23:41,100,22.01620293,100,21.82349586,100,21.55243111,0,21.61458206
2023/5/26 23:42,100,22.01620293,100,21.82349586,100,21.55243111,0,21.61458206
2023/5/26 23:43,100,22.01620293,100,21.92476845,100,21.55243111,0,21.61458206
2023/5/26 23:44,100,21.91493034,100,21.92476845,100,21.55243111,0,21.61458206
2023/5/26 23:45,100,21.91493034,100,21.92476845,100,21.55243111,0,21.61458206
2023/5/26 23:46,100,21.92939758,100,21.82349586,100,21.45115852,0,21.61458206
2023/5/26 23:47,100,21.91493034,100,21.82349586,100,21.45115852,0,21.61458206
2023/5/26 23:48,100,21.91493034,100,21.82349586,100,21.46562576,0,21.61458206
2023/5/26 23:49,100,21.91493034,100,21.82349586,100,21.45115852,0,21.61458206
2023/5/26 23:50,100,21.828125,100,21.82349586,100,21.46562576,0,21.61458206
2023/5/26 23:51,100,21.828125,100,21.93923569,100,21.45115852,0,21.61458206
2023/5/26 23:52,100,21.828125,100,21.92476845,100,21.55243111,0,21.61458206
2023/5/26 23:53,100,21.91493034,100,21.92476845,100,21.55243111,0,21.61458206
2023/5/26 23:54,100,21.828125,100,21.85243034,100,21.480093,0,21.61458206
2023/5/26 23:55,100,21.828125,100,21.82349586,100,21.45115852,0,21.61458206
2023/5/26 23:56,100,21.81365776,100,21.82349586,100,21.45115852,0,21.61458206
2023/5/26 23:57,100,21.85705948,100,21.82349586,100,21.45115852,0,21.61458206
2023/5/26 23:58,100,21.828125,100,21.82349586,100,21.45115852,0,21.61458206
2023/5/26 23:59,100,21.828125,100,21.82349586,100,21.45115852,0,21.61458206
2023/5/27 0:00,100,21.828125,100,21.82349586,100,21.45115852,0,21.61458206
2023/5/27 0:01,100,21.828125,100,21.75115776,100,21.43669128,0,21.61458206
2023/5/27 0:02,100,21.828125,100,21.73669052,100,21.45115852,0,21.61458206
2023/5/27 0:03,100,21.828125,100,21.79455948,100,21.45115852,0,21.61458206
2023/5/27 0:04,100,21.828125,100,21.72222328,100,21.45115852,0,21.62905121
2023/5/27 0:05,100,21.91493034,100,21.82349586,100,21.45115852,0,21.61458206
2023/5/27 0:06,100,21.828125,100,21.82349586,100,21.52349663,0,21.61458206
2023/5/27 0:07,100,21.828125,100,21.82349586,100,21.55243111,0,21.61458206
2023/5/27 0:08,100,21.828125,100,21.93923569,100,21.55243111,0,21.61458206
2023/5/27 0:09,100,21.828125,100,21.92476845,100,21.55243111,0,21.61458206
2023/5/27 0:10,100,21.828125,100,21.91030121,100,21.55243111,0,21.61458206
2023/5/27 0:11,100,21.81365776,100,21.82349586,100,21.55243111,0,21.61458206
2023/5/27 0:12,100,21.91493034,100,21.82349586,100,21.55243111,0,21.61458206
2023/5/27 0:13,100,21.92939758,100,21.92476845,100,21.55243111,0,21.61458206
2023/5/27 0:14,100,21.91493034,100,21.82349586,100,21.55243111,0,21.61458206
2023/5/27 0:15,100,21.828125,100,21.82349586,100,21.45115852,0,21.61458206
2023/5/27 0:16,100,21.81365776,100,21.82349586,100,21.45115852,0,21.62905121
2023/5/27 0:17,100,21.828125,100,21.82349586,100,21.46562576,0,21.61458206
2023/5/27 0:18,100,21.828125,100,21.73669052,100,21.45115852,0,21.61458206
2023/5/27 0:19,100,21.828125,100,21.73669052,100,21.45115852,0,21.61458206
2023/5/27 0:20,100,21.81365776,100,21.73669052,100,21.46562576,0,21.61458206
2023/5/27 0:21,100,21.828125,100,21.80902672,100,21.45115852,0,21.61458206
2023/5/27 0:22,100,21.81365776,100,21.82349586,100,21.45115852,0,21.61458206
2023/5/27 0:23,100,21.828125,100,21.82349586,100,21.45115852,0,21.61458206
2023/5/27 0:24,100,21.7557869,100,21.82349586,100,21.55243111,0,21.61458206
2023/5/27 0:25,100,21.828125,100,21.82349586,100,21.55243111,0,21.61458206
2023/5/27 0:26,100,21.71238518,100,21.82349586,100,21.55243111,0,21.61458206
2023/5/27 0:27,100,21.72685242,100,21.82349586,100,21.55243111,0,21.61458206
2023/5/27 0:28,100,21.72685242,100,21.82349586,100,21.45115852,0,21.61458206
2023/5/27 0:29,100,21.72685242,100,21.82349586,100,21.45115852,0,21.61458206
2023/5/27 0:30,100,21.71238518,100,21.80902672,100,21.55243111,0,21.61458206
2023/5/27 0:31,100,21.72685242,100,21.82349586,100,21.55243111,0,21.61458206
2023/5/27 0:32,100,21.71238518,100,21.82349586,100,21.55243111,0,21.61458206
2023/5/27 0:33,100,21.72685242,100,21.82349586,100,21.55243111,0,21.61458206
2023/5/27 0:34,100,21.71238518,100,21.82349586,100,21.55243111,0,21.61458206
2023/5/27 0:35,100,21.72685242,100,21.82349586,100,21.45115852,0,21.61458206
2023/5/27 0:36,100,21.71238518,100,21.82349586,100,21.45115852,0,21.61458206
2023/5/27 0:37,100,21.72685242,100,21.82349586,100,21.45115852,0,21.61458206
2023/5/27 0:38,100,21.72685242,100,21.82349586,100,21.45115852,0,21.61458206
2023/5/27 0:39,100,21.72685242,100,21.82349586,100,21.45115852,0,21.61458206
2023/5/27 0:40,100,21.72685242,100,21.82349586,100,21.45115852,0,21.61458206
2023/5/27 0:41,100,21.72685242,100,21.82349586,100,21.45115852,0,21.61458206
2023/5/27 0:42,100,21.71238518,100,21.82349586,100,21.45115852,0,21.61458206
2023/5/27 0:43,100,21.72685242,100,21.82349586,100,21.45115852,0,21.61458206
2023/5/27 0:44,100,21.72685242,100,21.82349586,100,21.45115852,0,21.61458206
2023/5/27 0:45,100,21.72685242,100,21.82349586,100,21.45115852,0,21.61458206
2023/5/27 0:46,100,21.72685242,100,21.82349586,100,21.45115852,0,21.61458206
2023/5/27 0:47,100,21.71238518,100,21.82349586,100,21.45115852,0,21.61458206
2023/5/27 0:48,100,21.72685242,100,21.82349586,100,21.45115852,0,21.61458206
2023/5/27 0:49,100,21.72685242,100,21.82349586,100,21.45115852,0,21.61458206
2023/5/27 0:50,100,21.72685242,100,21.82349586,100,21.45115852,0,21.61458206
2023/5/27 0:51,100,21.72685242,100,21.82349586,100,21.45115852,0,21.61458206
2023/5/27 0:52,100,21.72685242,100,21.82349586,100,21.45115852,0,21.61458206
2023/5/27 0:53,100,21.72685242,100,21.82349586,100,21.45115852,0,21.61458206
2023/5/27 0:54,100,21.71238518,100,21.82349586,100,21.45115852,0,21.61458206
2023/5/27 0:55,100,21.72685242,100,21.82349586,100,21.55243111,0,21.61458206
2023/5/27 0:56,100,21.72685242,100,21.82349586,100,21.45115852,0,21.61458206
2023/5/27 0:57,100,21.71238518,100,21.82349586,100,21.45115852,0,21.61458206
2023/5/27 0:58,100,21.72685242,100,21.73669052,100,21.45115852,0,21.61458206
2023/5/27 0:59,100,21.72685242,100,21.82349586,100,21.45115852,0,21.61458206
2023/5/27 1:00,100,21.72685242,100,21.82349586,100,21.45115852,0,21.61458206
2023/5/27 1:01,100,21.72685242,100,21.73669052,100,21.45115852,0,21.61458206
2023/5/27 1:02,100,21.72685242,100,21.73669052,100,21.45115852,0,21.61458206
2023/5/27 1:03,100,21.72685242,100,21.72222328,100,21.45115852,0,21.62905121
2023/5/27 1:04,100,21.71238518,100,21.73669052,100,21.45115852,0,21.61458206
2023/5/27 1:05,100,21.72685242,100,21.73669052,100,21.45115852,0,21.61458206
2023/5/27 1:06,100,21.72685242,100,21.73669052,100,21.45115852,0,21.61458206
2023/5/27 1:07,100,21.72685242,100,21.63541794,100,21.45115852,0,21.61458206
2023/5/27 1:08,100,21.72685242,100,21.63541794,100,21.45115852,0,21.61458206
2023/5/27 1:09,100,21.72685242,100,21.63541794,100,21.45115852,0,21.61458206
2023/5/27 1:10,100,21.71238518,100,21.67881966,100,21.45115852,0,21.61458206
2023/5/27 1:11,100,21.72685242,100,21.73669052,100,21.45115852,0,21.61458206
2023/5/27 1:12,100,21.72685242,100,21.72222328,100,21.45115852,0,21.61458206
2023/5/27 1:13,100,21.72685242,100,21.72222328,100,21.45115852,0,21.61458206
2023/5/27 1:14,100,21.72685242,100,21.72222328,100,21.45115852,0,21.61458206
2023/5/27 1:15,100,21.72685242,100,21.73669052,100,21.45115852,0,21.61458206
2023/5/27 1:16,100,21.72685242,100,21.73669052,100,21.45115852,0,21.61458206
2023/5/27 1:17,100,21.71238518,100,21.73669052,100,21.45115852,0,21.61458206
2023/5/27 1:18,100,21.72685242,100,21.73669052,100,21.45115852,0,21.61458206
2023/5/27 1:19,100,21.71238518,100,21.64988518,100,21.45115852,0,21.61458206
2023/5/27 1:20,100,21.72685242,100,21.63541794,100,21.45115852,0,21.61458206
2023/5/27 1:21,100,21.71238518,100,21.73669052,100,21.46562576,0,21.61458206
2023/5/27 1:22,100,21.72685242,100,21.72222328,100,21.45115852,0,21.61458206
2023/5/27 1:23,100,21.72685242,100,21.73669052,100,21.45115852,0,21.61458206
2023/5/27 1:24,100,21.72685242,100,21.82349586,100,21.53796387,0,21.61458206
2023/5/27 1:25,100,21.72685242,100,21.82349586,100,21.46562576,0,21.61458206
2023/5/27 1:26,100,21.72685242,100,21.82349586,100,21.45115852,0,21.61458206
2023/5/27 1:27,100,21.71238518,100,21.72222328,100,21.45115852,0,21.61458206
2023/5/27 1:28,100,21.72685242,100,21.73669052,100,21.45115852,0,21.61458206
2023/5/27 1:29,100,21.72685242,100,21.73669052,100,21.45115852,0,21.61458206
2023/5/27 1:30,100,21.72685242,100,21.72222328,100,21.45115852,0,21.61458206
2023/5/27 1:31,100,21.72685242,100,21.72222328,100,21.45115852,0,21.61458206
2023/5/27 1:32,100,21.71238518,100,21.72222328,100,21.45115852,0,21.61458206
2023/5/27 1:33,100,21.72685242,100,21.73669052,100,21.45115852,0,21.61458206
2023/5/27 1:34,100,21.72685242,100,21.72222328,100,21.45115852,0,21.61458206
2023/5/27 1:35,100,21.72685242,100,21.73669052,100,21.45115852,0,21.61458206
2023/5/27 1:36,100,21.71238518,100,21.82349586,100,21.45115852,0,21.61458206
2023/5/27 1:37,100,21.72685242,100,21.82349586,100,21.55243111,0,21.61458206
2023/5/27 1:38,100,21.72685242,100,21.82349586,100,21.55243111,0,21.61458206
2023/5/27 1:39,100,21.71238518,100,21.82349586,100,21.55243111,0,21.61458206
2023/5/27 1:40,100,21.72685242,100,21.82349586,100,21.55243111,0,21.61458206
2023/5/27 1:41,100,21.72685242,100,21.82349586,100,21.55243111,0,21.61458206
2023/5/27 1:42,100,21.72685242,100,21.82349586,100,21.55243111,0,21.61458206
2023/5/27 1:43,100,21.72685242,100,21.82349586,100,21.55243111,0,21.61458206
2023/5/27 1:44,100,21.72685242,100,21.92476845,100,21.55243111,0,21.61458206
2023/5/27 1:45,100,21.72685242,100,21.92476845,100,21.65370369,0,21.61458206
2023/5/27 1:46,100,21.72685242,100,21.92476845,100,21.65370369,0,21.61458206
2023/5/27 1:47,100,21.72685242,100,21.92476845,100,21.65370369,0,21.61458206
2023/5/27 1:48,100,21.72685242,100,21.93923569,100,21.55243111,0,21.61458206
2023/5/27 1:49,100,21.72685242,100,21.92476845,100,21.55243111,0,21.61458206
2023/5/27 1:50,100,21.71238518,100,21.92476845,100,21.55243111,0,21.61458206
2023/5/27 1:51,100,21.72685242,100,21.92476845,100,21.55243111,0,21.61458206
2023/5/27 1:52,100,21.71238518,100,21.92476845,100,21.55243111,0,21.61458206
2023/5/27 1:53,100,21.52430534,100,21.92476845,100,21.55243111,0,21.61458206
2023/5/27 1:54,100,21.72685242,100,21.92476845,100,21.55243111,0,21.61458206
2023/5/27 1:55,100,21.72685242,100,21.92476845,100,21.65370369,0,21.61458206
2023/5/27 1:56,100,21.71238518,100,21.92476845,100,21.63923645,0,21.61458206
2023/5/27 1:57,100,21.72685242,100,21.82349586,100,21.55243111,0,21.61458206
2023/5/27 1:58,100,21.72685242,100,21.82349586,100,21.55243111,0,21.61458206
2023/5/27 1:59,100,21.71238518,100,21.82349586,100,21.55243111,0,21.61458206
2023/5/27 2:00,100,21.72685242,100,21.82349586,100,21.55243111,0,21.61458206
2023/5/27 2:01,100,21.72685242,100,21.82349586,100,21.55243111,0,21.81712914
2023/5/27 2:02,100,21.71238518,100,21.82349586,100,21.55243111,0,21.81712914
2023/5/27 2:03,100,21.72685242,100,21.92476845,100,21.55243111,0,21.78819466
2023/5/27 2:04,100,21.72685242,100,21.82349586,100,21.55243111,0,21.61458206
2023/5/27 2:05,100,21.71238518,100,21.82349586,100,21.55243111,0,21.78819466
2023/5/27 2:06,100,21.72685242,100,21.92476845,100,21.55243111,0,21.81712914
2023/5/27 2:07,100,21.72685242,100,21.93923569,100,21.65370369,0,21.78819466
2023/5/27 2:08,100,21.71238518,100,21.92476845,100,21.65370369,0,21.81712914
2023/5/27 2:09,100,21.72685242,100,21.92476845,100,21.65370369,0,21.81712914
2023/5/27 2:10,100,21.72685242,100,21.92476845,100,21.65370369,0,21.81712914
2023/5/27 2:11,100,21.72685242,100,21.92476845,100,21.65370369,0,21.81712914
2023/5/27 2:12,100,21.71238518,100,21.92476845,100,21.65370369,0,21.81712914
2023/5/27 2:13,100,21.72685242,100,21.92476845,100,21.55243111,0,21.81712914
2023/5/27 2:14,100,21.72685242,100,21.82349586,100,21.55243111,0,21.81712914
2023/5/27 2:15,100,21.72685242,100,21.82349586,100,21.55243111,0,21.81712914
2023/5/27 2:16,100,21.71238518,100,21.82349586,100,21.55243111,0,21.81712914
2023/5/27 2:17,100,21.72685242,100,21.82349586,100,21.55243111,0,21.81712914
2023/5/27 2:18,100,21.72685242,100,21.92476845,100,21.55243111,0,21.81712914
2023/5/27 2:19,100,21.72685242,100,21.82349586,100,21.55243111,0,21.81712914
2023/5/27 2:20,100,21.72685242,100,21.92476845,100,21.55243111,0,21.8026619
2023/5/27 2:21,100,21.72685242,100,21.92476845,100,21.55243111,0,21.81712914
2023/5/27 2:22,100,21.72685242,100,21.92476845,100,21.55243111,0,21.81712914
2023/5/27 2:23,100,21.72685242,100,21.92476845,100,21.65370369,0,21.81712914
2023/5/27 2:24,100,21.72685242,100,21.92476845,100,21.55243111,0,21.81712914
2023/5/27 2:25,100,21.72685242,100,21.86689758,100,21.55243111,0,21.81712914
2023/5/27 2:26,100,21.72685242,100,21.92476845,100,21.55243111,0,21.81712914
2023/5/27 2:27,100,21.71238518,100,21.93923569,100,21.55243111,0,21.81712914
2023/5/27 2:28,100,21.72685242,100,21.82349586,100,21.55243111,0,21.81712914
2023/5/27 2:29,100,21.61111069,100,21.82349586,100,21.45115852,0,21.81712914
2023/5/27 2:30,100,21.52430534,100,21.73669052,100,21.43669128,0,21.81712914
2023/5/27 2:31,100,21.52430534,100,21.73669052,100,21.45115852,0,21.81712914
2023/5/27 2:32,100,21.72685242,100,21.73669052,100,21.45115852,0,21.91840172
2023/5/27 2:33,100,21.72685242,100,21.72222328,100,21.45115852,0,21.91840172
2023/5/27 2:34,100,21.71238518,100,21.72222328,100,21.45115852,0,21.91840172
2023/5/27 2:35,100,21.72685242,100,21.73669052,100,21.45115852,0,21.91840172
2023/5/27 2:36,100,21.72685242,100,21.72222328,100,21.43669128,0,21.91840172
2023/5/27 2:37,100,21.72685242,100,21.73669052,100,21.45115852,0,21.91840172
2023/5/27 2:38,100,21.71238518,100,21.72222328,100,21.45115852,0,21.91840172
2023/5/27 2:39,100,21.72685242,100,21.72222328,100,21.45115852,0,21.91840172
2023/5/27 2:40,100,21.52430534,100,21.73669052,100,21.45115852,0,21.91840172
2023/5/27 2:41,100,21.72685242,100,21.73669052,100,21.43669128,0,21.91840172
2023/5/27 2:42,100,21.71238518,100,21.73669052,100,21.46562576,0,21.91840172
2023/5/27 2:43,100,21.72685242,100,21.63541794,100,21.45115852,0,21.91840172
2023/5/27 2:44,100,21.72685242,100,21.62094879,100,21.45115852,0,21.91840172
2023/5/27 2:45,100,21.72685242,100,21.63541794,100,21.45115852,0,21.96180534
2023/5/27 2:46,100,21.71238518,100,21.53414345,100,21.46562576,10.65028954,22.01967621
2023/5/27 2:47,100,21.71238518,100,21.51967621,100,21.45115852,25.36094284,22.01967621
2023/5/27 2:48,100,21.72685242,100,21.63541794,100,21.45115852,40.10843277,22.01967621
2023/5/27 2:49,100,21.71238518,100,21.63541794,100,21.45115852,55.01604462,22.00520706
2023/5/27 2:50,100,21.71238518,100,21.63541794,100,21.45115852,69.94210052,22.01967621
2023/5/27 2:51,100,21.7557869,100,21.63541794,100,21.45115852,84.89675903,22.01967621
2023/5/27 2:52,100,21.828125,100,21.63541794,100,21.45115852,99.29721832,22.01967621
2023/5/27 2:53,100,21.72685242,100,21.62094879,100,21.45115852,67.80740356,21.91840172
2023/5/27 2:54,100,21.828125,100,21.63541794,100,21.43669128,2.45524931,21.91840172
2023/5/27 2:55,100,21.72685242,100,21.62094879,100,21.45115852,0,21.91840172
2023/5/27 2:56,100,21.72685242,100,21.63541794,100,21.45115852,0,21.81712914
2023/5/27 2:57,100,21.72685242,100,21.63541794,100,21.45115852,0,21.81712914
2023/5/27 2:58,100,21.72685242,100,21.63541794,100,21.45115852,0,21.81712914
2023/5/27 2:59,100,21.72685242,100,21.63541794,100,21.45115852,0,21.81712914
2023/5/27 3:00,100,21.72685242,100,21.63541794,100,21.45115852,0,21.81712914
2023/5/27 3:01,100,21.71238518,100,21.70775414,100,21.45115852,0,21.81712914
2023/5/27 3:02,100,21.828125,100,21.72222328,100,21.45115852,0,21.81712914
2023/5/27 3:03,100,21.79919052,100,21.67881966,100,21.45115852,0,21.81712914
2023/5/27 3:04,100,21.81365776,100,21.72222328,100,21.55243111,0,21.81712914
2023/5/27 3:05,100,21.81365776,100,21.73669052,100,21.55243111,0,21.81712914
2023/5/27 3:06,100,21.81365776,100,21.72222328,100,21.55243111,0,21.81712914
2023/5/27 3:07,100,21.72685242,100,21.72222328,100,21.55243111,0,21.81712914
2023/5/27 3:08,100,21.71238518,100,21.73669052,100,21.55243111,0,21.83159828
2023/5/27 3:09,100,21.71238518,100,21.63541794,100,21.45115852,0,21.91840172
2023/5/27 3:10,100,21.52430534,100,21.63541794,100,21.45115852,0,21.91840172
2023/5/27 3:11,100,21.72685242,100,21.63541794,100,21.45115852,0,21.91840172
2023/5/27 3:12,100,21.72685242,100,21.63541794,100,21.45115852,0,21.91840172
2023/5/27 3:13,100,21.72685242,100,21.72222328,100,21.45115852,0,21.91840172
2023/5/27 3:14,100,21.72685242,100,21.73669052,100,21.45115852,0,21.91840172
2023/5/27 3:15,100,21.72685242,100,21.73669052,100,21.45115852,0,21.91840172
2023/5/27 3:16,100,21.71238518,100,21.72222328,100,21.45115852,0,21.91840172
2023/5/27 3:17,100,21.72685242,100,21.73669052,100,21.45115852,0,21.91840172
2023/5/27 3:18,100,21.72685242,100,21.72222328,100,21.45115852,0,21.90393448
2023/5/27 3:19,100,21.72685242,100,21.73669052,100,21.45115852,0,21.97627258
2023/5/27 3:20,100,21.71238518,100,21.72222328,100,21.45115852,0.101119176,22.01967621
2023/5/27 3:21,100,21.72685242,100,21.73669052,100,21.45115852,14.12887478,22.01967621
2023/5/27 3:22,100,21.72685242,100,21.72222328,100,21.45115852,26.5394783,22.01967621
2023/5/27 3:23,100,21.72685242,100,21.63541794,100,21.45115852,41.17468643,22.01967621
2023/5/27 3:24,100,21.71238518,100,21.63541794,100,21.43669128,56.2546463,22.01967621
2023/5/27 3:25,100,21.72685242,100,21.63541794,100,21.46562576,71.35824585,22.01967621
2023/5/27 3:26,100,21.52430534,100,21.63541794,100,21.45115852,85.79878235,22.01967621
2023/5/27 3:27,100,21.72685242,100,21.63541794,100,21.45115852,100,22.01967621
2023/5/27 3:28,100,21.71238518,100,21.51967621,100,21.34988594,100,22.01967621
2023/5/27 3:29,100,21.72685242,100,21.51967621,100,21.26307869,98.66093445,22.00520706
2023/5/27 3:30,100,21.72685242,100,21.43287086,100,21.26307869,38.41447449,21.91840172
2023/5/27 3:31,100,21.72685242,100,21.43287086,100,21.26307869,0,21.91840172
2023/5/27 3:32,100,21.52430534,100,21.43287086,100,21.26307869,0,21.875
2023/5/27 3:33,100,21.52430534,100,21.33159828,100,21.16180611,0,21.81712914
2023/5/27 3:34,100,21.71238518,100,21.33159828,100,21.14733887,0,21.81712914
2023/5/27 3:35,100,21.52430534,100,21.33159828,100,21.16180611,0,21.81712914
2023/5/27 3:36,100,21.72685242,100,21.34606552,100,21.16180611,0,21.81712914
2023/5/27 3:37,100,21.72685242,100,21.33159828,100,21.14733887,0,21.81712914
2023/5/27 3:38,100,21.71238518,100,21.31712914,100,21.14733887,0,21.81712914
2023/5/27 3:39,100,21.71238518,100,21.33159828,100,21.14733887,0,21.81712914
2023/5/27 3:40,100,21.72685242,100,21.33159828,100,21.14733887,0,21.81712914
2023/5/27 3:41,100,21.72685242,100,21.33159828,100,21.16180611,0,21.81712914
2023/5/27 3:42,100,21.72685242,100,21.31712914,100,21.16180611,0,21.81712914
2023/5/27 3:43,100,21.71238518,100,21.33159828,100,21.14733887,0,21.88946724
2023/5/27 3:44,100,21.72685242,100,21.33159828,100,21.16180611,0,21.91840172
2023/5/27 3:45,100,21.72685242,100,21.33159828,100,21.16180611,0,21.91840172
2023/5/27 3:46,100,21.71238518,100,21.43287086,100,21.26307869,0,21.91840172
2023/5/27 3:47,100,21.72685242,100,21.41840172,100,21.24861145,0,21.91840172
2023/5/27 3:48,100,21.72685242,100,21.51967621,100,21.34988594,0,21.91840172
2023/5/27 3:49,100,21.828125,100,21.51967621,100,21.34988594,0,21.99073982
2023/5/27 3:50,100,21.828125,100,21.53414345,100,21.34988594,0,21.99073982
2023/5/27 3:51,100,21.88599586,100,21.51967621,100,21.34988594,11.71200371,22.01967621
2023/5/27 3:52,100,21.91493034,100,21.51967621,100,21.34988594,26.59686852,22.01967621
2023/5/27 3:53,100,21.91493034,100,21.51967621,100,21.34988594,41.17871094,22.01967621
2023/5/27 3:54,100,21.91493034,100,21.53414345,100,21.34988594,56.17357635,22.01967621
2023/5/27 3:55,100,21.92939758,100,21.53414345,100,21.34988594,70.93739319,22.01967621
2023/5/27 3:56,100,21.91493034,100,21.53414345,100,21.34988594,85.70674133,22.01967621
2023/5/27 3:57,100,21.91493034,100,21.53414345,100,21.34988594,100,22.01967621
2023/5/27 3:58,100,21.92939758,100,21.53414345,100,21.26307869,100,22.01967621
2023/5/27 3:59,100,21.828125,100,21.51967621,100,21.26307869,100,22.01967621
2023/5/27 4:00,100,21.72685242,100,21.43287086,100,21.26307869,99.50293732,22.01967621
2023/5/27 4:01,100,21.71238518,100,21.43287086,100,21.24861145,48.87080383,21.91840172
2023/5/27 4:02,100,21.828125,100,21.43287086,100,21.26307869,0,21.91840172
2023/5/27 4:03,100,21.91493034,100,21.51967621,100,21.24861145,0,21.81712914
2023/5/27 4:04,100,21.91493034,100,21.53414345,100,21.26307869,0,21.81712914
2023/5/27 4:05,100,21.91493034,100,21.4473381,100,21.26307869,0,21.81712914
2023/5/27 4:06,100,21.92939758,100,21.43287086,100,21.26307869,0,21.81712914
2023/5/27 4:07,100,21.91493034,100,21.43287086,100,21.24861145,0,21.81712914
2023/5/27 4:08,100,21.91493034,100,21.53414345,100,21.26307869,0,21.81712914
2023/5/27 4:09,100,21.91493034,100,21.53414345,100,21.34988594,0,21.81712914
2023/5/27 4:10,100,21.91493034,100,21.53414345,100,21.34988594,0,21.81712914
2023/5/27 4:11,100,21.91493034,100,21.51967621,100,21.45115852,0,21.81712914
2023/5/27 4:12,100,21.92939758,100,21.53414345,100,21.45115852,0,21.81712914
2023/5/27 4:13,100,21.91493034,100,21.51967621,100,21.34988594,0,21.81712914
2023/5/27 4:14,100,21.92939758,100,21.53414345,100,21.34988594,0,21.81712914
2023/5/27 4:15,100,21.91493034,100,21.53414345,100,21.34988594,0,21.81712914
2023/5/27 4:16,100,21.91493034,100,21.53414345,100,21.34988594,0,21.81712914
2023/5/27 4:17,100,22.01620293,100,21.60648155,100,21.45115852,0,21.91840172
2023/5/27 4:18,100,22.01620293,100,21.53414345,100,21.45115852,0,21.91840172
2023/5/27 4:19,100,21.92939758,100,21.53414345,100,21.45115852,0,21.91840172
2023/5/27 4:20,100,21.91493034,100,21.53414345,100,21.45115852,0,21.91840172
2023/5/27 4:21,100,22.01620293,100,21.53414345,100,21.45115852,0,21.91840172
2023/5/27 4:22,100,22.01620293,100,21.51967621,100,21.34988594,0,21.91840172
2023/5/27 4:23,100,22.01620293,100,21.53414345,100,21.34988594,0,21.91840172
2023/5/27 4:24,100,22.11747742,100,21.51967621,100,21.45115852,0,21.91840172
2023/5/27 4:25,100,22.11747742,100,21.63541794,100,21.45115852,3.400184631,22.01967621
2023/5/27 4:26,100,22.11747742,100,21.63541794,100,21.45115852,18.29527283,22.01967621
2023/5/27 4:27,100,22.01620293,100,21.63541794,100,21.45115852,33.02077866,22.01967621
2023/5/27 4:28,100,22.01620293,100,21.63541794,100,21.45115852,47.79510117,22.01967621
2023/5/27 4:29,100,22.01620293,100,21.63541794,100,21.45115852,62.262043,22.01967621
2023/5/27 4:30,100,22.01620293,100,21.63541794,100,21.45115852,77.24757385,22.01967621
2023/5/27 4:31,100,22.01620293,100,21.63541794,100,21.45115852,91.96214294,22.00520706
2023/5/27 4:32,100,22.01620293,100,21.63541794,100,21.45115852,100,22.01967621
2023/5/27 4:33,100,22.01620293,100,21.63541794,100,21.45115852,99.5941925,21.93287086
2023/5/27 4:34,100,22.01620293,100,21.51967621,100,21.34988594,44.00279999,21.91840172
2023/5/27 4:35,100,22.11747742,100,21.51967621,100,21.45115852,0,21.91840172
2023/5/27 4:36,100,22.01620293,100,21.53414345,100,21.36435318,0,21.91840172
2023/5/27 4:37,100,22.01620293,100,21.51967621,100,21.34988594,0,21.83159828
2023/5/27 4:38,100,22.01620293,100,21.53414345,100,21.34988594,0,21.81712914
2023/5/27 4:39,100,22.11747742,100,21.51967621,100,21.34988594,0,21.81712914
2023/5/27 4:40,100,22.11747742,100,21.53414345,100,21.34988594,0,21.81712914
2023/5/27 4:41,100,22.11747742,100,21.53414345,100,21.34988594,0,21.81712914
2023/5/27 4:42,100,22.11747742,100,21.53414345,100,21.45115852,0,21.81712914
2023/5/27 4:43,100,22.01620293,100,21.51967621,100,21.45115852,0,21.91840172
2023/5/27 4:44,100,22.11747742,100,21.63541794,100,21.45115852,0,21.91840172
2023/5/27 4:45,100,22.11747742,100,21.62094879,100,21.46562576,0,21.91840172
2023/5/27 4:46,100,22.11747742,100,21.63541794,100,21.45115852,0,21.91840172
2023/5/27 4:47,100,22.21875,100,21.63541794,100,21.45115852,0,21.90393448
2023/5/27 4:48,100,22.21875,100,21.63541794,100,21.45115852,0,21.91840172
2023/5/27 4:49,100,22.21875,100,21.63541794,100,21.46562576,0.067961082,21.99073982
2023/5/27 4:50,100,22.21875,100,21.73669052,100,21.45115852,0,21.91840172
2023/5/27 4:51,100,22.21875,100,21.72222328,100,21.45115852,8.048991203,22.01967621
2023/5/27 4:52,100,22.21875,100,21.63541794,100,21.45115852,23.04721642,22.01967621
2023/5/27 4:53,100,22.21875,100,21.63541794,100,21.45115852,37.8584404,22.01967621
2023/5/27 4:54,100,22.21875,100,21.72222328,100,21.45115852,52.88050461,22.01967621
2023/5/27 4:55,100,22.32002258,100,21.72222328,100,21.55243111,67.85892487,22.01967621
2023/5/27 4:56,100,22.21875,100,21.82349586,100,21.55243111,82.63262939,22.01967621
2023/5/27 4:57,100,22.32002258,100,21.73669052,100,21.55243111,97.38362885,22.01967621
2023/5/27 4:58,100,22.32002258,100,21.8379631,100,21.55243111,100,22.01967621
2023/5/27 4:59,100,22.32002258,100,21.82349586,100,21.55243111,62.31677246,21.91840172
2023/5/27 5:00,100,22.32002258,100,21.79455948,100,21.55243111,0,21.91840172
2023/5/27 5:01,100,22.21875,100,21.72222328,100,21.45115852,0,21.81712914
2023/5/27 5:02,100,22.21875,100,21.73669052,100,21.55243111,0,21.81712914
2023/5/27 5:03,100,22.21875,100,21.72222328,100,21.55243111,0,21.81712914
2023/5/27 5:04,100,22.21875,100,21.73669052,100,21.55243111,0,21.8026619
2023/5/27 5:05,100,22.21875,100,21.73669052,100,21.55243111,0,21.81712914
2023/5/27 5:06,100,22.21875,100,21.73669052,100,21.55243111,0,21.81712914
2023/5/27 5:07,100,22.21875,100,21.73669052,100,21.55243111,0,21.81712914
2023/5/27 5:08,100,22.21875,100,21.73669052,100,21.46562576,0,21.81712914
2023/5/27 5:09,100,22.32002258,100,21.72222328,100,21.55243111,0,21.81712914
2023/5/27 5:10,100,22.30555534,100,21.73669052,100,21.45115852,0,21.81712914
2023/5/27 5:11,100,22.32002258,100,21.62094879,100,21.45115852,0,21.81712914
2023/5/27 5:12,100,22.32002258,100,21.73669052,100,21.45115852,0,21.81712914
2023/5/27 5:13,100,22.32002258,100,21.63541794,100,21.45115852,0,21.81712914
2023/5/27 5:14,100,22.21875,100,21.63541794,100,21.46562576,0,21.81712914
2023/5/27 5:15,100,22.32002258,100,21.70775414,100,21.45115852,0,21.81712914
2023/5/27 5:16,100,22.32002258,100,21.63541794,100,21.45115852,0,21.81712914
2023/5/27 5:17,100,22.32002258,100,21.63541794,100,21.45115852,0,21.91840172
2023/5/27 5:18,100,22.21875,100,21.63541794,100,21.45115852,0,21.91840172
2023/5/27 5:19,100,22.21875,100,21.53414345,100,21.45115852,0,21.91840172
2023/5/27 5:20,100,22.32002258,100,21.62094879,100,21.45115852,0,21.91840172
2023/5/27 5:21,100,22.32002258,100,21.63541794,100,21.45115852,0,21.91840172
2023/5/27 5:22,100,22.32002258,100,21.73669052,100,21.45115852,0,21.91840172
2023/5/27 5:23,100,22.32002258,100,21.72222328,100,21.45115852,0,21.91840172
2023/5/27 5:24,100,22.32002258,100,21.73669052,100,21.45115852,0,21.91840172
2023/5/27 5:25,100,22.32002258,100,21.73669052,100,21.55243111,0,21.91840172
2023/5/27 5:26,100,22.32002258,100,21.63541794,100,21.45115852,0,21.91840172
2023/5/27 5:27,100,22.32002258,100,21.73669052,100,21.45115852,0,21.91840172
2023/5/27 5:28,100,22.32002258,100,21.73669052,100,21.55243111,0,21.91840172
2023/5/27 5:29,100,22.08854294,100,21.73669052,100,21.55243111,0,21.91840172
2023/5/27 5:30,100,22.01620293,100,21.73669052,100,21.55243111,0,21.91840172
2023/5/27 5:31,100,22.01620293,100,21.73669052,100,21.55243111,0,21.91840172
2023/5/27 5:32,100,22.01620293,100,21.72222328,100,21.55243111,0,21.91840172
2023/5/27 5:33,100,22.01620293,100,21.73669052,100,21.55243111,0,21.91840172
2023/5/27 5:34,100,22.01620293,100,21.72222328,100,21.55243111,0,21.91840172
2023/5/27 5:35,100,22.01620293,100,21.73669052,100,21.55243111,0,21.91840172
2023/5/27 5:36,100,22.32002258,100,21.63541794,100,21.55243111,5.421398163,22.01967621
2023/5/27 5:37,100,22.32002258,100,21.63541794,100,21.45115852,20.28629494,22.00520706
2023/5/27 5:38,100,22.32002258,100,21.63541794,100,21.45115852,35.18028641,22.01967621
2023/5/27 5:39,100,22.32002258,100,21.62094879,100,21.45115852,49.97104263,22.01967621
2023/5/27 5:40,100,22.30555534,100,21.63541794,100,21.55243111,64.25180054,22.01967621
2023/5/27 5:41,100,22.01620293,100,21.73669052,100,21.62476921,79.19436646,22.01967621
2023/5/27 5:42,100,22.01620293,100,21.73669052,100,21.55243111,93.93687439,22.01967621
2023/5/27 5:43,100,22.01620293,100,21.73669052,100,21.55243111,100,22.01967621
2023/5/27 5:44,100,22.01620293,100,21.73669052,100,21.55243111,100,22.01967621
2023/5/27 5:45,100,22.01620293,100,21.72222328,100,21.45115852,69.99004364,21.91840172
2023/5/27 5:46,100,22.01620293,100,21.73669052,100,21.55243111,4.638741016,21.91840172
2023/5/27 5:47,100,22.01620293,100,21.73669052,100,21.55243111,0,21.88946724
2023/5/27 5:48,100,22.32002258,100,21.72222328,100,21.55243111,0,21.8026619
2023/5/27 5:49,100,22.32002258,100,21.73669052,100,21.55243111,0,21.81712914
2023/5/27 5:50,100,22.24768448,100,21.67881966,100,21.45115852,0,21.81712914
2023/5/27 5:51,100,22.32002258,100,21.73669052,100,21.55243111,0,21.81712914
2023/5/27 5:52,100,22.20428276,100,21.73669052,100,21.55243111,0,21.83159828
2023/5/27 5:53,100,22.32002258,100,21.72222328,100,21.55243111,0,21.81712914
2023/5/27 5:54,100,22.32002258,100,21.72222328,100,21.55243111,0,21.81712914
2023/5/27 5:55,100,22.32002258,100,21.72222328,100,21.55243111,0,21.81712914
2023/5/27 5:56,100,22.32002258,100,21.73669052,100,21.55243111,0,21.81712914
2023/5/27 5:57,100,22.32002258,100,21.73669052,100,21.55243111,0,21.81712914
2023/5/27 5:58,100,22.32002258,100,21.82349586,100,21.65370369,0,21.81712914
2023/5/27 5:59,100,22.32002258,100,21.73669052,100,21.65370369,0,21.81712914
2023/5/27 6:00,100,22.01620293,100,21.72222328,100,21.65370369,0,21.81712914
2023/5/27 6:01,100,22.01620293,100,21.82349586,100,21.65370369,0,21.81712914
2023/5/27 6:02,100,22.11747742,100,21.82349586,100,21.65370369,0,21.81712914
2023/5/27 6:03,100,22.01620293,100,21.82349586,100,21.65370369,0,21.81712914
2023/5/27 6:04,100,22.01620293,100,21.82349586,100,21.65370369,0,21.81712914
2023/5/27 6:05,100,22.08854294,100,21.82349586,100,21.7260437,0,21.81712914
2023/5/27 6:06,100,22.01620293,100,21.82349586,100,21.65370369,0,21.88946724
2023/5/27 6:07,100,22.01620293,100,21.82349586,100,21.75497818,0,21.91840172
2023/5/27 6:08,100,22.11747742,100,21.92476845,100,21.75497818,0,21.91840172
2023/5/27 6:09,100,22.01620293,100,21.92476845,100,21.75497818,0,21.91840172
2023/5/27 6:10,100,22.11747742,100,21.92476845,100,21.75497818,0,21.91840172
2023/5/27 6:11,100,22.11747742,100,21.92476845,100,21.75497818,0,21.91840172
2023/5/27 6:12,100,22.01620293,100,21.91030121,100,21.75497818,0,21.91840172
2023/5/27 6:13,100,22.01620293,100,21.93923569,100,21.75497818,0,21.91840172
2023/5/27 6:14,100,22.11747742,100,21.92476845,100,21.75497818,0,21.91840172
2023/5/27 6:15,100,22.01620293,100,21.92476845,100,21.75497818,0,21.91840172
2023/5/27 6:16,100,22.01620293,100,21.82349586,100,21.65370369,0,21.91840172
2023/5/27 6:17,100,22.01620293,100,21.92476845,100,21.65370369,0,21.91840172
2023/5/27 6:18,100,22.01620293,100,21.92476845,100,21.75497818,0,21.91840172
2023/5/27 6:19,100,22.11747742,100,21.92476845,100,21.75497818,0,21.91840172
2023/5/27 6:20,100,22.11747742,100,21.82349586,100,21.65370369,7.932805538,22.01967621
2023/5/27 6:21,100,22.11747742,100,21.82349586,100,21.71157455,22.85605812,22.01967621
2023/5/27 6:22,100,22.11747742,100,21.82349586,100,21.75497818,23.1841259,22.01967621
2023/5/27 6:23,100,22.11747742,100,21.92476845,100,21.75497818,37.51992035,22.01967621
2023/5/27 6:24,100,22.11747742,100,21.92476845,100,21.75497818,52.4333725,22.01967621
2023/5/27 6:25,100,22.11747742,100,21.92476845,100,21.75497818,67.6466217,22.01967621
2023/5/27 6:26,100,22.11747742,100,21.93923569,100,21.75497818,82.30131531,22.01967621
2023/5/27 6:27,100,22.11747742,100,21.93923569,100,21.75497818,97.11533356,22.01967621
2023/5/27 6:28,100,22.01620293,100,21.82349586,100,21.65370369,79.75287628,21.91840172
2023/5/27 6:29,100,22.01620293,100,21.82349586,100,21.65370369,13.39331532,21.91840172
2023/5/27 6:30,100,22.01620293,100,21.72222328,100,21.65370369,0,21.91840172
2023/5/27 6:31,100,22.01620293,100,21.73669052,100,21.55243111,0,21.91840172
2023/5/27 6:32,100,22.01620293,100,21.73669052,100,21.65370369,0,21.81712914
2023/5/27 6:33,100,22.01620293,100,21.82349586,100,21.65370369,0,21.81712914
2023/5/27 6:34,100,22.27662086,100,21.72222328,100,21.65370369,0,21.81712914
2023/5/27 6:35,100,22.32002258,100,21.72222328,100,21.55243111,0,21.81712914
2023/5/27 6:36,100,22.32002258,100,21.73669052,100,21.55243111,0,21.81712914
2023/5/27 6:37,100,22.01620293,100,21.82349586,100,21.65370369,0,21.81712914
2023/5/27 6:38,100,22.01620293,100,21.82349586,100,21.65370369,0,21.81712914
2023/5/27 6:39,100,22.32002258,100,21.82349586,100,21.65370369,0,21.81712914
2023/5/27 6:40,100,22.32002258,100,21.82349586,100,21.65370369,0,21.81712914
2023/5/27 6:41,100,22.01620293,100,21.82349586,100,21.65370369,0,21.91840172
2023/5/27 6:42,100,22.32002258,100,21.82349586,100,21.65370369,0,21.91840172
2023/5/27 6:43,100,22.32002258,100,21.82349586,100,21.65370369,0,21.91840172
2023/5/27 6:44,100,22.32002258,100,21.82349586,100,21.65370369,0,21.91840172
2023/5/27 6:45,100,22.32002258,100,21.82349586,100,21.65370369,0,21.91840172
2023/5/27 6:46,100,22.30555534,100,21.82349586,100,21.65370369,0,21.91840172
2023/5/27 6:47,100,22.01620293,100,21.82349586,100,21.65370369,0,21.91840172
2023/5/27 6:48,100,22.01620293,100,21.82349586,100,21.65370369,0,21.90393448
2023/5/27 6:49,100,22.01620293,100,21.92476845,100,21.75497818,0.22561112,22.01967621
2023/5/27 6:50,100,22.01620293,100,21.92476845,100,21.75497818,10.96972656,22.01967621
2023/5/27 6:51,100,22.01620293,100,21.92476845,100,21.65370369,25.55909157,22.01967621
2023/5/27 6:52,100,22.01620293,100,21.92476845,100,21.65370369,40.37214661,22.01967621
2023/5/27 6:53,100,22.32002258,100,21.92476845,100,21.7260437,55.11824799,22.01967621
2023/5/27 6:54,100,22.32002258,100,21.93923569,100,21.75497818,70.1222229,22.01967621
2023/5/27 6:55,100,22.07407379,100,21.82349586,100,21.75497818,85.12646484,22.01967621
2023/5/27 6:56,100,22.01620293,100,21.82349586,100,21.75497818,100,22.01967621
2023/5/27 6:57,100,22.01620293,100,21.82349586,100,21.65370369,100,22.01967621
2023/5/27 6:58,100,22.32002258,100,21.82349586,100,21.75497818,100,22.01967621
2023/5/27 6:59,100,22.32002258,100,21.82349586,100,21.65370369,99.01784515,22.01967621
2023/5/27 7:00,100,22.32002258,100,21.82349586,100,21.55243111,63.27162933,21.91840172
2023/5/27 7:01,100,22.32002258,100,21.82349586,100,21.65370369,0,21.91840172
2023/5/27 7:02,100,22.32002258,100,21.82349586,100,21.65370369,0,21.91840172
2023/5/27 7:03,100,22.32002258,100,21.82349586,100,21.75497818,0,21.875
2023/5/27 7:04,100,22.32002258,100,21.92476845,100,21.75497818,0,21.81712914
2023/5/27 7:05,100,22.32002258,100,21.92476845,100,21.75497818,0,21.81712914
2023/5/27 7:06,100,22.32002258,100,21.93923569,100,21.75497818,0,21.81712914
2023/5/27 7:07,100,22.32002258,100,21.92476845,100,21.85625076,0,21.81712914
2023/5/27 7:08,100,22.32002258,100,21.92476845,100,21.75497818,0,21.81712914
2023/5/27 7:09,100,22.01620293,100,21.92476845,100,21.75497818,0,21.81712914
2023/5/27 7:10,100,22.01620293,100,21.92476845,100,21.75497818,0,21.81712914
2023/5/27 7:11,100,22.01620293,100,21.92476845,100,21.75497818,0,21.81712914
2023/5/27 7:12,100,22.01620293,100,21.92476845,100,21.75497818,0,21.81712914
2023/5/27 7:13,100,22.04513931,100,22.02604294,100,21.75497818,0,21.81712914
2023/5/27 7:14,100,22.32002258,100,22.02604294,100,21.75497818,0,21.81712914
2023/5/27 7:15,100,22.01620293,100,22.02604294,100,21.75497818,0,21.91840172
2023/5/27 7:16,100,22.30555534,100,22.02604294,100,21.75497818,0,21.91840172
2023/5/27 7:17,100,22.01620293,100,22.02604294,100,21.75497818,0,21.91840172
2023/5/27 7:18,100,22.01620293,100,22.02604294,100,21.85625076,0,21.91840172
2023/5/27 7:19,100,22.32002258,100,22.09837914,100,21.95752335,0,21.91840172
2023/5/27 7:20,100,22.32002258,100,22.02604294,100,21.84178352,0,21.91840172
2023/5/27 7:21,100,22.01620293,100,21.92476845,100,21.75497818,0,21.91840172
2023/5/27 7:22,100,22.01620293,100,22.02604294,100,21.85625076,0,21.91840172
2023/5/27 7:23,100,22.01620293,100,21.93923569,100,21.75497818,0,21.91840172
2023/5/27 7:24,100,22.01620293,100,21.99710655,100,21.75497818,0,21.91840172
2023/5/27 7:25,100,22.01620293,100,22.02604294,100,21.85625076,0,21.93287086
2023/5/27 7:26,100,22.01620293,100,22.02604294,100,21.85625076,0,21.91840172
2023/5/27 7:27,100,22.01620293,100,21.92476845,100,21.75497818,9.017524719,22.01967621
2023/5/27 7:28,100,22.01620293,100,21.92476845,100,21.75497818,23.79421806,22.01967621
2023/5/27 7:29,100,22.01620293,100,21.92476845,100,21.75497818,38.33443069,22.01967621
2023/5/27 7:30,100,22.32002258,100,21.92476845,100,21.65370369,53.20216751,22.01967621
2023/5/27 7:31,100,22.32002258,100,21.92476845,100,21.65370369,67.8655014,22.01967621
2023/5/27 7:32,100,22.21875,100,21.92476845,100,21.75497818,85.91366577,22.01967621
2023/5/27 7:33,100,22.32002258,100,21.92476845,100,21.75497818,100,22.01967621
2023/5/27 7:34,100,22.32002258,100,21.92476845,100,21.75497818,100,22.01967621
2023/5/27 7:35,100,22.01620293,100,21.82349586,100,21.65370369,100,22.01967621
2023/5/27 7:36,100,22.01620293,100,21.82349586,100,21.65370369,100,22.01967621
2023/5/27 7:37,100,22.01620293,100,21.82349586,100,21.75497818,55.26794434,21.91840172
2023/5/27 7:38,100,22.32002258,100,21.82349586,100,21.75497818,0,21.91840172
2023/5/27 7:39,100,22.04513931,100,21.82349586,100,21.74051094,0,21.81712914
2023/5/27 7:40,100,22.32002258,100,21.82349586,100,21.75497818,0,21.81712914
2023/5/27 7:41,100,22.01620293,100,21.93923569,100,21.75497818,0,21.81712914
2023/5/27 7:42,100,22.13194466,100,21.92476845,100,21.85625076,0,21.81712914
2023/5/27 7:43,100,22.32002258,100,21.92476845,100,21.85625076,0,21.81712914
2023/5/27 7:44,100,22.01620293,100,21.92476845,100,21.84178352,0,21.81712914
2023/5/27 7:45,100,22.01620293,100,21.92476845,100,21.85625076,0,21.81712914
2023/5/27 7:46,100,22.32002258,100,21.92476845,100,21.85625076,0,21.81712914
2023/5/27 7:47,100,22.01620293,100,22.02604294,100,21.85625076,0,21.81712914
2023/5/27 7:48,100,22.32002258,100,22.02604294,100,21.84178352,0,21.81712914
2023/5/27 7:49,100,22.01620293,100,21.92476845,100,21.75497818,0,21.81712914
2023/5/27 7:50,100,22.01620293,100,22.02604294,100,21.75497818,0,21.81712914
2023/5/27 7:51,100,22.32002258,100,21.92476845,100,21.75497818,0,21.91840172
2023/5/27 7:52,100,22.01620293,100,21.92476845,100,21.75497818,0,21.91840172
2023/5/27 7:53,100,22.01620293,100,21.92476845,100,21.75497818,0,21.91840172
2023/5/27 7:54,100,22.01620293,100,22.02604294,100,21.75497818,0,21.91840172
2023/5/27 7:55,100,22.32002258,100,22.02604294,100,21.75497818,0,21.91840172
2023/5/27 7:56,100,22.01620293,100,21.92476845,100,21.75497818,0,21.91840172
2023/5/27 7:57,100,22.01620293,100,21.92476845,100,21.65370369,0,21.91840172
2023/5/27 7:58,100,22.01620293,100,21.82349586,100,21.65370369,7.681839466,22.01967621
2023/5/27 7:59,100,22.01620293,100,21.92476845,100,21.65370369,22.7903862,22.01967621
2023/5/27 8:00,100,22.11747742,100,21.82349586,100,21.65370369,37.11818314,22.01967621
2023/5/27 8:01,100,22.11747742,100,21.82349586,100,21.65370369,52.11262512,22.01967621
2023/5/27 8:02,100,22.11747742,100,21.92476845,100,21.65370369,100,22.12094879
2023/5/27 8:03,100,22.11747742,100,21.82349586,100,21.65370369,100,22.12094879
2023/5/27 8:04,100,22.11747742,100,21.82349586,100,21.65370369,100,22.12094879
2023/5/27 8:05,100,22.11747742,100,21.92476845,100,21.75497818,100,22.12094879
2023/5/27 8:06,100,22.11747742,100,21.92476845,100,21.75497818,100,22.01967621
2023/5/27 8:07,100,22.11747742,100,21.82349586,100,21.65370369,100,22.01967621
2023/5/27 8:08,100,22.01620293,100,21.92476845,100,21.75497818,100,22.01967621
2023/5/27 8:09,100,22.11747742,100,21.92476845,100,21.75497818,65.85758209,21.91840172
2023/5/27 8:10,100,22.01620293,100,21.92476845,100,21.75497818,1.890463948,21.91840172
2023/5/27 8:11,100,22.01620293,100,21.92476845,100,21.65370369,0,21.91840172
2023/5/27 8:12,100,22.32002258,100,21.82349586,100,21.65370369,0,21.81712914
2023/5/27 8:13,100,22.32002258,100,21.8379631,100,21.65370369,0,21.81712914
2023/5/27 8:14,100,22.32002258,100,21.92476845,100,21.75497818,0,21.81712914
2023/5/27 8:15,100,22.32002258,100,21.92476845,100,21.75497818,0,21.81712914
2023/5/27 8:16,100,22.05960655,100,21.93923569,100,21.75497818,0,21.81712914
2023/5/27 8:17,100,22.23321724,100,22.02604294,100,21.78391266,0,21.81712914
2023/5/27 8:18,100,22.32002258,100,22.02604294,100,21.85625076,0,21.81712914
2023/5/27 8:19,100,22.32002258,100,22.02604294,100,21.75497818,0,21.91840172
2023/5/27 8:20,100,22.32002258,100,21.92476845,100,21.75497818,0,21.91840172
2023/5/27 8:21,100,22.01620293,100,22.02604294,100,21.85625076,0,21.91840172
2023/5/27 8:22,100,22.11747742,100,22.02604294,100,21.85625076,0,21.91840172
2023/5/27 8:23,100,22.10301018,100,22.02604294,100,21.85625076,0,21.91840172
2023/5/27 8:24,100,22.01620293,100,22.02604294,100,21.85625076,0,21.91840172
2023/5/27 8:25,100,22.11747742,100,22.02604294,100,21.85625076,0,21.91840172
2023/5/27 8:26,100,22.11747742,100,22.02604294,100,21.85625076,0,21.91840172
2023/5/27 8:27,100,22.11747742,100,22.02604294,100,21.85625076,0,21.91840172
2023/5/27 8:28,100,22.10301018,100,22.02604294,100,21.85625076,9.429760933,22.01967621
2023/5/27 8:29,100,22.11747742,100,22.02604294,100,21.85625076,24.20251846,22.01967621
2023/5/27 8:30,100,22.11747742,100,22.02604294,100,21.75497818,39.28186035,22.01967621
2023/5/27 8:31,100,22.11747742,100,21.92476845,100,21.75497818,53.83912659,22.01967621
2023/5/27 8:32,100,22.11747742,100,21.92476845,100,21.75497818,68.77584076,22.01967621
2023/5/27 8:33,100,22.11747742,100,21.92476845,100,21.75497818,83.72062683,22.01967621
2023/5/27 8:34,100,22.11747742,100,21.92476845,100,21.65370369,98.56778717,22.01967621
2023/5/27 8:35,100,22.11747742,100,21.92476845,100,21.75497818,100,22.01967621
2023/5/27 8:36,100,22.11747742,100,21.92476845,100,21.75497818,100,22.01967621
2023/5/27 8:37,100,22.11747742,100,22.02604294,100,21.85625076,86.23506165,21.91840172
2023/5/27 8:38,100,22.01620293,100,22.02604294,100,21.85625076,20.84818077,21.91840172
2023/5/27 8:39,100,22.11747742,100,22.02604294,100,21.85625076,0,21.91840172
2023/5/27 8:40,100,22.01620293,100,21.92476845,100,21.75497818,0,21.81712914
2023/5/27 8:41,100,22.01620293,100,21.92476845,100,21.65370369,0,21.81712914
2023/5/27 8:42,100,22.08854294,100,21.92476845,100,21.71157455,0,21.81712914
2023/5/27 8:43,100,22.01620293,100,21.92476845,100,21.75497818,0,21.81712914
2023/5/27 8:44,100,22.01620293,100,22.02604294,100,21.85625076,0,21.8026619
2023/5/27 8:45,100,22.01620293,100,22.02604294,100,21.85625076,0,21.81712914
2023/5/27 8:46,100,22.01620293,100,21.92476845,100,21.75497818,0,21.81712914
2023/5/27 8:47,100,22.01620293,100,21.92476845,100,21.75497818,0,21.81712914
2023/5/27 8:48,100,22.01620293,100,21.92476845,100,21.75497818,0,21.81712914
2023/5/27 8:49,100,22.03067207,100,21.92476845,100,21.75497818,0,21.81712914
2023/5/27 8:50,100,22.01620293,100,22.02604294,100,21.85625076,0,21.81712914
2023/5/27 8:51,100,22.01620293,100,22.02604294,100,21.84178352,0,21.83159828
2023/5/27 8:52,100,22.01620293,100,22.02604294,100,21.85625076,0,21.91840172
2023/5/27 8:53,100,22.11747742,100,22.02604294,100,21.85625076,0,21.91840172
2023/5/27 8:54,100,22.11747742,100,22.02604294,100,21.85625076,0,21.91840172
2023/5/27 8:55,100,22.11747742,100,22.12731552,100,21.94305611,0,21.91840172
2023/5/27 8:56,100,22.11747742,100,22.12731552,100,21.85625076,0,21.91840172
2023/5/27 8:57,100,22.11747742,100,22.02604294,100,21.85625076,0,21.91840172
2023/5/27 8:58,100,22.11747742,100,22.02604294,100,21.85625076,0,21.91840172
2023/5/27 8:59,100,22.11747742,100,22.02604294,100,21.85625076,0,21.91840172
2023/5/27 9:00,100,22.21875,100,22.02604294,100,21.85625076,0.164332271,22.01967621
2023/5/27 9:01,100,22.21875,100,22.02604294,100,21.85625076,10.80275726,22.01967621
2023/5/27 9:02,100,22.11747742,100,22.02604294,100,21.85625076,25.24589157,22.01967621
2023/5/27 9:03,100,22.1464119,100,22.02604294,100,21.85625076,40.14847565,22.01967621
2023/5/27 9:04,100,22.10301018,100,22.12731552,100,21.95752335,56.37142181,22.06307793
2023/5/27 9:05,100,22.11747742,100,22.12731552,100,21.95752335,100,22.12094879
2023/5/27 9:06,100,22.21875,100,22.12731552,100,21.95752335,100,22.12094879
2023/5/27 9:07,100,22.11747742,100,22.02604294,100,21.75497818,100,22.10648155
2023/5/27 9:08,100,22.21875,100,22.02604294,100,21.75497818,100,22.01967621
2023/5/27 9:09,100,22.21875,100,22.02604294,100,21.85625076,100,22.01967621
2023/5/27 9:10,100,22.21875,100,21.92476845,100,21.65370369,99.78663635,21.9473381
2023/5/27 9:11,100,22.11747742,100,21.92476845,100,21.75497818,58.19564056,21.91840172
2023/5/27 9:12,100,22.11747742,100,21.92476845,100,21.75497818,0,21.91840172
2023/5/27 9:13,100,22.11747742,100,21.92476845,100,21.75497818,0,21.81712914
2023/5/27 9:14,100,22.11747742,100,21.92476845,100,21.75497818,0,21.81712914
2023/5/27 9:15,100,22.11747742,100,21.92476845,100,21.75497818,0,21.81712914
2023/5/27 9:16,100,22.11747742,100,21.92476845,100,21.75497818,0,21.81712914
2023/5/27 9:17,100,22.01620293,100,21.92476845,100,21.75497818,0,21.81712914
2023/5/27 9:18,100,22.11747742,100,22.02604294,100,21.85625076,0,21.81712914
2023/5/27 9:19,100,22.11747742,100,21.92476845,100,21.75497818,0,21.81712914
2023/5/27 9:20,100,22.11747742,100,21.92476845,100,21.75497818,0,21.81712914
2023/5/27 9:21,100,22.11747742,100,21.93923569,100,21.75497818,0,21.81712914
2023/5/27 9:22,100,22.11747742,100,21.92476845,100,21.75497818,0,21.81712914
2023/5/27 9:23,100,22.11747742,100,21.93923569,100,21.75497818,0,21.81712914
2023/5/27 9:24,100,22.11747742,100,21.92476845,100,21.75497818,0,21.91840172
2023/5/27 9:25,100,22.11747742,100,21.92476845,100,21.75497818,0,21.91840172
2023/5/27 9:26,100,22.11747742,100,21.92476845,100,21.75497818,0,21.91840172
2023/5/27 9:27,100,22.11747742,100,21.92476845,100,21.74051094,0,21.91840172
2023/5/27 9:28,100,22.11747742,100,21.92476845,100,21.75497818,0,21.91840172
2023/5/27 9:29,100,22.11747742,100,21.93923569,100,21.75497818,0,21.91840172
2023/5/27 9:30,100,22.11747742,100,21.92476845,100,21.75497818,0,21.91840172
2023/5/27 9:31,100,22.21875,100,21.92476845,100,21.75497818,0,21.91840172
2023/5/27 9:32,100,22.21875,100,21.92476845,100,21.63923645,0,21.91840172
2023/5/27 9:33,100,22.11747742,100,21.92476845,100,21.65370369,0,21.91840172
2023/5/27 9:34,100,22.11747742,100,21.92476845,100,21.75497818,0,21.91840172
2023/5/27 9:35,100,22.11747742,100,21.92476845,100,21.75497818,0,21.99073982
2023/5/27 9:36,100,22.11747742,100,21.92476845,100,21.74051094,3.416776419,22.01967621
2023/5/27 9:37,100,22.11747742,100,21.82349586,100,21.65370369,18.67258263,22.01967621
2023/5/27 9:38,100,22.21875,100,21.92476845,100,21.75497818,33.54793167,22.01967621
2023/5/27 9:39,100,22.21875,100,21.92476845,100,21.75497818,48.26385117,22.01967621
2023/5/27 9:40,100,22.21875,100,21.92476845,100,21.75497818,63.43833923,22.01967621
2023/5/27 9:41,100,22.21875,100,21.92476845,100,21.75497818,78.55319214,22.01967621
2023/5/27 9:42,100,22.21875,100,21.92476845,100,21.75497818,92.82064056,22.01967621
2023/5/27 9:43,100,22.11747742,100,21.92476845,100,21.75497818,100,22.01967621
2023/5/27 9:44,100,22.11747742,100,21.92476845,100,21.75497818,100,22.01967621
2023/5/27 9:45,100,22.11747742,100,21.92476845,100,21.75497818,100,22.01967621
2023/5/27 9:46,100,22.21875,100,21.93923569,100,21.74051094,64.94215393,21.91840172
2023/5/27 9:47,100,22.11747742,100,21.92476845,100,21.75497818,0.481526136,21.91840172
2023/5/27 9:48,100,22.11747742,100,21.92476845,100,21.75497818,0,21.91840172
2023/5/27 9:49,100,22.11747742,100,21.82349586,100,21.75497818,0,21.81712914
2023/5/27 9:50,100,22.11747742,100,21.82349586,100,21.75497818,0,21.81712914
2023/5/27 9:51,100,22.11747742,100,21.89583206,100,21.75497818,0,21.8026619
2023/5/27 9:52,100,22.11747742,100,21.82349586,100,21.75497818,0,21.81712914
2023/5/27 9:53,100,22.11747742,100,21.92476845,100,21.75497818,0,21.81712914
2023/5/27 9:54,100,22.11747742,100,21.93923569,100,21.85625076,0,21.81712914
2023/5/27 9:55,100,22.11747742,100,21.92476845,100,21.85625076,0,21.81712914
2023/5/27 9:56,100,22.11747742,100,21.82349586,100,21.75497818,0,21.81712914
2023/5/27 9:57,100,22.11747742,100,21.82349586,100,21.65370369,0,21.81712914
2023/5/27 9:58,100,22.11747742,100,21.82349586,100,21.75497818,0,21.81712914
2023/5/27 9:59,100,22.11747742,100,21.82349586,100,21.75497818,0,21.81712914
2023/5/27 10:00,100,22.21875,100,21.82349586,100,21.75497818,0,21.81712914
2023/5/27 10:01,100,22.21875,100,21.82349586,100,21.75497818,0,21.91840172
2023/5/27 10:02,100,22.21875,100,21.82349586,100,21.75497818,0,21.91840172
2023/5/27 10:03,100,22.11747742,100,21.92476845,100,21.75497818,0,21.91840172
2023/5/27 10:04,100,22.11747742,100,21.92476845,100,21.75497818,0,21.91840172
2023/5/27 10:05,100,22.11747742,100,21.93923569,100,21.75497818,0,21.91840172
2023/5/27 10:06,100,22.11747742,100,21.92476845,100,21.75497818,0,21.91840172
2023/5/27 10:07,100,22.11747742,100,21.92476845,100,21.85625076,0,21.91840172
2023/5/27 10:08,100,22.21875,100,21.92476845,100,21.75497818,0,21.91840172
2023/5/27 10:09,100,22.21875,100,21.92476845,100,21.75497818,0,21.91840172
2023/5/27 10:10,100,22.21875,100,21.92476845,100,21.75497818,0,21.91840172
2023/5/27 10:11,100,22.20428276,100,21.92476845,100,21.75497818,1.244336605,22.01967621
2023/5/27 10:12,100,22.11747742,100,21.99710655,100,21.85625076,16.10255432,22.00520706
2023/5/27 10:13,100,22.21875,100,22.02604294,100,21.85625076,30.73237801,22.01967621
2023/5/27 10:14,100,22.21875,100,21.92476845,100,21.75497818,45.65528488,22.01967621
2023/5/27 10:15,100,22.21875,100,21.92476845,100,21.75497818,60.58246994,22.01967621
2023/5/27 10:16,100,22.21875,100,21.92476845,100,21.75497818,100,22.12094879
2023/5/27 10:17,100,22.21875,100,21.92476845,100,21.75497818,100,22.12094879
2023/5/27 10:18,100,22.21875,100,21.92476845,100,21.75497818,100,22.01967621
2023/5/27 10:19,100,22.21875,100,21.92476845,100,21.75497818,100,22.01967621
2023/5/27 10:20,100,22.20428276,100,21.93923569,100,21.75497818,100,22.01967621
2023/5/27 10:21,100,22.21875,100,21.92476845,100,21.75497818,100,22.01967621
2023/5/27 10:22,100,22.10301018,100,21.92476845,100,21.75497818,59.05667114,21.91840172
2023/5/27 10:23,100,22.21875,100,21.82349586,100,21.65370369,0,21.91840172
2023/5/27 10:24,100,22.21875,100,21.82349586,100,21.65370369,0,21.91840172
2023/5/27 10:25,100,22.11747742,100,21.73669052,100,21.55243111,0,21.81712914
2023/5/27 10:26,100,22.11747742,100,21.82349586,100,21.65370369,0,21.81712914
2023/5/27 10:27,100,22.11747742,100,21.82349586,100,21.66817284,0,21.8026619
2023/5/27 10:28,100,22.11747742,100,21.82349586,100,21.75497818,0,21.81712914
2023/5/27 10:29,100,22.11747742,100,21.92476845,100,21.75497818,0,21.81712914
2023/5/27 10:30,100,22.11747742,100,21.92476845,100,21.75497818,0,21.91840172
2023/5/27 10:31,100,22.11747742,100,21.92476845,100,21.75497818,0,21.91840172
2023/5/27 10:32,100,22.11747742,100,21.92476845,100,21.85625076,0,21.91840172
2023/5/27 10:33,100,22.11747742,100,21.92476845,100,21.85625076,0,21.91840172
2023/5/27 10:34,100,22.21875,100,21.92476845,100,21.85625076,0,21.91840172
2023/5/27 10:35,100,22.21875,100,21.92476845,100,21.85625076,0,21.91840172
2023/5/27 10:36,100,22.21875,100,21.92476845,100,21.85625076,10.7509985,22.01967621
2023/5/27 10:37,100,22.21875,100,21.92476845,100,21.75497818,25.44633675,22.01967621
2023/5/27 10:38,100,22.21875,100,21.92476845,100,21.75497818,40.35709,22.01967621
2023/5/27 10:39,100,22.21875,100,21.92476845,100,21.75497818,55.16420364,22.01967621
2023/5/27 10:40,100,22.21875,100,21.92476845,100,21.75497818,100,22.12094879
2023/5/27 10:41,100,22.17534828,100,21.92476845,100,21.85625076,100,22.10648155
2023/5/27 10:42,100,22.32002258,100,22.02604294,100,21.85625076,100,22.12094879
2023/5/27 10:43,100,22.32002258,100,22.01157379,100,21.89965248,100,22.12094879
2023/5/27 10:44,100,22.32002258,100,21.92476845,100,21.85625076,100,22.03414345
2023/5/27 10:45,100,22.32002258,100,21.92476845,100,21.85625076,100,22.01967621
2023/5/27 10:46,100,22.21875,100,21.92476845,100,21.85625076,100,22.01967621
2023/5/27 10:47,100,22.32002258,100,21.92476845,100,21.85625076,57.55846405,21.91840172
2023/5/27 10:48,100,22.21875,100,21.82349586,100,21.85625076,0,21.91840172
2023/5/27 10:49,100,22.21875,100,21.82349586,100,21.75497818,0,21.91840172
2023/5/27 10:50,100,22.21875,100,21.82349586,100,21.75497818,0,21.83159828
2023/5/27 10:51,100,22.21875,100,21.92476845,100,21.85625076,0,21.81712914
2023/5/27 10:52,100,22.11747742,100,21.92476845,100,21.85625076,0,21.81712914
2023/5/27 10:53,100,22.21875,100,21.92476845,100,21.85625076,0,21.81712914
2023/5/27 10:54,100,22.21875,100,21.92476845,100,21.85625076,0,21.81712914
2023/5/27 10:55,100,22.21875,100,21.92476845,100,21.85625076,0,21.81712914
2023/5/27 10:56,100,22.32002258,100,21.92476845,100,21.91412163,0,21.8026619
2023/5/27 10:57,100,22.32002258,100,21.92476845,100,21.85625076,0,21.81712914
2023/5/27 10:58,100,22.32002258,100,21.92476845,100,21.85625076,0,21.91840172
2023/5/27 10:59,100,22.21875,100,21.92476845,100,21.85625076,0,21.91840172
2023/5/27 11:00,100,22.11747742,100,21.92476845,100,21.85625076,0,21.91840172
2023/5/27 11:01,100,22.11747742,100,21.92476845,100,21.85625076,0,21.93287086
2023/5/27 11:02,100,22.21875,100,21.92476845,100,21.94305611,11.408144,22.01967621
2023/5/27 11:03,100,22.11747742,100,21.92476845,100,21.95752335,25.99696922,22.01967621
2023/5/27 11:04,100,22.11747742,100,21.92476845,100,21.85625076,40.75237656,22.01967621
2023/5/27 11:05,100,22.11747742,100,21.92476845,100,21.85625076,59.77384567,22.01967621
2023/5/27 11:06,100,22.21875,100,22.02604294,100,21.85625076,87.67184448,22.01967621
2023/5/27 11:07,100,22.21875,100,22.02604294,100,21.85625076,100,22.12094879
2023/5/27 11:08,100,22.21875,100,22.02604294,100,21.870718,100,22.01967621
2023/5/27 11:09,100,22.21875,100,22.02604294,100,21.85625076,100,22.00520706
2023/5/27 11:10,100,22.11747742,100,22.02604294,100,21.85625076,100,22.01967621
2023/5/27 11:11,100,22.11747742,100,22.02604294,100,21.85625076,100,22.01967621
2023/5/27 11:12,100,22.11747742,100,21.92476845,100,21.85625076,60.19202423,21.91840172
2023/5/27 11:13,100,22.11747742,100,21.92476845,100,21.85625076,0,21.91840172
2023/5/27 11:14,100,22.21875,100,21.82349586,100,21.85625076,0,21.875
2023/5/27 11:15,100,22.21875,100,21.92476845,100,21.75497818,0,21.81712914
2023/5/27 11:16,100,22.11747742,100,21.92476845,100,21.75497818,0,21.81712914
2023/5/27 11:17,100,22.11747742,100,21.92476845,100,21.75497818,0,21.81712914
2023/5/27 11:18,100,22.11747742,100,21.92476845,100,21.75497818,0,21.81712914
2023/5/27 11:19,100,22.11747742,100,21.92476845,100,21.85625076,0,21.81712914
2023/5/27 11:20,100,22.21875,100,21.92476845,100,21.85625076,0,21.81712914
2023/5/27 11:21,100,22.21875,100,21.92476845,100,21.85625076,0,21.81712914
2023/5/27 11:22,100,22.13194466,100,22.02604294,100,21.95752335,0,21.81712914
2023/5/27 11:23,100,22.11747742,100,22.02604294,100,21.95752335,0,21.81712914
2023/5/27 11:24,100,22.11747742,100,22.02604294,100,21.95752335,0,21.81712914
2023/5/27 11:25,100,22.11747742,100,21.92476845,100,21.85625076,0,21.91840172
2023/5/27 11:26,100,22.21875,100,21.92476845,100,21.85625076,0,21.91840172
2023/5/27 11:27,100,22.21875,100,21.92476845,100,21.85625076,0,21.91840172
2023/5/27 11:28,100,22.20428276,100,21.92476845,100,21.85625076,0,21.91840172
2023/5/27 11:29,100,22.21875,100,21.82349586,100,21.7260437,0,21.91840172
2023/5/27 11:30,100,22.11747742,100,21.82349586,100,21.75497818,0,21.97627258
2023/5/27 11:31,100,22.11747742,100,21.82349586,100,21.65370369,9.440995216,22.01967621
2023/5/27 11:32,100,22.11747742,100,21.82349586,100,21.65370369,23.80533981,22.01967621
2023/5/27 11:33,100,22.21875,100,21.92476845,100,21.75497818,39.00413513,22.01967621
2023/5/27 11:34,100,22.21875,100,21.92476845,100,21.74051094,53.46887589,22.01967621
2023/5/27 11:35,100,22.21875,100,21.92476845,100,21.85625076,68.41381073,22.01967621
2023/5/27 11:36,100,22.21875,100,21.92476845,100,21.85625076,100,22.10648155
2023/5/27 11:37,100,22.32002258,100,21.92476845,100,21.85625076,100,22.12094879
2023/5/27 11:38,100,22.21875,100,21.92476845,100,21.85625076,100,22.12094879
2023/5/27 11:39,100,22.17534828,100,22.02604294,100,21.85625076,100,22.01967621
2023/5/27 11:40,100,22.21875,100,22.02604294,100,21.85625076,100,22.01967621
2023/5/27 11:41,100,22.21875,100,21.92476845,100,21.85625076,100,22.01967621
2023/5/27 11:42,100,22.21875,100,21.92476845,100,21.85625076,56.12519836,21.91840172
2023/5/27 11:43,100,22.20428276,100,21.92476845,100,21.82731628,0,21.91840172
2023/5/27 11:44,100,22.21875,100,21.92476845,100,21.75497818,0,21.81712914
2023/5/27 11:45,100,22.21875,100,21.92476845,100,21.75497818,0,21.81712914
2023/5/27 11:46,100,22.21875,100,21.92476845,100,21.75497818,0,21.81712914
2023/5/27 11:47,100,22.10301018,100,21.92476845,100,21.75497818,0,21.81712914
2023/5/27 11:48,100,22.11747742,100,21.92476845,100,21.75497818,0,21.81712914
2023/5/27 11:49,100,22.11747742,100,21.92476845,100,21.75497818,0,21.81712914
2023/5/27 11:50,100,22.11747742,100,21.92476845,100,21.65370369,0,21.81712914
2023/5/27 11:51,100,22.21875,100,21.92476845,100,21.74051094,0,21.81712914
2023/5/27 11:52,100,22.11747742,100,21.92476845,100,21.75497818,0,21.81712914
2023/5/27 11:53,100,22.11747742,100,21.92476845,100,21.85625076,0,21.81712914
2023/5/27 11:54,100,22.21875,100,21.92476845,100,21.84178352,0,21.81712914
2023/5/27 11:55,100,22.21875,100,21.92476845,100,21.85625076,0,21.81712914
2023/5/27 11:56,100,22.21875,100,21.92476845,100,21.85625076,0,21.91840172
2023/5/27 11:57,100,22.11747742,100,21.92476845,100,21.85625076,0,21.91840172
2023/5/27 11:58,100,22.11747742,100,21.92476845,100,21.85625076,0,21.91840172
2023/5/27 11:59,100,22.11747742,100,21.92476845,100,21.85625076,0,21.91840172
2023/5/27 12:00,100,22.21875,100,21.92476845,100,21.85625076,0,21.91840172
2023/5/27 12:01,100,22.11747742,100,21.92476845,100,21.85625076,0,21.91840172
2023/5/27 12:02,100,22.11747742,100,21.92476845,100,21.75497818,0,21.91840172
2023/5/27 12:03,100,22.11747742,100,21.92476845,100,21.75497818,0,21.91840172
2023/5/27 12:04,100,22.11747742,100,21.92476845,100,21.75497818,0,21.91840172
2023/5/27 12:05,100,22.20428276,100,21.82349586,100,21.68264008,0,21.90393448
2023/5/27 12:06,100,22.21875,100,21.82349586,100,21.65370369,0,21.91840172
2023/5/27 12:07,100,22.11747742,100,21.92476845,100,21.75497818,0,21.91840172
2023/5/27 12:08,100,22.20428276,100,21.82349586,100,21.75497818,0,21.91840172
2023/5/27 12:09,100,22.21875,100,21.92476845,100,21.75497818,0,21.91840172
2023/5/27 12:10,100,22.21875,100,21.92476845,100,21.75497818,0,21.97627258
2023/5/27 12:11,100,22.21875,100,21.92476845,100,21.78391266,0,21.91840172
2023/5/27 12:12,100,22.11747742,100,21.82349586,100,21.75497818,0,21.91840172
2023/5/27 12:13,100,22.11747742,100,21.89583206,100,21.75497818,0,21.91840172
2023/5/27 12:14,100,22.21875,100,21.82349586,100,21.85625076,0.335767865,21.9473381
2023/5/27 12:15,100,22.11747742,100,21.82349586,100,21.75497818,0,21.91840172
2023/5/27 12:16,100,22.11747742,100,21.82349586,100,21.75497818,0.317799628,22.01967621
2023/5/27 12:17,100,22.21875,100,21.72222328,100,21.75497818,0.072913021,22.00520706
2023/5/27 12:18,100,22.11747742,100,21.72222328,100,21.75497818,0,21.91840172
2023/5/27 12:19,100,22.21875,100,21.73669052,100,21.65370369,0,21.91840172
2023/5/27 12:20,100,22.21875,100,21.73669052,100,21.65370369,0,21.91840172
2023/5/27 12:21,100,22.21875,100,21.73669052,100,21.65370369,0.142508432,21.99073982
2023/5/27 12:22,100,22.21875,100,21.82349586,100,21.75497818,12.0991888,22.01967621
2023/5/27 12:23,100,22.21875,100,21.82349586,100,21.75497818,26.90298653,22.01967621
2023/5/27 12:24,100,22.21875,100,21.82349586,100,21.75497818,39.13987732,22.01967621
2023/5/27 12:25,100,22.21875,100,21.82349586,100,21.75497818,34.91498566,21.97627258
2023/5/27 12:26,100,22.21875,100,21.92476845,100,21.75497818,0,21.91840172
2023/5/27 12:27,100,22.24768448,100,21.92476845,100,21.75497818,0,21.91840172
2023/5/27 12:28,100,22.32002258,100,21.92476845,100,21.75497818,0,21.91840172
2023/5/27 12:29,100,22.32002258,100,21.92476845,100,21.75497818,0,21.91840172
2023/5/27 12:30,100,22.21875,100,21.92476845,100,21.75497818,0,21.91840172
2023/5/27 12:31,100,22.21875,100,21.92476845,100,21.75497818,0,21.91840172
2023/5/27 12:32,100,22.21875,100,21.82349586,100,21.75497818,0,21.91840172
2023/5/27 12:33,100,22.32002258,100,21.82349586,100,21.65370369,0,21.91840172
2023/5/27 12:34,100,22.21875,100,21.82349586,100,21.65370369,0,21.91840172
2023/5/27 12:35,100,22.21875,100,21.82349586,100,21.65370369,0,21.91840172
2023/5/27 12:36,100,22.21875,100,21.91030121,100,21.65370369,0,21.91840172
2023/5/27 12:37,100,22.21875,100,21.82349586,100,21.65370369,0,21.91840172
2023/5/27 12:38,100,22.21875,100,21.82349586,100,21.75497818,3.696814537,21.96180534
2023/5/27 12:39,100,22.32002258,100,21.82349586,100,21.74051094,13.87453365,22.01967621
2023/5/27 12:40,100,22.21875,100,21.88136482,100,21.75497818,28.33271599,22.01967621
2023/5/27 12:41,100,22.21875,100,21.82349586,100,21.65370369,43.37700653,22.01967621
2023/5/27 12:42,100,22.21875,100,21.82349586,100,21.65370369,58.37498093,22.00520706
2023/5/27 12:43,100,22.21875,100,21.92476845,100,21.69710732,91.11070251,22.12094879
2023/5/27 12:44,100,22.21875,100,21.82349586,100,21.75497818,100,22.10648155
2023/5/27 12:45,100,22.21875,100,21.92476845,100,21.75497818,100,22.01967621
2023/5/27 12:46,100,22.32002258,100,21.92476845,100,21.85625076,100,22.01967621
2023/5/27 12:47,100,22.21875,100,21.92476845,100,21.85625076,87.88684845,21.91840172
2023/5/27 12:48,100,22.21875,100,21.93923569,100,21.85625076,22.1197319,21.91840172
2023/5/27 12:49,100,22.21875,100,21.92476845,100,21.85625076,0,21.88946724
2023/5/27 12:50,100,22.21875,100,21.92476845,100,21.85625076,0,21.81712914
2023/5/27 12:51,100,22.18981552,100,21.92476845,100,21.74051094,0,21.81712914
2023/5/27 12:52,100,22.11747742,100,21.82349586,100,21.75497818,0,21.81712914
2023/5/27 12:53,100,22.11747742,100,21.92476845,100,21.75497818,0,21.81712914
2023/5/27 12:54,100,22.11747742,100,21.92476845,100,21.74051094,0,21.81712914
2023/5/27 12:55,100,22.11747742,100,22.02604294,100,21.85625076,0,21.81712914
2023/5/27 12:56,100,22.10301018,100,22.12731552,100,21.84178352,0,21.81712914
2023/5/27 12:57,100,22.11747742,100,22.02604294,100,21.85625076,0,21.81712914
2023/5/27 12:58,100,22.21875,100,22.02604294,100,21.85625076,0,21.81712914
2023/5/27 12:59,100,22.11747742,100,22.02604294,100,21.85625076,0,21.83159828
2023/5/27 13:00,100,22.11747742,100,22.02604294,100,21.84178352,0,21.81712914
2023/5/27 13:01,100,22.11747742,100,22.02604294,100,21.85625076,0,21.81712914
2023/5/27 13:02,100,22.11747742,100,22.12731552,100,21.85625076,0,21.91840172
2023/5/27 13:03,100,22.11747742,100,22.12731552,100,21.85625076,0,21.91840172
2023/5/27 13:04,100,22.11747742,100,22.12731552,100,21.85625076,0,21.91840172
2023/5/27 13:05,100,22.11747742,100,22.12731552,100,21.84178352,0,21.91840172
2023/5/27 13:06,100,22.10301018,100,22.12731552,100,21.95752335,0,21.91840172
2023/5/27 13:07,100,22.21875,100,22.2285881,100,21.94305611,10.84338665,22.01967621
2023/5/27 13:08,100,22.20428276,100,22.2285881,100,22.05879784,25.67997742,22.01967621
2023/5/27 13:09,100,22.32002258,100,22.2285881,100,21.95752335,40.28409958,22.01967621
2023/5/27 13:10,100,22.42129707,100,22.2285881,100,22.04432869,55.17158127,22.01967621
2023/5/27 13:11,100,22.32002258,100,22.32986069,100,22.05879784,69.87944794,22.01967621
2023/5/27 13:12,100,22.32002258,100,22.21412086,100,22.04432869,84.5406189,22.00520706
2023/5/27 13:13,100,22.32002258,100,22.2285881,100,21.95752335,99.65309143,22.01967621
2023/5/27 13:14,100,22.32002258,100,22.2285881,100,21.95752335,100,22.01967621
2023/5/27 13:15,100,22.40682793,100,22.2285881,100,21.94305611,100,22.01967621
2023/5/27 13:16,100,22.42129707,100,22.12731552,100,21.94305611,70.77616882,21.91840172
2023/5/27 13:17,100,22.32002258,100,22.12731552,100,21.91412163,5.050639153,21.91840172
2023/5/27 13:18,100,22.32002258,100,22.02604294,100,21.85625076,0,21.81712914
2023/5/27 13:19,100,22.30555534,100,22.02604294,100,21.85625076,0,21.81712914
2023/5/27 13:20,100,22.30555534,100,22.02604294,100,21.84178352,0,21.81712914
2023/5/27 13:21,100,22.32002258,100,22.02604294,100,21.85625076,0,21.81712914
2023/5/27 13:22,100,22.32002258,100,22.02604294,100,21.84178352,0,21.81712914
2023/5/27 13:23,100,22.32002258,100,22.02604294,100,21.89965248,0,21.81712914
2023/5/27 13:24,100,22.32002258,100,22.12731552,100,21.95752335,0,21.81712914
2023/5/27 13:25,100,22.30555534,100,22.12731552,100,21.95752335,0,21.8026619
2023/5/27 13:26,100,22.32002258,100,22.12731552,100,21.95752335,0,21.81712914
2023/5/27 13:27,100,22.32002258,100,22.2285881,100,21.95752335,0,21.81712914
2023/5/27 13:28,100,22.42129707,100,22.2285881,100,21.95752335,0,21.81712914
2023/5/27 13:29,100,22.32002258,100,22.2285881,100,21.95752335,0,21.81712914
2023/5/27 13:30,100,22.32002258,100,22.12731552,100,21.85625076,0,21.81712914
2023/5/27 13:31,100,22.42129707,100,22.12731552,100,21.85625076,0,21.81712914
2023/5/27 13:32,100,22.32002258,100,22.12731552,100,21.85625076,0,21.81712914
2023/5/27 13:33,100,22.30555534,100,22.02604294,100,21.85625076,0,21.81712914
2023/5/27 13:34,100,22.32002258,100,22.02604294,100,21.85625076,0,21.81712914
2023/5/27 13:35,100,22.32002258,100,22.02604294,100,21.85625076,0,21.81712914
2023/5/27 13:36,100,22.32002258,100,22.02604294,100,21.95752335,0,21.91840172
2023/5/27 13:37,100,22.32002258,100,22.02604294,100,21.95752335,0,21.91840172
2023/5/27 13:38,100,22.32002258,100,22.02604294,100,21.95752335,0,21.91840172
2023/5/27 13:39,100,22.30555534,100,22.02604294,100,21.95752335,0,21.91840172
2023/5/27 13:40,100,22.32002258,100,22.02604294,100,21.95752335,0,21.91840172
2023/5/27 13:41,100,22.32002258,100,22.02604294,100,21.95752335,0,21.91840172
2023/5/27 13:42,100,22.21875,100,22.02604294,100,21.95752335,10.56448364,22.01967621
2023/5/27 13:43,100,22.11747742,100,22.02604294,100,21.85625076,25.62939453,22.01967621
2023/5/27 13:44,100,22.11747742,100,22.02604294,100,21.85625076,40.37032318,22.01967621
2023/5/27 13:45,100,22.11747742,100,22.02604294,100,21.95752335,55.18503952,22.01967621
2023/5/27 13:46,100,22.11747742,100,22.02604294,100,22.05879784,69.63858795,22.01967621
2023/5/27 13:47,100,22.11747742,100,22.12731552,100,22.05879784,87.19848633,22.01967621
2023/5/27 13:48,100,22.11747742,100,22.12731552,100,21.95752335,100,22.01967621
2023/5/27 13:49,100,22.01620293,100,22.12731552,100,21.95752335,100,22.01967621
2023/5/27 13:50,100,22.01620293,100,22.12731552,100,21.95752335,100,22.01967621
2023/5/27 13:51,100,22.01620293,100,22.02604294,100,21.95752335,59.27204895,21.91840172
2023/5/27 13:52,100,22.01620293,100,22.02604294,100,21.85625076,0,21.91840172
2023/5/27 13:53,100,22.01620293,100,22.02604294,100,21.85625076,0,21.91840172
2023/5/27 13:54,100,22.32002258,100,22.02604294,100,21.85625076,0,21.81712914
2023/5/27 13:55,100,22.01620293,100,22.02604294,100,21.85625076,0,21.81712914
2023/5/27 13:56,100,22.32002258,100,22.02604294,100,21.95752335,0,21.81712914
2023/5/27 13:57,100,22.32002258,100,22.02604294,100,21.95752335,0,21.81712914
2023/5/27 13:58,100,22.32002258,100,22.02604294,100,21.95752335,0,21.81712914
2023/5/27 13:59,100,22.21875,100,22.12731552,100,21.95752335,0,21.81712914
2023/5/27 14:00,100,22.21875,100,22.12731552,100,21.95752335,0,21.81712914
2023/5/27 14:01,100,22.21875,100,22.02604294,100,21.95752335,0,21.81712914
2023/5/27 14:02,100,22.21875,100,22.02604294,100,21.85625076,0,21.81712914
2023/5/27 14:03,100,22.21875,100,22.02604294,100,21.85625076,0,21.81712914
2023/5/27 14:04,100,22.21875,100,21.96817207,100,21.85625076,0,21.81712914
2023/5/27 14:05,100,22.11747742,100,22.02604294,100,21.85625076,0,21.91840172
2023/5/27 14:06,100,22.11747742,100,21.98263931,100,21.85625076,0,21.91840172
2023/5/27 14:07,100,22.11747742,100,22.02604294,100,21.85625076,0,21.91840172
2023/5/27 14:08,100,22.21875,100,22.01157379,100,21.85625076,0,21.91840172
2023/5/27 14:09,100,22.11747742,100,22.02604294,100,21.85625076,0,21.91840172
2023/5/27 14:10,100,22.11747742,100,22.02604294,100,21.85625076,0,21.9473381
2023/5/27 14:11,100,22.21875,100,22.02604294,100,21.85625076,10.51416683,22.01967621
2023/5/27 14:12,100,22.11747742,100,22.02604294,100,21.85625076,25.48649406,22.01967621
2023/5/27 14:13,100,22.11747742,100,22.02604294,100,21.84178352,40.40817261,22.01967621
2023/5/27 14:14,100,22.11747742,100,22.02604294,100,21.85625076,55.33073425,22.01967621
2023/5/27 14:15,100,22.11747742,100,22.02604294,100,21.95752335,70.25170898,22.01967621
2023/5/27 14:16,100,22.11747742,100,22.02604294,100,21.95752335,84.90570831,22.01967621
2023/5/27 14:17,100,22.11747742,100,22.02604294,100,21.94305611,99.56388092,22.01967621
2023/5/27 14:18,100,22.11747742,100,22.02604294,100,21.85625076,54.90541077,21.91840172
2023/5/27 14:19,100,22.11747742,100,22.02604294,100,21.88518524,0,21.91840172
2023/5/27 14:20,100,22.01620293,100,22.02604294,100,21.85625076,0,21.91840172
2023/5/27 14:21,100,22.11747742,100,21.93923569,100,21.85625076,0,21.81712914
2023/5/27 14:22,100,22.01620293,100,22.02604294,100,21.84178352,0,21.81712914
2023/5/27 14:23,100,21.91493034,100,21.93923569,100,21.85625076,0,21.81712914
2023/5/27 14:24,100,22.01620293,100,21.92476845,100,21.85625076,0,21.81712914
2023/5/27 14:25,100,22.10301018,100,21.92476845,100,21.75497818,0,21.81712914
2023/5/27 14:26,100,22.11747742,100,21.92476845,100,21.75497818,0,21.81712914
2023/5/27 14:27,100,22.21875,100,22.02604294,100,21.85625076,0,21.81712914
2023/5/27 14:28,100,22.21875,100,21.92476845,100,21.75497818,0,21.81712914
2023/5/27 14:29,100,22.10301018,100,22.02604294,100,21.75497818,0,21.81712914
2023/5/27 14:30,100,22.11747742,100,22.02604294,100,21.85625076,0,21.81712914
2023/5/27 14:31,100,22.11747742,100,22.02604294,100,21.85625076,0,21.81712914
2023/5/27 14:32,100,22.21875,100,22.02604294,100,21.84178352,0,21.81712914
2023/5/27 14:33,100,22.21875,100,22.02604294,100,21.85625076,0,21.81712914
2023/5/27 14:34,100,22.21875,100,22.02604294,100,21.85625076,0,21.81712914
2023/5/27 14:35,100,22.21875,100,22.02604294,100,21.85625076,0,21.81712914
2023/5/27 14:36,100,22.2910881,100,22.02604294,100,21.85625076,0,21.81712914
2023/5/27 14:37,100,22.21875,100,22.02604294,100,21.85625076,0,21.81712914
2023/5/27 14:38,100,22.21875,100,22.12731552,100,21.84178352,0,21.81712914
2023/5/27 14:39,100,22.21875,100,22.12731552,100,21.95752335,0,21.81712914
2023/5/27 14:40,100,22.32002258,100,22.12731552,100,21.95752335,0,21.81712914
2023/5/27 14:41,100,22.32002258,100,22.12731552,100,21.95752335,0,21.81712914
2023/5/27 14:42,100,22.32002258,100,22.12731552,100,21.94305611,0,21.81712914
2023/5/27 14:43,100,22.32002258,100,22.02604294,100,21.95752335,0,21.81712914
2023/5/27 14:44,100,22.32002258,100,22.06944466,100,21.85625076,0,21.81712914
2023/5/27 14:45,100,22.32002258,100,22.02604294,100,21.85625076,0,21.81712914
2023/5/27 14:46,100,22.32002258,100,22.12731552,100,21.92858887,0,21.81712914
2023/5/27 14:47,100,22.32002258,100,22.12731552,100,21.94305611,0,21.8026619
2023/5/27 14:48,100,22.32002258,100,22.12731552,100,21.95752335,0,21.81712914
2023/5/27 14:49,100,22.32002258,100,22.12731552,100,22.05879784,0,21.81712914
2023/5/27 14:50,100,22.32002258,100,22.2285881,100,22.05879784,0,21.81712914
2023/5/27 14:51,100,22.32002258,100,22.2285881,100,22.05879784,0,21.81712914
2023/5/27 14:52,100,22.32002258,100,22.2285881,100,22.05879784,0,21.81712914
2023/5/27 14:53,100,22.1464119,100,22.2285881,100,22.05879784,0,21.81712914
2023/5/27 14:54,100,22.01620293,100,22.2285881,100,22.05879784,0,21.81712914
2023/5/27 14:55,100,22.01620293,100,22.2285881,100,22.05879784,0,21.91840172
2023/5/27 14:56,100,22.32002258,100,22.21412086,100,22.05879784,0,21.91840172
2023/5/27 14:57,100,22.32002258,100,22.2285881,100,22.05879784,0,21.88946724
2023/5/27 14:58,100,22.32002258,100,22.2285881,100,22.16007042,0,21.91840172
2023/5/27 14:59,100,22.32002258,100,22.2285881,100,22.16007042,0,21.875
2023/5/27 15:00,100,22.32002258,100,22.2285881,100,22.05879784,0,21.91840172
2023/5/27 15:01,100,22.32002258,100,22.2285881,100,22.05879784,0,21.91840172
2023/5/27 15:02,100,22.32002258,100,22.2285881,100,22.05879784,0,21.91840172
2023/5/27 15:03,100,22.01620293,100,22.21412086,100,22.05879784,0,21.91840172
2023/5/27 15:04,100,22.30555534,100,22.2285881,100,22.05879784,0,21.91840172
2023/5/27 15:05,100,22.32002258,100,22.2285881,100,22.05879784,0,21.91840172
2023/5/27 15:06,100,22.32002258,100,22.32986069,100,22.16007042,0,21.91840172
2023/5/27 15:07,100,22.32002258,100,22.32986069,100,22.16007042,0,21.91840172
2023/5/27 15:08,100,22.01620293,100,22.32986069,100,22.261343,0,21.91840172
2023/5/27 15:09,100,22.01620293,100,22.32986069,100,22.1890049,0,21.91840172
2023/5/27 15:10,100,22.32002258,100,22.31539345,100,22.16007042,0,21.91840172
2023/5/27 15:11,100,22.32002258,100,22.32986069,100,22.16007042,0,21.91840172
2023/5/27 15:12,100,22.01620293,100,22.32986069,100,22.16007042,0,21.91840172
2023/5/27 15:13,100,22.01620293,100,22.32986069,100,22.16007042,0,21.91840172
2023/5/27 15:14,100,22.32002258,100,22.32986069,100,22.261343,0,21.91840172
2023/5/27 15:15,100,22.32002258,100,22.32986069,100,22.261343,0,21.91840172
2023/5/27 15:16,100,22.32002258,100,22.32986069,100,22.261343,0,21.91840172
2023/5/27 15:17,100,22.32002258,100,22.31539345,100,22.261343,0,21.90393448
2023/5/27 15:18,100,22.01620293,100,22.32986069,100,22.16007042,0,21.91840172
2023/5/27 15:19,100,22.01620293,100,22.32986069,100,22.16007042,0.021403819,21.99073982
2023/5/27 15:20,100,22.01620293,100,22.32986069,100,22.05879784,10.55732822,22.01967621
2023/5/27 15:21,100,22.01620293,100,22.2285881,100,21.95752335,25.39758492,22.01967621
2023/5/27 15:22,100,22.01620293,100,22.21412086,100,21.95752335,40.28251648,22.01967621
2023/5/27 15:23,100,22.01620293,100,22.2285881,100,21.95752335,54.90432739,22.01967621
2023/5/27 15:24,100,22.01620293,100,22.2285881,100,21.95752335,70.43716431,22.03414345
2023/5/27 15:25,100,22.32002258,100,22.2285881,100,22.05879784,100,22.12094879
2023/5/27 15:26,100,22.32002258,100,22.11284828,100,21.95752335,100,22.12094879
2023/5/27 15:27,100,22.32002258,100,22.12731552,100,21.95752335,100,22.09201431
2023/5/27 15:28,100,22.32002258,100,22.02604294,100,21.85625076,100,22.01967621
2023/5/27 15:29,100,22.32002258,100,22.02604294,100,21.85625076,100,22.01967621
2023/5/27 15:30,100,22.32002258,100,22.02604294,100,21.85625076,43.54147339,21.91840172
2023/5/27 15:31,100,22.32002258,100,21.92476845,100,21.85625076,0,21.81712914
2023/5/27 15:32,100,22.32002258,100,21.92476845,100,21.85625076,0,21.81712914
2023/5/27 15:33,100,22.32002258,100,22.02604294,100,21.85625076,0,21.81712914
2023/5/27 15:34,100,22.23321724,100,22.02604294,100,21.85625076,0,21.81712914
2023/5/27 15:35,100,22.21875,100,22.02604294,100,21.85625076,0,21.81712914
2023/5/27 15:36,100,22.21875,100,22.01157379,100,21.75497818,0,21.81712914
2023/5/27 15:37,100,22.21875,100,21.92476845,100,21.75497818,0,21.81712914
2023/5/27 15:38,100,22.21875,100,21.92476845,100,21.65370369,0,21.81712914
2023/5/27 15:39,100,22.21875,100,21.92476845,100,21.75497818,0,21.81712914
2023/5/27 15:40,100,22.21875,100,21.92476845,100,21.75497818,0,21.81712914
2023/5/27 15:41,100,22.21875,100,22.02604294,100,21.75497818,0,21.81712914
2023/5/27 15:42,100,22.21875,100,22.02604294,100,21.75497818,0,21.81712914
2023/5/27 15:43,100,22.21875,100,22.02604294,100,21.75497818,0,21.81712914
2023/5/27 15:44,100,22.32002258,100,22.12731552,100,21.85625076,0,21.81712914
2023/5/27 15:45,100,22.32002258,100,22.12731552,100,21.85625076,0,21.81712914
2023/5/27 15:46,100,22.32002258,100,22.02604294,100,21.85625076,0,21.81712914
2023/5/27 15:47,100,22.21875,100,22.12731552,100,21.95752335,0,21.83159828
2023/5/27 15:48,100,22.21875,100,22.12731552,100,21.95752335,0,21.91840172
2023/5/27 15:49,100,22.32002258,100,22.12731552,100,21.95752335,0,21.91840172
2023/5/27 15:50,100,22.32002258,100,22.12731552,100,21.95752335,0,21.91840172
2023/5/27 15:51,100,22.21875,100,22.2285881,100,22.05879784,0,21.91840172
2023/5/27 15:52,100,22.32002258,100,22.2285881,100,22.05879784,0,21.91840172
2023/5/27 15:53,100,22.32002258,100,22.2285881,100,22.05879784,0,21.91840172
2023/5/27 15:54,100,22.32002258,100,22.2285881,100,22.05879784,0,21.93287086
2023/5/27 15:55,100,22.32002258,100,22.14178276,100,22.05879784,6.087225914,22.01967621
2023/5/27 15:56,100,22.32002258,100,22.2285881,100,22.05879784,21.02394295,22.01967621
2023/5/27 15:57,100,22.32002258,100,22.2285881,100,22.05879784,35.76885605,22.01967621
2023/5/27 15:58,100,22.32002258,100,22.32986069,100,22.05879784,50.47243118,22.01967621
2023/5/27 15:59,100,22.32002258,100,22.32986069,100,22.05879784,65.78396606,22.00520706
2023/5/27 16:00,100,22.32002258,100,22.32986069,100,22.16007042,100,22.12094879
2023/5/27 16:01,100,22.32002258,100,22.32986069,100,22.08773232,100,22.01967621
2023/5/27 16:02,100,22.30555534,100,22.27198982,100,22.05879784,100,22.01967621
2023/5/27 16:03,100,22.32002258,100,22.32986069,100,22.05879784,100,22.01967621
2023/5/27 16:04,100,22.32002258,100,22.32986069,100,22.16007042,99.34160614,22.01967621
2023/5/27 16:05,100,22.32002258,100,22.32986069,100,22.16007042,36.77635956,21.91840172
2023/5/27 16:06,100,22.32002258,100,22.32986069,100,22.16007042,0,21.84606552
2023/5/27 16:07,100,22.32002258,100,22.32986069,100,22.05879784,0,21.81712914
2023/5/27 16:08,100,22.32002258,100,22.2285881,100,22.05879784,0,21.81712914
2023/5/27 16:09,100,22.32002258,100,22.2285881,100,22.05879784,0,21.81712914
2023/5/27 16:10,100,22.32002258,100,22.2285881,100,22.05879784,0,21.81712914
2023/5/27 16:11,100,22.32002258,100,22.2285881,100,22.05879784,0,21.81712914
2023/5/27 16:12,100,22.32002258,100,22.2285881,100,22.05879784,0,21.81712914
2023/5/27 16:13,100,22.32002258,100,22.2285881,100,22.05879784,0,21.81712914
2023/5/27 16:14,100,22.32002258,100,22.2285881,100,21.95752335,0,21.81712914
2023/5/27 16:15,100,22.32002258,100,22.2285881,100,22.05879784,0,21.81712914
2023/5/27 16:16,100,22.32002258,100,22.2285881,100,22.05879784,0,21.81712914
2023/5/27 16:17,100,22.32002258,100,22.2285881,100,22.05879784,0,21.81712914
2023/5/27 16:18,100,22.32002258,100,22.2285881,100,22.05879784,0,21.81712914
2023/5/27 16:19,100,22.32002258,100,22.21412086,100,22.05879784,0,21.81712914
2023/5/27 16:20,100,22.32002258,100,22.32986069,100,22.05879784,0,21.81712914
2023/5/27 16:21,100,22.32002258,100,22.32986069,100,22.16007042,0,21.91840172
2023/5/27 16:22,100,22.32002258,100,22.32986069,100,22.14560318,0,21.91840172
2023/5/27 16:23,100,22.32002258,100,22.32986069,100,22.16007042,0,21.91840172
2023/5/27 16:24,100,22.32002258,100,22.32986069,100,22.16007042,0,21.91840172
2023/5/27 16:25,100,22.32002258,100,22.32986069,100,22.16007042,0.111103758,22.00520706
2023/5/27 16:26,100,22.32002258,100,22.32986069,100,22.05879784,12.23418808,22.01967621
2023/5/27 16:27,100,22.32002258,100,22.32986069,100,22.13113594,26.81741905,22.01967621
2023/5/27 16:28,100,22.32002258,100,22.32986069,100,22.16007042,41.9737854,22.01967621
2023/5/27 16:29,100,22.32002258,100,22.32986069,100,22.16007042,56.60588837,22.01967621
2023/5/27 16:30,100,22.32002258,100,22.32986069,100,22.16007042,100,22.10648155
2023/5/27 16:31,100,22.32002258,100,22.32986069,100,22.16007042,100,22.12094879
2023/5/27 16:32,100,22.21875,100,22.2285881,100,22.05879784,100,22.12094879
2023/5/27 16:33,100,22.21875,100,22.2285881,100,22.05879784,100,22.07754707
2023/5/27 16:34,100,22.26215172,100,22.2285881,100,22.05879784,100,22.01967621
2023/5/27 16:35,100,22.32002258,100,22.32986069,100,22.07326508,99.85495758,22.01967621
2023/5/27 16:36,100,22.32002258,100,22.31539345,100,22.16007042,38.93908691,21.91840172
2023/5/27 16:37,100,22.32002258,100,22.32986069,100,22.16007042,0,21.91840172
2023/5/27 16:38,100,22.32002258,100,22.32986069,100,22.16007042,0,21.81712914
2023/5/27 16:39,100,22.32002258,100,22.32986069,100,22.16007042,0,21.81712914
2023/5/27 16:40,100,22.32002258,100,22.32986069,100,22.16007042,0,21.81712914
2023/5/27 16:41,100,22.32002258,100,22.32986069,100,22.16007042,0,21.81712914
2023/5/27 16:42,100,22.30555534,100,22.32986069,100,22.16007042,0,21.81712914
2023/5/27 16:43,100,22.21875,100,22.31539345,100,22.05879784,0,21.81712914
2023/5/27 16:44,100,22.21875,100,22.2285881,100,21.95752335,0,21.8026619
2023/5/27 16:45,100,22.32002258,100,22.32986069,100,22.05879784,0,21.81712914
2023/5/27 16:46,100,22.32002258,100,22.32986069,100,22.05879784,0,21.81712914
2023/5/27 16:47,100,22.21875,100,22.32986069,100,22.05879784,0,21.81712914
2023/5/27 16:48,100,22.21875,100,22.31539345,100,22.05879784,0,21.81712914
2023/5/27 16:49,100,22.23321724,100,22.32986069,100,22.05879784,0,21.81712914
2023/5/27 16:50,100,22.32002258,100,22.32986069,100,22.05879784,0,21.81712914
2023/5/27 16:51,100,22.32002258,100,22.32986069,100,22.05879784,0,21.91840172
2023/5/27 16:52,100,22.30555534,100,22.32986069,100,22.05879784,0,21.91840172
2023/5/27 16:53,100,22.32002258,100,22.2285881,100,21.95752335,0,21.91840172
2023/5/27 16:54,100,22.21875,100,22.2285881,100,21.95752335,0,21.91840172
2023/5/27 16:55,100,22.21875,100,22.2285881,100,21.95752335,0,21.91840172
2023/5/27 16:56,100,22.30555534,100,22.2285881,100,21.95752335,0,21.91840172
2023/5/27 16:57,100,22.21875,100,22.2285881,100,21.95752335,4.243564606,22.01967621
2023/5/27 16:58,100,22.32002258,100,22.2285881,100,21.95752335,18.73156929,22.01967621
2023/5/27 16:59,100,22.32002258,100,22.2285881,100,21.95752335,33.47237396,22.00520706
2023/5/27 17:00,100,22.32002258,100,22.2285881,100,21.95752335,48.3927536,22.01967621
2023/5/27 17:01,100,22.32002258,100,22.2285881,100,21.95752335,88.59046936,22.04861069
2023/5/27 17:02,100,22.32002258,100,22.2285881,100,21.95752335,100,22.12094879
2023/5/27 17:03,100,22.32002258,100,22.2285881,100,21.95752335,100,22.12094879
2023/5/27 17:04,100,22.27662086,100,22.2285881,100,21.94305611,100,22.01967621
2023/5/27 17:05,100,22.32002258,100,22.2285881,100,21.95752335,100,22.01967621
2023/5/27 17:06,100,22.30555534,100,22.2285881,100,21.95752335,92.79315186,21.91840172
2023/5/27 17:07,100,22.32002258,100,22.2285881,100,21.95752335,27.76680756,21.91840172
2023/5/27 17:08,100,22.21875,100,22.2285881,100,21.95752335,0,21.91840172
2023/5/27 17:09,100,22.21875,100,22.2285881,100,21.95752335,0,21.81712914
2023/5/27 17:10,100,22.21875,100,22.2285881,100,21.95752335,0,21.81712914
2023/5/27 17:11,100,22.21875,100,22.2285881,100,21.95752335,0,21.81712914
2023/5/27 17:12,100,22.21875,100,22.19965172,100,21.95752335,0,21.81712914
2023/5/27 17:13,100,22.21875,100,22.2285881,100,21.94305611,0,21.81712914
2023/5/27 17:14,100,22.30555534,100,22.2285881,100,21.95752335,0,21.81712914
2023/5/27 17:15,100,22.21875,100,22.21412086,100,21.95752335,0,21.81712914
2023/5/27 17:16,100,22.32002258,100,22.2285881,100,21.95752335,0,21.81712914
2023/5/27 17:17,100,22.32002258,100,22.2285881,100,21.94305611,0,21.8026619
2023/5/27 17:18,100,22.32002258,100,22.32986069,100,22.00092697,0,21.81712914
2023/5/27 17:19,100,22.32002258,100,22.2285881,100,21.95752335,0,21.91840172
2023/5/27 17:20,100,22.32002258,100,22.2285881,100,21.95752335,0,21.91840172
2023/5/27 17:21,100,22.32002258,100,22.2285881,100,21.98645782,0,21.91840172
2023/5/27 17:22,100,22.32002258,100,22.32986069,100,22.04432869,0,21.91840172
2023/5/27 17:23,100,22.21875,100,22.32986069,100,21.95752335,0,21.91840172
2023/5/27 17:24,100,22.32002258,100,22.32986069,100,22.05879784,3.885695219,22.01967621
2023/5/27 17:25,100,22.32002258,100,22.2285881,100,22.05879784,18.99127197,22.01967621
2023/5/27 17:26,100,22.32002258,100,22.2285881,100,21.95752335,33.82331085,22.01967621
2023/5/27 17:27,100,22.21875,100,22.2285881,100,21.95752335,48.35695648,22.01967621
2023/5/27 17:28,100,22.21875,100,22.2285881,100,21.95752335,63.13301086,22.01967621
2023/5/27 17:29,100,22.21875,100,22.32986069,100,22.05879784,80.59074402,22.01967621
2023/5/27 17:30,100,22.21875,100,22.2285881,100,21.95752335,99.80921173,22.01967621
2023/5/27 17:31,100,22.21875,100,22.21412086,100,21.95752335,100,22.09201431
2023/5/27 17:32,100,22.21875,100,22.2285881,100,21.95752335,100,22.00520706
2023/5/27 17:33,100,22.21875,100,22.2285881,100,22.05879784,100,22.01967621
2023/5/27 17:34,100,22.21875,100,22.2285881,100,22.05879784,93.43515015,21.91840172
2023/5/27 17:35,100,22.21875,100,22.2285881,100,22.05879784,27.76544189,21.91840172
2023/5/27 17:36,100,22.21875,100,22.2285881,100,22.05879784,0,21.81712914
2023/5/27 17:37,100,22.21875,100,22.2285881,100,21.95752335,0,21.81712914
2023/5/27 17:38,100,22.11747742,100,22.12731552,100,21.95752335,0,21.81712914
2023/5/27 17:39,100,22.11747742,100,22.12731552,100,21.95752335,0,21.81712914
2023/5/27 17:40,100,22.11747742,100,22.12731552,100,21.95752335,0,21.81712914
2023/5/27 17:41,100,22.21875,100,22.12731552,100,21.95752335,0,21.81712914
2023/5/27 17:42,100,22.24768448,100,22.2285881,100,21.95752335,0,21.81712914
2023/5/27 17:43,100,22.11747742,100,22.12731552,100,21.95752335,0,21.81712914
2023/5/27 17:44,100,22.11747742,100,22.12731552,100,21.85625076,0,21.81712914
2023/5/27 17:45,100,22.11747742,100,22.12731552,100,21.85625076,0,21.81712914
2023/5/27 17:46,100,22.11747742,100,22.12731552,100,21.91412163,0,21.81712914
2023/5/27 17:47,100,22.21875,100,22.21412086,100,21.95752335,0,21.81712914
2023/5/27 17:48,100,22.21875,100,22.2285881,100,21.95752335,0,21.81712914
2023/5/27 17:49,100,22.21875,100,22.18518448,100,21.95752335,0,21.81712914
2023/5/27 17:50,100,22.11747742,100,22.12731552,100,21.85625076,0,21.81712914
2023/5/27 17:51,100,22.21875,100,22.2285881,100,21.95752335,0,21.81712914
2023/5/27 17:52,100,22.21875,100,22.2285881,100,21.95752335,0,21.81712914
2023/5/27 17:53,100,22.21875,100,22.2285881,100,21.95752335,0,21.88946724
2023/5/27 17:54,100,22.21875,100,22.2285881,100,21.95752335,0,21.91840172
2023/5/27 17:55,100,22.13194466,100,22.2285881,100,21.95752335,0,21.91840172
2023/5/27 17:56,100,22.11747742,100,22.2285881,100,21.95752335,0,21.91840172
2023/5/27 17:57,100,22.21875,100,22.2285881,100,21.95752335,0,21.91840172
2023/5/27 17:58,100,22.21875,100,22.12731552,100,21.95752335,0,21.97627258
2023/5/27 17:59,100,22.11747742,100,22.12731552,100,21.95752335,13.08116245,22.01967621
2023/5/27 18:00,100,22.1464119,100,22.21412086,100,21.95752335,27.87917328,22.01967621
2023/5/27 18:01,100,22.13194466,100,22.2285881,100,21.95752335,42.79815292,22.01967621
2023/5/27 18:02,100,22.20428276,100,22.32986069,100,22.05879784,57.64496613,22.01967621
2023/5/27 18:03,100,22.21875,100,22.32986069,100,22.05879784,72.30316162,22.01967621
2023/5/27 18:04,100,22.11747742,100,22.32986069,100,22.05879784,87.74828339,22.01967621
2023/5/27 18:05,100,22.21875,100,22.2285881,100,22.05879784,100,22.01967621
2023/5/27 18:06,100,22.21875,100,22.32986069,100,22.05879784,100,22.01967621
2023/5/27 18:07,100,22.21875,100,22.21412086,100,22.05879784,85.07739258,21.91840172
2023/5/27 18:08,100,22.21875,100,22.2285881,100,22.05879784,19.76377487,21.91840172
2023/5/27 18:09,100,22.21875,100,22.2285881,100,21.95752335,0,21.91840172
2023/5/27 18:10,100,22.17534828,100,22.2285881,100,21.95752335,0,21.81712914
2023/5/27 18:11,100,22.11747742,100,22.2285881,100,21.95752335,0,21.81712914
2023/5/27 18:12,100,22.11747742,100,22.2285881,100,21.95752335,0,21.81712914
2023/5/27 18:13,100,22.11747742,100,22.2285881,100,21.95752335,0,21.81712914
2023/5/27 18:14,100,22.21875,100,22.2285881,100,22.05879784,0,21.81712914
2023/5/27 18:15,100,22.11747742,100,22.2285881,100,21.95752335,0,21.81712914
2023/5/27 18:16,100,22.11747742,100,22.2285881,100,21.95752335,0,21.81712914
2023/5/27 18:17,100,22.11747742,100,22.2285881,100,21.95752335,0,21.81712914
2023/5/27 18:18,100,22.21875,100,22.2285881,100,21.95752335,0,21.81712914
2023/5/27 18:19,,,,,,,,
2023/5/27 18:20,,,,,,,,
2023/5/27 18:21,,,,,,,,
2023/5/27 18:22,,,,,,,,
2023/5/27 18:23,,,,,,,,
2023/5/27 18:24,,,,,,,,
2023/5/27 18:25,,,,,,,,
2023/5/27 18:26,100,22.11747742,100,22.31539345,100,21.95752335,0,21.90393448
2023/5/27 18:27,100,22.11747742,100,22.32986069,100,22.05879784,0,21.91840172
2023/5/27 18:28,100,22.11747742,100,22.32986069,100,22.05879784,0,21.91840172
2023/5/27 18:29,100,22.11747742,100,22.32986069,100,22.05879784,0,21.91840172
2023/5/27 18:30,100,22.21875,100,22.32986069,100,22.05879784,0,21.91840172
2023/5/27 18:31,100,22.21875,100,22.2285881,100,22.05879784,7.718859196,22.01967621
2023/5/27 18:32,100,22.32002258,100,22.21412086,100,22.05879784,22.03730965,22.01967621
2023/5/27 18:33,100,22.32002258,100,22.2285881,100,22.05879784,36.75259399,22.01967621
2023/5/27 18:34,100,22.21875,100,22.2285881,100,21.94305611,51.67361832,22.01967621
2023/5/27 18:35,100,22.30555534,100,22.21412086,100,21.95752335,66.4411087,22.01967621
2023/5/27 18:36,100,22.21875,100,22.17071724,100,21.95752335,80.64647675,22.01967621
2023/5/27 18:37,100,22.21875,100,22.2285881,100,21.95752335,97.64336395,22.01967621
2023/5/27 18:38,100,22.21875,100,22.2285881,100,21.94305611,100,22.01967621
2023/5/27 18:39,100,22.21875,100,22.2285881,100,22.05879784,100,22.00520706
2023/5/27 18:40,100,22.21875,100,22.2285881,100,22.05879784,73.87511444,21.90393448
2023/5/27 18:41,100,22.21875,100,22.2285881,100,22.05879784,7.027842522,21.91840172
2023/5/27 18:42,100,22.21875,100,22.2285881,100,22.05879784,0,21.81712914
2023/5/27 18:43,100,22.21875,100,22.2285881,100,22.04432869,0,21.81712914
2023/5/27 18:44,100,22.21875,100,22.2285881,100,21.95752335,0,21.81712914
2023/5/27 18:45,100,22.21875,100,22.2285881,100,21.95752335,0,21.81712914
2023/5/27 18:46,100,22.21875,100,22.21412086,100,21.95752335,0,21.81712914
2023/5/27 18:47,100,22.21875,100,22.2285881,100,21.95752335,0,21.8026619
2023/5/27 18:48,100,22.21875,100,22.2285881,100,21.95752335,0,21.81712914
2023/5/27 18:49,100,22.21875,100,22.12731552,100,21.95752335,0,21.81712914
2023/5/27 18:50,100,22.32002258,100,22.18518448,100,21.95752335,0,21.81712914
2023/5/27 18:51,100,22.32002258,100,22.2285881,100,21.95752335,0,21.81712914
2023/5/27 18:52,100,22.21875,100,22.2285881,100,21.95752335,0,21.81712914
2023/5/27 18:53,100,22.21875,100,22.2285881,100,22.04432869,0,21.81712914
2023/5/27 18:54,100,22.21875,100,22.2285881,100,21.95752335,0,21.81712914
2023/5/27 18:55,100,22.21875,100,22.21412086,100,21.95752335,0,21.81712914
2023/5/27 18:56,100,22.21875,100,22.2285881,100,21.95752335,0,21.81712914
2023/5/27 18:57,100,22.21875,100,22.2285881,100,21.95752335,0,21.81712914
2023/5/27 18:58,100,22.21875,100,22.2285881,100,21.95752335,0,21.91840172
2023/5/27 18:59,100,22.24768448,100,22.2285881,100,22.05879784,0,21.91840172
2023/5/27 19:00,100,22.32002258,100,22.21412086,100,21.95752335,0,21.91840172
2023/5/27 19:01,100,22.32002258,100,22.2285881,100,21.95752335,0,21.91840172
2023/5/27 19:02,100,22.32002258,100,22.32986069,100,22.05879784,0,21.91840172
2023/5/27 19:03,100,22.20428276,100,22.32986069,100,22.05879784,0,21.91840172
2023/5/27 19:04,100,22.21875,100,22.32986069,100,22.05879784,0,21.91840172
2023/5/27 19:05,100,22.21875,100,22.2285881,100,21.95752335,0,21.91840172
2023/5/27 19:06,100,22.32002258,100,22.2285881,100,21.95752335,6.66921711,22.01967621
2023/5/27 19:07,100,22.21875,100,22.12731552,100,21.95752335,21.40872955,22.01967621
2023/5/27 19:08,100,22.21875,100,22.12731552,100,21.95752335,35.83805084,22.01967621
2023/5/27 19:09,100,22.21875,100,22.12731552,100,21.85625076,50.74687576,22.01967621
2023/5/27 19:10,100,22.21875,100,22.2285881,100,21.95752335,100,22.12094879
2023/5/27 19:11,100,22.24768448,100,22.2285881,100,21.95752335,100,22.12094879
2023/5/27 19:12,100,22.21875,100,22.2285881,100,21.95752335,100,22.09201431
2023/5/27 19:13,100,22.21875,100,22.2285881,100,22.04432869,100,22.01967621
2023/5/27 19:14,100,22.21875,100,22.2285881,100,21.95752335,100,22.01967621
2023/5/27 19:15,100,22.21875,100,22.2285881,100,21.95752335,83.60288239,21.91840172
2023/5/27 19:16,100,22.21875,100,22.2285881,100,21.95752335,17.98707008,21.91840172
2023/5/27 19:17,100,22.11747742,100,22.2285881,100,22.05879784,0,21.81712914
2023/5/27 19:18,100,22.11747742,100,22.21412086,100,22.05879784,0,21.81712914
2023/5/27 19:19,100,22.11747742,100,22.2285881,100,22.05879784,0,21.81712914
2023/5/27 19:20,100,22.21875,100,22.2285881,100,22.05879784,0,21.81712914
2023/5/27 19:21,100,22.21875,100,22.2285881,100,21.95752335,0,21.81712914
2023/5/27 19:22,100,22.21875,100,22.2285881,100,22.05879784,0,21.81712914
2023/5/27 19:23,100,22.21875,100,22.30092621,100,22.05879784,0,21.81712914
2023/5/27 19:24,100,22.17534828,100,22.2285881,100,22.05879784,0,21.81712914
2023/5/27 19:25,100,22.11747742,100,22.32986069,100,22.05879784,0,21.81712914
2023/5/27 19:26,100,22.21875,100,22.32986069,100,22.05879784,0,21.81712914
2023/5/27 19:27,100,22.21875,100,22.32986069,100,22.05879784,0,21.81712914
2023/5/27 19:28,100,22.32002258,100,22.2285881,100,21.95752335,0,21.81712914
2023/5/27 19:29,100,22.21875,100,22.2285881,100,21.95752335,0,21.81712914
2023/5/27 19:30,100,22.21875,100,22.2285881,100,22.05879784,0,21.81712914
2023/5/27 19:31,100,22.21875,100,22.2285881,100,22.05879784,0,21.91840172
2023/5/27 19:32,100,22.21875,100,22.2285881,100,21.95752335,0,21.90393448
2023/5/27 19:33,100,22.21875,100,22.2285881,100,21.95752335,0,21.91840172
2023/5/27 19:34,100,22.32002258,100,22.12731552,100,22.05879784,0,21.91840172
2023/5/27 19:35,100,22.30555534,100,22.2285881,100,22.05879784,0,21.91840172
2023/5/27 19:36,100,22.21875,100,22.2285881,100,22.05879784,0,21.91840172
2023/5/27 19:37,100,22.21875,100,22.32986069,100,22.16007042,8.783959389,22.01967621
2023/5/27 19:38,100,22.32002258,100,22.32986069,100,22.05879784,23.49503708,22.01967621
2023/5/27 19:39,100,22.21875,100,22.32986069,100,22.16007042,38.41628265,22.01967621
2023/5/27 19:40,100,22.27662086,100,22.43113518,100,22.16007042,100,22.12094879
2023/5/27 19:41,100,22.21875,100,22.43113518,100,22.16007042,100,22.12094879
2023/5/27 19:42,100,22.21875,100,22.32986069,100,22.07326508,100,22.12094879
2023/5/27 19:43,100,22.32002258,100,22.32986069,100,22.16007042,100,22.07754707
2023/5/27 19:44,100,22.21875,100,22.32986069,100,22.05879784,100,22.01967621
2023/5/27 19:45,100,22.21875,100,22.2285881,100,21.95752335,100,22.01967621
2023/5/27 19:46,100,22.32002258,100,22.12731552,100,21.95752335,40.40215302,21.90393448
2023/5/27 19:47,100,22.30555534,100,22.12731552,100,21.85625076,0,21.81712914
2023/5/27 19:48,100,22.32002258,100,22.12731552,100,21.95752335,0,21.81712914
2023/5/27 19:49,100,22.32002258,100,22.12731552,100,21.95752335,0,21.81712914
2023/5/27 19:50,100,22.21875,100,22.2285881,100,22.05879784,0,21.81712914
2023/5/27 19:51,100,22.21875,100,22.2285881,100,22.04432869,0,21.81712914
2023/5/27 19:52,100,22.32002258,100,22.2285881,100,22.05879784,0,21.81712914
2023/5/27 19:53,100,22.32002258,100,22.12731552,100,21.95752335,0,21.81712914
2023/5/27 19:54,100,22.32002258,100,22.2285881,100,21.95752335,0,21.81712914
2023/5/27 19:55,100,22.32002258,100,22.11284828,100,21.85625076,0,21.81712914
2023/5/27 19:56,100,22.32002258,100,22.12731552,100,21.85625076,0,21.81712914
2023/5/27 19:57,100,22.32002258,100,22.12731552,100,21.94305611,0,21.81712914
2023/5/27 19:58,100,22.32002258,100,22.12731552,100,21.85625076,0,21.81712914
2023/5/27 19:59,100,22.32002258,100,22.12731552,100,21.85625076,0,21.81712914
2023/5/27 20:00,100,22.32002258,100,22.12731552,100,21.85625076,0,21.81712914
2023/5/27 20:01,100,22.32002258,100,22.12731552,100,21.85625076,0,21.81712914
2023/5/27 20:02,100,22.32002258,100,22.12731552,100,21.85625076,0,21.81712914
2023/5/27 20:03,100,22.01620293,100,22.12731552,100,21.85625076,0,21.81712914
2023/5/27 20:04,100,22.32002258,100,22.11284828,100,21.95752335,0,21.81712914
2023/5/27 20:05,100,22.32002258,100,22.14178276,100,21.95752335,0,21.81712914
2023/5/27 20:06,100,22.32002258,100,22.12731552,100,21.85625076,0,21.81712914
2023/5/27 20:07,100,22.01620293,100,22.12731552,100,21.84178352,0,21.81712914
2023/5/27 20:08,100,22.32002258,100,22.12731552,100,21.85625076,0,21.91840172
2023/5/27 20:09,100,22.01620293,100,22.2285881,100,21.95752335,0,21.91840172
2023/5/27 20:10,100,22.32002258,100,22.2285881,100,21.95752335,0,21.91840172
2023/5/27 20:11,100,22.32002258,100,22.2285881,100,21.94305611,0,21.91840172
2023/5/27 20:12,100,22.32002258,100,22.2285881,100,21.95752335,0,21.91840172
2023/5/27 20:13,100,22.30555534,100,22.12731552,100,21.85625076,0,21.91840172
2023/5/27 20:14,100,22.30555534,100,22.12731552,100,21.85625076,0,21.91840172
2023/5/27 20:15,100,22.01620293,100,22.2285881,100,21.95752335,0.021344699,22.00520706
2023/5/27 20:16,100,22.01620293,100,22.12731552,100,21.95752335,9.135936737,22.01967621
2023/5/27 20:17,100,22.01620293,100,22.12731552,100,21.94305611,24.26515198,22.01967621
2023/5/27 20:18,100,22.01620293,100,22.12731552,100,21.95752335,39.03481674,22.00520706
2023/5/27 20:19,100,22.01620293,100,22.2285881,100,21.97199059,53.66799545,22.01967621
2023/5/27 20:20,100,22.01620293,100,22.2285881,100,22.05879784,68.58835602,22.01967621
2023/5/27 20:21,100,22.01620293,100,22.2285881,100,22.05879784,100,22.06307793
2023/5/27 20:22,100,22.01620293,100,22.2285881,100,22.05879784,100,22.12094879
2023/5/27 20:23,100,22.32002258,100,22.2285881,100,22.05879784,100,22.01967621
2023/5/27 20:24,100,22.04513931,100,22.2285881,100,21.95752335,100,22.01967621
2023/5/27 20:25,100,22.32002258,100,22.2285881,100,21.95752335,100,22.01967621
2023/5/27 20:26,100,22.32002258,100,22.2285881,100,21.94305611,50.41939545,21.91840172
2023/5/27 20:27,100,22.32002258,100,22.12731552,100,21.95752335,0,21.91840172
2023/5/27 20:28,100,22.32002258,100,22.12731552,100,21.95752335,0,21.91840172
2023/5/27 20:29,100,22.32002258,100,22.12731552,100,21.95752335,0,21.81712914
2023/5/27 20:30,100,22.32002258,100,22.12731552,100,21.95752335,0,21.81712914
2023/5/27 20:31,100,22.32002258,100,22.12731552,100,21.95752335,0,21.81712914
2023/5/27 20:32,100,22.32002258,100,22.12731552,100,21.95752335,0,21.81712914
2023/5/27 20:33,100,22.32002258,100,22.12731552,100,21.95752335,0,21.81712914
2023/5/27 20:34,100,22.32002258,100,22.2285881,100,22.05879784,0,21.81712914
2023/5/27 20:35,100,22.32002258,100,22.2285881,100,22.05879784,0,21.81712914
2023/5/27 20:36,100,22.32002258,100,22.2285881,100,22.05879784,0,21.81712914
2023/5/27 20:37,100,22.32002258,100,22.2285881,100,21.95752335,0,21.81712914
2023/5/27 20:38,100,22.30555534,100,22.2285881,100,21.95752335,0,21.81712914
2023/5/27 20:39,100,22.21875,100,22.2285881,100,21.95752335,0,21.81712914
2023/5/27 20:40,100,22.32002258,100,22.2285881,100,21.95752335,0,21.81712914
2023/5/27 20:41,100,22.32002258,100,22.2285881,100,21.95752335,0,21.91840172
2023/5/27 20:42,100,22.32002258,100,22.2285881,100,22.04432869,0,21.875
2023/5/27 20:43,100,22.32002258,100,22.2285881,100,21.95752335,0,21.91840172
2023/5/27 20:44,100,22.01620293,100,22.14178276,100,21.95752335,0,21.91840172
2023/5/27 20:45,100,22.32002258,100,22.2285881,100,21.95752335,0,21.91840172
2023/5/27 20:46,100,22.32002258,100,22.2285881,100,21.95752335,0,21.90393448
2023/5/27 20:47,100,22.30555534,100,22.2285881,100,21.95752335,0,21.91840172
2023/5/27 20:48,100,22.03067207,100,22.2285881,100,21.95752335,0,21.91840172
2023/5/27 20:49,100,22.01620293,100,22.21412086,100,21.95752335,1.045082808,22.01967621
2023/5/27 20:50,100,22.01620293,100,22.2285881,100,22.05879784,15.82865429,22.01967621
2023/5/27 20:51,100,22.01620293,100,22.2285881,100,21.95752335,30.37874413,22.01967621
2023/5/27 20:52,100,22.32002258,100,22.2285881,100,21.95752335,45.08816147,22.01967621
2023/5/27 20:53,100,22.32002258,100,22.2285881,100,21.95752335,59.9936676,22.01967621
2023/5/27 20:54,100,22.04513931,100,22.24305534,100,22.05879784,74.72303772,22.01967621
2023/5/27 20:55,100,22.01620293,100,22.32986069,100,21.95752335,90.83097839,22.04861069
2023/5/27 20:56,100,22.03067207,100,22.2285881,100,21.95752335,100,22.00520706
2023/5/27 20:57,100,22.10301018,100,22.2285881,100,22.05879784,100,22.01967621
2023/5/27 20:58,100,22.01620293,100,22.21412086,100,22.05879784,98.11812592,21.91840172
2023/5/27 20:59,100,22.01620293,100,22.12731552,100,21.95752335,32.97357941,21.91840172
2023/5/27 21:00,100,22.01620293,100,22.12731552,100,21.95752335,0,21.81712914
2023/5/27 21:01,100,22.32002258,100,22.12731552,100,21.95752335,0,21.81712914
2023/5/27 21:02,100,22.32002258,100,22.17071724,100,21.95752335,0,21.81712914
2023/5/27 21:03,100,22.32002258,100,22.2285881,100,21.95752335,0,21.81712914
2023/5/27 21:04,100,22.01620293,100,22.2285881,100,22.05879784,0,21.81712914
2023/5/27 21:05,100,22.01620293,100,22.2285881,100,22.05879784,0,21.81712914
2023/5/27 21:06,100,22.01620293,100,22.32986069,100,22.16007042,0,21.81712914
2023/5/27 21:07,100,22.32002258,100,22.31539345,100,22.16007042,0,21.81712914
2023/5/27 21:08,100,22.01620293,100,22.32986069,100,22.14560318,0,21.81712914
2023/5/27 21:09,100,22.01620293,100,22.43113518,100,22.16007042,0,21.81712914
2023/5/27 21:10,100,22.11747742,100,22.43113518,100,22.261343,0,21.81712914
2023/5/27 21:11,100,22.01620293,100,22.43113518,100,22.16007042,0,21.81712914
2023/5/27 21:12,100,22.01620293,100,22.43113518,100,22.16007042,0,21.81712914
2023/5/27 21:13,100,22.01620293,100,22.43113518,100,22.16007042,0,21.81712914
2023/5/27 21:14,100,22.01620293,100,22.32986069,100,22.16007042,0,21.81712914
2023/5/27 21:15,100,22.01620293,100,22.32986069,100,22.13113594,0,21.91840172
2023/5/27 21:16,100,22.01620293,100,22.31539345,100,22.05879784,0,21.91840172
2023/5/27 21:17,100,22.10301018,100,22.32986069,100,22.05879784,0,21.91840172
2023/5/27 21:18,100,22.01620293,100,22.25752258,100,22.05879784,0,21.91840172
2023/5/27 21:19,100,22.01620293,100,22.32986069,100,22.04432869,0,21.91840172
2023/5/27 21:20,100,22.32002258,100,22.32986069,100,22.05879784,0,21.91840172
2023/5/27 21:21,100,22.32002258,100,22.41666794,100,22.16007042,10.89808846,22.01967621
2023/5/27 21:22,100,22.32002258,100,22.43113518,100,22.16007042,25.68271065,22.01967621
2023/5/27 21:23,100,22.32002258,100,22.43113518,100,22.16007042,39.98121643,22.01967621
2023/5/27 21:24,100,22.32002258,100,22.43113518,100,22.24687576,55.11682892,22.00520706
2023/5/27 21:25,100,22.32002258,100,22.43113518,100,22.261343,69.81877899,22.01967621
2023/5/27 21:26,100,22.32002258,100,22.43113518,100,22.16007042,84.69874573,22.01967621
2023/5/27 21:27,100,22.01620293,100,22.43113518,100,22.16007042,99.54797363,22.00520706
2023/5/27 21:28,100,22.01620293,100,22.31539345,100,22.05879784,100,22.01967621
2023/5/27 21:29,100,22.01620293,100,22.32986069,100,22.05879784,74.14468384,21.91840172
2023/5/27 21:30,100,22.01620293,100,22.32986069,100,22.05879784,8.352910042,21.91840172
2023/5/27 21:31,100,22.01620293,100,22.2285881,100,22.05879784,0,21.81712914
2023/5/27 21:32,100,22.01620293,100,22.2285881,100,22.04432869,0,21.81712914
2023/5/27 21:33,100,22.32002258,100,22.21412086,100,22.05879784,0,21.81712914
2023/5/27 21:34,100,22.13194466,100,22.2285881,100,22.05879784,0,21.81712914
2023/5/27 21:35,100,22.01620293,100,22.32986069,100,22.16007042,0,21.81712914
2023/5/27 21:36,100,22.01620293,100,22.32986069,100,22.08773232,0,21.81712914
2023/5/27 21:37,100,22.01620293,100,22.32986069,100,22.05879784,0,21.81712914
2023/5/27 21:38,100,22.01620293,100,22.32986069,100,22.05879784,0,21.81712914
2023/5/27 21:39,100,22.32002258,100,22.32986069,100,22.05879784,0,21.81712914
2023/5/27 21:40,100,22.32002258,100,22.32986069,100,22.16007042,0,21.81712914
2023/5/27 21:41,100,22.32002258,100,22.32986069,100,22.16007042,0,21.81712914
2023/5/27 21:42,100,22.32002258,100,22.32986069,100,22.05879784,0,21.81712914
2023/5/27 21:43,100,22.32002258,100,22.32986069,100,22.05879784,0,21.81712914
2023/5/27 21:44,100,22.32002258,100,22.32986069,100,22.05879784,0,21.81712914
2023/5/27 21:45,100,22.32002258,100,22.31539345,100,22.05879784,0,21.81712914
2023/5/27 21:46,100,22.32002258,100,22.32986069,100,22.05879784,0,21.91840172
2023/5/27 21:47,100,22.32002258,100,22.32986069,100,22.05879784,0,21.91840172
2023/5/27 21:48,100,22.30555534,100,22.32986069,100,22.05879784,0,21.91840172
2023/5/27 21:49,100,22.32002258,100,22.32986069,100,22.05879784,0,21.91840172
2023/5/27 21:50,100,22.32002258,100,22.32986069,100,22.16007042,0,21.91840172
2023/5/27 21:51,100,22.32002258,100,22.32986069,100,22.16007042,0,21.91840172
2023/5/27 21:52,100,22.01620293,100,22.32986069,100,22.16007042,0,21.91840172
2023/5/27 21:53,100,22.32002258,100,22.32986069,100,22.16007042,10.34243202,22.01967621
2023/5/27 21:54,100,22.01620293,100,22.32986069,100,22.05879784,24.25398064,22.01967621
2023/5/27 21:55,100,22.01620293,100,22.32986069,100,22.05879784,39.06817245,22.01967621
2023/5/27 21:56,100,22.11747742,100,22.32986069,100,22.05879784,54.52258682,22.01967621
2023/5/27 21:57,100,22.01620293,100,22.32986069,100,22.05879784,69.20271301,22.01967621
2023/5/27 21:58,100,22.32002258,100,22.32986069,100,22.05879784,83.59829712,22.01967621
2023/5/27 21:59,100,22.01620293,100,22.32986069,100,22.10219955,98.53791046,22.01967621
2023/5/27 22:00,100,22.01620293,100,22.32986069,100,22.16007042,100,22.01967621
2023/5/27 22:01,100,22.01620293,100,22.32986069,100,22.16007042,61.85816193,21.91840172
2023/5/27 22:02,100,22.05960655,100,22.32986069,100,22.16007042,0,21.91840172
2023/5/27 22:03,100,22.01620293,100,22.32986069,100,22.16007042,0,21.91840172
2023/5/27 22:04,100,22.01620293,100,22.32986069,100,22.16007042,0,21.91840172
2023/5/27 22:05,100,22.01620293,100,22.2285881,100,22.05879784,0,21.81712914
2023/5/27 22:06,100,22.01620293,100,22.2285881,100,21.95752335,0,21.81712914
2023/5/27 22:07,100,22.01620293,100,22.12731552,100,21.95752335,0,21.81712914
2023/5/27 22:08,100,22.01620293,100,22.12731552,100,21.95752335,0,21.81712914
2023/5/27 22:09,100,22.01620293,100,22.12731552,100,21.95752335,0,21.81712914
2023/5/27 22:10,100,22.01620293,100,22.12731552,100,21.95752335,0,21.91840172
2023/5/27 22:11,100,22.01620293,100,22.2285881,100,22.05879784,0,21.91840172
2023/5/27 22:12,100,22.01620293,100,22.21412086,100,22.05879784,0,21.91840172
2023/5/27 22:13,100,22.23321724,100,22.2285881,100,21.95752335,0,21.91840172
2023/5/27 22:14,100,22.01620293,100,22.2285881,100,21.95752335,0,21.91840172
2023/5/27 22:15,100,22.04513931,100,22.12731552,100,21.95752335,0,21.96180534
2023/5/27 22:16,100,22.01620293,100,22.12731552,100,21.95752335,4.364155293,22.01967621
2023/5/27 22:17,100,22.01620293,100,22.12731552,100,21.95752335,19.17298126,22.01967621
2023/5/27 22:18,100,22.10301018,100,22.12731552,100,21.95752335,34.12281799,22.01967621
2023/5/27 22:19,100,22.32002258,100,22.2285881,100,21.95752335,48.83750153,22.01967621
2023/5/27 22:20,100,22.01620293,100,22.2285881,100,21.95752335,63.6587677,22.01967621
2023/5/27 22:21,100,22.01620293,100,22.2285881,100,22.05879784,78.30269623,22.01967621
2023/5/27 22:22,100,22.01620293,100,22.2285881,100,22.05879784,93.46530151,22.01967621
2023/5/27 22:23,100,22.01620293,100,22.32986069,100,22.05879784,100,22.01967621
2023/5/27 22:24,100,22.01620293,100,22.32986069,100,22.05879784,100,22.01967621
2023/5/27 22:25,100,22.01620293,100,22.32986069,100,22.05879784,78.4962616,21.91840172
2023/5/27 22:26,100,22.01620293,100,22.32986069,100,22.05879784,12.95614433,21.91840172
2023/5/27 22:27,100,22.01620293,100,22.2285881,100,22.05879784,0,21.81712914
2023/5/27 22:28,100,22.01620293,100,22.2285881,100,22.05879784,0,21.81712914
2023/5/27 22:29,100,22.11747742,100,22.2285881,100,22.05879784,0,21.81712914
2023/5/27 22:30,100,22.01620293,100,22.2285881,100,22.04432869,0,21.81712914
2023/5/27 22:31,100,22.07407379,100,22.2285881,100,22.05879784,0,21.81712914
2023/5/27 22:32,100,22.01620293,100,22.2285881,100,22.05879784,0,21.81712914
2023/5/27 22:33,100,22.11747742,100,22.2285881,100,22.04432869,0,21.81712914
2023/5/27 22:34,100,22.11747742,100,22.2285881,100,22.05879784,0,21.81712914
2023/5/27 22:35,100,22.11747742,100,22.31539345,100,22.07326508,0,21.81712914
2023/5/27 22:36,100,22.11747742,100,22.32986069,100,22.16007042,0,21.81712914
2023/5/27 22:37,100,22.11747742,100,22.38773155,100,22.16007042,0,21.81712914
2023/5/27 22:38,100,22.11747742,100,22.43113518,100,22.16007042,0,21.81712914
2023/5/27 22:39,100,22.11747742,100,22.43113518,100,22.16007042,0,21.91840172
2023/5/27 22:40,100,22.11747742,100,22.43113518,100,22.16007042,0,21.91840172
2023/5/27 22:41,100,22.11747742,100,22.43113518,100,22.16007042,0,21.91840172
2023/5/27 22:42,100,22.11747742,100,22.41666794,100,22.16007042,0,21.91840172
2023/5/27 22:43,100,22.11747742,100,22.32986069,100,22.16007042,0,21.91840172
2023/5/27 22:44,100,22.11747742,100,22.32986069,100,22.16007042,0,21.9473381
2023/5/27 22:45,100,22.11747742,100,22.32986069,100,22.16007042,9.711878777,22.01967621
2023/5/27 22:46,100,22.11747742,100,22.32986069,100,22.16007042,19.36483765,22.01967621
2023/5/27 22:47,100,22.11747742,100,22.32986069,100,22.05879784,34.0917511,22.00520706
2023/5/27 22:48,100,22.11747742,100,22.32986069,100,22.05879784,48.78184128,22.01967621
2023/5/27 22:49,100,22.11747742,100,22.32986069,100,22.05879784,63.79009628,22.01967621
2023/5/27 22:50,100,22.11747742,100,22.32986069,100,22.05879784,79.01475525,22.01967621
2023/5/27 22:51,100,22.11747742,100,22.32986069,100,22.16007042,100,22.10648155
2023/5/27 22:52,100,22.11747742,100,22.32986069,100,22.16007042,100,22.01967621
2023/5/27 22:53,100,22.01620293,100,22.43113518,100,22.16007042,100,22.01967621
2023/5/27 22:54,100,22.01620293,100,22.32986069,100,22.16007042,94.85901642,21.91840172
2023/5/27 22:55,100,22.01620293,100,22.32986069,100,22.05879784,29.99135208,21.91840172
2023/5/27 22:56,100,22.01620293,100,22.32986069,100,22.16007042,0,21.84606552
2023/5/27 22:57,100,22.01620293,100,22.2285881,100,22.05879784,0,21.81712914
2023/5/27 22:58,100,22.01620293,100,22.2285881,100,22.05879784,0,21.81712914
2023/5/27 22:59,100,22.01620293,100,22.2285881,100,22.05879784,0,21.81712914
2023/5/27 23:00,100,22.32002258,100,22.2285881,100,22.05879784,0,21.81712914
2023/5/27 23:01,100,22.01620293,100,22.32986069,100,22.05879784,0,21.81712914
2023/5/27 23:02,100,22.01620293,100,22.32986069,100,22.05879784,0,21.81712914
2023/5/27 23:03,100,22.01620293,100,22.31539345,100,22.16007042,0,21.81712914
2023/5/27 23:04,100,22.01620293,100,22.32986069,100,22.16007042,0,21.81712914
2023/5/27 23:05,100,22.01620293,100,22.43113518,100,22.16007042,0,21.81712914
2023/5/27 23:06,100,22.01620293,100,22.43113518,100,22.16007042,0,21.81712914
2023/5/27 23:07,100,22.01620293,100,22.43113518,100,22.16007042,0,21.81712914
2023/5/27 23:08,100,22.01620293,100,22.32986069,100,22.05879784,0,21.81712914
2023/5/27 23:09,100,22.01620293,100,22.32986069,100,22.05879784,0,21.81712914
2023/5/27 23:10,100,22.01620293,100,22.32986069,100,22.05879784,0,21.91840172
2023/5/27 23:11,100,22.01620293,100,22.32986069,100,22.16007042,0,21.91840172
2023/5/27 23:12,100,22.32002258,100,22.32986069,100,22.16007042,0,21.91840172
2023/5/27 23:13,100,22.32002258,100,22.32986069,100,22.16007042,0,21.91840172
2023/5/27 23:14,100,22.11747742,100,22.32986069,100,22.16007042,0.939813673,22.01967621
2023/5/27 23:15,100,22.01620293,100,22.32986069,100,22.16007042,15.52331448,22.01967621
2023/5/27 23:16,100,22.01620293,100,22.32986069,100,22.07326508,30.36252975,22.01967621
2023/5/27 23:17,100,22.01620293,100,22.43113518,100,22.16007042,45.17959595,22.01967621
2023/5/27 23:18,100,22.11747742,100,22.43113518,100,22.16007042,65.35591125,22.01967621
2023/5/27 23:19,100,22.11747742,100,22.32986069,100,22.14560318,100,22.12094879
2023/5/27 23:20,100,22.01620293,100,22.31539345,100,22.05879784,100,22.01967621
2023/5/27 23:21,100,22.01620293,100,22.32986069,100,22.05879784,100,22.01967621
2023/5/27 23:22,100,22.11747742,100,22.32986069,100,22.16007042,100,22.01967621
2023/5/27 23:23,100,22.01620293,100,22.32986069,100,22.16007042,100,22.01967621
2023/5/27 23:24,100,22.01620293,100,22.32986069,100,22.14560318,72.27039337,21.91840172
2023/5/27 23:25,100,22.01620293,100,22.32986069,100,22.16007042,8.783045769,21.91840172
2023/5/27 23:26,100,22.32002258,100,22.32986069,100,22.05879784,0,21.88946724
2023/5/27 23:27,100,22.32002258,100,22.2285881,100,22.05879784,0,21.81712914
2023/5/27 23:28,100,22.26215172,100,22.32986069,100,22.05879784,0,21.81712914
2023/5/27 23:29,100,22.32002258,100,22.32986069,100,22.05879784,0,21.81712914
2023/5/27 23:30,100,22.32002258,100,22.32986069,100,22.05879784,0,21.81712914
2023/5/27 23:31,100,22.32002258,100,22.32986069,100,22.05879784,0,21.81712914
2023/5/27 23:32,100,22.21875,100,22.32986069,100,22.05879784,0,21.81712914
2023/5/27 23:33,100,22.23321724,100,22.32986069,100,22.05879784,0,21.81712914
2023/5/27 23:34,100,22.32002258,100,22.2285881,100,22.04432869,0,21.81712914
2023/5/27 23:35,100,22.32002258,100,22.12731552,100,21.95752335,0,21.81712914
2023/5/27 23:36,100,22.32002258,100,22.11284828,100,21.95752335,0,21.81712914
2023/5/27 23:37,100,22.01620293,100,22.17071724,100,21.95752335,0,21.81712914
2023/5/27 23:38,100,22.01620293,100,22.2285881,100,21.95752335,0,21.81712914
2023/5/27 23:39,100,22.01620293,100,22.2285881,100,21.95752335,0,21.91840172
2023/5/27 23:40,100,22.01620293,100,22.12731552,100,21.95752335,0,21.91840172
2023/5/27 23:41,100,22.01620293,100,22.12731552,100,21.95752335,0,21.91840172
2023/5/27 23:42,100,22.01620293,100,22.12731552,100,21.85625076,0,21.91840172
2023/5/27 23:43,100,22.01620293,100,22.12731552,100,21.85625076,0,21.91840172
2023/5/27 23:44,100,22.32002258,100,22.12731552,100,21.85625076,0,21.91840172
2023/5/27 23:45,100,22.01620293,100,22.12731552,100,21.95752335,0,21.91840172
2023/5/27 23:46,100,22.32002258,100,22.12731552,100,21.95752335,0,21.91840172
2023/5/27 23:47,100,22.32002258,100,22.15625,100,21.95752335,0,21.91840172
2023/5/27 23:48,100,22.32002258,100,22.2285881,100,21.95752335,8.699708939,22.01967621
2023/5/27 23:49,100,22.32002258,100,22.2285881,100,22.05879784,23.52893066,22.01967621
2023/5/27 23:50,100,22.32002258,100,22.11284828,100,21.95752335,38.2586441,22.01967621
2023/5/27 23:51,100,22.32002258,100,22.12731552,100,22.05879784,52.73920059,22.01967621
2023/5/27 23:52,100,22.32002258,100,22.2285881,100,21.98645782,67.59658813,22.01967621
2023/5/27 23:53,100,22.01620293,100,22.2285881,100,22.05879784,83.21660614,22.01967621
2023/5/27 23:54,100,22.32002258,100,22.21412086,100,22.05879784,98.78765106,22.01967621
2023/5/27 23:55,100,22.32002258,100,22.2285881,100,22.05879784,100,22.01967621
2023/5/27 23:56,100,22.01620293,100,22.2285881,100,21.97199059,100,22.00520706
2023/5/27 23:57,100,22.01620293,100,22.12731552,100,21.95752335,67.51843262,21.91840172
2023/5/27 23:58,100,22.01620293,100,22.12731552,100,21.95752335,0.783468664,21.91840172
2023/5/27 23:59,100,22.01620293,100,22.12731552,100,21.85625076,0,21.86053276
2023/5/28 0:00,100,22.32002258,100,22.12731552,100,21.85625076,0,21.81712914
2023/5/28 0:01,100,22.30555534,100,22.02604294,100,21.85625076,0,21.81712914
2023/5/28 0:02,100,22.32002258,100,22.02604294,100,21.85625076,0,21.81712914
2023/5/28 0:03,100,22.32002258,100,22.12731552,100,21.88518524,0,21.81712914
2023/5/28 0:04,100,22.32002258,100,22.12731552,100,21.95752335,0,21.81712914
2023/5/28 0:05,100,22.32002258,100,22.12731552,100,21.94305611,0,21.81712914
2023/5/28 0:06,100,22.32002258,100,22.21412086,100,21.95752335,0,21.81712914
2023/5/28 0:07,100,22.32002258,100,22.12731552,100,21.95752335,0,21.81712914
2023/5/28 0:08,100,22.32002258,100,22.12731552,100,21.85625076,0,21.81712914
2023/5/28 0:09,100,22.32002258,100,22.12731552,100,21.95752335,0,21.81712914
2023/5/28 0:10,100,22.01620293,100,22.12731552,100,21.94305611,0,21.81712914
2023/5/28 0:11,100,22.11747742,100,22.12731552,100,21.95752335,0,21.81712914
2023/5/28 0:12,100,22.01620293,100,22.2285881,100,22.05879784,0,21.91840172
2023/5/28 0:13,100,22.01620293,100,22.2285881,100,21.95752335,0,21.91840172
2023/5/28 0:14,100,22.01620293,100,22.2285881,100,21.95752335,0,21.91840172
2023/5/28 0:15,100,22.01620293,100,22.21412086,100,21.95752335,0,21.91840172
2023/5/28 0:16,100,22.32002258,100,22.12731552,100,21.85625076,0,21.91840172
2023/5/28 0:17,100,22.32002258,100,22.02604294,100,21.85625076,0,21.91840172
2023/5/28 0:18,100,22.01620293,100,22.02604294,100,21.85625076,0,21.91840172
2023/5/28 0:19,100,22.11747742,100,22.12731552,100,21.94305611,0,21.91840172
2023/5/28 0:20,100,22.01620293,100,22.02604294,100,21.95752335,0,21.91840172
2023/5/28 0:21,100,22.07407379,100,22.02604294,100,21.85625076,0,21.91840172
2023/5/28 0:22,100,22.32002258,100,22.02604294,100,21.85625076,0,21.91840172
2023/5/28 0:23,100,22.11747742,100,22.02604294,100,21.85625076,0.214699984,22.01967621
2023/5/28 0:24,100,22.01620293,100,22.02604294,100,21.85625076,0.578794658,22.00520706
2023/5/28 0:25,100,22.01620293,100,22.02604294,100,21.85625076,12.56821537,22.01967621
2023/5/28 0:26,100,22.01620293,100,22.02604294,100,21.75497818,27.15441704,22.01967621
2023/5/28 0:27,100,22.01620293,100,22.02604294,100,21.85625076,41.87930679,22.01967621
2023/5/28 0:28,100,22.01620293,100,22.02604294,100,21.85625076,56.70810318,22.01967621
2023/5/28 0:29,100,22.01620293,100,22.02604294,100,21.85625076,71.6647644,22.01967621
2023/5/28 0:30,100,22.01620293,100,22.02604294,100,21.85625076,86.58547211,22.01967621
2023/5/28 0:31,100,22.01620293,100,22.02604294,100,21.85625076,100,22.01967621
2023/5/28 0:32,100,22.01620293,100,21.92476845,100,21.85625076,100,22.01967621
2023/5/28 0:33,100,22.01620293,100,21.92476845,100,21.75497818,100,22.01967621
2023/5/28 0:34,100,22.01620293,100,21.82349586,100,21.75497818,100,22.01967621
2023/5/28 0:35,100,22.01620293,100,21.82349586,100,21.65370369,63.65139771,21.91840172
2023/5/28 0:36,100,22.01620293,100,21.82349586,100,21.65370369,0,21.91840172
2023/5/28 0:37,100,22.32002258,100,21.82349586,100,21.65370369,0,21.8026619
2023/5/28 0:38,100,22.01620293,100,21.82349586,100,21.65370369,0,21.81712914
2023/5/28 0:39,100,22.10301018,100,21.82349586,100,21.65370369,0,21.81712914
2023/5/28 0:40,100,22.32002258,100,21.91030121,100,21.65370369,0,21.81712914
2023/5/28 0:41,100,22.32002258,100,21.92476845,100,21.75497818,0,21.81712914
2023/5/28 0:42,100,22.32002258,100,22.01157379,100,21.75497818,0,21.81712914
2023/5/28 0:43,100,22.32002258,100,22.02604294,100,21.85625076,0,21.81712914
2023/5/28 0:44,100,22.01620293,100,22.02604294,100,21.75497818,0,21.81712914
2023/5/28 0:45,100,22.32002258,100,22.02604294,100,21.75497818,0,21.81712914
2023/5/28 0:46,100,22.32002258,100,22.02604294,100,21.75497818,0,21.81712914
2023/5/28 0:47,100,22.32002258,100,22.02604294,100,21.75497818,0,21.8026619
2023/5/28 0:48,100,22.32002258,100,21.99710655,100,21.75497818,0,21.81712914
2023/5/28 0:49,100,22.32002258,100,21.92476845,100,21.75497818,0,21.81712914
2023/5/28 0:50,100,22.32002258,100,21.92476845,100,21.75497818,0,21.81712914
2023/5/28 0:51,100,22.32002258,100,21.92476845,100,21.75497818,0,21.81712914
2023/5/28 0:52,100,22.32002258,100,21.92476845,100,21.75497818,0,21.81712914
2023/5/28 0:53,100,22.21875,100,21.92476845,100,21.75497818,0,21.81712914
2023/5/28 0:54,100,22.32002258,100,21.92476845,100,21.65370369,0,21.81712914
2023/5/28 0:55,100,22.32002258,100,21.82349586,100,21.55243111,0,21.81712914
2023/5/28 0:56,100,22.32002258,100,21.82349586,100,21.65370369,0,21.83159828
2023/5/28 0:57,100,22.32002258,100,21.82349586,100,21.65370369,0,21.91840172
2023/5/28 0:58,100,22.32002258,100,21.82349586,100,21.65370369,0,21.91840172
2023/5/28 0:59,100,22.32002258,100,21.82349586,100,21.65370369,0,21.91840172
2023/5/28 1:00,100,22.32002258,100,21.82349586,100,21.65370369,0,21.91840172
2023/5/28 1:01,100,22.32002258,100,21.82349586,100,21.65370369,0,21.91840172
2023/5/28 1:02,100,22.32002258,100,21.82349586,100,21.65370369,0,21.90393448
2023/5/28 1:03,100,22.32002258,100,21.8379631,100,21.65370369,0,21.91840172
2023/5/28 1:04,100,22.32002258,100,21.82349586,100,21.55243111,0,21.91840172
2023/5/28 1:05,100,22.32002258,100,21.82349586,100,21.55243111,0,21.91840172
2023/5/28 1:06,100,22.32002258,100,21.82349586,100,21.53796387,0,21.91840172
2023/5/28 1:07,100,22.32002258,100,21.82349586,100,21.65370369,8.42915535,22.01967621
2023/5/28 1:08,100,22.32002258,100,21.92476845,100,21.65370369,23.23399353,22.01967621
2023/5/28 1:09,100,22.32002258,100,21.82349586,100,21.65370369,37.96860504,22.01967621
2023/5/28 1:10,100,22.32002258,100,21.82349586,100,21.65370369,52.70233154,22.01967621
2023/5/28 1:11,100,22.30555534,100,21.92476845,100,21.65370369,67.48165131,22.01967621
2023/5/28 1:12,100,22.27662086,100,21.92476845,100,21.65370369,82.26254272,22.01967621
2023/5/28 1:13,100,22.32002258,100,21.82349586,100,21.65370369,97.1968689,22.01967621
2023/5/28 1:14,100,22.32002258,100,21.82349586,100,21.59583282,100,22.01967621
2023/5/28 1:15,100,22.32002258,100,21.73669052,100,21.55243111,80.21035767,21.91840172
2023/5/28 1:16,100,22.21875,100,21.72222328,100,21.55243111,15.8194828,21.91840172
2023/5/28 1:17,100,22.32002258,100,21.72222328,100,21.55243111,0,21.81712914
2023/5/28 1:18,100,22.20428276,100,21.63541794,100,21.45115852,0,21.83159828
2023/5/28 1:19,100,22.32002258,100,21.63541794,100,21.45115852,0,21.81712914
2023/5/28 1:20,100,22.21875,100,21.73669052,100,21.45115852,0,21.81712914
2023/5/28 1:21,100,22.21875,100,21.72222328,100,21.480093,0,21.81712914
2023/5/28 1:22,100,22.32002258,100,21.72222328,100,21.55243111,0,21.81712914
2023/5/28 1:23,100,22.21875,100,21.72222328,100,21.55243111,0,21.81712914
2023/5/28 1:24,100,22.21875,100,21.73669052,100,21.55243111,0,21.81712914
2023/5/28 1:25,100,22.21875,100,21.72222328,100,21.55243111,0,21.81712914
2023/5/28 1:26,100,22.32002258,100,21.73669052,100,21.55243111,0,21.81712914
2023/5/28 1:27,100,22.21875,100,21.82349586,100,21.65370369,0,21.81712914
2023/5/28 1:28,100,22.21875,100,21.73669052,100,21.65370369,0,21.81712914
2023/5/28 1:29,100,22.30555534,100,21.72222328,100,21.55243111,0,21.81712914
2023/5/28 1:30,100,22.32002258,100,21.73669052,100,21.46562576,0,21.91840172
2023/5/28 1:31,100,22.21875,100,21.72222328,100,21.45115852,0,21.91840172
2023/5/28 1:32,100,22.21875,100,21.73669052,100,21.55243111,0,21.91840172
2023/5/28 1:33,100,22.23321724,100,21.72222328,100,21.55243111,0,21.91840172
2023/5/28 1:34,100,22.32002258,100,21.82349586,100,21.55243111,0,21.91840172
2023/5/28 1:35,100,22.21875,100,21.82349586,100,21.55243111,0,21.91840172
2023/5/28 1:36,100,22.21875,100,21.82349586,100,21.65370369,0,21.91840172
2023/5/28 1:37,100,22.21875,100,21.82349586,100,21.65370369,0,21.91840172
2023/5/28 1:38,100,22.32002258,100,21.82349586,100,21.75497818,0,21.91840172
2023/5/28 1:39,100,22.2910881,100,21.82349586,100,21.65370369,0,21.91840172
2023/5/28 1:40,100,22.32002258,100,21.82349586,100,21.65370369,0,21.91840172
2023/5/28 1:41,100,22.32002258,100,21.82349586,100,21.65370369,0,21.91840172
2023/5/28 1:42,100,22.32002258,100,21.92476845,100,21.75497818,11.08240986,22.01967621
2023/5/28 1:43,100,22.21875,100,21.92476845,100,21.75497818,25.7328186,22.01967621
2023/5/28 1:44,100,22.21875,100,21.92476845,100,21.75497818,40.74139404,22.01967621
2023/5/28 1:45,100,22.32002258,100,21.92476845,100,21.85625076,55.30653,22.01967621
2023/5/28 1:46,100,22.32002258,100,21.92476845,100,21.85625076,69.9460144,22.01967621
2023/5/28 1:47,100,22.32002258,100,21.92476845,100,21.75497818,84.69968414,22.01967621
2023/5/28 1:48,100,22.32002258,100,21.82349586,100,21.75497818,99.57010651,22.01967621
2023/5/28 1:49,100,22.32002258,100,21.92476845,100,21.75497818,100,22.01967621
2023/5/28 1:50,100,22.32002258,100,21.82349586,100,21.65370369,82.67513275,21.91840172
2023/5/28 1:51,100,22.32002258,100,21.75115776,100,21.55243111,17.18443871,21.91840172
2023/5/28 1:52,100,22.32002258,100,21.82349586,100,21.65370369,0,21.90393448
2023/5/28 1:53,100,22.32002258,100,21.82349586,100,21.65370369,0,21.81712914
2023/5/28 1:54,100,22.21875,100,21.82349586,100,21.65370369,0,21.81712914
2023/5/28 1:55,100,22.21875,100,21.82349586,100,21.65370369,0,21.81712914
2023/5/28 1:56,100,22.21875,100,21.82349586,100,21.63923645,0,21.81712914
2023/5/28 1:57,100,22.21875,100,21.92476845,100,21.75497818,0,21.81712914
2023/5/28 1:58,100,22.30555534,100,21.92476845,100,21.65370369,0,21.81712914
2023/5/28 1:59,100,22.32002258,100,21.82349586,100,21.65370369,0,21.81712914
2023/5/28 2:00,100,22.32002258,100,21.92476845,100,21.75497818,0,21.81712914
2023/5/28 2:01,100,22.30555534,100,21.92476845,100,21.75497818,0,21.81712914
2023/5/28 2:02,100,22.32002258,100,22.02604294,100,21.78391266,0,21.81712914
2023/5/28 2:03,100,22.32002258,100,22.02604294,100,21.85625076,0,21.81712914
2023/5/28 2:04,100,22.32002258,100,22.02604294,100,21.75497818,0,21.81712914
2023/5/28 2:05,100,22.32002258,100,21.92476845,100,21.75497818,0,21.81712914
2023/5/28 2:06,100,22.32002258,100,22.02604294,100,21.84178352,0,21.81712914
2023/5/28 2:07,100,22.32002258,100,22.02604294,100,21.85625076,0,21.91840172
2023/5/28 2:08,100,22.32002258,100,22.02604294,100,21.85625076,0,21.91840172
2023/5/28 2:09,100,22.32002258,100,22.02604294,100,21.85625076,0,21.91840172
2023/5/28 2:10,100,22.32002258,100,22.02604294,100,21.85625076,0,21.91840172
2023/5/28 2:11,100,22.32002258,100,22.02604294,100,21.85625076,0,21.91840172
2023/5/28 2:12,100,22.32002258,100,22.02604294,100,21.85625076,0,21.91840172
2023/5/28 2:13,100,22.32002258,100,22.02604294,100,21.85625076,0,21.91840172
2023/5/28 2:14,100,22.21875,100,22.02604294,100,21.85625076,0,21.91840172
2023/5/28 2:15,100,22.32002258,100,22.02604294,100,21.95752335,0,21.91840172
2023/5/28 2:16,100,22.32002258,100,22.02604294,100,21.95752335,0,21.91840172
2023/5/28 2:17,100,22.32002258,100,22.02604294,100,21.95752335,7.837766647,22.01967621
2023/5/28 2:18,100,22.32002258,100,22.02604294,100,21.95752335,23.00832176,22.01967621
2023/5/28 2:19,100,22.32002258,100,22.02604294,100,21.85625076,37.50419617,22.01967621
2023/5/28 2:20,100,22.32002258,100,22.02604294,100,21.85625076,52.44056702,22.01967621
2023/5/28 2:21,100,22.30555534,100,22.02604294,100,21.85625076,67.16669464,22.01967621
2023/5/28 2:22,100,22.32002258,100,22.02604294,100,21.85625076,81.63711548,22.00520706
2023/5/28 2:23,100,22.32002258,100,22.02604294,100,21.85625076,96.46512604,22.01967621
2023/5/28 2:24,100,22.32002258,100,22.02604294,100,21.85625076,100,22.00520706
2023/5/28 2:25,100,22.32002258,100,22.02604294,100,21.85625076,97.41867065,22.01967621
2023/5/28 2:26,100,22.32002258,100,22.02604294,100,21.85625076,36.44230652,21.91840172
2023/5/28 2:27,100,22.32002258,100,22.02604294,100,21.75497818,0,21.91840172
2023/5/28 2:28,100,22.32002258,100,22.02604294,100,21.75497818,0,21.81712914
2023/5/28 2:29,100,22.32002258,100,21.92476845,100,21.75497818,0,21.81712914
2023/5/28 2:30,100,22.32002258,100,21.92476845,100,21.75497818,0,21.83159828
2023/5/28 2:31,100,22.32002258,100,22.02604294,100,21.75497818,0,21.81712914
2023/5/28 2:32,100,22.32002258,100,22.02604294,100,21.85625076,0,21.81712914
2023/5/28 2:33,100,22.32002258,100,22.02604294,100,21.85625076,0,21.81712914
2023/5/28 2:34,100,22.32002258,100,22.02604294,100,21.85625076,0,21.81712914
2023/5/28 2:35,100,22.32002258,100,22.02604294,100,21.85625076,0,21.81712914
2023/5/28 2:36,100,22.32002258,100,22.02604294,100,21.85625076,0,21.81712914
2023/5/28 2:37,100,22.32002258,100,21.92476845,100,21.85625076,0,21.81712914
2023/5/28 2:38,100,22.32002258,100,22.02604294,100,21.84178352,0,21.81712914
2023/5/28 2:39,100,22.32002258,100,22.02604294,100,21.91412163,0,21.8026619
2023/5/28 2:40,100,22.32002258,100,22.12731552,100,22.05879784,0,21.81712914
2023/5/28 2:41,100,22.30555534,100,22.12731552,100,21.98645782,0,21.81712914
2023/5/28 2:42,100,22.32002258,100,22.12731552,100,21.94305611,0,21.91840172
2023/5/28 2:43,100,22.32002258,100,22.12731552,100,21.95752335,0,21.91840172
2023/5/28 2:44,100,22.32002258,100,22.12731552,100,21.95752335,0,21.91840172
2023/5/28 2:45,100,22.32002258,100,22.12731552,100,21.95752335,0,21.91840172
2023/5/28 2:46,100,22.32002258,100,22.12731552,100,22.05879784,0,21.91840172
2023/5/28 2:47,100,22.32002258,100,22.12731552,100,21.94305611,0,21.91840172
2023/5/28 2:48,100,22.32002258,100,22.12731552,100,21.95752335,0,21.91840172
2023/5/28 2:49,100,22.32002258,100,22.12731552,100,21.95752335,0.672580659,22.01967621
2023/5/28 2:50,100,22.32002258,100,22.12731552,100,22.05879784,6.920776844,22.01967621
2023/5/28 2:51,100,22.32002258,100,22.11284828,100,22.05879784,21.87813377,22.01967621
2023/5/28 2:52,100,22.32002258,100,22.12731552,100,22.04432869,36.72888565,22.01967621
2023/5/28 2:53,100,22.32002258,100,22.12731552,100,22.05879784,51.33074951,22.01967621
2023/5/28 2:54,100,22.07407379,100,22.2285881,100,22.05879784,66.16473389,22.00520706
2023/5/28 2:55,100,22.01620293,100,22.2285881,100,22.05879784,81.12905121,22.01967621
2023/5/28 2:56,100,22.32002258,100,22.2285881,100,22.05879784,95.77587128,22.01967621
2023/5/28 2:57,100,22.01620293,100,22.2285881,100,22.05879784,100,22.01967621
2023/5/28 2:58,100,22.01620293,100,22.2285881,100,22.05879784,100,22.01967621
2023/5/28 2:59,100,22.01620293,100,22.12731552,100,21.95752335,53.16793823,21.91840172
2023/5/28 3:00,100,22.32002258,100,22.12731552,100,21.95752335,0,21.91840172
2023/5/28 3:01,100,22.32002258,100,22.12731552,100,21.95752335,0,21.81712914
2023/5/28 3:02,100,22.32002258,100,22.12731552,100,21.85625076,0,21.81712914
2023/5/28 3:03,100,22.21875,100,22.12731552,100,21.85625076,0,21.81712914
2023/5/28 3:04,100,22.30555534,100,22.12731552,100,21.85625076,0,21.81712914
2023/5/28 3:05,100,22.32002258,100,22.12731552,100,21.85625076,0,21.81712914
2023/5/28 3:06,100,22.32002258,100,22.12731552,100,21.85625076,0,21.81712914
2023/5/28 3:07,100,22.32002258,100,22.12731552,100,21.85625076,0,21.81712914
2023/5/28 3:08,100,22.32002258,100,22.12731552,100,21.85625076,0,21.81712914
2023/5/28 3:09,100,22.32002258,100,22.12731552,100,21.95752335,0,21.81712914
2023/5/28 3:10,100,22.32002258,100,22.12731552,100,21.95752335,0,21.8026619
2023/5/28 3:11,100,22.03067207,100,22.12731552,100,21.95752335,0,21.81712914
2023/5/28 3:12,100,22.32002258,100,22.2285881,100,22.05879784,0,21.81712914
2023/5/28 3:13,100,22.32002258,100,22.2285881,100,22.05879784,0,21.81712914
2023/5/28 3:14,100,22.32002258,100,22.12731552,100,21.95752335,0,21.81712914
2023/5/28 3:15,100,22.01620293,100,22.21412086,100,22.05879784,0,21.91840172
2023/5/28 3:16,100,22.26215172,100,22.2285881,100,22.05879784,0,21.91840172
2023/5/28 3:17,100,22.01620293,100,22.2285881,100,22.05879784,0,21.91840172
2023/5/28 3:18,100,22.01620293,100,22.2285881,100,22.05879784,0,21.91840172
2023/5/28 3:19,100,22.01620293,100,22.32986069,100,22.13113594,0,21.91840172
2023/5/28 3:20,100,22.01620293,100,22.31539345,100,22.16007042,5.75331831,22.01967621
2023/5/28 3:21,100,22.01620293,100,22.32986069,100,22.05879784,20.53263474,22.01967621
2023/5/28 3:22,100,22.01620293,100,22.2285881,100,22.05879784,35.37411499,22.01967621
2023/5/28 3:23,100,22.01620293,100,22.24305534,100,22.05879784,50.22478867,22.01967621
2023/5/28 3:24,100,22.11747742,100,22.32986069,100,22.16007042,64.88017273,22.01967621
2023/5/28 3:25,100,22.01620293,100,22.32986069,100,22.261343,79.72112274,22.01967621
2023/5/28 3:26,100,22.11747742,100,22.32986069,100,22.16007042,97.19835663,22.01967621
2023/5/28 3:27,100,22.01620293,100,22.2285881,100,22.16007042,100,22.01967621
2023/5/28 3:28,100,22.01620293,100,22.2285881,100,22.05879784,100,22.01967621
2023/5/28 3:29,100,22.01620293,100,22.2285881,100,22.05879784,85.33621216,21.91840172
2023/5/28 3:30,100,22.01620293,100,22.2285881,100,22.05879784,20.89445305,21.91840172
2023/5/28 3:31,100,22.01620293,100,22.2285881,100,22.05879784,0,21.84606552
2023/5/28 3:32,100,22.30555534,100,22.2285881,100,22.16007042,0,21.81712914
2023/5/28 3:33,100,22.32002258,100,22.2285881,100,22.16007042,0,21.81712914
2023/5/28 3:34,100,22.03067207,100,22.2285881,100,22.16007042,0,21.81712914
2023/5/28 3:35,100,22.32002258,100,22.2285881,100,22.05879784,0,21.81712914
2023/5/28 3:36,100,22.32002258,100,22.2285881,100,22.05879784,0,21.81712914
2023/5/28 3:37,100,22.23321724,100,22.24305534,100,22.05879784,0,21.81712914
2023/5/28 3:38,100,22.32002258,100,22.24305534,100,22.14560318,0,21.81712914
2023/5/28 3:39,100,22.32002258,100,22.32986069,100,22.16007042,0,21.81712914
2023/5/28 3:40,100,22.01620293,100,22.32986069,100,22.16007042,0,21.81712914
2023/5/28 3:41,100,22.01620293,100,22.31539345,100,22.16007042,0,21.81712914
2023/5/28 3:42,100,22.32002258,100,22.32986069,100,22.05879784,0,21.81712914
2023/5/28 3:43,100,22.18981552,100,22.24305534,100,22.05879784,0,21.91840172
2023/5/28 3:44,100,22.01620293,100,22.32986069,100,22.05879784,0,21.91840172
2023/5/28 3:45,100,22.01620293,100,22.32986069,100,22.16007042,0,21.91840172
2023/5/28 3:46,100,22.32002258,100,22.32986069,100,22.05879784,0,21.91840172
2023/5/28 3:47,100,22.32002258,100,22.32986069,100,22.16007042,0,21.91840172
2023/5/28 3:48,100,22.32002258,100,22.32986069,100,22.16007042,0,21.91840172
2023/5/28 3:49,100,22.32002258,100,22.32986069,100,22.16007042,0,21.91840172
2023/5/28 3:50,100,22.32002258,100,22.32986069,100,22.16007042,2.504326582,21.9473381
2023/5/28 3:51,100,22.32002258,100,22.2285881,100,22.05879784,15.94028282,22.01967621
2023/5/28 3:52,100,22.32002258,100,22.32986069,100,22.16007042,30.90917587,22.01967621
2023/5/28 3:53,100,22.32002258,100,22.31539345,100,22.16007042,45.58415985,22.00520706
2023/5/28 3:54,100,22.01620293,100,22.32986069,100,22.16007042,60.4747467,22.01967621
2023/5/28 3:55,100,22.32002258,100,22.32986069,100,22.16007042,75.08911133,22.01967621
2023/5/28 3:56,100,22.01620293,100,22.32986069,100,22.16007042,89.93986511,22.01967621
2023/5/28 3:57,100,22.01620293,100,22.32986069,100,22.16007042,100,22.01967621
2023/5/28 3:58,100,22.10301018,100,22.32986069,100,22.16007042,100,22.01967621
2023/5/28 3:59,100,22.01620293,100,22.2285881,100,22.05879784,50.79666901,21.91840172
2023/5/28 4:00,100,22.01620293,100,22.2285881,100,22.05879784,0,21.91840172
2023/5/28 4:01,100,22.32002258,100,22.2285881,100,21.95752335,0,21.84606552
2023/5/28 4:02,100,22.32002258,100,22.2285881,100,22.05879784,0,21.81712914
2023/5/28 4:03,100,22.32002258,100,22.15625,100,22.05879784,0,21.81712914
2023/5/28 4:04,100,22.32002258,100,22.12731552,100,21.95752335,0,21.8026619
2023/5/28 4:05,100,22.32002258,100,22.12731552,100,21.95752335,0,21.81712914
2023/5/28 4:06,100,22.32002258,100,22.2285881,100,21.95752335,0,21.81712914
2023/5/28 4:07,100,22.32002258,100,22.2285881,100,22.01539421,0,21.81712914
2023/5/28 4:08,100,22.32002258,100,22.2285881,100,21.95752335,0,21.81712914
2023/5/28 4:09,100,22.32002258,100,22.2285881,100,22.05879784,0,21.91840172
2023/5/28 4:10,100,22.32002258,100,22.12731552,100,22.05879784,0,21.91840172
2023/5/28 4:11,100,22.32002258,100,22.12731552,100,22.05879784,0,21.91840172
2023/5/28 4:12,100,22.01620293,100,22.12731552,100,21.95752335,0,21.91840172
2023/5/28 4:13,100,22.01620293,100,22.12731552,100,21.85625076,0,21.91840172
2023/5/28 4:14,100,22.32002258,100,22.12731552,100,21.85625076,0,21.91840172
2023/5/28 4:15,100,22.32002258,100,22.12731552,100,21.85625076,0,21.91840172
2023/5/28 4:16,100,22.32002258,100,22.12731552,100,21.95752335,0,21.91840172
2023/5/28 4:17,100,22.32002258,100,22.12731552,100,21.95752335,0,21.91840172
2023/5/28 4:18,100,22.32002258,100,22.12731552,100,21.95752335,1.593220711,22.01967621
2023/5/28 4:19,100,22.01620293,100,22.02604294,100,21.95752335,15.59535694,22.01967621
2023/5/28 4:20,100,22.32002258,100,22.02604294,100,21.85625076,30.64821053,22.01967621
2023/5/28 4:21,100,22.01620293,100,22.02604294,100,21.85625076,45.61438751,22.00520706
2023/5/28 4:22,100,22.01620293,100,22.02604294,100,21.85625076,60.39991379,22.01967621
2023/5/28 4:23,100,22.11747742,100,22.02604294,100,21.85625076,75.09685516,22.01967621
2023/5/28 4:24,100,22.01620293,100,22.02604294,100,21.85625076,90.04930878,22.01967621
2023/5/28 4:25,100,22.11747742,100,22.02604294,100,21.85625076,100,22.01967621
2023/5/28 4:26,100,22.11747742,100,21.92476845,100,21.85625076,99.85383606,22.01967621
2023/5/28 4:27,100,22.21875,100,21.92476845,100,21.75497818,38.16257477,21.91840172
2023/5/28 4:28,100,22.11747742,100,21.92476845,100,21.75497818,0,21.83159828
2023/5/28 4:29,100,22.11747742,100,21.92476845,100,21.75497818,0,21.81712914
2023/5/28 4:30,100,22.01620293,100,21.82349586,100,21.75497818,0,21.81712914
2023/5/28 4:31,100,22.32002258,100,21.82349586,100,21.74051094,0,21.81712914
2023/5/28 4:32,100,22.32002258,100,21.82349586,100,21.75497818,0,21.81712914
2023/5/28 4:33,100,22.32002258,100,21.82349586,100,21.65370369,0,21.81712914
2023/5/28 4:34,100,22.32002258,100,21.82349586,100,21.65370369,0,21.81712914
2023/5/28 4:35,100,22.32002258,100,21.72222328,100,21.65370369,0,21.81712914
2023/5/28 4:36,100,22.32002258,100,21.82349586,100,21.75497818,0,21.81712914
2023/5/28 4:37,100,22.01620293,100,21.82349586,100,21.75497818,0,21.81712914
2023/5/28 4:38,100,22.01620293,100,21.92476845,100,21.75497818,0,21.81712914
2023/5/28 4:39,100,22.32002258,100,21.92476845,100,21.75497818,0,21.81712914
2023/5/28 4:40,100,22.30555534,100,21.92476845,100,21.75497818,0,21.8026619
2023/5/28 4:41,100,22.01620293,100,21.93923569,100,21.74051094,0,21.81712914
2023/5/28 4:42,100,22.01620293,100,21.92476845,100,21.65370369,0,21.81712914
2023/5/28 4:43,100,22.01620293,100,21.92476845,100,21.65370369,0,21.88946724
2023/5/28 4:44,100,22.01620293,100,21.92476845,100,21.65370369,0,21.91840172
2023/5/28 4:45,100,22.32002258,100,21.92476845,100,21.65370369,0,21.91840172
2023/5/28 4:46,100,22.32002258,100,21.82349586,100,21.75497818,0,21.91840172
2023/5/28 4:47,100,22.01620293,100,21.93923569,100,21.74051094,0,21.91840172
2023/5/28 4:48,100,22.32002258,100,21.92476845,100,21.76944542,0,21.91840172
2023/5/28 4:49,100,22.32002258,100,22.02604294,100,21.75497818,0,21.91840172
2023/5/28 4:50,100,22.01620293,100,22.02604294,100,21.75497818,0,21.91840172
2023/5/28 4:51,100,22.01620293,100,22.02604294,100,21.75497818,3.667966604,22.01967621
2023/5/28 4:52,100,22.01620293,100,21.93923569,100,21.75497818,18.09544754,22.01967621
2023/5/28 4:53,100,22.01620293,100,21.92476845,100,21.75497818,32.9563446,22.01967621
2023/5/28 4:54,100,22.01620293,100,21.92476845,100,21.75497818,47.68162155,22.00520706
2023/5/28 4:55,100,22.01620293,100,21.92476845,100,21.75497818,63.99908447,22.01967621
2023/5/28 4:56,100,22.01620293,100,21.82349586,100,21.65370369,100,22.10648155
2023/5/28 4:57,100,22.01620293,100,21.80902672,100,21.65370369,100,22.10648155
2023/5/28 4:58,100,22.01620293,100,21.82349586,100,21.65370369,100,22.12094879
2023/5/28 4:59,100,22.01620293,100,21.82349586,100,21.75497818,100,22.01967621
2023/5/28 5:00,100,22.01620293,100,21.82349586,100,21.69710732,100,22.01967621
2023/5/28 5:01,100,22.01620293,100,21.80902672,100,21.65370369,94.54494476,21.91840172
2023/5/28 5:02,100,22.01620293,100,21.72222328,100,21.55243111,28.62403679,21.91840172
2023/5/28 5:03,100,22.01620293,100,21.73669052,100,21.55243111,0,21.81712914
2023/5/28 5:04,100,22.32002258,100,21.63541794,100,21.49456024,0,21.81712914
2023/5/28 5:05,100,22.13194466,100,21.63541794,100,21.55243111,0,21.81712914
2023/5/28 5:06,100,22.01620293,100,21.63541794,100,21.55243111,0,21.81712914
2023/5/28 5:07,100,22.32002258,100,21.62094879,100,21.55243111,0,21.81712914
2023/5/28 5:08,100,22.32002258,100,21.63541794,100,21.55243111,0,21.81712914
2023/5/28 5:09,100,22.32002258,100,21.63541794,100,21.55243111,0,21.81712914
2023/5/28 5:10,100,22.32002258,100,21.73669052,100,21.55243111,0,21.81712914
2023/5/28 5:11,100,22.32002258,100,21.73669052,100,21.65370369,0,21.81712914
2023/5/28 5:12,100,22.32002258,100,21.72222328,100,21.65370369,0,21.81712914
2023/5/28 5:13,100,22.32002258,100,21.73669052,100,21.65370369,0,21.81712914
2023/5/28 5:14,100,22.32002258,100,21.82349586,100,21.65370369,0,21.81712914
2023/5/28 5:15,100,22.32002258,100,21.82349586,100,21.65370369,0,21.81712914
2023/5/28 5:16,100,22.32002258,100,21.73669052,100,21.55243111,0,21.81712914
2023/5/28 5:17,100,22.01620293,100,21.72222328,100,21.55243111,0,21.81712914
2023/5/28 5:18,100,22.11747742,100,21.73669052,100,21.55243111,0,21.81712914
2023/5/28 5:19,100,22.01620293,100,21.63541794,100,21.45115852,0,21.81712914
2023/5/28 5:20,100,22.11747742,100,21.63541794,100,21.45115852,0,21.81712914
2023/5/28 5:21,100,22.11747742,100,21.63541794,100,21.45115852,0,21.81712914
2023/5/28 5:22,100,22.01620293,100,21.63541794,100,21.45115852,0,21.91840172
2023/5/28 5:23,100,22.11747742,100,21.63541794,100,21.55243111,0,21.91840172
2023/5/28 5:24,100,22.01620293,100,21.73669052,100,21.55243111,0,21.91840172
2023/5/28 5:25,100,22.01620293,100,21.72222328,100,21.55243111,0,21.90393448
2023/5/28 5:26,100,22.01620293,100,21.73669052,100,21.55243111,0,21.91840172
2023/5/28 5:27,100,22.01620293,100,21.72222328,100,21.55243111,0,21.91840172
2023/5/28 5:28,100,22.01620293,100,21.73669052,100,21.65370369,0,21.91840172
2023/5/28 5:29,100,22.01620293,100,21.72222328,100,21.55243111,0,21.91840172
2023/5/28 5:30,100,22.32002258,100,21.73669052,100,21.55243111,0,21.91840172
2023/5/28 5:31,100,22.30555534,100,21.73669052,100,21.58136559,0,21.91840172
2023/5/28 5:32,100,22.16087914,100,21.63541794,100,21.55243111,0,21.91840172
2023/5/28 5:33,100,22.01620293,100,21.63541794,100,21.55243111,0,21.91840172
2023/5/28 5:34,100,22.01620293,100,21.63541794,100,21.55243111,2.819911003,22.01967621
2023/5/28 5:35,100,22.01620293,100,21.63541794,100,21.55243111,17.28167915,22.01967621
2023/5/28 5:36,100,22.32002258,100,21.53414345,100,21.55243111,31.87382126,22.01967621
2023/5/28 5:37,100,22.01620293,100,21.63541794,100,21.55243111,46.63412857,22.01967621
2023/5/28 5:38,100,22.01620293,100,21.62094879,100,21.55243111,61.64963531,22.01967621
2023/5/28 5:39,100,22.32002258,100,21.63541794,100,21.55243111,76.62260437,22.00520706
2023/5/28 5:40,100,22.32002258,100,21.63541794,100,21.55243111,91.71861267,22.01967621
2023/5/28 5:41,100,22.32002258,100,21.63541794,100,21.55243111,100,22.01967621
2023/5/28 5:42,100,22.32002258,100,21.73669052,100,21.55243111,52.25801849,21.91840172
2023/5/28 5:43,100,22.32002258,100,21.73669052,100,21.65370369,0,21.91840172
2023/5/28 5:44,100,22.23321724,100,21.63541794,100,21.55243111,0,21.91840172
2023/5/28 5:45,100,22.21875,100,21.63541794,100,21.55243111,0,21.81712914
2023/5/28 5:46,100,22.30555534,100,21.51967621,100,21.45115852,0,21.81712914
2023/5/28 5:47,100,22.21875,100,21.51967621,100,21.45115852,0,21.81712914
2023/5/28 5:48,100,22.21875,100,21.54861069,100,21.45115852,0,21.81712914
2023/5/28 5:49,100,22.21875,100,21.63541794,100,21.55243111,0,21.81712914
2023/5/28 5:50,100,22.21875,100,21.63541794,100,21.45115852,0,21.81712914
2023/5/28 5:51,100,22.21875,100,21.53414345,100,21.45115852,0,21.81712914
2023/5/28 5:52,100,22.27662086,100,21.53414345,100,21.45115852,0,21.81712914
2023/5/28 5:53,100,22.32002258,100,21.51967621,100,21.45115852,0,21.81712914
2023/5/28 5:54,100,22.32002258,100,21.51967621,100,21.45115852,0,21.81712914
2023/5/28 5:55,100,22.32002258,100,21.51967621,100,21.45115852,0,21.81712914
2023/5/28 5:56,100,22.32002258,100,21.53414345,100,21.45115852,0,21.81712914
2023/5/28 5:57,100,22.01620293,100,21.53414345,100,21.45115852,0,21.81712914
2023/5/28 5:58,100,22.32002258,100,21.53414345,100,21.45115852,0,21.81712914
2023/5/28 5:59,100,22.32002258,100,21.53414345,100,21.45115852,0,21.81712914
2023/5/28 6:00,100,22.32002258,100,21.51967621,100,21.45115852,0,21.81712914
2023/5/28 6:01,100,22.32002258,100,21.54861069,100,21.45115852,0,21.81712914
2023/5/28 6:02,100,22.01620293,100,21.51967621,100,21.45115852,0,21.81712914
2023/5/28 6:03,100,22.32002258,100,21.53414345,100,21.45115852,0,21.875
2023/5/28 6:04,100,22.01620293,100,21.63541794,100,21.55243111,0,21.91840172
2023/5/28 6:05,100,22.01620293,100,21.73669052,100,21.55243111,0,21.91840172
2023/5/28 6:06,100,22.01620293,100,21.73669052,100,21.65370369,0,21.91840172
2023/5/28 6:07,100,22.01620293,100,21.73669052,100,21.65370369,0,21.91840172
2023/5/28 6:08,100,22.01620293,100,21.72222328,100,21.65370369,0,21.91840172
2023/5/28 6:09,100,22.01620293,100,21.73669052,100,21.65370369,0,21.91840172
2023/5/28 6:10,100,22.01620293,100,21.73669052,100,21.65370369,0,21.91840172
2023/5/28 6:11,100,22.32002258,100,21.72222328,100,21.65370369,0,21.91840172
2023/5/28 6:12,100,22.32002258,100,21.72222328,100,21.65370369,0,21.91840172
2023/5/28 6:13,100,22.32002258,100,21.73669052,100,21.65370369,0,21.91840172
2023/5/28 6:14,100,22.32002258,100,21.73669052,100,21.65370369,0,21.91840172
2023/5/28 6:15,100,22.32002258,100,21.72222328,100,21.65370369,0,21.91840172
2023/5/28 6:16,100,22.32002258,100,21.72222328,100,21.65370369,0,21.91840172
2023/5/28 6:17,100,22.32002258,100,21.72222328,100,21.65370369,0,21.91840172
2023/5/28 6:18,100,22.32002258,100,21.73669052,100,21.55243111,0,21.91840172
2023/5/28 6:19,100,22.21875,100,21.73669052,100,21.55243111,0,21.99073982
2023/5/28 6:20,100,22.32002258,100,21.63541794,100,21.55243111,0.960719466,22.01967621
2023/5/28 6:21,100,22.32002258,100,21.63541794,100,21.55243111,15.48949242,22.01967621
2023/5/28 6:22,100,22.32002258,100,21.73669052,100,21.65370369,30.50427818,22.01967621
2023/5/28 6:23,100,22.23321724,100,21.79455948,100,21.65370369,45.36027527,22.01967621
2023/5/28 6:24,100,22.23321724,100,21.72222328,100,21.65370369,59.73353195,22.01967621
2023/5/28 6:25,100,22.32002258,100,21.72222328,100,21.65370369,74.74931335,22.01967621
2023/5/28 6:26,100,22.32002258,100,21.82349586,100,21.55243111,89.80112457,22.01967621
2023/5/28 6:27,100,22.32002258,100,21.82349586,100,21.65370369,100,22.01967621
2023/5/28 6:28,100,22.32002258,100,21.82349586,100,21.65370369,100,22.01967621
2023/5/28 6:29,100,22.32002258,100,21.82349586,100,21.75497818,100,22.01967621
2023/5/28 6:30,100,22.30555534,100,21.82349586,100,21.75497818,61.22493744,21.91840172
2023/5/28 6:31,100,22.32002258,100,21.82349586,100,21.75497818,0,21.91840172
2023/5/28 6:32,100,22.32002258,100,21.78009224,100,21.75497818,0,21.81712914
2023/5/28 6:33,100,22.32002258,100,21.73669052,100,21.74051094,0,21.81712914
2023/5/28 6:34,100,22.32002258,100,21.73669052,100,21.65370369,0,21.81712914
2023/5/28 6:35,100,22.32002258,100,21.64988518,100,21.65370369,0,21.81712914
2023/5/28 6:36,100,22.32002258,100,21.72222328,100,21.65370369,0,21.81712914
2023/5/28 6:37,100,22.32002258,100,21.64988518,100,21.55243111,0,21.81712914
2023/5/28 6:38,100,22.32002258,100,21.62094879,100,21.55243111,0,21.81712914
2023/5/28 6:39,100,22.32002258,100,21.63541794,100,21.55243111,0,21.81712914
2023/5/28 6:40,100,22.32002258,100,21.63541794,100,21.45115852,0,21.81712914
2023/5/28 6:41,100,22.32002258,100,21.73669052,100,21.55243111,0,21.81712914
2023/5/28 6:42,100,22.30555534,100,21.72222328,100,21.55243111,0,21.81712914
2023/5/28 6:43,100,22.32002258,100,21.73669052,100,21.55243111,0,21.81712914
2023/5/28 6:44,100,22.32002258,100,21.73669052,100,21.55243111,0,21.81712914
2023/5/28 6:45,100,22.30555534,100,21.73669052,100,21.65370369,0,21.81712914
2023/5/28 6:46,100,22.30555534,100,21.73669052,100,21.55243111,0,21.81712914
2023/5/28 6:47,100,22.32002258,100,21.82349586,100,21.65370369,0,21.81712914
2023/5/28 6:48,100,22.32002258,100,21.73669052,100,21.65370369,0,21.90393448
2023/5/28 6:49,100,22.30555534,100,21.73669052,100,21.61030197,0,21.91840172
2023/5/28 6:50,100,22.01620293,100,21.72222328,100,21.55243111,0,21.91840172
2023/5/28 6:51,100,22.01620293,100,21.73669052,100,21.55243111,0,21.91840172
2023/5/28 6:52,100,22.01620293,100,21.82349586,100,21.65370369,0,21.91840172
2023/5/28 6:53,100,22.13194466,100,21.85243034,100,21.65370369,0,21.91840172
2023/5/28 6:54,100,22.05960655,100,21.82349586,100,21.65370369,0,21.91840172
2023/5/28 6:55,100,22.01620293,100,21.82349586,100,21.65370369,0,21.90393448
2023/5/28 6:56,100,22.01620293,100,21.82349586,100,21.65370369,0,21.91840172
2023/5/28 6:57,100,22.01620293,100,21.73669052,100,21.65370369,0,21.91840172
2023/5/28 6:58,100,22.11747742,100,21.72222328,100,21.65370369,0,21.91840172
2023/5/28 6:59,100,22.11747742,100,21.82349586,100,21.65370369,0,21.96180534
2023/5/28 7:00,100,22.11747742,100,21.73669052,100,21.56689835,13.66419125,22.01967621
2023/5/28 7:01,100,22.11747742,100,21.82349586,100,21.65370369,28.43823433,22.01967621
2023/5/28 7:02,100,22.01620293,100,21.82349586,100,21.75497818,43.19619751,22.01967621
2023/5/28 7:03,100,22.01620293,100,21.82349586,100,21.75497818,57.91016769,22.01967621
2023/5/28 7:04,100,22.01620293,100,21.82349586,100,21.75497818,72.56582642,22.01967621
2023/5/28 7:05,100,22.01620293,100,21.82349586,100,21.75497818,89.00357819,22.01967621
2023/5/28 7:06,100,22.11747742,100,21.82349586,100,21.75497818,100,22.01967621
2023/5/28 7:07,100,22.11747742,100,21.89583206,100,21.75497818,100,22.01967621
2023/5/28 7:08,100,22.01620293,100,21.82349586,100,21.75497818,100,22.00520706
2023/5/28 7:09,100,22.01620293,100,21.765625,100,21.75497818,89.76296997,21.91840172
2023/5/28 7:10,100,22.11747742,100,21.73669052,100,21.75497818,24.76891518,21.91840172
2023/5/28 7:11,100,22.01620293,100,21.73669052,100,21.75497818,0,21.91840172
2023/5/28 7:12,100,22.01620293,100,21.72222328,100,21.65370369,0,21.81712914
2023/5/28 7:13,100,22.01620293,100,21.73669052,100,21.65370369,0,21.81712914
2023/5/28 7:14,100,22.01620293,100,21.73669052,100,21.65370369,0,21.81712914
2023/5/28 7:15,100,22.01620293,100,21.63541794,100,21.65370369,0,21.81712914
2023/5/28 7:16,100,22.32002258,100,21.63541794,100,21.65370369,0,21.81712914
2023/5/28 7:17,100,22.01620293,100,21.73669052,100,21.65370369,0,21.81712914
2023/5/28 7:18,100,22.03067207,100,21.73669052,100,21.65370369,0,21.81712914
2023/5/28 7:19,100,22.32002258,100,21.63541794,100,21.65370369,0,21.81712914
2023/5/28 7:20,100,22.32002258,100,21.63541794,100,21.55243111,0,21.81712914
2023/5/28 7:21,100,22.01620293,100,21.63541794,100,21.55243111,0,21.81712914
2023/5/28 7:22,100,22.01620293,100,21.63541794,100,21.55243111,0,21.81712914
2023/5/28 7:23,100,22.01620293,100,21.63541794,100,21.55243111,0,21.81712914
2023/5/28 7:24,100,22.01620293,100,21.63541794,100,21.53796387,0,21.83159828
2023/5/28 7:25,100,22.01620293,100,21.62094879,100,21.55243111,0,21.91840172
2023/5/28 7:26,100,22.01620293,100,21.72222328,100,21.65370369,0,21.91840172
2023/5/28 7:27,100,22.01620293,100,21.73669052,100,21.65370369,0,21.91840172
2023/5/28 7:28,100,22.01620293,100,21.73669052,100,21.65370369,0,21.91840172
2023/5/28 7:29,100,22.10301018,100,21.73669052,100,21.75497818,0,21.91840172
2023/5/28 7:30,100,22.01620293,100,21.82349586,100,21.85625076,0,22.00520706
2023/5/28 7:31,100,22.11747742,100,21.92476845,100,21.85625076,13.95679855,22.01967621
2023/5/28 7:32,100,22.01620293,100,21.92476845,100,21.85625076,28.85250473,22.01967621
2023/5/28 7:33,100,22.01620293,100,21.92476845,100,21.94305611,43.70815277,22.01967621
2023/5/28 7:34,100,22.01620293,100,22.01157379,100,21.95752335,58.59529495,22.01967621
2023/5/28 7:35,100,22.01620293,100,22.02604294,100,21.95752335,73.32074738,22.01967621
2023/5/28 7:36,100,22.01620293,100,21.92476845,100,22.02986145,88.25642395,22.01967621
2023/5/28 7:37,100,22.01620293,100,21.92476845,100,21.94305611,100,22.01967621
2023/5/28 7:38,100,22.01620293,100,21.82349586,100,21.75497818,100,22.01967621
2023/5/28 7:39,100,22.01620293,100,21.82349586,100,21.75497818,66.60367584,21.91840172
2023/5/28 7:40,100,22.01620293,100,21.80902672,100,21.75497818,0.940514445,21.90393448
2023/5/28 7:41,100,22.01620293,100,21.78009224,100,21.75497818,0,21.91840172
2023/5/28 7:42,100,22.01620293,100,21.75115776,100,21.75497818,0,21.81712914
2023/5/28 7:43,100,22.32002258,100,21.82349586,100,21.75497818,0,21.81712914
2023/5/28 7:44,100,22.32002258,100,21.82349586,100,21.75497818,0,21.81712914
2023/5/28 7:45,100,22.32002258,100,21.82349586,100,21.75497818,0,21.81712914
2023/5/28 7:46,100,22.26215172,100,21.82349586,100,21.65370369,0,21.81712914
2023/5/28 7:47,100,22.32002258,100,21.73669052,100,21.65370369,0,21.81712914
2023/5/28 7:48,100,22.32002258,100,21.73669052,100,21.65370369,0,21.81712914
2023/5/28 7:49,100,22.01620293,100,21.82349586,100,21.65370369,0,21.81712914
2023/5/28 7:50,100,22.01620293,100,21.82349586,100,21.75497818,0,21.81712914
2023/5/28 7:51,100,22.01620293,100,21.93923569,100,21.75497818,0,21.81712914
2023/5/28 7:52,100,22.01620293,100,21.93923569,100,21.75497818,0,21.81712914
2023/5/28 7:53,100,22.01620293,100,21.82349586,100,21.75497818,0,21.81712914
2023/5/28 7:54,100,22.01620293,100,21.80902672,100,21.75497818,0,21.81712914
2023/5/28 7:55,100,22.01620293,100,21.82349586,100,21.65370369,0,21.91840172
2023/5/28 7:56,100,22.05960655,100,21.82349586,100,21.65370369,0,21.91840172
2023/5/28 7:57,100,22.01620293,100,21.73669052,100,21.65370369,0,21.91840172
2023/5/28 7:58,100,22.01620293,100,21.72222328,100,21.55243111,0,21.91840172
2023/5/28 7:59,100,22.01620293,100,21.66435242,100,21.55243111,0,21.91840172
2023/5/28 8:00,100,22.04513931,100,21.63541794,100,21.65370369,0,21.91840172
2023/5/28 8:01,100,22.01620293,100,21.72222328,100,21.55243111,0.054435305,21.96180534
2023/5/28 8:02,100,22.01620293,100,21.73669052,100,21.65370369,10.86739826,22.01967621
2023/5/28 8:03,100,22.01620293,100,21.72222328,100,21.65370369,25.69723701,22.01967621
2023/5/28 8:04,100,22.11747742,100,21.72222328,100,21.63923645,40.37519455,22.01967621
2023/5/28 8:05,100,22.11747742,100,21.78009224,100,21.65370369,55.2052269,22.01967621
2023/5/28 8:06,100,22.11747742,100,21.73669052,100,21.65370369,70.13668823,22.01967621
2023/5/28 8:07,100,22.01620293,100,21.72222328,100,21.65370369,85.00984192,22.01967621
2023/5/28 8:08,100,22.32002258,100,21.73669052,100,21.66817284,100,22.00520706
2023/5/28 8:09,100,22.32002258,100,21.63541794,100,21.55243111,100,22.01967621
2023/5/28 8:10,100,22.32002258,100,21.56307793,100,21.45115852,100,22.01967621
2023/5/28 8:11,100,22.32002258,100,21.53414345,100,21.45115852,100,22.01967621
2023/5/28 8:12,100,22.32002258,100,21.53414345,100,21.45115852,75.35257721,21.91840172
2023/5/28 8:13,100,22.32002258,100,21.63541794,100,21.55243111,9.966664314,21.91840172
2023/5/28 8:14,100,22.32002258,100,21.63541794,100,21.65370369,0,21.83159828
2023/5/28 8:15,100,22.30555534,100,21.63541794,100,21.65370369,0,21.81712914
2023/5/28 8:16,100,22.32002258,100,21.73669052,100,21.61030197,0,21.81712914
2023/5/28 8:17,100,22.32002258,100,21.72222328,100,21.65370369,0,21.81712914
2023/5/28 8:18,100,22.21875,100,21.72222328,100,21.63923645,0,21.81712914
2023/5/28 8:19,100,22.11747742,100,21.82349586,100,21.65370369,0,21.81712914
2023/5/28 8:20,100,22.21875,100,21.82349586,100,21.65370369,0,21.81712914
2023/5/28 8:21,100,22.30555534,100,21.82349586,100,21.65370369,0,21.8026619
2023/5/28 8:22,100,22.32002258,100,21.80902672,100,21.55243111,0,21.81712914
2023/5/28 8:23,100,22.32002258,100,21.72222328,100,21.55243111,0,21.81712914
2023/5/28 8:24,100,22.32002258,100,21.73669052,100,21.55243111,0,21.81712914
2023/5/28 8:25,100,22.32002258,100,21.73669052,100,21.55243111,0,21.81712914
2023/5/28 8:26,100,22.30555534,100,21.82349586,100,21.65370369,0,21.81712914
2023/5/28 8:27,100,22.32002258,100,21.8379631,100,21.65370369,0,21.81712914
2023/5/28 8:28,100,22.32002258,100,21.82349586,100,21.65370369,0,21.91840172
2023/5/28 8:29,100,22.01620293,100,21.72222328,100,21.65370369,0,21.91840172
2023/5/28 8:30,100,22.01620293,100,21.73669052,100,21.75497818,0,21.91840172
2023/5/28 8:31,100,22.01620293,100,21.82349586,100,21.75497818,0,21.91840172
2023/5/28 8:32,100,22.01620293,100,21.82349586,100,21.74051094,0,21.91840172
2023/5/28 8:33,100,22.32002258,100,21.82349586,100,21.75497818,0,21.91840172
2023/5/28 8:34,100,22.32002258,100,21.82349586,100,21.75497818,0,21.91840172
2023/5/28 8:35,100,22.32002258,100,21.82349586,100,21.75497818,0,21.91840172
2023/5/28 8:36,100,22.32002258,100,21.82349586,100,21.65370369,0,21.91840172
2023/5/28 8:37,100,22.32002258,100,21.82349586,100,21.65370369,0,21.91840172
2023/5/28 8:38,100,22.32002258,100,21.82349586,100,21.65370369,0,21.91840172
2023/5/28 8:39,100,22.32002258,100,21.82349586,100,21.65370369,0,21.91840172
2023/5/28 8:40,100,22.13194466,100,21.82349586,100,21.65370369,0,21.91840172
2023/5/28 8:41,100,22.08854294,100,21.82349586,100,21.65370369,0.669021189,22.01967621
2023/5/28 8:42,100,22.32002258,100,21.82349586,100,21.65370369,5.979988098,21.96180534
2023/5/28 8:43,100,22.32002258,100,21.72222328,100,21.65370369,3.206309319,22.01967621
2023/5/28 8:44,100,22.32002258,100,21.82349586,100,21.65370369,16.94938087,22.01967621
2023/5/28 8:45,100,22.32002258,100,21.82349586,100,21.65370369,31.7036972,22.01967621
2023/5/28 8:46,100,22.32002258,100,21.82349586,100,21.65370369,46.51150894,22.01967621
2023/5/28 8:47,100,22.32002258,100,21.82349586,100,21.66817284,61.31407166,22.01967621
2023/5/28 8:48,100,22.32002258,100,21.82349586,100,21.65370369,76.03066254,22.01967621
2023/5/28 8:49,100,22.30555534,100,21.82349586,100,21.65370369,90.93995667,22.01967621
2023/5/28 8:50,100,22.11747742,100,21.82349586,100,21.65370369,100,22.00520706
2023/5/28 8:51,100,22.11747742,100,21.82349586,100,21.75497818,98.54069519,21.91840172
2023/5/28 8:52,100,22.21875,100,21.82349586,100,21.75497818,36.24391937,21.91840172
2023/5/28 8:53,100,22.11747742,100,21.75115776,100,21.75497818,0,21.90393448
2023/5/28 8:54,100,22.11747742,100,21.72222328,100,21.65370369,0,21.81712914
2023/5/28 8:55,100,22.11747742,100,21.72222328,100,21.65370369,0,21.81712914
2023/5/28 8:56,100,22.11747742,100,21.72222328,100,21.65370369,0,21.81712914
2023/5/28 8:57,100,22.11747742,100,21.73669052,100,21.65370369,0,21.81712914
2023/5/28 8:58,100,22.01620293,100,21.72222328,100,21.65370369,0,21.81712914
2023/5/28 8:59,100,22.11747742,100,21.73669052,100,21.65370369,0,21.81712914
2023/5/28 9:00,100,22.11747742,100,21.73669052,100,21.65370369,0,21.81712914
2023/5/28 9:01,100,22.11747742,100,21.73669052,100,21.55243111,0,21.81712914
2023/5/28 9:02,100,22.11747742,100,21.72222328,100,21.65370369,0,21.81712914
2023/5/28 9:03,100,22.11747742,100,21.82349586,100,21.65370369,0,21.81712914
2023/5/28 9:04,100,22.11747742,100,21.82349586,100,21.65370369,0,21.81712914
2023/5/28 9:05,100,22.11747742,100,21.92476845,100,21.75497818,0,21.81712914
2023/5/28 9:06,100,22.11747742,100,21.82349586,100,21.75497818,0,21.81712914
2023/5/28 9:07,100,22.11747742,100,21.82349586,100,21.65370369,0,21.81712914
2023/5/28 9:08,100,22.11747742,100,21.82349586,100,21.75497818,0,21.83159828
2023/5/28 9:09,100,22.11747742,100,21.73669052,100,21.65370369,0,21.91840172
2023/5/28 9:10,100,22.11747742,100,21.72222328,100,21.63923645,0,21.91840172
2023/5/28 9:11,100,22.11747742,100,21.82349586,100,21.65370369,0,21.91840172
2023/5/28 9:12,100,22.01620293,100,21.82349586,100,21.65370369,0,21.91840172
2023/5/28 9:13,100,21.91493034,100,21.82349586,100,21.65370369,0,21.91840172
2023/5/28 9:14,100,22.01620293,100,21.82349586,100,21.7260437,0,21.91840172
2023/5/28 9:15,100,22.01620293,100,21.82349586,100,21.74051094,0,21.91840172
2023/5/28 9:16,100,22.01620293,100,21.82349586,100,21.75497818,0,21.91840172
2023/5/28 9:17,100,22.01620293,100,21.82349586,100,21.65370369,0,21.91840172
2023/5/28 9:18,100,21.91493034,100,21.82349586,100,21.65370369,0,21.91840172
2023/5/28 9:19,100,21.91493034,100,21.82349586,100,21.63923645,0,21.91840172
2023/5/28 9:20,100,22.01620293,100,21.82349586,100,21.65370369,0,21.91840172
2023/5/28 9:21,100,22.01620293,100,21.82349586,100,21.65370369,1.567445636,22.01967621
2023/5/28 9:22,100,21.91493034,100,21.82349586,100,21.65370369,15.86442947,22.00520706
2023/5/28 9:23,100,22.01620293,100,21.88136482,100,21.65370369,30.65470123,22.01967621
2023/5/28 9:24,100,22.01620293,100,21.92476845,100,21.75497818,45.3229332,22.01967621
2023/5/28 9:25,100,22.01620293,100,21.93923569,100,21.75497818,60.17368317,22.01967621
2023/5/28 9:26,100,22.01620293,100,21.93923569,100,21.75497818,75.21465302,22.01967621
2023/5/28 9:27,100,22.01620293,100,21.92476845,100,21.75497818,90.0782547,22.01967621
2023/5/28 9:28,100,21.91493034,100,21.82349586,100,21.65370369,100,22.01967621
2023/5/28 9:29,100,21.91493034,100,21.82349586,100,21.65370369,100,22.01967621
2023/5/28 9:30,100,21.91493034,100,21.82349586,100,21.65370369,61.18895721,21.91840172
2023/5/28 9:31,100,21.91493034,100,21.73669052,100,21.65370369,0,21.91840172
2023/5/28 9:32,100,21.91493034,100,21.72222328,100,21.65370369,0,21.81712914
2023/5/28 9:33,100,21.91493034,100,21.72222328,100,21.65370369,0,21.81712914
2023/5/28 9:34,100,22.01620293,100,21.72222328,100,21.55243111,0,21.81712914
2023/5/28 9:35,100,22.03067207,100,21.8379631,100,21.65370369,0,21.81712914
2023/5/28 9:36,100,22.01620293,100,21.82349586,100,21.65370369,0,21.81712914
2023/5/28 9:37,100,21.91493034,100,21.8379631,100,21.75497818,0,21.81712914
2023/5/28 9:38,100,22.01620293,100,21.89583206,100,21.75497818,0,21.81712914
2023/5/28 9:39,100,22.01620293,100,21.93923569,100,21.75497818,0,21.81712914
2023/5/28 9:40,100,21.94386482,100,21.92476845,100,21.75497818,0,21.81712914
2023/5/28 9:41,100,22.01620293,100,21.92476845,100,21.75497818,0,21.81712914
2023/5/28 9:42,100,22.01620293,100,21.92476845,100,21.75497818,0,21.81712914
2023/5/28 9:43,100,22.01620293,100,21.92476845,100,21.75497818,0,21.81712914
2023/5/28 9:44,100,22.11747742,100,21.82349586,100,21.75497818,0,21.81712914
2023/5/28 9:45,100,22.11747742,100,21.82349586,100,21.65370369,0,21.81712914
2023/5/28 9:46,100,22.11747742,100,21.73669052,100,21.65370369,0,21.81712914
2023/5/28 9:47,100,22.11747742,100,21.72222328,100,21.65370369,0,21.81712914
2023/5/28 9:48,100,22.07407379,100,21.82349586,100,21.65370369,0,21.91840172
2023/5/28 9:49,100,22.11747742,100,21.82349586,100,21.65370369,0,21.91840172
2023/5/28 9:50,100,22.11747742,100,21.82349586,100,21.65370369,0,21.91840172
2023/5/28 9:51,100,22.11747742,100,21.82349586,100,21.65370369,0,21.91840172
2023/5/28 9:52,100,22.11747742,100,21.82349586,100,21.65370369,0,21.91840172
2023/5/28 9:53,100,22.11747742,100,21.82349586,100,21.65370369,0,21.91840172
2023/5/28 9:54,100,22.21875,100,21.82349586,100,21.65370369,0,21.91840172
2023/5/28 9:55,100,22.26215172,100,21.72222328,100,21.65370369,0.106533065,22.00520706
2023/5/28 9:56,100,22.21875,100,21.78009224,100,21.65370369,14.90001202,22.01967621
2023/5/28 9:57,100,22.21875,100,21.82349586,100,21.65370369,29.80682945,22.01967621
2023/5/28 9:58,100,22.21875,100,21.82349586,100,21.65370369,44.64201736,22.00520706
2023/5/28 9:59,100,22.21875,100,21.92476845,100,21.75497818,59.23146439,22.01967621
2023/5/28 10:00,100,22.21875,100,21.92476845,100,21.75497818,73.97309113,22.01967621
2023/5/28 10:01,100,22.21875,100,21.92476845,100,21.75497818,88.94777679,22.01967621
2023/5/28 10:02,100,22.21875,100,21.92476845,100,21.75497818,100,22.01967621
2023/5/28 10:03,100,22.21875,100,21.86689758,100,21.75497818,90.79397583,21.91840172
2023/5/28 10:04,100,22.21875,100,21.85243034,100,21.75497818,26.76717567,21.91840172
2023/5/28 10:05,100,22.30555534,100,21.82349586,100,21.75497818,0,21.84606552
2023/5/28 10:06,100,22.32002258,100,21.82349586,100,21.75497818,0,21.81712914
2023/5/28 10:07,100,22.21875,100,21.80902672,100,21.75497818,0,21.81712914
2023/5/28 10:08,100,22.21875,100,21.92476845,100,21.82731628,0,21.81712914
2023/5/28 10:09,100,22.17534828,100,21.92476845,100,21.85625076,0,21.81712914
2023/5/28 10:10,100,22.21875,100,21.92476845,100,21.85625076,0,21.81712914
2023/5/28 10:11,100,22.21875,100,21.92476845,100,21.85625076,0,21.81712914
2023/5/28 10:12,100,22.21875,100,21.92476845,100,21.75497818,0,21.81712914
2023/5/28 10:13,100,22.21875,100,21.92476845,100,21.75497818,0,21.81712914
2023/5/28 10:14,100,22.21875,100,21.92476845,100,21.75497818,0,21.81712914
2023/5/28 10:15,100,22.21875,100,21.93923569,100,21.75497818,0,21.81712914
2023/5/28 10:16,100,22.21875,100,21.82349586,100,21.75497818,0,21.81712914
2023/5/28 10:17,100,22.32002258,100,21.82349586,100,21.75497818,0,21.91840172
2023/5/28 10:18,100,22.32002258,100,21.92476845,100,21.75497818,0,21.91840172
2023/5/28 10:19,100,22.32002258,100,21.92476845,100,21.82731628,0,21.91840172
2023/5/28 10:20,100,22.30555534,100,21.92476845,100,21.75497818,0,21.91840172
2023/5/28 10:21,100,22.32002258,100,21.82349586,100,21.75497818,0,21.91840172
2023/5/28 10:22,100,22.32002258,100,21.92476845,100,21.75497818,0.773681462,22.01967621
2023/5/28 10:23,100,22.01620293,100,21.92476845,100,21.75497818,14.35650349,22.01967621
2023/5/28 10:24,100,22.32002258,100,21.92476845,100,21.85625076,29.38117599,22.01967621
2023/5/28 10:25,100,22.32002258,100,21.93923569,100,21.75497818,44.47138596,22.01967621
2023/5/28 10:26,100,22.01620293,100,21.93923569,100,21.65370369,58.86289597,22.01967621
2023/5/28 10:27,100,22.01620293,100,21.82349586,100,21.65370369,73.94914246,22.10648155
2023/5/28 10:28,100,22.01620293,100,21.82349586,100,21.65370369,89.37815094,22.01967621
2023/5/28 10:29,100,22.01620293,100,21.82349586,100,21.75497818,100,22.01967621
2023/5/28 10:30,100,22.01620293,100,21.82349586,100,21.65370369,100,22.01967621
2023/5/28 10:31,100,22.01620293,100,21.82349586,100,21.65370369,98.89543152,22.00520706
2023/5/28 10:32,100,22.32002258,100,21.82349586,100,21.65370369,38.33880615,21.91840172
2023/5/28 10:33,100,22.32002258,100,21.82349586,100,21.65370369,0,21.91840172
2023/5/28 10:34,100,22.32002258,100,21.82349586,100,21.65370369,0,21.81712914
2023/5/28 10:35,100,22.32002258,100,21.82349586,100,21.75497818,0,21.81712914
2023/5/28 10:36,100,22.32002258,100,21.92476845,100,21.75497818,0,21.81712914
2023/5/28 10:37,100,22.32002258,100,21.93923569,100,21.84178352,0,21.81712914
2023/5/28 10:38,100,22.32002258,100,22.02604294,100,21.85625076,0,21.81712914
2023/5/28 10:39,100,22.32002258,100,21.92476845,100,21.85625076,0,21.81712914
2023/5/28 10:40,100,22.32002258,100,21.92476845,100,21.75497818,0,21.81712914
2023/5/28 10:41,100,22.32002258,100,21.92476845,100,21.85625076,0,21.81712914
2023/5/28 10:42,100,22.32002258,100,22.02604294,100,21.85625076,0,21.81712914
2023/5/28 10:43,100,22.21875,100,22.02604294,100,21.85625076,0,21.81712914
2023/5/28 10:44,100,22.32002258,100,21.92476845,100,21.75497818,0,21.91840172
2023/5/28 10:45,100,22.32002258,100,21.92476845,100,21.75497818,0,21.91840172
2023/5/28 10:46,100,22.32002258,100,21.92476845,100,21.65370369,0,21.91840172
2023/5/28 10:47,100,22.32002258,100,21.92476845,100,21.75497818,0,21.91840172
2023/5/28 10:48,100,22.10301018,100,21.82349586,100,21.65370369,0,21.97627258
2023/5/28 10:49,100,22.01620293,100,21.82349586,100,21.65370369,8.195319176,22.01967621
2023/5/28 10:50,100,22.01620293,100,21.82349586,100,21.75497818,22.58030319,22.01967621
2023/5/28 10:51,100,22.01620293,100,21.82349586,100,21.65370369,37.53434372,22.01967621
2023/5/28 10:52,100,22.32002258,100,21.92476845,100,21.69710732,52.2611618,22.01967621
2023/5/28 10:53,100,22.01620293,100,21.92476845,100,21.74051094,66.9489212,22.01967621
2023/5/28 10:54,100,22.32002258,100,21.92476845,100,21.75497818,81.9646225,22.01967621
2023/5/28 10:55,100,22.01620293,100,21.95370293,100,21.85625076,96.820961,22.01967621
2023/5/28 10:56,100,22.01620293,100,21.92476845,100,21.74051094,100,22.01967621
2023/5/28 10:57,100,22.32002258,100,21.92476845,100,21.74051094,89.70529938,21.97627258
2023/5/28 10:58,100,22.32002258,100,21.82349586,100,21.65370369,24.70249748,21.91840172
2023/5/28 10:59,100,22.32002258,100,21.82349586,100,21.65370369,0,21.81712914
2023/5/28 11:00,100,22.32002258,100,21.82349586,100,21.63923645,0,21.81712914
2023/5/28 11:01,100,22.21875,100,21.82349586,100,21.65370369,0,21.81712914
2023/5/28 11:02,100,22.21875,100,21.82349586,100,21.75497818,0,21.81712914
2023/5/28 11:03,100,22.32002258,100,21.92476845,100,21.75497818,0,21.81712914
2023/5/28 11:04,100,22.32002258,100,21.92476845,100,21.75497818,0,21.81712914
2023/5/28 11:05,100,22.32002258,100,21.82349586,100,21.71157455,0,21.81712914
2023/5/28 11:06,100,22.32002258,100,21.82349586,100,21.75497818,0,21.81712914
2023/5/28 11:07,100,22.32002258,100,21.82349586,100,21.65370369,0,21.81712914
2023/5/28 11:08,100,22.32002258,100,21.82349586,100,21.65370369,0,21.81712914
2023/5/28 11:09,100,22.32002258,100,21.80902672,100,21.65370369,0,21.81712914
2023/5/28 11:10,100,22.32002258,100,21.82349586,100,21.75497818,0,21.81712914
2023/5/28 11:11,100,22.32002258,100,21.92476845,100,21.75497818,0,21.81712914
2023/5/28 11:12,100,22.32002258,100,21.92476845,100,21.75497818,0,21.81712914
2023/5/28 11:13,100,22.32002258,100,21.92476845,100,21.75497818,0,21.81712914
2023/5/28 11:14,100,22.32002258,100,22.02604294,100,21.85625076,0,21.81712914
2023/5/28 11:15,100,22.32002258,100,22.02604294,100,21.85625076,0,21.81712914
2023/5/28 11:16,100,22.32002258,100,22.02604294,100,21.85625076,0,21.81712914
2023/5/28 11:17,100,22.32002258,100,22.02604294,100,21.85625076,0,21.81712914
2023/5/28 11:18,100,22.32002258,100,22.02604294,100,21.85625076,0,21.81712914
2023/5/28 11:19,100,22.32002258,100,22.04051018,100,21.85625076,0,21.8026619
2023/5/28 11:20,100,22.32002258,100,22.02604294,100,21.85625076,0,21.81712914
2023/5/28 11:21,100,22.32002258,100,22.02604294,100,21.85625076,0,21.81712914
2023/5/28 11:22,100,22.32002258,100,22.02604294,100,21.85625076,0,21.81712914
2023/5/28 11:23,100,22.32002258,100,22.02604294,100,21.76944542,0,21.81712914
2023/5/28 11:24,100,22.01620293,100,21.92476845,100,21.75497818,0,21.81712914
2023/5/28 11:25,100,22.01620293,100,21.93923569,100,21.75497818,0,21.81712914
2023/5/28 11:26,100,22.01620293,100,21.92476845,100,21.85625076,0,21.81712914
2023/5/28 11:27,100,22.01620293,100,22.02604294,100,21.85625076,0,21.81712914
2023/5/28 11:28,100,22.21875,100,22.02604294,100,21.94305611,0,21.81712914
2023/5/28 11:29,100,22.01620293,100,22.12731552,100,21.95752335,0,21.81712914
2023/5/28 11:30,100,22.01620293,100,22.12731552,100,21.95752335,0,21.81712914
2023/5/28 11:31,100,22.32002258,100,22.12731552,100,21.95752335,0,21.81712914
2023/5/28 11:32,100,22.32002258,100,22.12731552,100,22.05879784,0,21.81712914
2023/5/28 11:33,100,22.01620293,100,22.12731552,100,21.95752335,0,21.81712914
2023/5/28 11:34,100,22.01620293,100,22.12731552,100,21.95752335,0,21.81712914
2023/5/28 11:35,100,22.01620293,100,22.12731552,100,21.95752335,0,21.8026619
2023/5/28 11:36,100,22.01620293,100,22.12731552,100,21.84178352,0,21.81712914
2023/5/28 11:37,100,22.01620293,100,22.12731552,100,21.94305611,0,21.81712914
2023/5/28 11:38,100,22.11747742,100,22.12731552,100,21.85625076,0,21.81712914
2023/5/28 11:39,100,22.03067207,100,22.02604294,100,21.85625076,0,21.81712914
2023/5/28 11:40,100,22.11747742,100,22.02604294,100,21.85625076,0,21.81712914
2023/5/28 11:41,100,22.11747742,100,22.02604294,100,21.85625076,0,21.81712914
2023/5/28 11:42,100,22.01620293,100,22.02604294,100,21.85625076,0,21.81712914
2023/5/28 11:43,100,22.11747742,100,22.11284828,100,21.95752335,0,21.81712914
2023/5/28 11:44,100,22.01620293,100,22.12731552,100,21.95752335,0,21.81712914
2023/5/28 11:45,100,22.01620293,100,22.12731552,100,21.95752335,0,21.81712914
2023/5/28 11:46,100,22.11747742,100,22.2285881,100,22.04432869,0,21.81712914
2023/5/28 11:47,100,22.11747742,100,22.2285881,100,22.05879784,0,21.81712914
2023/5/28 11:48,100,22.11747742,100,22.2285881,100,22.05879784,0,21.81712914
2023/5/28 11:49,100,22.11747742,100,22.2285881,100,22.05879784,0,21.8026619
2023/5/28 11:50,100,22.11747742,100,22.2285881,100,22.05879784,0,21.81712914
2023/5/28 11:51,100,22.11747742,100,22.2285881,100,22.05879784,0,21.81712914
2023/5/28 11:52,100,22.11747742,100,22.2285881,100,21.95752335,0,21.81712914
2023/5/28 11:53,100,22.01620293,100,22.2285881,100,21.95752335,0,21.81712914
2023/5/28 11:54,100,22.11747742,100,22.2285881,100,22.05879784,0,21.81712914
2023/5/28 11:55,100,22.11747742,100,22.2285881,100,22.04432869,0,21.81712914
2023/5/28 11:56,100,22.11747742,100,22.21412086,100,22.05879784,0,21.81712914
2023/5/28 11:57,100,22.11747742,100,22.2285881,100,22.05879784,0,21.81712914
2023/5/28 11:58,100,22.11747742,100,22.2285881,100,22.05879784,0,21.81712914
2023/5/28 11:59,100,22.11747742,100,22.2285881,100,22.05879784,0,21.81712914
2023/5/28 12:00,100,22.11747742,100,22.2285881,100,22.04432869,0,21.81712914
2023/5/28 12:01,100,22.11747742,100,22.31539345,100,22.05879784,0,21.81712914
2023/5/28 12:02,100,22.11747742,100,22.32986069,100,22.05879784,0,21.81712914
2023/5/28 12:03,100,22.11747742,100,22.2285881,100,22.05879784,0,21.91840172
2023/5/28 12:04,100,22.11747742,100,22.24305534,100,22.04432869,0,21.81712914
2023/5/28 12:05,100,22.11747742,100,22.2285881,100,22.05879784,0,21.81712914
2023/5/28 12:06,100,22.11747742,100,22.32986069,100,22.04432869,0,21.81712914
2023/5/28 12:07,100,22.11747742,100,22.32986069,100,22.05879784,0,21.90393448
2023/5/28 12:08,100,22.21875,100,22.32986069,100,22.05879784,0,21.875
2023/5/28 12:09,100,22.21875,100,22.32986069,100,22.16007042,0,21.91840172
2023/5/28 12:10,100,22.11747742,100,22.32986069,100,22.16007042,0,21.91840172
2023/5/28 12:11,100,22.11747742,100,22.32986069,100,22.05879784,0,21.91840172
2023/5/28 12:12,100,22.11747742,100,22.2285881,100,22.05879784,0,21.91840172
2023/5/28 12:13,100,22.11747742,100,22.32986069,100,22.14560318,0,21.91840172
2023/5/28 12:14,100,22.11747742,100,22.32986069,100,22.16007042,0,21.91840172
2023/5/28 12:15,100,22.11747742,100,22.32986069,100,22.16007042,0,21.91840172
2023/5/28 12:16,100,22.11747742,100,22.32986069,100,22.16007042,0,21.91840172
2023/5/28 12:17,100,22.11747742,100,22.32986069,100,22.16007042,0,21.91840172
2023/5/28 12:18,100,22.11747742,100,22.32986069,100,22.16007042,0,21.91840172
2023/5/28 12:19,100,22.11747742,100,22.31539345,100,22.16007042,0,21.90393448
2023/5/28 12:20,100,22.11747742,100,22.41666794,100,22.16007042,0,21.91840172
2023/5/28 12:21,100,22.21875,100,22.43113518,100,22.16007042,0,21.91840172
2023/5/28 12:22,100,22.21875,100,22.41666794,100,22.16007042,0,21.91840172
2023/5/28 12:23,100,22.21875,100,22.43113518,100,22.16007042,0,21.91840172
2023/5/28 12:24,100,22.11747742,100,22.37326431,100,22.16007042,0,21.91840172
2023/5/28 12:25,100,22.11747742,100,22.43113518,100,22.16007042,0.290289164,22.00520706
2023/5/28 12:26,100,22.11747742,100,22.43113518,100,22.261343,8.019265175,22.01967621
2023/5/28 12:27,100,22.11747742,100,22.43113518,100,22.16007042,22.91821098,22.01967621
2023/5/28 12:28,100,22.11747742,100,22.43113518,100,22.16007042,37.61381912,22.01967621
2023/5/28 12:29,100,22.11747742,100,22.41666794,100,22.261343,52.19303894,22.01967621
2023/5/28 12:30,100,22.11747742,100,22.43113518,100,22.261343,67.01203918,22.01967621
2023/5/28 12:31,100,22.11747742,100,22.43113518,100,22.16007042,81.36242676,22.01967621
2023/5/28 12:32,100,22.11747742,100,22.37326431,100,22.16007042,96.31597137,22.01967621
2023/5/28 12:33,100,22.10301018,100,22.43113518,100,22.16007042,100,22.01967621
2023/5/28 12:34,100,22.11747742,100,22.35879707,100,22.16007042,88.79338074,21.91840172
2023/5/28 12:35,100,22.11747742,100,22.32986069,100,22.16007042,23.56969452,21.91840172
2023/5/28 12:36,100,22.11747742,100,22.32986069,100,22.16007042,0,21.88946724
2023/5/28 12:37,100,22.01620293,100,22.32986069,100,22.16007042,0,21.81712914
2023/5/28 12:38,100,22.11747742,100,22.32986069,100,22.05879784,0,21.81712914
2023/5/28 12:39,100,22.11747742,100,22.32986069,100,22.10219955,0,21.81712914
2023/5/28 12:40,100,22.04513931,100,22.32986069,100,22.16007042,0,21.81712914
2023/5/28 12:41,100,22.11747742,100,22.41666794,100,22.16007042,0,21.81712914
2023/5/28 12:42,100,22.11747742,100,22.43113518,100,22.16007042,0,21.81712914
2023/5/28 12:43,100,22.11747742,100,22.43113518,100,22.16007042,0,21.81712914
2023/5/28 12:44,100,22.11747742,100,22.32986069,100,22.16007042,0,21.81712914
2023/5/28 12:45,100,22.11747742,100,22.32986069,100,22.16007042,0,21.81712914
2023/5/28 12:46,100,22.11747742,100,22.43113518,100,22.16007042,0,21.81712914
2023/5/28 12:47,100,22.11747742,100,22.43113518,100,22.16007042,0,21.81712914
2023/5/28 12:48,100,22.11747742,100,22.43113518,100,22.13113594,0,21.81712914
2023/5/28 12:49,100,22.11747742,100,22.32986069,100,22.05879784,0,21.81712914
2023/5/28 12:50,100,22.11747742,100,22.32986069,100,22.16007042,0,21.81712914
2023/5/28 12:51,100,22.11747742,100,22.32986069,100,22.16007042,0,21.81712914
2023/5/28 12:52,100,22.11747742,100,22.43113518,100,22.16007042,0,21.81712914
2023/5/28 12:53,100,22.11747742,100,22.43113518,100,22.16007042,0,21.81712914
2023/5/28 12:54,100,22.10301018,100,22.43113518,100,22.16007042,0,21.81712914
2023/5/28 12:55,100,22.21875,100,22.41666794,100,22.16007042,0,21.81712914
2023/5/28 12:56,100,22.11747742,100,22.43113518,100,22.16007042,0,21.81712914
2023/5/28 12:57,100,22.11747742,100,22.43113518,100,22.16007042,0,21.81712914
2023/5/28 12:58,100,22.11747742,100,22.43113518,100,22.16007042,0,21.81712914
2023/5/28 12:59,100,22.11747742,100,22.43113518,100,22.261343,0,21.81712914
2023/5/28 13:00,100,22.11747742,100,22.43113518,100,22.16007042,0,21.81712914
2023/5/28 13:01,100,22.11747742,100,22.43113518,100,22.16007042,0,21.81712914
2023/5/28 13:02,100,22.11747742,100,22.43113518,100,22.16007042,0,21.81712914
2023/5/28 13:03,100,22.11747742,100,22.43113518,100,22.16007042,0,21.81712914
2023/5/28 13:04,100,22.11747742,100,22.43113518,100,22.261343,0,21.81712914
2023/5/28 13:05,100,22.11747742,100,22.43113518,100,22.261343,0,21.81712914
2023/5/28 13:06,100,22.11747742,100,22.43113518,100,22.261343,0,21.81712914
2023/5/28 13:07,100,22.21875,100,22.51794052,100,22.261343,0,21.81712914
2023/5/28 13:08,100,22.21875,100,22.53240776,100,22.261343,0,21.81712914
2023/5/28 13:09,100,22.11747742,100,22.53240776,100,22.261343,0,21.81712914
2023/5/28 13:10,100,22.11747742,100,22.53240776,100,22.261343,0,21.81712914
2023/5/28 13:11,100,22.11747742,100,22.53240776,100,22.261343,0,21.81712914
2023/5/28 13:12,100,22.20428276,100,22.60474586,100,22.261343,0,21.81712914
2023/5/28 13:13,100,22.11747742,100,22.53240776,100,22.261343,0,21.81712914
2023/5/28 13:14,100,22.21875,100,22.53240776,100,22.261343,0,21.81712914
2023/5/28 13:15,100,22.21875,100,22.53240776,100,22.261343,0,21.81712914
2023/5/28 13:16,100,22.16087914,100,22.63368034,100,22.31921387,0,21.81712914
2023/5/28 13:17,100,22.10301018,100,22.59027672,100,22.261343,0,21.81712914
2023/5/28 13:18,100,22.21875,100,22.63368034,100,22.36261559,0,21.91840172
2023/5/28 13:19,100,22.11747742,100,22.63368034,100,22.36261559,0,21.91840172
2023/5/28 13:20,100,22.11747742,100,22.63368034,100,22.36261559,0,21.91840172
2023/5/28 13:21,100,22.21875,100,22.63368034,100,22.36261559,0,21.875
2023/5/28 13:22,100,22.21875,100,22.63368034,100,22.36261559,0,21.81712914
2023/5/28 13:23,100,22.21875,100,22.63368034,100,22.36261559,0,21.83159828
2023/5/28 13:24,100,22.11747742,100,22.63368034,100,22.36261559,0,21.81712914
2023/5/28 13:25,100,22.11747742,100,22.63368034,100,22.36261559,0,21.875
2023/5/28 13:26,100,22.11747742,100,22.63368034,100,22.34814835,0,21.81712914
2023/5/28 13:27,100,22.21875,100,22.63368034,100,22.36261559,0,21.81712914
2023/5/28 13:28,100,22.21875,100,22.72048569,100,22.36261559,0,21.91840172
2023/5/28 13:29,100,22.21875,100,22.63368034,100,22.36261559,0,21.91840172
2023/5/28 13:30,100,22.21875,100,22.63368034,100,22.36261559,0,21.875
2023/5/28 13:31,100,22.11747742,100,22.63368034,100,22.36261559,0,21.91840172
2023/5/28 13:32,100,22.21875,100,22.63368034,100,22.34814835,0,21.91840172
2023/5/28 13:33,100,22.21875,100,22.53240776,100,22.36261559,0,21.81712914
2023/5/28 13:34,100,22.11747742,100,22.53240776,100,22.36261559,0,21.91840172
2023/5/28 13:35,100,22.21875,100,22.63368034,100,22.36261559,0,21.91840172
2023/5/28 13:36,100,22.11747742,100,22.63368034,100,22.36261559,0,21.91840172
2023/5/28 13:37,100,22.21875,100,22.53240776,100,22.36261559,0,21.91840172
2023/5/28 13:38,100,22.21875,100,22.53240776,100,22.36261559,0,21.91840172
2023/5/28 13:39,100,22.21875,100,22.53240776,100,22.36261559,0,21.91840172
2023/5/28 13:40,100,22.21875,100,22.53240776,100,22.36261559,0,21.91840172
2023/5/28 13:41,100,22.21875,100,22.53240776,100,22.36261559,0,21.91840172
2023/5/28 13:42,100,22.26215172,100,22.53240776,100,22.36261559,0,21.91840172
2023/5/28 13:43,100,22.34895706,100,22.53240776,100,22.261343,0,21.91840172
2023/5/28 13:44,100,22.32002258,100,22.53240776,100,22.261343,0,21.91840172
2023/5/28 13:45,100,22.32002258,100,22.51794052,100,22.261343,9.580788612,22.01967621
2023/5/28 13:46,100,22.32002258,100,22.53240776,100,22.36261559,24.34137535,22.01967621
2023/5/28 13:47,100,22.32002258,100,22.53240776,100,22.261343,39.16928482,22.01967621
2023/5/28 13:48,100,22.32002258,100,22.53240776,100,22.36261559,54.0083847,22.01967621
2023/5/28 13:49,100,22.32002258,100,22.53240776,100,22.36261559,77.13198853,22.01967621
2023/5/28 13:50,100,22.21875,100,22.63368034,100,22.36261559,100,22.04861069
2023/5/28 13:51,100,22.32002258,100,22.63368034,100,22.46389008,100,22.10648155
2023/5/28 13:52,100,22.32002258,100,22.63368034,100,22.46389008,100,22.12094879
2023/5/28 13:53,100,22.32002258,100,22.63368034,100,22.56516266,100,22.12094879
2023/5/28 13:54,100,22.21875,100,22.51794052,100,22.46389008,100,22.01967621
2023/5/28 13:55,100,22.11747742,100,22.53240776,100,22.36261559,100,22.01967621
2023/5/28 13:56,100,22.11747742,100,22.51794052,100,22.36261559,63.08146667,21.91840172
2023/5/28 13:57,100,22.11747742,100,22.53240776,100,22.36261559,0,21.91840172
2023/5/28 13:58,100,22.11747742,100,22.53240776,100,22.261343,0,21.81712914
2023/5/28 13:59,100,22.11747742,100,22.53240776,100,22.261343,0,21.81712914
2023/5/28 14:00,100,22.11747742,100,22.43113518,100,22.261343,0,21.81712914
2023/5/28 14:01,100,22.10301018,100,22.41666794,100,22.261343,0,21.81712914
2023/5/28 14:02,100,22.11747742,100,22.43113518,100,22.261343,0,21.81712914
2023/5/28 14:03,100,22.11747742,100,22.43113518,100,22.261343,0,21.81712914
2023/5/28 14:04,100,22.11747742,100,22.53240776,100,22.36261559,0,21.8026619
2023/5/28 14:05,100,22.11747742,100,22.53240776,100,22.36261559,0,21.81712914
2023/5/28 14:06,100,22.11747742,100,22.53240776,100,22.36261559,0,21.81712914
2023/5/28 14:07,100,22.21875,100,22.43113518,100,22.261343,0,21.81712914
2023/5/28 14:08,100,22.11747742,100,22.43113518,100,22.261343,0,21.81712914
2023/5/28 14:09,100,22.11747742,100,22.32986069,100,22.16007042,0,21.81712914
2023/5/28 14:10,100,22.11747742,100,22.43113518,100,22.261343,0,21.81712914
2023/5/28 14:11,100,22.21875,100,22.43113518,100,22.261343,0,21.81712914
2023/5/28 14:12,100,22.21875,100,22.53240776,100,22.261343,0,21.81712914
2023/5/28 14:13,100,22.21875,100,22.53240776,100,22.261343,0,21.86053276
2023/5/28 14:14,100,22.21875,100,22.51794052,100,22.261343,0,21.90393448
2023/5/28 14:15,100,22.21875,100,22.43113518,100,22.16007042,0,21.91840172
2023/5/28 14:16,100,22.32002258,100,22.43113518,100,22.16007042,0,21.91840172
2023/5/28 14:17,100,22.21875,100,22.43113518,100,22.261343,0,21.91840172
2023/5/28 14:18,100,22.21875,100,22.43113518,100,22.16007042,6.031839848,22.01967621
2023/5/28 14:19,100,22.32002258,100,22.43113518,100,22.17453766,21.30665016,22.01967621
2023/5/28 14:20,100,22.32002258,100,22.43113518,100,22.16007042,36.03601456,22.01967621
2023/5/28 14:21,100,22.21875,100,22.46006966,100,22.261343,53.25267029,22.03414345
2023/5/28 14:22,100,22.21875,100,22.51794052,100,22.261343,100,22.12094879
2023/5/28 14:23,100,22.21875,100,22.53240776,100,22.36261559,100,22.12094879
2023/5/28 14:24,100,22.21875,100,22.53240776,100,22.261343,100,22.12094879
2023/5/28 14:25,100,22.21875,100,22.43113518,100,22.261343,100,22.12094879
2023/5/28 14:26,100,22.11747742,100,22.53240776,100,22.36261559,100,22.01967621
2023/5/28 14:27,100,22.21875,100,22.53240776,100,22.261343,100,22.01967621
2023/5/28 14:28,100,22.21875,100,22.43113518,100,22.261343,81.68666077,21.91840172
2023/5/28 14:29,100,22.21875,100,22.43113518,100,22.261343,16.02686882,21.91840172
2023/5/28 14:30,100,22.11747742,100,22.43113518,100,22.261343,0,21.91840172
2023/5/28 14:31,100,22.11747742,100,22.48900414,100,22.261343,0,21.875
2023/5/28 14:32,100,22.11747742,100,22.53240776,100,22.261343,0,21.81712914
2023/5/28 14:33,100,22.11747742,100,22.53240776,100,22.36261559,0,21.81712914
2023/5/28 14:34,100,22.11747742,100,22.53240776,100,22.36261559,0,21.81712914
2023/5/28 14:35,100,22.11747742,100,22.51794052,100,22.36261559,0,21.81712914
2023/5/28 14:36,100,22.11747742,100,22.53240776,100,22.36261559,0,21.81712914
2023/5/28 14:37,100,22.11747742,100,22.51794052,100,22.36261559,0,21.81712914
2023/5/28 14:38,100,22.11747742,100,22.53240776,100,22.261343,0,21.81712914
2023/5/28 14:39,100,22.21875,100,22.53240776,100,22.261343,0,21.86053276
2023/5/28 14:40,100,22.21875,100,22.53240776,100,22.261343,0,21.91840172
2023/5/28 14:41,100,22.10301018,100,22.53240776,100,22.36261559,0,21.91840172
2023/5/28 14:42,100,22.11747742,100,22.53240776,100,22.36261559,0,21.91840172
2023/5/28 14:43,100,22.10301018,100,22.53240776,100,22.261343,0,21.91840172
2023/5/28 14:44,100,22.11747742,100,22.53240776,100,22.36261559,0,21.91840172
2023/5/28 14:45,100,22.11747742,100,22.53240776,100,22.36261559,0,21.91840172
2023/5/28 14:46,100,22.11747742,100,22.53240776,100,22.36261559,0,21.91840172
2023/5/28 14:47,100,22.11747742,100,22.53240776,100,22.36261559,0,21.90393448
2023/5/28 14:48,100,22.11747742,100,22.53240776,100,22.261343,0,21.91840172
2023/5/28 14:49,100,22.11747742,100,22.53240776,100,22.261343,0,21.91840172
2023/5/28 14:50,100,22.11747742,100,22.53240776,100,22.36261559,0,21.91840172
2023/5/28 14:51,100,22.11747742,100,22.43113518,100,22.261343,0,21.91840172
2023/5/28 14:52,100,22.11747742,100,22.51794052,100,22.261343,0,21.91840172
2023/5/28 14:53,100,22.11747742,100,22.53240776,100,22.261343,2.505375862,22.01967621
2023/5/28 14:54,100,22.11747742,100,22.53240776,100,22.36261559,16.37450218,22.01967621
2023/5/28 14:55,100,22.11747742,100,22.53240776,100,22.36261559,31.26592636,22.01967621
2023/5/28 14:56,100,22.11747742,100,22.63368034,100,22.34814835,45.89262009,22.01967621
2023/5/28 14:57,100,22.11747742,100,22.63368034,100,22.46389008,60.53121185,22.01967621
2023/5/28 14:58,100,22.20428276,100,22.63368034,100,22.36261559,75.28218842,22.01967621
2023/5/28 14:59,100,22.21875,100,22.63368034,100,22.46389008,90.37103271,22.01967621
2023/5/28 15:00,100,22.21875,100,22.63368034,100,22.46389008,100,22.01967621
2023/5/28 15:01,100,22.21875,100,22.63368034,100,22.44942284,100,22.00520706
2023/5/28 15:02,100,22.21875,100,22.63368034,100,22.44942284,100,22.01967621
2023/5/28 15:03,100,22.21875,100,22.63368034,100,22.44942284,100,22.01967621
2023/5/28 15:04,100,22.11747742,100,22.56134224,100,22.36261559,66.84443665,21.91840172
2023/5/28 15:05,100,22.11747742,100,22.63368034,100,22.36261559,1.356172681,21.91840172
2023/5/28 15:06,100,22.11747742,100,22.53240776,100,22.34814835,0,21.81712914
2023/5/28 15:07,100,22.11747742,100,22.53240776,100,22.36261559,0,21.81712914
2023/5/28 15:08,100,22.11747742,100,22.53240776,100,22.34814835,0,21.81712914
2023/5/28 15:09,100,22.01620293,100,22.53240776,100,22.36261559,0,21.81712914
2023/5/28 15:10,100,22.01620293,100,22.53240776,100,22.36261559,0,21.81712914
2023/5/28 15:11,100,22.01620293,100,22.53240776,100,22.36261559,0,21.8026619
2023/5/28 15:12,100,22.01620293,100,22.53240776,100,22.24687576,0,21.81712914
2023/5/28 15:13,100,22.01620293,100,22.53240776,100,22.261343,0,21.8026619
2023/5/28 15:14,100,22.01620293,100,22.53240776,100,22.261343,0,21.81712914
2023/5/28 15:15,100,22.11747742,100,22.51794052,100,22.261343,0,21.81712914
2023/5/28 15:16,100,22.11747742,100,22.53240776,100,22.261343,0,21.81712914
2023/5/28 15:17,100,22.11747742,100,22.51794052,100,22.24687576,0,21.81712914
2023/5/28 15:18,100,22.11747742,100,22.53240776,100,22.261343,0,21.81712914
2023/5/28 15:19,100,22.11747742,100,22.43113518,100,22.261343,0,21.81712914
2023/5/28 15:20,100,22.11747742,100,22.43113518,100,22.261343,0,21.81712914
2023/5/28 15:21,100,22.11747742,100,22.53240776,100,22.261343,0,21.81712914
2023/5/28 15:22,100,22.11747742,100,22.53240776,100,22.261343,0,21.81712914
2023/5/28 15:23,100,22.11747742,100,22.53240776,100,22.261343,0,21.81712914
2023/5/28 15:24,100,22.10301018,100,22.53240776,100,22.261343,0,21.91840172
2023/5/28 15:25,100,22.11747742,100,22.53240776,100,22.36261559,0,21.91840172
2023/5/28 15:26,100,22.21875,100,22.63368034,100,22.36261559,0,21.91840172
2023/5/28 15:27,100,22.11747742,100,22.63368034,100,22.36261559,0,21.91840172
2023/5/28 15:28,100,22.11747742,100,22.53240776,100,22.36261559,0.018882725,22.00520706
2023/5/28 15:29,100,22.11747742,100,22.53240776,100,22.36261559,12.73211956,22.01967621
2023/5/28 15:30,100,22.21875,100,22.53240776,100,22.36261559,27.34770203,22.01967621
2023/5/28 15:31,100,22.21875,100,22.53240776,100,22.261343,42.05249023,22.01967621
2023/5/28 15:32,100,22.11747742,100,22.53240776,100,22.34814835,56.86844254,22.01967621
2023/5/28 15:33,100,22.11747742,100,22.53240776,100,22.261343,97.03967285,22.12094879
2023/5/28 15:34,100,22.11747742,100,22.53240776,100,22.261343,100,22.12094879
2023/5/28 15:35,100,22.11747742,100,22.53240776,100,22.36261559,100,22.12094879
2023/5/28 15:36,100,22.11747742,100,22.53240776,100,22.44942284,100,22.12094879
2023/5/28 15:37,100,22.21875,100,22.53240776,100,22.44942284,100,22.01967621
2023/5/28 15:38,100,22.11747742,100,22.51794052,100,22.36261559,100,22.00520706
2023/5/28 15:39,100,22.10301018,100,22.53240776,100,22.36261559,100,22.01967621
2023/5/28 15:40,100,22.11747742,100,22.43113518,100,22.261343,61.80932617,21.91840172
2023/5/28 15:41,100,22.01620293,100,22.41666794,100,22.261343,0,21.91840172
2023/5/28 15:42,100,22.01620293,100,22.32986069,100,22.16007042,0,21.81712914
2023/5/28 15:43,100,22.01620293,100,22.32986069,100,22.24687576,0,21.81712914
2023/5/28 15:44,100,22.01620293,100,22.43113518,100,22.261343,0,21.81712914
2023/5/28 15:45,100,22.32002258,100,22.43113518,100,22.34814835,0,21.81712914
2023/5/28 15:46,100,22.32002258,100,22.43113518,100,22.36261559,0,21.81712914
2023/5/28 15:47,100,22.01620293,100,22.43113518,100,22.261343,0,21.81712914
2023/5/28 15:48,100,22.32002258,100,22.43113518,100,22.261343,0,21.81712914
2023/5/28 15:49,100,22.01620293,100,22.43113518,100,22.261343,0,21.81712914
2023/5/28 15:50,100,22.32002258,100,22.43113518,100,22.261343,0,21.81712914
2023/5/28 15:51,100,22.01620293,100,22.43113518,100,22.261343,0,21.8026619
2023/5/28 15:52,100,22.01620293,100,22.43113518,100,22.261343,0,21.81712914
2023/5/28 15:53,100,22.30555534,100,22.43113518,100,22.24687576,0,21.81712914
2023/5/28 15:54,100,22.01620293,100,22.43113518,100,22.261343,0,21.81712914
2023/5/28 15:55,100,22.01620293,100,22.43113518,100,22.261343,0,21.81712914
2023/5/28 15:56,100,22.01620293,100,22.43113518,100,22.261343,0,21.81712914
2023/5/28 15:57,100,22.01620293,100,22.43113518,100,22.261343,0,21.81712914
2023/5/28 15:58,100,22.01620293,100,22.43113518,100,22.16007042,0,21.81712914
2023/5/28 15:59,100,22.01620293,100,22.43113518,100,22.261343,0,21.91840172
2023/5/28 16:00,100,22.10301018,100,22.53240776,100,22.24687576,0,21.91840172
2023/5/28 16:01,100,22.11747742,100,22.53240776,100,22.261343,0,21.91840172
2023/5/28 16:02,100,22.11747742,100,22.53240776,100,22.261343,0,21.91840172
2023/5/28 16:03,100,22.11747742,100,22.53240776,100,22.261343,0,21.91840172
2023/5/28 16:04,100,22.01620293,100,22.53240776,100,22.36261559,0,21.91840172
2023/5/28 16:05,100,22.01620293,100,22.53240776,100,22.261343,0,21.91840172
2023/5/28 16:06,100,22.11747742,100,22.43113518,100,22.261343,0,21.91840172
2023/5/28 16:07,100,22.08854294,100,22.43113518,100,22.261343,0,21.91840172
2023/5/28 16:08,100,22.07407379,100,22.53240776,100,22.261343,0,21.91840172
2023/5/28 16:09,100,22.01620293,100,22.53240776,100,22.24687576,9.186671257,22.01967621
2023/5/28 16:10,100,22.05960655,100,22.53240776,100,22.261343,23.30897903,22.01967621
2023/5/28 16:11,100,22.11747742,100,22.51794052,100,22.34814835,27.61744118,22.00520706
2023/5/28 16:12,100,22.01620293,100,22.53240776,100,22.261343,26.19969749,22.01967621
2023/5/28 16:13,100,22.11747742,100,22.53240776,100,22.36261559,40.28707504,22.01967621
2023/5/28 16:14,100,22.01620293,100,22.53240776,100,22.36261559,54.75042725,22.01967621
2023/5/28 16:15,100,22.11747742,100,22.53240776,100,22.36261559,69.44882202,22.00520706
2023/5/28 16:16,100,22.11747742,100,22.51794052,100,22.261343,84.18045044,22.01967621
2023/5/28 16:17,100,22.11747742,100,22.53240776,100,22.36261559,98.93812561,22.00520706
2023/5/28 16:18,100,22.21875,100,22.53240776,100,22.36261559,100,22.01967621
2023/5/28 16:19,100,22.11747742,100,22.53240776,100,22.36261559,100,22.01967621
2023/5/28 16:20,100,22.11747742,100,22.53240776,100,22.24687576,50.41688538,21.91840172
2023/5/28 16:21,100,22.11747742,100,22.43113518,100,22.261343,0,21.91840172
2023/5/28 16:22,100,22.01620293,100,22.51794052,100,22.36261559,0,21.81712914
2023/5/28 16:23,100,22.01620293,100,22.43113518,100,22.36261559,0,21.81712914
2023/5/28 16:24,100,22.30555534,100,22.43113518,100,22.36261559,0,21.81712914
2023/5/28 16:25,100,22.32002258,100,22.43113518,100,22.261343,0,21.81712914
2023/5/28 16:26,100,22.01620293,100,22.43113518,100,22.261343,0,21.81712914
2023/5/28 16:27,100,22.01620293,100,22.43113518,100,22.24687576,0,21.81712914
2023/5/28 16:28,100,22.11747742,100,22.43113518,100,22.261343,0,21.81712914
2023/5/28 16:29,100,22.01620293,100,22.41666794,100,22.261343,0,21.8026619
2023/5/28 16:30,100,22.01620293,100,22.43113518,100,22.24687576,0,21.81712914
2023/5/28 16:31,100,22.01620293,100,22.43113518,100,22.261343,0,21.81712914
2023/5/28 16:32,,22.11747742,,22.53240776,,22.261343,,21.81712914
2023/5/28 16:33,,22.11747742,,22.53240776,,22.261343,,21.81712914
2023/5/28 16:34,,,,,,,,
2023/5/28 16:35,,,,,,,,
2023/5/28 16:36,,,,,,,,
2023/5/28 16:37,,,,,,,,
2023/5/28 16:38,,,,,,,,
2023/5/28 16:39,,,,,,,,
2023/5/28 16:40,100,22.10301018,100,22.53240776,100,22.261343,0,21.90393448
2023/5/28 16:41,100,22.11747742,100,22.53240776,100,22.261343,0,21.91840172
2023/5/28 16:42,100,22.11747742,100,22.46006966,100,22.24687576,0.30796349,22.00520706
2023/5/28 16:43,100,22.11747742,100,22.43113518,100,22.16007042,0.141631126,22.01967621
2023/5/28 16:44,100,22.11747742,100,22.43113518,100,22.261343,9.457810402,22.01967621
2023/5/28 16:45,100,22.11747742,100,22.43113518,100,22.261343,24.05877876,22.01967621
2023/5/28 16:46,100,22.11747742,100,22.44560242,100,22.24687576,38.89973831,22.01967621
2023/5/28 16:47,100,22.11747742,100,22.43113518,100,22.261343,53.71279526,22.01967621
2023/5/28 16:48,100,22.11747742,100,22.53240776,100,22.36261559,68.28613281,22.01967621
2023/5/28 16:49,100,22.11747742,100,22.53240776,100,22.36261559,83.21752167,22.01967621
2023/5/28 16:50,100,22.11747742,100,22.53240776,100,22.36261559,97.79577637,22.01967621
2023/5/28 16:51,100,22.11747742,100,22.53240776,100,22.36261559,100,22.01967621
2023/5/28 16:52,100,22.11747742,100,22.53240776,100,22.24687576,100,22.01967621
2023/5/28 16:53,100,22.11747742,100,22.43113518,100,22.261343,68.40390778,21.91840172
2023/5/28 16:54,100,22.01620293,100,22.43113518,100,22.261343,4.027422905,21.91840172
2023/5/28 16:55,100,22.01620293,100,22.43113518,100,22.261343,0,21.83159828
2023/5/28 16:56,100,22.11747742,100,22.43113518,100,22.14560318,0,21.81712914
2023/5/28 16:57,100,22.11747742,100,22.43113518,100,22.24687576,0,21.81712914
2023/5/28 16:58,100,22.01620293,100,22.43113518,100,22.261343,0,21.81712914
2023/5/28 16:59,100,22.01620293,100,22.43113518,100,22.261343,0,21.81712914
2023/5/28 17:00,100,22.11747742,100,22.43113518,100,22.261343,0,21.81712914
2023/5/28 17:01,100,22.11747742,100,22.43113518,100,22.24687576,0,21.81712914
2023/5/28 17:02,100,22.11747742,100,22.43113518,100,22.261343,0,21.81712914
2023/5/28 17:03,100,22.11747742,100,22.43113518,100,22.24687576,0,21.81712914
2023/5/28 17:04,100,22.08854294,100,22.43113518,100,22.261343,0,21.81712914
2023/5/28 17:05,100,22.11747742,100,22.43113518,100,22.261343,0,21.81712914
2023/5/28 17:06,100,22.11747742,100,22.43113518,100,22.261343,0,21.81712914
2023/5/28 17:07,100,22.01620293,100,22.43113518,100,22.261343,0,21.81712914
2023/5/28 17:08,100,22.01620293,100,22.43113518,100,22.24687576,0,21.81712914
2023/5/28 17:09,100,22.01620293,100,22.41666794,100,22.261343,0,21.83159828
2023/5/28 17:10,100,22.01620293,100,22.43113518,100,22.261343,0,21.8026619
2023/5/28 17:11,100,22.01620293,100,22.53240776,100,22.261343,0,21.91840172
2023/5/28 17:12,100,22.01620293,100,22.53240776,100,22.24687576,0,21.91840172
2023/5/28 17:13,100,22.01620293,100,22.53240776,100,22.36261559,0,21.91840172
2023/5/28 17:14,100,22.11747742,100,22.53240776,100,22.261343,0,21.91840172
2023/5/28 17:15,100,22.01620293,100,22.53240776,100,22.261343,0.119074591,22.00520706
2023/5/28 17:16,100,22.05960655,100,22.43113518,100,22.261343,8.349898338,22.01967621
2023/5/28 17:17,100,22.11747742,100,22.43113518,100,22.24687576,23.15369606,22.01967621
2023/5/28 17:18,100,22.11747742,100,22.43113518,100,22.261343,37.95162964,22.01967621
2023/5/28 17:19,100,22.11747742,100,22.43113518,100,22.261343,52.40753555,22.01967621
2023/5/28 17:20,100,22.11747742,100,22.53240776,100,22.36261559,91.55135345,22.01967621
2023/5/28 17:21,100,22.11747742,100,22.53240776,100,22.261343,100,22.12094879
2023/5/28 17:22,100,22.11747742,100,22.53240776,100,22.30474663,100,22.12094879
2023/5/28 17:23,100,22.11747742,100,22.53240776,100,22.34814835,100,22.12094879
2023/5/28 17:24,100,22.11747742,100,22.51794052,100,22.36261559,100,22.01967621
2023/5/28 17:25,100,22.11747742,100,22.53240776,100,22.36261559,100,22.01967621
2023/5/28 17:26,100,22.01620293,100,22.53240776,100,22.36261559,99.85107422,22.01967621
2023/5/28 17:27,100,22.01620293,100,22.53240776,100,22.36261559,56.16065979,21.91840172
2023/5/28 17:28,100,22.01620293,100,22.43113518,100,22.24687576,0,21.90393448
2023/5/28 17:29,100,22.01620293,100,22.43113518,100,22.261343,0,21.91840172
2023/5/28 17:30,100,22.11747742,100,22.43113518,100,22.261343,0,21.81712914
2023/5/28 17:31,100,22.01620293,100,22.43113518,100,22.261343,0,21.81712914
2023/5/28 17:32,100,22.01620293,100,22.43113518,100,22.261343,0,21.81712914
2023/5/28 17:33,100,22.32002258,100,22.43113518,100,22.261343,0,21.81712914
2023/5/28 17:34,100,22.01620293,100,22.43113518,100,22.261343,0,21.81712914
2023/5/28 17:35,100,22.01620293,100,22.51794052,100,22.261343,0,21.81712914
2023/5/28 17:36,100,22.01620293,100,22.43113518,100,22.261343,0,21.81712914
2023/5/28 17:37,100,22.01620293,100,22.53240776,100,22.261343,0,21.81712914
2023/5/28 17:38,100,22.01620293,100,22.53240776,100,22.261343,0,21.81712914
2023/5/28 17:39,100,22.26215172,100,22.50347328,100,22.261343,0,21.81712914
2023/5/28 17:40,100,22.32002258,100,22.43113518,100,22.261343,0,21.81712914
2023/5/28 17:41,100,22.01620293,100,22.43113518,100,22.261343,0,21.8026619
2023/5/28 17:42,100,22.01620293,100,22.43113518,100,22.261343,0,21.81712914
2023/5/28 17:43,100,22.32002258,100,22.43113518,100,22.261343,0,21.91840172
2023/5/28 17:44,100,22.01620293,100,22.43113518,100,22.261343,0,21.91840172
2023/5/28 17:45,100,22.01620293,100,22.43113518,100,22.16007042,0,21.91840172
2023/5/28 17:46,100,22.01620293,100,22.43113518,100,22.16007042,0,21.91840172
2023/5/28 17:47,100,22.01620293,100,22.43113518,100,22.16007042,0,21.91840172
2023/5/28 17:48,100,22.01620293,100,22.43113518,100,22.261343,0,21.99073982
2023/5/28 17:49,100,22.10301018,100,22.43113518,100,22.24687576,4.360696793,21.96180534
2023/5/28 17:50,100,22.01620293,100,22.43113518,100,22.16007042,14.81750107,22.01967621
2023/5/28 17:51,100,22.11747742,100,22.43113518,100,22.16007042,29.25670052,22.01967621
2023/5/28 17:52,100,22.11747742,100,22.41666794,100,22.261343,44.1533699,22.01967621
2023/5/28 17:53,100,22.01620293,100,22.43113518,100,22.261343,58.796875,22.01967621
2023/5/28 17:54,100,22.11747742,100,22.43113518,100,22.261343,73.58893585,22.01967621
2023/5/28 17:55,100,22.01620293,100,22.43113518,100,22.261343,88.59352112,22.01967621
2023/5/28 17:56,100,22.18981552,100,22.53240776,100,22.261343,100,22.00520706
2023/5/28 17:57,100,22.01620293,100,22.41666794,100,22.261343,100,22.01967621
2023/5/28 17:58,100,22.01620293,100,22.43113518,100,22.261343,100,22.01967621
2023/5/28 17:59,100,22.03067207,100,22.43113518,100,22.23240852,85.01819611,21.91840172
2023/5/28 18:00,100,22.30555534,100,22.32986069,100,22.16007042,20.66347122,21.91840172
2023/5/28 18:01,100,22.01620293,100,22.32986069,100,22.16007042,0,21.91840172
2023/5/28 18:02,100,22.32002258,100,22.32986069,100,22.16007042,0,21.81712914
2023/5/28 18:03,100,22.32002258,100,22.32986069,100,22.16007042,0,21.81712914
2023/5/28 18:04,100,22.32002258,100,22.32986069,100,22.16007042,0,21.81712914
2023/5/28 18:05,100,22.32002258,100,22.35879707,100,22.24687576,0,21.81712914
2023/5/28 18:06,100,22.32002258,100,22.41666794,100,22.261343,0,21.81712914
2023/5/28 18:07,100,22.32002258,100,22.32986069,100,22.261343,0,21.81712914
2023/5/28 18:08,100,22.32002258,100,22.43113518,100,22.261343,0,21.81712914
2023/5/28 18:09,100,22.32002258,100,22.43113518,100,22.24687576,0,21.8026619
2023/5/28 18:10,100,22.32002258,100,22.43113518,100,22.261343,0,21.81712914
2023/5/28 18:11,100,22.32002258,100,22.43113518,100,22.24687576,0,21.81712914
2023/5/28 18:12,100,22.32002258,100,22.43113518,100,22.36261559,0,21.81712914
2023/5/28 18:13,100,22.03067207,100,22.43113518,100,22.34814835,0,21.81712914
2023/5/28 18:14,100,22.32002258,100,22.43113518,100,22.34814835,0,21.81712914
2023/5/28 18:15,100,22.01620293,100,22.43113518,100,22.261343,0,21.81712914
2023/5/28 18:16,100,22.01620293,100,22.53240776,100,22.24687576,0,21.91840172
2023/5/28 18:17,100,22.01620293,100,22.43113518,100,22.261343,0,21.91840172
2023/5/28 18:18,100,22.32002258,100,22.43113518,100,22.261343,0,21.91840172
2023/5/28 18:19,100,22.32002258,100,22.43113518,100,22.36261559,0,21.90393448
2023/5/28 18:20,100,22.32002258,100,22.43113518,100,22.24687576,0,21.91840172
2023/5/28 18:21,100,22.01620293,100,22.43113518,100,22.261343,0,21.91840172
2023/5/28 18:22,100,22.01620293,100,22.41666794,100,22.261343,0,21.97627258
2023/5/28 18:23,100,22.01620293,100,22.53240776,100,22.261343,5.216896534,22.01967621
2023/5/28 18:24,100,22.13194466,100,22.51794052,100,22.261343,20.08199883,22.01967621
2023/5/28 18:25,100,22.27662086,100,22.53240776,100,22.261343,34.64513016,22.01967621
2023/5/28 18:26,100,22.01620293,100,22.53240776,100,22.261343,49.22861099,22.01967621
2023/5/28 18:27,100,22.11747742,100,22.53240776,100,22.261343,64.02461243,22.01967621
2023/5/28 18:28,100,22.11747742,100,22.53240776,100,22.36261559,78.74610901,22.01967621
2023/5/28 18:29,100,22.10301018,100,22.6192131,100,22.34814835,93.57062531,22.01967621
2023/5/28 18:30,100,22.01620293,100,22.53240776,100,22.36261559,100,22.01967621
2023/5/28 18:31,100,22.01620293,100,22.53240776,100,22.34814835,100,22.01967621
2023/5/28 18:32,100,22.01620293,100,22.53240776,100,22.36261559,71.54568481,21.91840172
2023/5/28 18:33,100,22.01620293,100,22.50347328,100,22.261343,5.868500233,21.91840172
2023/5/28 18:34,100,22.32002258,100,22.43113518,100,22.261343,0,21.91840172
2023/5/28 18:35,100,22.32002258,100,22.43113518,100,22.24687576,0,21.81712914
2023/5/28 18:36,100,22.32002258,100,22.32986069,100,22.16007042,0,21.81712914
2023/5/28 18:37,100,22.32002258,100,22.43113518,100,22.261343,0,21.81712914
2023/5/28 18:38,100,22.32002258,100,22.43113518,100,22.36261559,0,21.81712914
2023/5/28 18:39,100,22.32002258,100,22.51794052,100,22.34814835,0,21.81712914
2023/5/28 18:40,100,22.32002258,100,22.43113518,100,22.24687576,0,21.81712914
2023/5/28 18:41,100,22.32002258,100,22.43113518,100,22.261343,0,21.81712914
2023/5/28 18:42,100,22.32002258,100,22.43113518,100,22.24687576,0,21.81712914
2023/5/28 18:43,100,22.32002258,100,22.43113518,100,22.16007042,0,21.81712914
2023/5/28 18:44,100,22.32002258,100,22.43113518,100,22.261343,0,21.81712914
2023/5/28 18:45,100,22.32002258,100,22.40219879,100,22.261343,0,21.81712914
2023/5/28 18:46,100,22.32002258,100,22.43113518,100,22.261343,0,21.81712914
2023/5/28 18:47,100,22.32002258,100,22.43113518,100,22.16007042,0,21.81712914
2023/5/28 18:48,100,22.32002258,100,22.43113518,100,22.261343,0,21.81712914
2023/5/28 18:49,100,22.30555534,100,22.43113518,100,22.261343,0,21.81712914
2023/5/28 18:50,100,22.32002258,100,22.43113518,100,22.261343,0,21.81712914
2023/5/28 18:51,100,22.32002258,100,22.43113518,100,22.24687576,0,21.81712914
2023/5/28 18:52,100,22.32002258,100,22.43113518,100,22.261343,0,21.81712914
2023/5/28 18:53,100,22.32002258,100,22.43113518,100,22.16007042,0,21.81712914
2023/5/28 18:54,100,22.32002258,100,22.43113518,100,22.261343,0,21.81712914
2023/5/28 18:55,100,22.32002258,100,22.43113518,100,22.261343,0,21.81712914
2023/5/28 18:56,100,22.32002258,100,22.43113518,100,22.24687576,0,21.81712914
2023/5/28 18:57,100,22.32002258,100,22.43113518,100,22.261343,0,21.8026619
2023/5/28 18:58,100,22.32002258,100,22.43113518,100,22.24687576,0,21.91840172
2023/5/28 18:59,100,22.32002258,100,22.43113518,100,22.261343,0,21.91840172
2023/5/28 19:00,100,22.32002258,100,22.43113518,100,22.16007042,0,21.91840172
2023/5/28 19:01,100,22.32002258,100,22.43113518,100,22.16007042,0,21.91840172
2023/5/28 19:02,100,22.32002258,100,22.43113518,100,22.16007042,0,21.91840172
2023/5/28 19:03,100,22.32002258,100,22.43113518,100,22.261343,0,21.91840172
2023/5/28 19:04,100,22.32002258,100,22.43113518,100,22.16007042,0,21.91840172
2023/5/28 19:05,100,22.32002258,100,22.43113518,100,22.16007042,0,21.91840172
2023/5/28 19:06,100,22.32002258,100,22.43113518,100,22.16007042,3.937967062,22.01967621
2023/5/28 19:07,100,22.32002258,100,22.43113518,100,22.14560318,17.32077026,22.01967621
2023/5/28 19:08,100,22.32002258,100,22.43113518,100,22.261343,31.94258308,22.01967621
2023/5/28 19:09,100,22.32002258,100,22.43113518,100,22.24687576,46.75046921,22.01967621
2023/5/28 19:10,100,22.32002258,100,22.43113518,100,22.261343,61.58327866,22.01967621
2023/5/28 19:11,100,22.30555534,100,22.41666794,100,22.24687576,76.51737213,22.01967621
2023/5/28 19:12,100,22.32002258,100,22.53240776,100,22.261343,91.03294373,22.01967621
2023/5/28 19:13,100,22.32002258,100,22.43113518,100,22.16007042,100,22.01967621
2023/5/28 19:14,100,22.32002258,100,22.32986069,100,22.261343,99.48592377,21.91840172
2023/5/28 19:15,100,22.32002258,100,22.32986069,100,22.16007042,34.70578003,21.91840172
2023/5/28 19:16,100,22.32002258,100,22.32986069,100,22.16007042,0,21.91840172
2023/5/28 19:17,100,22.30555534,100,22.32986069,100,22.16007042,0,21.81712914
2023/5/28 19:18,100,22.32002258,100,22.31539345,100,22.14560318,0,21.81712914
2023/5/28 19:19,100,22.30555534,100,22.32986069,100,22.16007042,0,21.81712914
2023/5/28 19:20,100,22.30555534,100,22.32986069,100,22.261343,0,21.81712914
2023/5/28 19:21,100,22.21875,100,22.43113518,100,22.261343,0,21.81712914
2023/5/28 19:22,100,22.21875,100,22.43113518,100,22.261343,0,21.81712914
2023/5/28 19:23,100,22.32002258,100,22.43113518,100,22.261343,0,21.81712914
2023/5/28 19:24,100,22.32002258,100,22.43113518,100,22.261343,0,21.81712914
2023/5/28 19:25,100,22.32002258,100,22.41666794,100,22.24687576,0,21.8026619
2023/5/28 19:26,100,22.21875,100,22.43113518,100,22.16007042,0,21.81712914
2023/5/28 19:27,100,22.32002258,100,22.43113518,100,22.24687576,0,21.8026619
2023/5/28 19:28,100,22.21875,100,22.43113518,100,22.261343,0,21.81712914
2023/5/28 19:29,100,22.32002258,100,22.32986069,100,22.14560318,0,21.81712914
2023/5/28 19:30,100,22.32002258,100,22.31539345,100,22.16007042,0,21.81712914
2023/5/28 19:31,100,22.32002258,100,22.32986069,100,22.16007042,0,21.81712914
2023/5/28 19:32,100,22.32002258,100,22.43113518,100,22.21794128,0,21.81712914
2023/5/28 19:33,100,22.32002258,100,22.53240776,100,22.24687576,0,21.81712914
2023/5/28 19:34,100,22.32002258,100,22.43113518,100,22.14560318,0,21.81712914
2023/5/28 19:35,100,22.32002258,100,22.53240776,100,22.261343,0,21.81712914
2023/5/28 19:36,100,22.32002258,100,22.53240776,100,22.261343,0,21.81712914
2023/5/28 19:37,100,22.32002258,100,22.53240776,100,22.261343,0,21.81712914
2023/5/28 19:38,100,22.32002258,100,22.53240776,100,22.34814835,0,21.81712914
2023/5/28 19:39,100,22.32002258,100,22.51794052,100,22.24687576,0,21.875
2023/5/28 19:40,100,22.32002258,100,22.53240776,100,22.36261559,0,21.91840172
2023/5/28 19:41,100,22.32002258,100,22.53240776,100,22.36261559,0,21.91840172
2023/5/28 19:42,100,22.32002258,100,22.53240776,100,22.261343,0,21.91840172
2023/5/28 19:43,100,22.32002258,100,22.53240776,100,22.34814835,0,21.91840172
2023/5/28 19:44,100,22.32002258,100,22.53240776,100,22.261343,0,21.91840172
2023/5/28 19:45,100,22.30555534,100,22.51794052,100,22.34814835,0,21.91840172
2023/5/28 19:46,100,22.32002258,100,22.53240776,100,22.261343,0,21.91840172
2023/5/28 19:47,100,22.30555534,100,22.63368034,100,22.36261559,10.25813293,22.01967621
2023/5/28 19:48,100,22.32002258,100,22.63368034,100,22.34814835,24.98059273,22.01967621
2023/5/28 19:49,100,22.32002258,100,22.53240776,100,22.24687576,39.80587769,22.01967621
2023/5/28 19:50,100,22.32002258,100,22.51794052,100,22.261343,54.50569153,22.01967621
2023/5/28 19:51,100,22.32002258,100,22.53240776,100,22.24687576,68.99107361,22.01967621
2023/5/28 19:52,100,22.32002258,100,22.43113518,100,22.261343,83.69130707,22.01967621
2023/5/28 19:53,100,22.32002258,100,22.43113518,100,22.261343,98.49684143,22.01967621
2023/5/28 19:54,100,22.32002258,100,22.43113518,100,22.24687576,100,22.01967621
2023/5/28 19:55,100,22.32002258,100,22.43113518,100,22.261343,100,22.01967621
2023/5/28 19:56,100,22.32002258,100,22.43113518,100,22.24687576,84.00767517,21.91840172
2023/5/28 19:57,100,22.32002258,100,22.43113518,100,22.261343,18.37751579,21.91840172
2023/5/28 19:58,100,22.32002258,100,22.43113518,100,22.261343,0,21.91840172
2023/5/28 19:59,100,22.32002258,100,22.43113518,100,22.261343,0,21.81712914
2023/5/28 20:00,100,22.32002258,100,22.43113518,100,22.24687576,0,21.81712914
2023/5/28 20:01,100,22.27662086,100,22.43113518,100,22.261343,0,21.81712914
2023/5/28 20:02,100,22.32002258,100,22.41666794,100,22.16007042,0,21.81712914
2023/5/28 20:03,100,22.30555534,100,22.43113518,100,22.23240852,0,21.81712914
2023/5/28 20:04,100,22.32002258,100,22.43113518,100,22.261343,0,21.81712914
2023/5/28 20:05,100,22.32002258,100,22.43113518,100,22.14560318,0,21.81712914
2023/5/28 20:06,100,22.21875,100,22.43113518,100,22.16007042,0,21.81712914
2023/5/28 20:07,100,22.27662086,100,22.43113518,100,22.14560318,0,21.81712914
2023/5/28 20:08,100,22.32002258,100,22.43113518,100,22.261343,0,21.81712914
2023/5/28 20:09,100,22.32002258,100,22.41666794,100,22.261343,0,21.81712914
2023/5/28 20:10,100,22.32002258,100,22.43113518,100,22.24687576,0,21.81712914
2023/5/28 20:11,100,22.21875,100,22.43113518,100,22.261343,0,21.81712914
2023/5/28 20:12,100,22.21875,100,22.43113518,100,22.24687576,0,21.81712914
2023/5/28 20:13,100,22.30555534,100,22.53240776,100,22.261343,0,21.91840172
2023/5/28 20:14,100,22.21875,100,22.53240776,100,22.261343,0,21.91840172
2023/5/28 20:15,100,22.21875,100,22.53240776,100,22.24687576,0,21.91840172
2023/5/28 20:16,100,22.21875,100,22.53240776,100,22.30474663,0,21.91840172
2023/5/28 20:17,100,22.21875,100,22.53240776,100,22.24687576,0,21.91840172
2023/5/28 20:18,100,22.32002258,100,22.53240776,100,22.261343,0,21.90393448
2023/5/28 20:19,100,22.32002258,100,22.43113518,100,22.261343,0,21.91840172
2023/5/28 20:20,100,22.32002258,100,22.43113518,100,22.16007042,0,21.91840172
2023/5/28 20:21,100,22.32002258,100,22.43113518,100,22.14560318,0,21.91840172
2023/5/28 20:22,100,22.32002258,100,22.43113518,100,22.16007042,0,21.91840172
2023/5/28 20:23,100,22.32002258,100,22.43113518,100,22.16007042,8.691315651,22.01967621
2023/5/28 20:24,100,22.32002258,100,22.43113518,100,22.261343,23.4121933,22.01967621
2023/5/28 20:25,100,22.32002258,100,22.53240776,100,22.261343,38.27319717,22.01967621
2023/5/28 20:26,100,22.01620293,100,22.53240776,100,22.34814835,53.22619247,22.01967621
2023/5/28 20:27,100,22.30555534,100,22.53240776,100,22.36261559,68.04940033,22.01967621
2023/5/28 20:28,100,22.32002258,100,22.53240776,100,22.36261559,82.80737305,22.01967621
2023/5/28 20:29,100,22.32002258,100,22.51794052,100,22.261343,97.67254639,22.01967621
2023/5/28 20:30,100,22.01620293,100,22.53240776,100,22.36261559,100,22.01967621
2023/5/28 20:31,100,22.32002258,100,22.43113518,100,22.24687576,80.00894165,21.91840172
2023/5/28 20:32,100,22.32002258,100,22.43113518,100,22.261343,14.18358612,21.90393448
2023/5/28 20:33,100,22.21875,100,22.43113518,100,22.261343,0,21.91840172
2023/5/28 20:34,100,22.32002258,100,22.32986069,100,22.16007042,0,21.81712914
2023/5/28 20:35,100,22.32002258,100,22.32986069,100,22.16007042,0,21.81712914
2023/5/28 20:36,100,22.32002258,100,22.43113518,100,22.24687576,0,21.81712914
2023/5/28 20:37,100,22.32002258,100,22.34432793,100,22.16007042,0,21.81712914
2023/5/28 20:38,100,22.21875,100,22.32986069,100,22.14560318,0,21.81712914
2023/5/28 20:39,100,22.32002258,100,22.32986069,100,22.05879784,0,21.81712914
2023/5/28 20:40,100,22.32002258,100,22.32986069,100,22.05879784,0,21.81712914
2023/5/28 20:41,100,22.32002258,100,22.41666794,100,22.16007042,0,21.81712914
2023/5/28 20:42,100,22.32002258,100,22.43113518,100,22.16007042,0,21.81712914
2023/5/28 20:43,100,22.32002258,100,22.43113518,100,22.14560318,0,21.81712914
2023/5/28 20:44,100,22.01620293,100,22.43113518,100,22.16007042,0,21.81712914
2023/5/28 20:45,100,22.24768448,100,22.43113518,100,22.16007042,0,21.81712914
2023/5/28 20:46,100,22.32002258,100,22.43113518,100,22.16007042,0,21.81712914
2023/5/28 20:47,100,22.32002258,100,22.43113518,100,22.24687576,0,21.81712914
2023/5/28 20:48,100,22.18981552,100,22.43113518,100,22.261343,0,21.81712914
2023/5/28 20:49,100,22.01620293,100,22.43113518,100,22.16007042,0,21.81712914
2023/5/28 20:50,100,22.32002258,100,22.41666794,100,22.05879784,0,21.81712914
2023/5/28 20:51,100,22.32002258,100,22.43113518,100,22.16007042,0,21.81712914
2023/5/28 20:52,100,22.01620293,100,22.43113518,100,22.24687576,0,21.81712914
2023/5/28 20:53,100,22.10301018,100,22.41666794,100,22.261343,0,21.81712914
2023/5/28 20:54,100,22.32002258,100,22.43113518,100,22.261343,0,21.81712914
2023/5/28 20:55,100,22.32002258,100,22.43113518,100,22.261343,0,21.81712914
2023/5/28 20:56,100,22.01620293,100,22.53240776,100,22.261343,0,21.81712914
2023/5/28 20:57,100,22.01620293,100,22.53240776,100,22.24687576,0,21.81712914
2023/5/28 20:58,100,22.01620293,100,22.53240776,100,22.261343,0,21.91840172
2023/5/28 20:59,100,22.01620293,100,22.53240776,100,22.24687576,0,21.91840172
2023/5/28 21:00,100,22.32002258,100,22.53240776,100,22.261343,0,21.91840172
2023/5/28 21:01,100,22.32002258,100,22.43113518,100,22.16007042,0,21.90393448
2023/5/28 21:02,100,22.32002258,100,22.43113518,100,22.23240852,0,21.91840172
2023/5/28 21:03,100,22.32002258,100,22.53240776,100,22.24687576,0,21.91840172
2023/5/28 21:04,100,22.32002258,100,22.53240776,100,22.261343,0,21.91840172
2023/5/28 21:05,100,22.01620293,100,22.56134224,100,22.261343,9.490663528,22.01967621
2023/5/28 21:06,100,22.01620293,100,22.60474586,100,22.261343,24.30005646,22.01967621
2023/5/28 21:07,100,22.01620293,100,22.53240776,100,22.261343,38.81962967,22.01967621
2023/5/28 21:08,100,22.01620293,100,22.63368034,100,22.261343,53.53501511,22.01967621
2023/5/28 21:09,100,22.01620293,100,22.63368034,100,22.261343,68.61960602,22.01967621
2023/5/28 21:10,100,22.01620293,100,22.63368034,100,22.24687576,83.01254272,22.01967621
2023/5/28 21:11,100,22.01620293,100,22.53240776,100,22.261343,97.81152344,22.01967621
2023/5/28 21:12,100,22.01620293,100,22.43113518,100,22.14560318,100,22.01967621
2023/5/28 21:13,100,22.01620293,100,22.43113518,100,22.261343,80.46452332,21.91840172
2023/5/28 21:14,100,22.01620293,100,22.43113518,100,22.24687576,14.88525677,21.91840172
2023/5/28 21:15,100,22.32002258,100,22.43113518,100,22.16007042,0,21.8026619
2023/5/28 21:16,100,22.32002258,100,22.43113518,100,22.16007042,0,21.81712914
2023/5/28 21:17,100,22.32002258,100,22.38773155,100,22.261343,0,21.81712914
2023/5/28 21:18,100,22.32002258,100,22.43113518,100,22.261343,0,21.81712914
2023/5/28 21:19,100,22.32002258,100,22.43113518,100,22.24687576,0,21.81712914
2023/5/28 21:20,100,22.32002258,100,22.43113518,100,22.261343,0,21.81712914
2023/5/28 21:21,100,22.32002258,100,22.43113518,100,22.36261559,0,21.81712914
2023/5/28 21:22,100,22.32002258,100,22.43113518,100,22.34814835,0,21.81712914
2023/5/28 21:23,100,22.30555534,100,22.53240776,100,22.34814835,0,21.81712914
2023/5/28 21:24,100,22.32002258,100,22.53240776,100,22.36261559,0,21.81712914
2023/5/28 21:25,100,22.32002258,100,22.53240776,100,22.36261559,0,21.81712914
2023/5/28 21:26,100,22.32002258,100,22.41666794,100,22.36261559,0,21.81712914
2023/5/28 21:27,100,22.32002258,100,22.53240776,100,22.34814835,0,21.81712914
2023/5/28 21:28,100,22.01620293,100,22.53240776,100,22.36261559,0,21.81712914
2023/5/28 21:29,100,22.01620293,100,22.53240776,100,22.34814835,0,21.81712914
2023/5/28 21:30,100,22.01620293,100,22.43113518,100,22.261343,0,21.81712914
2023/5/28 21:31,100,22.32002258,100,22.43113518,100,22.24687576,0,21.81712914
2023/5/28 21:32,100,22.32002258,100,22.32986069,100,22.1890049,0,21.81712914
2023/5/28 21:33,100,22.30555534,100,22.32986069,100,22.16007042,0,21.81712914
2023/5/28 21:34,100,22.32002258,100,22.32986069,100,22.14560318,0,21.81712914
2023/5/28 21:35,100,22.01620293,100,22.32986069,100,22.16007042,0,21.81712914
2023/5/28 21:36,100,22.32002258,100,22.2285881,100,22.05879784,0,21.81712914
2023/5/28 21:37,100,22.32002258,100,22.2285881,100,22.05879784,0,21.8026619
2023/5/28 21:38,100,22.32002258,100,22.2285881,100,22.05879784,0,21.81712914
2023/5/28 21:39,100,22.32002258,100,22.2285881,100,22.05879784,0,21.81712914
2023/5/28 21:40,100,22.32002258,100,22.2285881,100,22.04432869,0,21.81712914
2023/5/28 21:41,100,22.32002258,100,22.2285881,100,22.05879784,0,21.81712914
2023/5/28 21:42,100,22.32002258,100,22.2285881,100,22.05879784,0,21.81712914
2023/5/28 21:43,100,22.32002258,100,22.12731552,100,21.95752335,0,21.81712914
2023/5/28 21:44,100,22.32002258,100,22.12731552,100,21.95752335,0,21.81712914
2023/5/28 21:45,100,22.32002258,100,22.12731552,100,21.94305611,0,21.81712914
2023/5/28 21:46,100,22.01620293,100,22.12731552,100,21.95752335,0,21.81712914
2023/5/28 21:47,100,22.01620293,100,22.12731552,100,21.95752335,0,21.81712914
2023/5/28 21:48,100,22.11747742,100,22.12731552,100,21.95752335,0,21.81712914
2023/5/28 21:49,100,22.03067207,100,22.12731552,100,21.95752335,0,21.81712914
2023/5/28 21:50,100,22.01620293,100,22.12731552,100,22.05879784,0,21.81712914
2023/5/28 21:51,100,22.04513931,100,22.12731552,100,21.95752335,0,21.81712914
2023/5/28 21:52,100,22.01620293,100,22.02604294,100,21.85625076,0,21.81712914
2023/5/28 21:53,100,22.01620293,100,22.02604294,100,21.85625076,0,21.81712914
2023/5/28 21:54,100,22.01620293,100,22.02604294,100,21.85625076,0,21.81712914
2023/5/28 21:55,100,22.01620293,100,22.02604294,100,21.95752335,0,21.81712914
2023/5/28 21:56,100,22.01620293,100,22.12731552,100,21.95752335,0,21.81712914
2023/5/28 21:57,100,22.01620293,100,22.12731552,100,21.95752335,0,21.81712914
2023/5/28 21:58,100,22.32002258,100,22.12731552,100,21.95752335,0,21.81712914
2023/5/28 21:59,100,22.01620293,100,22.11284828,100,22.05879784,0,21.81712914
2023/5/28 22:00,100,22.01620293,100,22.12731552,100,22.04432869,0,21.81712914
2023/5/28 22:01,100,22.01620293,100,22.12731552,100,21.95752335,0,21.8026619
2023/5/28 22:02,100,22.32002258,100,22.02604294,100,21.94305611,0,21.81712914
2023/5/28 22:03,100,22.32002258,100,22.02604294,100,21.85625076,0,21.81712914
2023/5/28 22:04,100,22.32002258,100,22.02604294,100,21.95752335,0,21.81712914
2023/5/28 22:05,100,22.16087914,100,22.02604294,100,21.85625076,0,21.81712914
2023/5/28 22:06,100,22.32002258,100,22.02604294,100,21.85625076,0,21.81712914
2023/5/28 22:07,100,22.32002258,100,22.02604294,100,21.85625076,0,21.81712914
2023/5/28 22:08,100,22.30555534,100,22.02604294,100,21.95752335,0,21.81712914
2023/5/28 22:09,100,22.03067207,100,22.02604294,100,21.95752335,0,21.81712914
2023/5/28 22:10,100,22.32002258,100,22.02604294,100,21.95752335,0,21.81712914
2023/5/28 22:11,100,22.32002258,100,22.02604294,100,21.95752335,0,21.81712914
2023/5/28 22:12,100,22.01620293,100,22.02604294,100,21.95752335,0,21.81712914
2023/5/28 22:13,100,22.01620293,100,22.02604294,100,21.85625076,0,21.81712914
2023/5/28 22:14,100,22.32002258,100,22.02604294,100,21.85625076,0,21.81712914
2023/5/28 22:15,100,22.01620293,100,22.12731552,100,21.95752335,0,21.61458206
2023/5/28 22:16,100,22.27662086,100,22.12731552,100,21.95752335,0,21.61458206
2023/5/28 22:17,100,22.01620293,100,22.02604294,100,21.95752335,0,21.61458206
2023/5/28 22:18,100,22.01620293,100,22.02604294,100,21.95752335,0,21.61458206
2023/5/28 22:19,100,22.32002258,100,22.02604294,100,21.85625076,0,21.61458206
2023/5/28 22:20,100,22.01620293,100,21.92476845,100,21.85625076,0,21.61458206
2023/5/28 22:21,100,22.01620293,100,21.92476845,100,21.85625076,0,21.61458206
2023/5/28 22:22,100,22.01620293,100,22.02604294,100,21.85625076,0,21.61458206
2023/5/28 22:23,100,22.11747742,100,22.02604294,100,21.85625076,0,21.81712914
2023/5/28 22:24,100,22.11747742,100,22.02604294,100,21.95752335,0,21.81712914
2023/5/28 22:25,100,22.01620293,100,22.02604294,100,21.84178352,0,21.81712914
2023/5/28 22:26,100,22.01620293,100,22.12731552,100,21.95752335,0,21.81712914
2023/5/28 22:27,100,22.01620293,100,22.12731552,100,21.95752335,0,21.81712914
2023/5/28 22:28,100,22.01620293,100,22.12731552,100,21.95752335,0,21.81712914
2023/5/28 22:29,100,22.11747742,100,22.12731552,100,21.94305611,0,21.81712914
2023/5/28 22:30,100,22.11747742,100,22.12731552,100,21.95752335,0,21.81712914
2023/5/28 22:31,100,22.11747742,100,22.12731552,100,21.95752335,0,21.81712914
2023/5/28 22:32,100,22.11747742,100,22.12731552,100,21.95752335,0,21.81712914
2023/5/28 22:33,100,22.20428276,100,22.2285881,100,21.97199059,0,21.81712914
2023/5/28 22:34,100,22.11747742,100,22.15625,100,22.05879784,0,21.81712914
2023/5/28 22:35,100,22.11747742,100,22.12731552,100,21.97199059,0,21.81712914
2023/5/28 22:36,100,22.11747742,100,22.12731552,100,21.95752335,0,21.8026619
2023/5/28 22:37,100,22.11747742,100,22.02604294,100,21.85625076,0,21.81712914
2023/5/28 22:38,100,22.11747742,100,22.12731552,100,21.85625076,0,21.81712914
2023/5/28 22:39,100,22.01620293,100,22.12731552,100,21.95752335,0,21.81712914
2023/5/28 22:40,100,22.01620293,100,22.12731552,100,21.95752335,0,21.81712914
2023/5/28 22:41,100,22.01620293,100,22.12731552,100,21.95752335,0,21.81712914
2023/5/28 22:42,100,22.11747742,100,22.12731552,100,21.95752335,0,21.81712914
2023/5/28 22:43,100,22.11747742,100,22.12731552,100,21.95752335,0,21.81712914
2023/5/28 22:44,100,22.11747742,100,22.12731552,100,21.95752335,0,21.81712914
2023/5/28 22:45,100,22.11747742,100,22.02604294,100,21.95752335,0,21.81712914
2023/5/28 22:46,100,22.11747742,100,22.12731552,100,21.95752335,0,21.8026619
2023/5/28 22:47,100,22.11747742,100,22.12731552,100,21.95752335,0,21.81712914
2023/5/28 22:48,100,22.21875,100,22.12731552,100,21.95752335,0,21.81712914
2023/5/28 22:49,100,22.11747742,100,22.11284828,100,21.95752335,0,21.8026619
2023/5/28 22:50,100,22.21875,100,22.12731552,100,21.95752335,0,21.81712914
2023/5/28 22:51,100,22.11747742,100,22.12731552,100,21.95752335,0,21.81712914
2023/5/28 22:52,100,22.11747742,100,22.12731552,100,21.85625076,0,21.81712914
2023/5/28 22:53,100,22.11747742,100,22.12731552,100,21.85625076,0,21.81712914
2023/5/28 22:54,100,22.11747742,100,22.12731552,100,21.95752335,0,21.81712914
2023/5/28 22:55,100,22.11747742,100,22.2285881,100,22.04432869,0,21.81712914
2023/5/28 22:56,100,22.26215172,100,22.2285881,100,22.05879784,0,21.81712914
2023/5/28 22:57,100,22.01620293,100,22.2285881,100,22.05879784,0,21.81712914
2023/5/28 22:58,100,22.01620293,100,22.2285881,100,22.04432869,0,21.91840172
2023/5/28 22:59,100,22.00173569,100,22.2285881,100,22.04432869,0,21.91840172
2023/5/28 23:00,100,22.01620293,100,22.2285881,100,22.05879784,0,21.875
2023/5/28 23:01,100,22.01620293,100,22.2285881,100,22.05879784,0,21.91840172
2023/5/28 23:02,100,22.01620293,100,22.2285881,100,22.04432869,0,21.91840172
2023/5/28 23:03,100,22.11747742,100,22.32986069,100,22.05879784,0,21.91840172
2023/5/28 23:04,100,22.08854294,100,22.31539345,100,22.04432869,0,21.90393448
2023/5/28 23:05,100,22.10301018,100,22.2285881,100,22.05879784,0,21.91840172
2023/5/28 23:06,100,22.11747742,100,22.2285881,100,22.05879784,0,21.91840172
2023/5/28 23:07,100,22.11747742,100,22.2285881,100,22.05879784,0,21.91840172
2023/5/28 23:08,100,22.11747742,100,22.2285881,100,22.04432869,0,21.91840172
2023/5/28 23:09,100,22.11747742,100,22.32986069,100,22.14560318,0,21.91840172
2023/5/28 23:10,100,22.11747742,100,22.32986069,100,22.16007042,0,21.91840172
2023/5/28 23:11,100,22.11747742,100,22.32986069,100,22.16007042,0,21.91840172
2023/5/28 23:12,100,22.11747742,100,22.32986069,100,22.16007042,0,21.91840172
2023/5/28 23:13,100,22.11747742,100,22.31539345,100,22.261343,0,21.91840172
2023/5/28 23:14,100,22.11747742,100,22.32986069,100,22.16007042,0,21.91840172
2023/5/28 23:15,100,22.11747742,100,22.31539345,100,22.16007042,0.025036819,21.99073982
2023/5/28 23:16,100,22.11747742,100,22.32986069,100,22.16007042,9.418045044,22.01967621
2023/5/28 23:17,100,22.01620293,100,22.32986069,100,22.16007042,24.19857788,22.01967621
2023/5/28 23:18,100,22.01620293,100,22.32986069,100,22.05879784,38.90319443,22.00520706
2023/5/28 23:19,100,22.11747742,100,22.32986069,100,22.14560318,53.68556213,22.01967621
2023/5/28 23:20,100,22.11747742,100,22.32986069,100,22.14560318,68.32994843,22.01967621
2023/5/28 23:21,100,22.04513931,100,22.32986069,100,22.05879784,83.11206818,22.01967621
2023/5/28 23:22,100,22.11747742,100,22.2285881,100,22.05879784,97.88762665,22.01967621
2023/5/28 23:23,100,22.11747742,100,22.2285881,100,22.05879784,81.23469543,21.91840172
2023/5/28 23:24,100,22.18981552,100,22.12731552,100,21.95752335,16.68997002,21.91840172
2023/5/28 23:25,100,22.20428276,100,22.14178276,100,21.95752335,0,21.81712914
2023/5/28 23:26,100,22.32002258,100,22.12731552,100,21.95752335,0,21.81712914
2023/5/28 23:27,100,22.32002258,100,22.12731552,100,21.95752335,0,21.81712914
2023/5/28 23:28,100,22.32002258,100,22.11284828,100,21.95752335,0,21.81712914
2023/5/28 23:29,100,22.32002258,100,22.12731552,100,22.05879784,0,21.81712914
2023/5/28 23:30,100,22.37789345,100,22.11284828,100,22.05879784,0,21.81712914
2023/5/28 23:31,100,22.32002258,100,22.2285881,100,22.05879784,0,21.81712914
2023/5/28 23:32,100,22.32002258,100,22.2285881,100,22.16007042,0,21.81712914
2023/5/28 23:33,100,22.32002258,100,22.2285881,100,22.05879784,0,21.81712914
2023/5/28 23:34,100,22.32002258,100,22.2285881,100,22.04432869,0,21.81712914
2023/5/28 23:35,100,22.42129707,100,22.2285881,100,22.05879784,0,21.81712914
2023/5/28 23:36,100,22.32002258,100,22.12731552,100,21.95752335,0,21.81712914
2023/5/28 23:37,100,22.42129707,100,22.12731552,100,22.05879784,0,21.81712914
2023/5/28 23:38,100,22.42129707,100,22.12731552,100,21.95752335,0,21.81712914
2023/5/28 23:39,100,22.42129707,100,22.12731552,100,21.95752335,0,21.81712914
2023/5/28 23:40,100,22.42129707,100,22.12731552,100,22.05879784,0,21.81712914
2023/5/28 23:41,100,22.42129707,100,22.12731552,100,22.05879784,0,21.8026619
2023/5/28 23:42,100,22.42129707,100,22.12731552,100,21.95752335,0,21.81712914
2023/5/28 23:43,100,22.32002258,100,22.12731552,100,21.95752335,0,21.81712914
2023/5/28 23:44,100,22.42129707,100,22.12731552,100,21.95752335,0,21.81712914
2023/5/28 23:45,100,22.42129707,100,22.12731552,100,21.85625076,0,21.81712914
2023/5/28 23:46,100,22.42129707,100,22.02604294,100,21.85625076,0,21.81712914
2023/5/28 23:47,100,22.42129707,100,22.02604294,100,21.85625076,0,21.81712914
2023/5/28 23:48,100,22.42129707,100,22.02604294,100,21.85625076,0,21.81712914
2023/5/28 23:49,100,22.42129707,100,22.02604294,100,21.85625076,0,21.81712914
2023/5/28 23:50,100,22.42129707,100,22.02604294,100,21.85625076,0,21.81712914
2023/5/28 23:51,100,22.42129707,100,22.02604294,100,21.85625076,0,21.81712914
2023/5/28 23:52,100,22.42129707,100,22.02604294,100,21.85625076,0,21.81712914
2023/5/28 23:53,100,22.39236069,100,22.02604294,100,21.95752335,0,21.81712914
2023/5/28 23:54,100,22.42129707,100,21.93923569,100,21.95752335,0,21.8026619
2023/5/28 23:55,100,22.32002258,100,22.02604294,100,21.95752335,0,21.61458206
2023/5/28 23:56,100,22.32002258,100,22.02604294,100,21.84178352,0,21.61458206
2023/5/28 23:57,100,22.32002258,100,22.02604294,100,21.95752335,0,21.61458206
2023/5/28 23:58,100,22.42129707,100,22.02604294,100,22.05879784,0,21.61458206
2023/5/28 23:59,100,22.42129707,100,22.02604294,100,22.05879784,0,21.61458206
2023/5/29 0:00,100,22.42129707,100,22.02604294,100,21.95752335,0,21.61458206
2023/5/29 0:01,100,22.42129707,100,22.02604294,100,21.95752335,0,21.61458206
2023/5/29 0:02,100,22.42129707,100,22.02604294,100,21.85625076,0,21.61458206
2023/5/29 0:03,100,22.42129707,100,22.02604294,100,21.85625076,0,21.61458206
2023/5/29 0:04,100,22.42129707,100,21.92476845,100,21.76944542,0,21.61458206
2023/5/29 0:05,100,22.42129707,100,21.92476845,100,21.85625076,0,21.61458206
2023/5/29 0:06,100,22.32002258,100,21.92476845,100,21.95752335,0,21.61458206
2023/5/29 0:07,100,22.32002258,100,21.92476845,100,21.85625076,0,21.61458206
2023/5/29 0:08,100,22.42129707,100,21.92476845,100,21.85625076,0,21.61458206
2023/5/29 0:09,100,22.42129707,100,21.92476845,100,21.85625076,0,21.61458206
2023/5/29 0:10,100,22.30555534,100,21.92476845,100,21.85625076,0,21.51330948
2023/5/29 0:11,100,22.42129707,100,21.91030121,100,21.75497818,0,21.51330948
2023/5/29 0:12,100,22.42129707,100,21.92476845,100,21.85625076,0,21.51330948
2023/5/29 0:13,100,22.40682793,100,21.92476845,100,21.75497818,0,21.51330948
2023/5/29 0:14,100,22.32002258,100,21.92476845,100,21.75497818,0,21.51330948
2023/5/29 0:15,100,22.42129707,100,21.92476845,100,21.75497818,0,21.51330948
2023/5/29 0:16,100,22.32002258,100,21.92476845,100,21.85625076,0,21.51330948
2023/5/29 0:17,100,22.32002258,100,21.92476845,100,21.85625076,0,21.51330948
2023/5/29 0:18,100,22.32002258,100,21.92476845,100,21.75497818,0,21.51330948
2023/5/29 0:19,100,22.32002258,100,21.92476845,100,21.75497818,0,21.51330948
2023/5/29 0:20,100,22.32002258,100,21.92476845,100,21.75497818,0,21.51330948
2023/5/29 0:21,100,22.42129707,100,21.92476845,100,21.85625076,0,21.51330948
2023/5/29 0:22,100,22.32002258,100,22.02604294,100,21.85625076,0,21.51330948
2023/5/29 0:23,100,22.32002258,100,22.02604294,100,21.85625076,0,21.51330948
2023/5/29 0:24,100,22.42129707,100,22.01157379,100,21.85625076,0,21.51330948
2023/5/29 0:25,100,22.42129707,100,21.92476845,100,21.75497818,0,21.51330948
2023/5/29 0:26,100,22.32002258,100,21.92476845,100,21.75497818,0,21.51330948
2023/5/29 0:27,100,22.32002258,100,21.92476845,100,21.75497818,0,21.51330948
2023/5/29 0:28,100,22.32002258,100,21.92476845,100,21.74051094,0,21.51330948
2023/5/29 0:29,100,22.32002258,100,21.92476845,100,21.7983799,0,21.51330948
2023/5/29 0:30,100,22.32002258,100,21.92476845,100,21.75497818,0,21.51330948
2023/5/29 0:31,100,22.32002258,100,21.92476845,100,21.85625076,0,21.51330948
2023/5/29 0:32,100,22.42129707,100,21.92476845,100,21.75497818,0,21.51330948
2023/5/29 0:33,100,22.42129707,100,21.92476845,100,21.75497818,0,21.51330948
2023/5/29 0:34,100,22.42129707,100,21.92476845,100,21.85625076,0,21.51330948
2023/5/29 0:35,100,22.42129707,100,21.92476845,100,21.75497818,0,21.51330948
2023/5/29 0:36,100,22.42129707,100,21.92476845,100,21.75497818,0,21.51330948
2023/5/29 0:37,100,22.42129707,100,21.92476845,100,21.75497818,0,21.51330948
2023/5/29 0:38,100,22.32002258,100,21.92476845,100,21.75497818,0,21.51330948
2023/5/29 0:39,100,22.42129707,100,21.92476845,100,21.84178352,0,21.51330948
2023/5/29 0:40,100,22.42129707,100,21.95370293,100,21.85625076,0,21.51330948
2023/5/29 0:41,100,22.32002258,100,21.92476845,100,21.85625076,0,21.51330948
2023/5/29 0:42,100,22.42129707,100,21.92476845,100,21.85625076,0,21.51330948
2023/5/29 0:43,100,22.32002258,100,21.93923569,100,21.85625076,0,21.51330948
2023/5/29 0:44,100,22.32002258,100,22.02604294,100,21.85625076,0,21.51330948
2023/5/29 0:45,100,22.42129707,100,22.02604294,100,21.85625076,0,21.51330948
2023/5/29 0:46,100,22.42129707,100,22.02604294,100,21.85625076,0,21.52777672
2023/5/29 0:47,100,22.36342621,100,22.02604294,100,21.85625076,0,21.51330948
2023/5/29 0:48,100,22.40682793,100,22.02604294,100,21.85625076,0,21.51330948
2023/5/29 0:49,100,22.32002258,100,22.02604294,100,21.85625076,0,21.51330948
2023/5/29 0:50,100,22.32002258,100,22.02604294,100,21.85625076,0,21.51330948
2023/5/29 0:51,100,22.32002258,100,22.02604294,100,21.85625076,0,21.51330948
2023/5/29 0:52,100,22.42129707,100,22.02604294,100,21.85625076,0,21.51330948
2023/5/29 0:53,100,22.30555534,100,22.02604294,100,21.88518524,0,21.51330948
2023/5/29 0:54,100,22.32002258,100,22.12731552,100,21.94305611,0,21.51330948
2023/5/29 0:55,100,22.32002258,100,22.12731552,100,21.85625076,0,21.51330948
2023/5/29 0:56,100,22.32002258,100,22.12731552,100,21.94305611,0,21.51330948
2023/5/29 0:57,100,22.32002258,100,22.02604294,100,21.85625076,0,21.51330948
2023/5/29 0:58,100,22.32002258,100,22.02604294,100,21.84178352,0,21.51330948
2023/5/29 0:59,100,22.32002258,100,22.11284828,100,21.85625076,0,21.51330948
2023/5/29 1:00,100,22.32002258,100,22.02604294,100,21.85625076,0,21.61458206
2023/5/29 1:01,100,22.32002258,100,22.02604294,100,21.85625076,0,21.61458206
2023/5/29 1:02,100,22.40682793,100,22.02604294,100,21.85625076,0,21.52777672
2023/5/29 1:03,100,22.32002258,100,21.98263931,100,21.84178352,0,21.61458206
2023/5/29 1:04,100,22.32002258,100,21.92476845,100,21.75497818,0,21.61458206
2023/5/29 1:05,100,22.42129707,100,21.92476845,100,21.75497818,0,21.61458206
2023/5/29 1:06,100,22.32002258,100,21.92476845,100,21.75497818,0,21.61458206
2023/5/29 1:07,100,22.40682793,100,21.92476845,100,21.75497818,0,21.52777672
2023/5/29 1:08,100,22.42129707,100,21.92476845,100,21.75497818,0,21.61458206
2023/5/29 1:09,100,22.42129707,100,21.92476845,100,21.75497818,0,21.58564758
2023/5/29 1:10,100,22.32002258,100,21.92476845,100,21.75497818,0,21.51330948
2023/5/29 1:11,100,22.32002258,100,21.92476845,100,21.75497818,0,21.51330948
2023/5/29 1:12,100,22.32002258,100,21.92476845,100,21.75497818,0,21.51330948
2023/5/29 1:13,100,22.42129707,100,21.91030121,100,21.75497818,0,21.51330948
2023/5/29 1:14,100,22.32002258,100,21.82349586,100,21.75497818,0,21.52777672
2023/5/29 1:15,100,22.32002258,100,21.82349586,100,21.75497818,0,21.51330948
2023/5/29 1:16,100,22.32002258,100,21.82349586,100,21.75497818,0,21.51330948
2023/5/29 1:17,100,22.32002258,100,21.89583206,100,21.75497818,0,21.52777672
2023/5/29 1:18,100,22.32002258,100,21.92476845,100,21.75497818,0,21.51330948
2023/5/29 1:19,100,22.32002258,100,21.92476845,100,21.75497818,0,21.51330948
2023/5/29 1:20,100,22.32002258,100,21.92476845,100,21.75497818,0,21.51330948
2023/5/29 1:21,100,22.21875,100,21.92476845,100,21.85625076,0,21.51330948
2023/5/29 1:22,100,22.32002258,100,22.02604294,100,21.85625076,0,21.51330948
2023/5/29 1:23,100,22.32002258,100,22.02604294,100,21.85625076,0,21.51330948
2023/5/29 1:24,100,22.21875,100,22.02604294,100,21.85625076,0,21.51330948
2023/5/29 1:25,100,22.32002258,100,22.02604294,100,21.85625076,0,21.51330948
2023/5/29 1:26,100,22.32002258,100,21.92476845,100,21.75497818,0,21.51330948
2023/5/29 1:27,100,22.32002258,100,21.93923569,100,21.81284904,0,21.51330948
2023/5/29 1:28,100,22.32002258,100,21.92476845,100,21.74051094,0,21.51330948
2023/5/29 1:29,100,22.21875,100,21.92476845,100,21.75497818,0,21.51330948
2023/5/29 1:30,100,22.21875,100,21.82349586,100,21.75497818,0,21.51330948
2023/5/29 1:31,100,22.2910881,100,21.82349586,100,21.71157455,0,21.51330948
2023/5/29 1:32,100,22.32002258,100,21.92476845,100,21.75497818,0,21.51330948
2023/5/29 1:33,100,22.21875,100,21.92476845,100,21.75497818,0,21.51330948
2023/5/29 1:34,100,22.11747742,100,21.92476845,100,21.85625076,0,21.51330948
2023/5/29 1:35,100,22.11747742,100,21.92476845,100,21.75497818,0,21.51330948
2023/5/29 1:36,100,22.21875,100,21.92476845,100,21.75497818,0,21.51330948
2023/5/29 1:37,100,22.32002258,100,21.92476845,100,21.75497818,0,21.51330948
2023/5/29 1:38,100,22.21875,100,21.92476845,100,21.85625076,0,21.51330948
2023/5/29 1:39,100,22.21875,100,21.95370293,100,21.85625076,0,21.51330948
2023/5/29 1:40,100,22.32002258,100,22.02604294,100,21.85625076,0,21.51330948
2023/5/29 1:41,100,22.32002258,100,21.92476845,100,21.85625076,0,21.51330948
2023/5/29 1:42,100,22.23321724,100,21.92476845,100,21.85625076,0,21.51330948
2023/5/29 1:43,100,22.32002258,100,21.92476845,100,21.85625076,0,21.51330948
2023/5/29 1:44,100,22.32002258,100,21.93923569,100,21.85625076,0,21.51330948
2023/5/29 1:45,100,22.32002258,100,21.92476845,100,21.85625076,0,21.51330948
2023/5/29 1:46,100,22.21875,100,22.02604294,100,21.85625076,0,21.51330948
2023/5/29 1:47,100,22.32002258,100,22.02604294,100,21.85625076,0,21.484375
2023/5/29 1:48,100,22.32002258,100,22.02604294,100,21.85625076,0,21.484375
2023/5/29 1:49,100,22.32002258,100,22.02604294,100,21.74051094,0,21.51330948
2023/5/29 1:50,100,22.32002258,100,21.92476845,100,21.76944542,0,21.51330948
2023/5/29 1:51,100,22.21875,100,21.92476845,100,21.75497818,0,21.51330948
2023/5/29 1:52,100,22.32002258,100,21.92476845,100,21.75497818,0,21.51330948
2023/5/29 1:53,100,22.32002258,100,21.92476845,100,21.84178352,0,21.51330948
2023/5/29 1:54,100,22.32002258,100,21.92476845,100,21.84178352,0,21.51330948
2023/5/29 1:55,100,22.32002258,100,21.92476845,100,21.85625076,0,21.51330948
2023/5/29 1:56,100,22.32002258,100,21.92476845,100,21.85625076,0,21.51330948
2023/5/29 1:57,100,22.32002258,100,22.02604294,100,21.85625076,0,21.51330948
2023/5/29 1:58,100,22.32002258,100,22.02604294,100,21.84178352,0,21.51330948
2023/5/29 1:59,100,22.32002258,100,21.92476845,100,21.85625076,0,21.51330948
2023/5/29 2:00,100,22.32002258,100,21.92476845,100,21.85625076,0,21.51330948
2023/5/29 2:01,100,22.32002258,100,21.92476845,100,21.85625076,0,21.51330948
2023/5/29 2:02,100,22.21875,100,21.92476845,100,21.75497818,0,21.51330948
2023/5/29 2:03,100,22.21875,100,21.92476845,100,21.75497818,0,21.51330948
2023/5/29 2:04,100,22.21875,100,21.92476845,100,21.75497818,0,21.51330948
2023/5/29 2:05,100,22.32002258,100,21.95370293,100,21.85625076,0,21.51330948
2023/5/29 2:06,100,22.21875,100,21.92476845,100,21.95752335,0,21.42650414
2023/5/29 2:07,100,22.32002258,100,22.02604294,100,22.05879784,0,21.42650414
2023/5/29 2:08,100,22.32002258,100,22.02604294,100,21.95752335,0,21.51330948
2023/5/29 2:09,100,22.32002258,100,22.02604294,100,21.95752335,0,21.51330948
2023/5/29 2:10,100,22.42129707,100,22.02604294,100,21.95752335,0,21.484375
2023/5/29 2:11,100,22.42129707,100,22.02604294,100,21.95752335,0,21.42650414
2023/5/29 2:12,100,22.32002258,100,22.12731552,100,21.95752335,0,21.44097328
2023/5/29 2:13,100,22.32002258,100,22.12731552,100,21.95752335,0,21.42650414
2023/5/29 2:14,100,22.32002258,100,22.02604294,100,21.95752335,0,21.4120369
2023/5/29 2:15,100,22.32002258,100,22.02604294,100,21.95752335,0,21.42650414
2023/5/29 2:16,100,22.32002258,100,22.02604294,100,21.85625076,0,21.42650414
2023/5/29 2:17,100,22.32002258,100,22.02604294,100,21.85625076,0,21.4120369
2023/5/29 2:18,100,22.32002258,100,21.92476845,100,21.85625076,0,21.42650414
2023/5/29 2:19,100,22.32002258,100,22.02604294,100,21.94305611,0,21.4120369
2023/5/29 2:20,100,22.32002258,100,22.02604294,100,21.95752335,0,21.4120369
2023/5/29 2:21,100,22.32002258,100,21.92476845,100,22.05879784,0,21.42650414
2023/5/29 2:22,100,22.32002258,100,22.02604294,100,22.04432869,0,21.4120369
2023/5/29 2:23,100,22.21875,100,22.12731552,100,22.05879784,0,21.4120369
2023/5/29 2:24,100,22.21875,100,22.12731552,100,21.95752335,0,21.42650414
2023/5/29 2:25,100,22.21875,100,22.12731552,100,21.95752335,0,21.44097328
2023/5/29 2:26,100,22.32002258,100,22.02604294,100,21.95752335,0,21.44097328
2023/5/29 2:27,100,22.32002258,100,22.02604294,100,21.94305611,0,21.51330948
2023/5/29 2:28,100,22.32002258,100,22.02604294,100,21.95752335,0,21.51330948
2023/5/29 2:29,100,22.32002258,100,22.02604294,100,21.95752335,0,21.51330948
2023/5/29 2:30,100,22.32002258,100,22.02604294,100,21.95752335,0,21.51330948
2023/5/29 2:31,100,22.32002258,100,21.99710655,100,21.95752335,0,21.51330948
2023/5/29 2:32,100,22.32002258,100,21.92476845,100,21.95752335,0,21.51330948
2023/5/29 2:33,100,22.32002258,100,22.02604294,100,22.05879784,0,21.51330948
2023/5/29 2:34,100,22.32002258,100,22.12731552,100,22.05879784,0,21.42650414
2023/5/29 2:35,100,22.32002258,100,22.12731552,100,22.05879784,0,21.4120369
2023/5/29 2:36,100,22.32002258,100,22.12731552,100,22.05879784,0,21.4120369
2023/5/29 2:37,100,22.32002258,100,22.12731552,100,22.16007042,0,21.42650414
2023/5/29 2:38,100,22.32002258,100,22.12731552,100,22.05879784,0,21.4120369
2023/5/29 2:39,100,22.32002258,100,22.02604294,100,22.05879784,0,21.42650414
2023/5/29 2:40,100,22.21875,100,22.12731552,100,22.05879784,0,21.42650414
2023/5/29 2:41,100,22.21875,100,22.12731552,100,22.05879784,0,21.42650414
2023/5/29 2:42,100,22.21875,100,22.12731552,100,21.95752335,0,21.4120369
2023/5/29 2:43,100,22.21875,100,22.11284828,100,21.95752335,0,21.42650414
2023/5/29 2:44,100,22.32002258,100,22.01157379,100,21.88518524,0,21.4120369
2023/5/29 2:45,100,22.32002258,100,22.06944466,100,21.95752335,0,21.42650414
2023/5/29 2:46,100,22.32002258,100,22.02604294,100,21.85625076,0,21.42650414
2023/5/29 2:47,100,22.32002258,100,22.02604294,100,21.85625076,0,21.4120369
2023/5/29 2:48,100,22.32002258,100,22.02604294,100,21.85625076,0,21.42650414
2023/5/29 2:49,100,22.32002258,100,21.92476845,100,21.85625076,0,21.4120369
2023/5/29 2:50,100,22.32002258,100,22.02604294,100,21.95752335,0,21.4120369
2023/5/29 2:51,100,22.32002258,100,22.02604294,100,21.95752335,0,21.4120369
2023/5/29 2:52,100,22.32002258,100,22.02604294,100,21.95752335,0,21.4120369
2023/5/29 2:53,100,22.32002258,100,22.01157379,100,21.84178352,0,21.42650414
2023/5/29 2:54,100,22.32002258,100,22.02604294,100,21.85625076,0,21.4120369
2023/5/29 2:55,100,22.32002258,100,22.02604294,100,21.85625076,0,21.42650414
2023/5/29 2:56,100,22.32002258,100,22.02604294,100,21.85625076,0,21.42650414
2023/5/29 2:57,100,22.30555534,100,22.02604294,100,21.84178352,0,21.42650414
2023/5/29 2:58,100,22.30555534,100,22.02604294,100,21.85625076,0,21.4120369
2023/5/29 2:59,100,22.21875,100,21.92476845,100,21.85625076,0,21.4120369
2023/5/29 3:00,100,22.32002258,100,21.92476845,100,21.85625076,0,21.4120369
2023/5/29 3:01,100,22.21875,100,21.92476845,100,21.75497818,0,21.42650414
2023/5/29 3:02,100,22.21875,100,21.92476845,100,21.85625076,0,21.42650414
2023/5/29 3:03,100,22.21875,100,21.92476845,100,21.85625076,0,21.4120369
2023/5/29 3:04,100,22.21875,100,22.02604294,100,21.95752335,0,21.4120369
2023/5/29 3:05,100,22.21875,100,22.02604294,100,21.95752335,0,21.4120369
2023/5/29 3:06,100,22.21875,100,22.02604294,100,21.95752335,0,21.4120369
2023/5/29 3:07,100,22.21875,100,22.02604294,100,21.85625076,0,21.4120369
2023/5/29 3:08,100,22.21875,100,22.02604294,100,21.95752335,0,21.42650414
2023/5/29 3:09,100,22.21875,100,22.02604294,100,21.85625076,0,21.4120369
2023/5/29 3:10,100,22.21875,100,22.02604294,100,21.85625076,0,21.4120369
2023/5/29 3:11,100,22.21875,100,22.02604294,100,21.85625076,0,21.4120369
2023/5/29 3:12,100,22.21875,100,22.02604294,100,21.85625076,0,21.42650414
2023/5/29 3:13,100,22.21875,100,22.02604294,100,21.85625076,0,21.4120369
2023/5/29 3:14,100,22.21875,100,22.02604294,100,21.85625076,0,21.4120369
2023/5/29 3:15,100,22.21875,100,22.02604294,100,21.85625076,0,21.4120369
2023/5/29 3:16,100,22.21875,100,22.12731552,100,21.85625076,0,21.42650414
2023/5/29 3:17,100,22.30555534,100,22.12731552,100,21.94305611,0,21.4120369
2023/5/29 3:18,100,22.32002258,100,22.12731552,100,21.95752335,0,21.4120369
2023/5/29 3:19,100,22.32002258,100,22.12731552,100,21.95752335,0,21.42650414
2023/5/29 3:20,100,22.32002258,100,22.12731552,100,21.95752335,0,21.4120369
2023/5/29 3:21,100,22.21875,100,22.12731552,100,21.94305611,0,21.42650414
2023/5/29 3:22,100,22.11747742,100,22.12731552,100,21.95752335,0,21.4120369
2023/5/29 3:23,100,22.1464119,100,22.12731552,100,21.95752335,0,21.42650414
2023/5/29 3:24,100,22.21875,100,22.12731552,100,22.00092697,0,21.42650414
2023/5/29 3:25,100,22.21875,100,22.12731552,100,22.05879784,0,21.45544052
2023/5/29 3:26,100,22.21875,100,22.12731552,100,21.94305611,0,21.45544052
2023/5/29 3:27,100,22.11747742,100,22.12731552,100,21.95752335,0,21.46990776
2023/5/29 3:28,100,22.11747742,100,22.12731552,100,22.05879784,0,21.51330948
2023/5/29 3:29,100,22.21875,100,22.12731552,100,21.95752335,0,21.51330948
2023/5/29 3:30,100,22.11747742,100,22.12731552,100,21.95752335,0,21.51330948
2023/5/29 3:31,100,22.21875,100,22.12731552,100,21.95752335,0,21.51330948
2023/5/29 3:32,100,22.21875,100,22.12731552,100,21.95752335,0,21.51330948
2023/5/29 3:33,100,22.24768448,100,22.12731552,100,21.95752335,0,21.51330948
2023/5/29 3:34,100,22.32002258,100,22.12731552,100,21.95752335,0,21.51330948
2023/5/29 3:35,100,22.32002258,100,22.12731552,100,21.95752335,0,21.51330948
2023/5/29 3:36,100,22.32002258,100,22.12731552,100,21.95752335,0,21.51330948
2023/5/29 3:37,100,22.21875,100,22.12731552,100,21.95752335,0,21.51330948
2023/5/29 3:38,100,22.21875,100,22.12731552,100,21.95752335,0,21.51330948
2023/5/29 3:39,100,22.32002258,100,22.12731552,100,22.05879784,0,21.51330948
2023/5/29 3:40,100,22.32002258,100,22.2285881,100,22.05879784,0,21.51330948
2023/5/29 3:41,100,22.32002258,100,22.2285881,100,22.05879784,0,21.51330948
2023/5/29 3:42,100,22.32002258,100,22.2285881,100,22.16007042,0,21.51330948
2023/5/29 3:43,100,22.32002258,100,22.2285881,100,22.261343,0,21.51330948
2023/5/29 3:44,100,22.32002258,100,22.32986069,100,22.261343,0,21.51330948
2023/5/29 3:45,100,22.32002258,100,22.2285881,100,22.261343,0,21.51330948
2023/5/29 3:46,100,22.32002258,100,22.2285881,100,22.261343,0,21.51330948
2023/5/29 3:47,100,22.21875,100,22.2285881,100,22.261343,0,21.51330948
2023/5/29 3:48,100,22.32002258,100,22.2285881,100,22.16007042,0,21.51330948
2023/5/29 3:49,100,22.32002258,100,22.2285881,100,22.16007042,0,21.51330948
2023/5/29 3:50,100,22.21875,100,22.2285881,100,22.05879784,0,21.51330948
2023/5/29 3:51,100,22.21875,100,22.2285881,100,22.05879784,0,21.51330948
2023/5/29 3:52,100,22.32002258,100,22.2285881,100,22.05879784,0,21.51330948
2023/5/29 3:53,100,22.32002258,100,22.2285881,100,22.05879784,0,21.51330948
2023/5/29 3:54,100,22.32002258,100,22.2285881,100,21.95752335,0,21.61458206
2023/5/29 3:55,100,22.21875,100,22.2285881,100,22.05879784,0,21.61458206
2023/5/29 3:56,100,22.32002258,100,22.2285881,100,22.04432869,0,21.61458206
2023/5/29 3:57,100,22.32002258,100,22.2285881,100,22.05879784,0,21.61458206
2023/5/29 3:58,100,22.32002258,100,22.2285881,100,22.04432869,0,21.61458206
2023/5/29 3:59,100,22.32002258,100,22.2285881,100,22.05879784,0,21.61458206
2023/5/29 4:00,100,22.32002258,100,22.12731552,100,22.05879784,0,21.61458206
2023/5/29 4:01,100,22.32002258,100,22.12731552,100,22.05879784,0,21.61458206
2023/5/29 4:02,100,22.42129707,100,22.2285881,100,22.05879784,0,21.61458206
2023/5/29 4:03,100,22.32002258,100,22.2285881,100,22.05879784,0,21.61458206
2023/5/29 4:04,100,22.32002258,100,22.21412086,100,22.05879784,0,21.61458206
2023/5/29 4:05,100,22.42129707,100,22.2285881,100,22.05879784,0,21.61458206
2023/5/29 4:06,100,22.42129707,100,22.2285881,100,21.95752335,0,21.61458206
2023/5/29 4:07,100,22.42129707,100,22.2285881,100,22.05879784,0,21.61458206
2023/5/29 4:08,100,22.42129707,100,22.2285881,100,21.95752335,0,21.61458206
2023/5/29 4:09,100,22.42129707,100,22.2285881,100,21.95752335,0,21.61458206
2023/5/29 4:10,100,22.42129707,100,22.12731552,100,21.95752335,0,21.61458206
2023/5/29 4:11,100,22.50810242,100,22.12731552,100,21.95752335,0,21.61458206
2023/5/29 4:12,100,22.42129707,100,22.12731552,100,21.85625076,0,21.61458206
2023/5/29 4:13,100,22.32002258,100,22.12731552,100,21.95752335,0,21.61458206
2023/5/29 4:14,100,22.30555534,100,22.12731552,100,21.95752335,0,21.61458206
2023/5/29 4:15,100,22.42129707,100,22.2285881,100,21.95752335,0,21.61458206
2023/5/29 4:16,100,22.32002258,100,22.12731552,100,21.95752335,0,21.61458206
2023/5/29 4:17,100,22.30555534,100,22.12731552,100,22.05879784,0,21.61458206
2023/5/29 4:18,100,22.32002258,100,22.12731552,100,21.95752335,0,21.61458206
2023/5/29 4:19,100,22.32002258,100,22.12731552,100,21.94305611,0,21.61458206
2023/5/29 4:20,100,22.32002258,100,22.12731552,100,21.95752335,0,21.61458206
2023/5/29 4:21,100,22.32002258,100,22.12731552,100,21.95752335,0,21.61458206
2023/5/29 4:22,100,22.32002258,100,22.02604294,100,21.85625076,0,21.61458206
2023/5/29 4:23,100,22.32002258,100,22.02604294,100,21.74051094,0,21.61458206
2023/5/29 4:24,100,22.32002258,100,21.92476845,100,21.75497818,0,21.61458206
2023/5/29 4:25,100,22.32002258,100,21.92476845,100,21.75497818,0,21.61458206
2023/5/29 4:26,100,22.32002258,100,22.02604294,100,21.75497818,0,21.61458206
2023/5/29 4:27,100,22.32002258,100,22.02604294,100,21.75497818,0,21.61458206
2023/5/29 4:28,100,22.32002258,100,21.92476845,100,21.75497818,0,21.61458206
2023/5/29 4:29,100,22.32002258,100,21.92476845,100,21.75497818,0,21.61458206
2023/5/29 4:30,100,22.21875,100,21.92476845,100,21.75497818,0,21.61458206
2023/5/29 4:31,100,22.30555534,100,21.92476845,100,21.74051094,0,21.61458206
2023/5/29 4:32,100,22.32002258,100,21.92476845,100,21.75497818,0,21.61458206
2023/5/29 4:33,100,22.30555534,100,21.92476845,100,21.75497818,0,21.61458206
2023/5/29 4:34,100,22.30555534,100,22.02604294,100,21.85625076,0,21.61458206
2023/5/29 4:35,100,22.32002258,100,22.02604294,100,21.85625076,0,21.61458206
2023/5/29 4:36,100,22.30555534,100,22.02604294,100,21.95752335,0,21.61458206
2023/5/29 4:37,100,22.32002258,100,22.02604294,100,21.95752335,0,21.61458206
2023/5/29 4:38,100,22.32002258,100,22.12731552,100,21.85625076,0,21.62905121
2023/5/29 4:39,100,22.30555534,100,22.12731552,100,21.95752335,0,21.61458206
2023/5/29 4:40,100,22.32002258,100,22.12731552,100,21.95752335,0,21.61458206
2023/5/29 4:41,100,22.32002258,100,22.12731552,100,21.95752335,0,21.61458206
2023/5/29 4:42,100,22.30555534,100,22.12731552,100,21.95752335,0,21.61458206
2023/5/29 4:43,100,22.32002258,100,22.12731552,100,21.95752335,0,21.61458206
2023/5/29 4:44,100,22.32002258,100,22.12731552,100,22.05879784,0,21.61458206
2023/5/29 4:45,100,22.32002258,100,22.04051018,100,22.05879784,0,21.61458206
2023/5/29 4:46,100,22.32002258,100,22.02604294,100,21.95752335,0,21.61458206
2023/5/29 4:47,100,22.30555534,100,22.02604294,100,21.95752335,0,21.61458206
2023/5/29 4:48,100,22.32002258,100,22.02604294,100,21.95752335,0,21.61458206
2023/5/29 4:49,100,22.21875,100,22.02604294,100,22.05879784,0,21.61458206
2023/5/29 4:50,100,22.21875,100,22.12731552,100,22.05879784,0,21.61458206
2023/5/29 4:51,100,22.32002258,100,22.12731552,100,22.05879784,0,21.61458206
2023/5/29 4:52,100,22.32002258,100,22.12731552,100,22.05879784,0,21.61458206
2023/5/29 4:53,100,22.21875,100,22.12731552,100,22.05879784,0,21.61458206
2023/5/29 4:54,100,22.32002258,100,22.12731552,100,22.05879784,0,21.81712914
2023/5/29 4:55,100,22.32002258,100,22.02604294,100,21.94305611,0,21.81712914
2023/5/29 4:56,100,22.32002258,100,21.92476845,100,21.91412163,0,21.61458206
2023/5/29 4:57,100,22.21875,100,21.92476845,100,21.85625076,0,21.78819466
2023/5/29 4:58,100,22.32002258,100,21.92476845,100,21.85625076,0,21.81712914
2023/5/29 4:59,100,22.27662086,100,21.92476845,100,21.74051094,0,21.81712914
2023/5/29 5:00,100,22.21875,100,21.92476845,100,21.84178352,0,21.81712914
2023/5/29 5:01,100,22.21875,100,21.92476845,100,21.85625076,0,21.81712914
2023/5/29 5:02,100,22.32002258,100,21.92476845,100,21.85625076,0,21.81712914
2023/5/29 5:03,100,22.30555534,100,21.92476845,100,21.85625076,0,21.81712914
2023/5/29 5:04,100,22.21875,100,21.92476845,100,21.85625076,0,21.81712914
2023/5/29 5:05,100,22.32002258,100,22.02604294,100,21.85625076,0,21.81712914
2023/5/29 5:06,100,22.32002258,100,21.92476845,100,21.85625076,0,21.81712914
2023/5/29 5:07,100,22.32002258,100,21.92476845,100,21.75497818,0,21.81712914
2023/5/29 5:08,100,22.2910881,100,21.92476845,100,21.75497818,0,21.81712914
2023/5/29 5:09,100,22.32002258,100,21.92476845,100,21.75497818,0,21.81712914
2023/5/29 5:10,100,22.32002258,100,21.92476845,100,21.75497818,0,21.8026619
2023/5/29 5:11,100,22.21875,100,21.82349586,100,21.75497818,0,21.81712914
2023/5/29 5:12,100,22.21875,100,21.82349586,100,21.75497818,0,21.81712914
2023/5/29 5:13,100,22.21875,100,21.82349586,100,21.75497818,0,21.81712914
2023/5/29 5:14,100,22.32002258,100,21.82349586,100,21.74051094,0,21.81712914
2023/5/29 5:15,100,22.32002258,100,21.92476845,100,21.75497818,0,21.81712914
2023/5/29 5:16,100,22.32002258,100,21.92476845,100,21.75497818,0,21.81712914
2023/5/29 5:17,100,22.32002258,100,21.92476845,100,21.75497818,0,21.81712914
2023/5/29 5:18,100,22.32002258,100,21.92476845,100,21.75497818,0,21.81712914
2023/5/29 5:19,100,22.32002258,100,21.92476845,100,21.65370369,0,21.81712914
2023/5/29 5:20,100,22.21875,100,21.92476845,100,21.65370369,0,21.81712914
2023/5/29 5:21,100,22.32002258,100,21.92476845,100,21.74051094,0,21.81712914
2023/5/29 5:22,100,22.32002258,100,21.92476845,100,21.75497818,0,21.81712914
2023/5/29 5:23,100,22.30555534,100,21.92476845,100,21.75497818,0,21.81712914
2023/5/29 5:24,100,22.21875,100,21.95370293,100,21.84178352,0,21.81712914
2023/5/29 5:25,100,22.21875,100,21.92476845,100,21.75497818,0,21.81712914
2023/5/29 5:26,100,22.21875,100,21.93923569,100,21.74051094,0,21.8026619
2023/5/29 5:27,100,22.21875,100,21.92476845,100,21.75497818,0,21.81712914
2023/5/29 5:28,100,22.32002258,100,21.92476845,100,21.75497818,0,21.81712914
2023/5/29 5:29,100,22.32002258,100,21.92476845,100,21.75497818,0,21.81712914
2023/5/29 5:30,100,22.21875,100,22.02604294,100,21.75497818,0,21.81712914
2023/5/29 5:31,100,22.32002258,100,21.92476845,100,21.75497818,0,21.81712914
2023/5/29 5:32,100,22.32002258,100,21.92476845,100,21.75497818,0,21.81712914
2023/5/29 5:33,100,22.32002258,100,22.02604294,100,21.75497818,0,21.81712914
2023/5/29 5:34,100,22.32002258,100,21.92476845,100,21.75497818,0,21.91840172
2023/5/29 5:35,100,22.32002258,100,21.92476845,100,21.85625076,0,21.91840172
2023/5/29 5:36,100,22.30555534,100,21.92476845,100,21.85625076,0,21.91840172
2023/5/29 5:37,100,22.32002258,100,21.92476845,100,21.85625076,0,21.91840172
2023/5/29 5:38,100,22.32002258,100,21.92476845,100,21.75497818,0,21.91840172
2023/5/29 5:39,100,22.30555534,100,21.92476845,100,21.75497818,0,21.91840172
2023/5/29 5:40,100,22.32002258,100,21.92476845,100,21.75497818,0,21.91840172
2023/5/29 5:41,100,22.32002258,100,21.92476845,100,21.75497818,0,21.90393448
2023/5/29 5:42,100,22.32002258,100,21.92476845,100,21.75497818,0,21.91840172
2023/5/29 5:43,100,22.32002258,100,21.92476845,100,21.75497818,0,21.91840172
2023/5/29 5:44,100,22.32002258,100,21.85243034,100,21.75497818,0,21.90393448
2023/5/29 5:45,100,22.30555534,100,21.92476845,100,21.75497818,0,21.91840172
2023/5/29 5:46,100,22.32002258,100,21.92476845,100,21.85625076,0,21.91840172
2023/5/29 5:47,100,22.30555534,100,21.92476845,100,21.75497818,5.641361713,22.01967621
2023/5/29 5:48,100,22.32002258,100,21.92476845,100,21.75497818,20.40904808,22.01967621
2023/5/29 5:49,100,22.32002258,100,21.92476845,100,21.75497818,35.196064,22.01967621
2023/5/29 5:50,100,22.32002258,100,21.92476845,100,21.75497818,49.60597992,22.01967621
2023/5/29 5:51,100,22.32002258,100,21.92476845,100,21.74051094,64.49967957,22.01967621
2023/5/29 5:52,100,22.32002258,100,21.92476845,100,21.75497818,79.26509094,22.01967621
2023/5/29 5:53,100,22.30555534,100,21.92476845,100,21.75497818,93.94294739,22.01967621
2023/5/29 5:54,100,22.21875,100,21.92476845,100,21.75497818,100,22.00520706
2023/5/29 5:55,100,22.21875,100,21.92476845,100,21.74051094,99.02084351,22.01967621
2023/5/29 5:56,100,22.30555534,100,21.91030121,100,21.75497818,47.35678864,21.91840172
2023/5/29 5:57,100,22.21875,100,21.82349586,100,21.65370369,0,21.90393448
2023/5/29 5:58,100,22.30555534,100,21.82349586,100,21.65370369,0,21.81712914
2023/5/29 5:59,100,22.21875,100,21.82349586,100,21.65370369,0,21.81712914
2023/5/29 6:00,100,22.21875,100,21.82349586,100,21.65370369,0,21.81712914
2023/5/29 6:01,100,22.20428276,100,21.82349586,100,21.65370369,0,21.81712914
2023/5/29 6:02,100,22.23321724,100,21.82349586,100,21.65370369,0,21.81712914
2023/5/29 6:03,100,22.21875,100,21.82349586,100,21.65370369,0,21.81712914
2023/5/29 6:04,100,22.21875,100,21.82349586,100,21.65370369,0,21.81712914
2023/5/29 6:05,100,22.21875,100,21.82349586,100,21.65370369,0,21.81712914
2023/5/29 6:06,100,22.21875,100,21.82349586,100,21.65370369,0,21.81712914
2023/5/29 6:07,100,22.21875,100,21.92476845,100,21.65370369,0,21.81712914
2023/5/29 6:08,100,22.21875,100,21.92476845,100,21.65370369,0,21.81712914
2023/5/29 6:09,100,22.20428276,100,21.82349586,100,21.65370369,0,21.8026619
2023/5/29 6:10,100,22.21875,100,21.82349586,100,21.65370369,0,21.81712914
2023/5/29 6:11,100,22.11747742,100,21.82349586,100,21.75497818,0,21.81712914
2023/5/29 6:12,100,22.32002258,100,21.82349586,100,21.75497818,0,21.81712914
2023/5/29 6:13,100,22.32002258,100,21.82349586,100,21.75497818,0,21.81712914
2023/5/29 6:14,100,22.32002258,100,21.92476845,100,21.75497818,0,21.91840172
2023/5/29 6:15,100,22.32002258,100,21.93923569,100,21.75497818,0,21.91840172
2023/5/29 6:16,100,22.21875,100,21.92476845,100,21.75497818,0,21.91840172
2023/5/29 6:17,100,22.21875,100,21.92476845,100,21.75497818,0,21.91840172
2023/5/29 6:18,100,22.21875,100,21.92476845,100,21.75497818,0,21.91840172
2023/5/29 6:19,100,22.21875,100,21.92476845,100,21.84178352,0,21.91840172
2023/5/29 6:20,100,22.21875,100,21.92476845,100,21.75497818,0,21.91840172
2023/5/29 6:21,100,22.21875,100,21.92476845,100,21.74051094,0,21.91840172
2023/5/29 6:22,100,22.21875,100,21.92476845,100,21.85625076,0,21.91840172
2023/5/29 6:23,100,22.21875,100,21.92476845,100,21.85625076,0,21.91840172
2023/5/29 6:24,100,22.11747742,100,21.82349586,100,21.74051094,0,21.91840172
2023/5/29 6:25,100,22.21875,100,21.82349586,100,21.85625076,0,21.91840172
2023/5/29 6:26,100,22.23321724,100,21.92476845,100,21.85625076,0,21.91840172
2023/5/29 6:27,100,22.21875,100,21.92476845,100,21.85625076,0,21.91840172
2023/5/29 6:28,100,22.21875,100,21.92476845,100,21.85625076,0,21.91840172
2023/5/29 6:29,100,22.32002258,100,21.92476845,100,21.85625076,0.485357642,22.01967621
2023/5/29 6:30,100,22.21875,100,21.92476845,100,21.76944542,14.10350895,22.01967621
2023/5/29 6:31,100,22.21875,100,21.92476845,100,21.75497818,1.333506227,22.00520706
2023/5/29 6:32,100,22.32002258,100,21.92476845,100,21.75497818,0,21.91840172
2023/5/29 6:33,100,22.21875,100,21.82349586,100,21.65370369,0.783173382,22.01967621
2023/5/29 6:34,100,22.21875,100,21.82349586,100,21.65370369,0,21.91840172
2023/5/29 6:35,100,22.21875,100,21.82349586,100,21.65370369,0,21.91840172
2023/5/29 6:36,100,22.21875,100,21.92476845,100,21.65370369,0,21.91840172
2023/5/29 6:37,100,22.11747742,100,21.92476845,100,21.75497818,0,21.91840172
2023/5/29 6:38,100,22.21875,100,21.80902672,100,21.75497818,0,21.91840172
2023/5/29 6:39,100,22.21875,100,21.82349586,100,21.75497818,0,21.9473381
2023/5/29 6:40,100,22.21875,100,21.8379631,100,21.75497818,0.431093395,22.01967621
2023/5/29 6:41,100,22.21875,100,21.92476845,100,21.75497818,0,21.91840172
2023/5/29 6:42,100,22.21875,100,21.92476845,100,21.75497818,0.005819637,21.96180534
2023/5/29 6:43,100,22.32002258,100,21.92476845,100,21.75497818,8.841127396,22.01967621
2023/5/29 6:44,100,22.32002258,100,21.92476845,100,21.75497818,23.68785286,22.00520706
2023/5/29 6:45,100,22.20428276,100,21.92476845,100,21.75497818,38.18346024,22.01967621
2023/5/29 6:46,100,22.32002258,100,21.92476845,100,21.7983799,52.7271843,22.01967621
2023/5/29 6:47,100,22.32002258,100,22.02604294,100,21.85625076,67.04430389,22.01967621
2023/5/29 6:48,100,22.32002258,100,21.92476845,100,21.85625076,82.19441223,22.01967621
2023/5/29 6:49,100,22.32002258,100,21.92476845,100,21.95752335,96.86405945,22.01967621
2023/5/29 6:50,100,22.32002258,100,21.92476845,100,21.95752335,100,22.01967621
2023/5/29 6:51,100,22.21875,100,21.92476845,100,21.85625076,76.55865479,21.91840172
2023/5/29 6:52,100,22.21875,100,21.92476845,100,21.85625076,11.41260052,21.91840172
2023/5/29 6:53,100,22.30555534,100,21.92476845,100,21.74051094,0,21.91840172
2023/5/29 6:54,100,22.32002258,100,21.92476845,100,21.74051094,0,21.91840172
2023/5/29 6:55,100,22.32002258,100,21.92476845,100,21.75497818,0,21.81712914
2023/5/29 6:56,100,22.32002258,100,21.82349586,100,21.75497818,0,21.8026619
2023/5/29 6:57,100,22.32002258,100,21.92476845,100,21.85625076,0,21.81712914
2023/5/29 6:58,100,22.32002258,100,21.93923569,100,21.85625076,0,21.81712914
2023/5/29 6:59,100,22.23321724,100,21.92476845,100,21.85625076,0,21.81712914
2023/5/29 7:00,100,22.32002258,100,22.02604294,100,21.95752335,0,21.81712914
2023/5/29 7:01,100,22.21875,100,22.02604294,100,21.85625076,0,21.81712914
2023/5/29 7:02,100,22.32002258,100,22.02604294,100,21.85625076,0,21.90393448
2023/5/29 7:03,100,22.32002258,100,22.02604294,100,21.85625076,0,21.91840172
2023/5/29 7:04,100,22.32002258,100,22.12731552,100,21.95752335,0,21.91840172
2023/5/29 7:05,100,22.32002258,100,22.12731552,100,21.95752335,0,21.81712914
2023/5/29 7:06,100,22.21875,100,22.12731552,100,21.95752335,0,21.81712914
2023/5/29 7:07,100,22.21875,100,22.11284828,100,21.85625076,0,21.81712914
2023/5/29 7:08,100,22.21875,100,22.12731552,100,21.95752335,0,21.81712914
2023/5/29 7:09,100,22.21875,100,22.12731552,100,21.85625076,0,21.91840172
2023/5/29 7:10,100,22.17534828,100,22.12731552,100,21.85625076,0,21.91840172
2023/5/29 7:11,100,22.11747742,100,22.12731552,100,21.85625076,0,21.91840172
2023/5/29 7:12,100,22.11747742,100,22.12731552,100,21.84178352,0,21.91840172
2023/5/29 7:13,100,22.21875,100,22.12731552,100,21.85625076,0,21.91840172
2023/5/29 7:14,100,22.21875,100,22.12731552,100,21.95752335,0,21.91840172
2023/5/29 7:15,100,22.21875,100,22.12731552,100,22.02986145,0,21.91840172
2023/5/29 7:16,100,22.23321724,100,22.2285881,100,22.05879784,0,21.91840172
2023/5/29 7:17,100,22.21875,100,22.2285881,100,22.05879784,0,21.91840172
2023/5/29 7:18,100,22.32002258,100,22.2285881,100,22.05879784,0,21.91840172
2023/5/29 7:19,100,22.32002258,100,22.2285881,100,22.05879784,0,21.91840172
2023/5/29 7:20,100,22.32002258,100,22.32986069,100,22.10219955,0.445688605,22.01967621
2023/5/29 7:21,100,22.32002258,100,22.32986069,100,22.16007042,9.822525024,22.01967621
2023/5/29 7:22,100,22.11747742,100,22.32986069,100,22.16007042,24.59649849,22.01967621
2023/5/29 7:23,100,22.11747742,100,22.2285881,100,22.05879784,39.02215576,22.01967621
2023/5/29 7:24,100,22.01620293,100,22.2285881,100,22.04432869,53.69091415,22.01967621
2023/5/29 7:25,100,22.01620293,100,22.2285881,100,22.05879784,68.45728302,22.01967621
2023/5/29 7:26,100,22.01620293,100,22.2285881,100,22.05879784,83.29872131,22.00520706
2023/5/29 7:27,100,22.01620293,100,22.21412086,100,22.05879784,97.88892365,22.01967621
2023/5/29 7:28,100,22.32002258,100,22.12731552,100,22.02986145,100,22.01967621
2023/5/29 7:29,100,22.32002258,100,22.11284828,100,21.94305611,100,22.01967621
2023/5/29 7:30,100,22.26215172,100,22.12731552,100,21.94305611,50.76885986,21.91840172
2023/5/29 7:31,100,22.01620293,100,22.02604294,100,21.85625076,0,21.91840172
2023/5/29 7:32,100,22.01620293,100,22.02604294,100,21.85625076,0,21.83159828
2023/5/29 7:33,100,22.11747742,100,22.02604294,100,21.84178352,0,21.81712914
2023/5/29 7:34,100,22.01620293,100,22.02604294,100,21.85625076,0,21.81712914
2023/5/29 7:35,100,22.32002258,100,22.02604294,100,21.870718,0,21.81712914
2023/5/29 7:36,100,22.32002258,100,22.12731552,100,21.95752335,0,21.81712914
2023/5/29 7:37,100,22.32002258,100,22.12731552,100,21.85625076,0,21.81712914
2023/5/29 7:38,100,22.32002258,100,22.12731552,100,21.95752335,0,21.81712914
2023/5/29 7:39,100,22.32002258,100,22.12731552,100,21.95752335,0,21.81712914
2023/5/29 7:40,100,22.32002258,100,22.12731552,100,21.95752335,0,21.81712914
2023/5/29 7:41,100,22.10301018,100,22.12731552,100,21.95752335,0,21.81712914
2023/5/29 7:42,100,22.32002258,100,22.12731552,100,21.95752335,0,21.81712914
2023/5/29 7:43,100,22.32002258,100,22.12731552,100,21.95752335,0,21.81712914
2023/5/29 7:44,100,22.32002258,100,22.2285881,100,22.00092697,0,21.81712914
2023/5/29 7:45,100,22.24768448,100,22.2285881,100,22.05879784,0,21.81712914
2023/5/29 7:46,100,22.21875,100,22.2285881,100,22.05879784,0,21.91840172
2023/5/29 7:47,100,22.21875,100,22.31539345,100,22.05879784,0,21.91840172
2023/5/29 7:48,100,22.21875,100,22.32986069,100,22.05879784,0,21.91840172
2023/5/29 7:49,100,22.32002258,100,22.2285881,100,21.95752335,0,21.91840172
2023/5/29 7:50,100,22.21875,100,22.2285881,100,21.95752335,0,21.91840172
2023/5/29 7:51,100,22.21875,100,22.2285881,100,21.95752335,0,21.91840172
2023/5/29 7:52,100,22.21875,100,22.2285881,100,21.95752335,0,21.91840172
2023/5/29 7:53,100,22.21875,100,22.2285881,100,21.94305611,0,21.91840172
2023/5/29 7:54,100,22.11747742,100,22.2285881,100,21.95752335,0,21.91840172
2023/5/29 7:55,100,22.11747742,100,22.2285881,100,21.95752335,0,21.91840172
2023/5/29 7:56,100,22.11747742,100,22.12731552,100,21.89965248,0,21.91840172
2023/5/29 7:57,100,22.11747742,100,22.12731552,100,21.870718,0,21.91840172
2023/5/29 7:58,100,22.11747742,100,22.2285881,100,21.95752335,0,21.91840172
2023/5/29 7:59,100,22.11747742,100,22.21412086,100,21.95752335,0,21.91840172
2023/5/29 8:00,100,22.11747742,100,22.2285881,100,21.95752335,0,21.91840172
2023/5/29 8:01,100,22.11747742,100,22.31539345,100,22.05879784,0,21.91840172
2023/5/29 8:02,100,22.11747742,100,22.32986069,100,22.05879784,0,21.91840172
2023/5/29 8:03,100,22.11747742,100,22.2285881,100,22.05879784,0,21.91840172
2023/5/29 8:04,100,22.11747742,100,22.32986069,100,22.05879784,0,21.96180534
2023/5/29 8:05,100,22.11747742,100,22.32986069,100,22.05879784,13.0117569,22.01967621
2023/5/29 8:06,100,22.01620293,100,22.31539345,100,22.05879784,27.94882965,22.01967621
2023/5/29 8:07,100,22.01620293,100,22.32986069,100,22.16007042,42.21619797,22.01967621
2023/5/29 8:08,100,21.91493034,100,22.32986069,100,22.16007042,57.16559219,22.01967621
2023/5/29 8:09,100,21.91493034,100,22.32986069,100,22.16007042,88.44013977,22.10648155
2023/5/29 8:10,100,21.828125,100,22.32986069,100,22.16007042,100,22.12094879
2023/5/29 8:11,100,21.828125,100,22.32986069,100,22.05879784,100,22.12094879
2023/5/29 8:12,100,21.72685242,100,22.32986069,100,22.05879784,100,22.01967621
2023/5/29 8:13,100,21.71238518,100,22.2285881,100,22.05879784,100,22.01967621
2023/5/29 8:14,100,21.72685242,100,22.2285881,100,22.05879784,100,22.01967621
2023/5/29 8:15,100,21.71238518,100,22.12731552,100,21.95752335,65.95968628,21.91840172
2023/5/29 8:16,100,21.71238518,100,22.12731552,100,21.95752335,1.865963221,21.91840172
2023/5/29 8:17,100,21.828125,100,22.12731552,100,21.85625076,0,21.81712914
2023/5/29 8:18,100,21.81365776,100,22.12731552,100,21.85625076,0,21.81712914
2023/5/29 8:19,100,21.828125,100,22.12731552,100,21.85625076,0,21.81712914
2023/5/29 8:20,100,21.71238518,100,22.12731552,100,21.95752335,0,21.81712914
2023/5/29 8:21,100,21.72685242,100,22.12731552,100,21.95752335,0,21.81712914
2023/5/29 8:22,100,21.52430534,100,22.17071724,100,22.05879784,0,21.81712914
2023/5/29 8:23,100,21.52430534,100,22.12731552,100,21.95752335,0,21.81712914
2023/5/29 8:24,100,21.71238518,100,22.2285881,100,21.94305611,0,21.81712914
2023/5/29 8:25,100,21.52430534,100,22.2285881,100,21.95752335,0,21.81712914
2023/5/29 8:26,100,21.52430534,100,22.2285881,100,21.95752335,0,21.81712914
2023/5/29 8:27,100,21.52430534,100,22.2285881,100,21.95752335,0,21.81712914
2023/5/29 8:28,100,21.72685242,100,22.2285881,100,22.05879784,0,21.81712914
2023/5/29 8:29,100,21.64004707,100,22.32986069,100,22.04432869,0,21.81712914
2023/5/29 8:30,100,21.52430534,100,22.32986069,100,22.05879784,0,21.81712914
2023/5/29 8:31,100,21.52430534,100,22.32986069,100,22.05879784,0,21.81712914
2023/5/29 8:32,100,21.71238518,100,22.32986069,100,22.05879784,0,21.81712914
2023/5/29 8:33,100,21.72685242,100,22.32986069,100,22.04432869,0,21.81712914
2023/5/29 8:34,100,21.71238518,100,22.32986069,100,22.05879784,0,21.81712914
2023/5/29 8:35,100,21.72685242,100,22.32986069,100,22.05879784,0,21.81712914
2023/5/29 8:36,100,21.71238518,100,22.32986069,100,22.05879784,0,21.81712914
2023/5/29 8:37,100,21.72685242,100,22.2285881,100,22.05879784,0,21.83159828
2023/5/29 8:38,100,21.72685242,100,22.21412086,100,22.05879784,0,21.91840172
2023/5/29 8:39,100,21.72685242,100,22.31539345,100,22.05879784,0,21.91840172
2023/5/29 8:40,100,21.71238518,100,22.2285881,100,22.05879784,0,21.91840172
2023/5/29 8:41,100,21.71238518,100,22.2285881,100,22.05879784,0,21.91840172
2023/5/29 8:42,100,21.52430534,100,22.25752258,100,22.05879784,0,21.91840172
2023/5/29 8:43,100,21.71238518,100,22.32986069,100,22.05879784,0,21.91840172
2023/5/29 8:44,100,21.72685242,100,22.32986069,100,22.05879784,0,21.91840172
2023/5/29 8:45,100,21.72685242,100,22.32986069,100,22.1166687,0,21.91840172
2023/5/29 8:46,100,21.72685242,100,22.32986069,100,22.05879784,0,21.91840172
2023/5/29 8:47,100,21.71238518,100,22.32986069,100,22.05879784,0,21.90393448
2023/5/29 8:48,100,21.72685242,100,22.32986069,100,22.05879784,0,21.91840172
2023/5/29 8:49,100,21.72685242,100,22.32986069,100,22.05879784,0,21.91840172
2023/5/29 8:50,100,21.72685242,100,22.32986069,100,22.16007042,0,21.91840172
2023/5/29 8:51,100,21.828125,100,22.32986069,100,22.16007042,0,21.91840172
2023/5/29 8:52,100,21.72685242,100,22.32986069,100,22.16007042,0,21.91840172
2023/5/29 8:53,100,21.71238518,100,22.32986069,100,22.16007042,0,21.91840172
2023/5/29 8:54,100,21.828125,100,22.32986069,100,22.16007042,0,21.91840172
2023/5/29 8:55,100,21.92939758,100,22.32986069,100,22.16007042,0,21.91840172
2023/5/29 8:56,100,21.828125,100,22.32986069,100,22.16007042,7.870740414,22.01967621
2023/5/29 8:57,100,21.91493034,100,22.32986069,100,22.16007042,22.5798893,22.01967621
2023/5/29 8:58,100,21.91493034,100,22.32986069,100,22.16007042,37.43660736,22.01967621
2023/5/29 8:59,100,21.94386482,100,22.32986069,100,22.16007042,52.13939285,22.01967621
2023/5/29 9:00,100,21.98726845,100,22.35879707,100,22.16007042,67.03807068,22.01967621
2023/5/29 9:01,100,21.94386482,100,22.43113518,100,22.261343,81.86100006,22.01967621
2023/5/29 9:02,100,21.91493034,100,22.34432793,100,22.16007042,96.75049591,22.01967621
2023/5/29 9:03,100,21.92939758,100,22.31539345,100,22.16007042,100,22.01967621
2023/5/29 9:04,100,21.91493034,100,22.32986069,100,22.05879784,100,22.01967621
2023/5/29 9:05,100,21.91493034,100,22.24305534,100,22.04432869,70.59361267,21.91840172
2023/5/29 9:06,100,21.91493034,100,22.32986069,100,22.08773232,5.212170601,21.91840172
2023/5/29 9:07,100,21.91493034,100,22.32986069,100,22.05879784,0,21.91840172
2023/5/29 9:08,100,21.91493034,100,22.21412086,100,22.05879784,0,21.81712914
2023/5/29 9:09,100,21.91493034,100,22.2285881,100,22.04432869,0,21.81712914
2023/5/29 9:10,100,21.828125,100,22.12731552,100,22.01539421,0,21.81712914
2023/5/29 9:11,100,21.7557869,100,22.12731552,100,21.94305611,0,21.81712914
2023/5/29 9:12,100,21.81365776,100,22.12731552,100,21.95752335,0,21.81712914
2023/5/29 9:13,100,21.81365776,100,22.12731552,100,21.95752335,0,21.81712914
2023/5/29 9:14,100,21.828125,100,22.14178276,100,22.04432869,0,21.81712914
2023/5/29 9:15,100,21.828125,100,22.2285881,100,21.95752335,0,21.81712914
2023/5/29 9:16,100,21.91493034,100,22.2285881,100,22.04432869,0,21.81712914
2023/5/29 9:17,100,21.81365776,100,22.2285881,100,21.95752335,0,21.81712914
2023/5/29 9:18,100,21.72685242,100,22.12731552,100,21.95752335,0,21.81712914
2023/5/29 9:19,100,21.81365776,100,22.2285881,100,21.95752335,0,21.81712914
2023/5/29 9:20,100,21.828125,100,22.14178276,100,21.94305611,0,21.81712914
2023/5/29 9:21,100,21.828125,100,22.2285881,100,21.95752335,0,21.81712914
2023/5/29 9:22,100,21.828125,100,22.11284828,100,21.95752335,0,21.81712914
2023/5/29 9:23,100,21.91493034,100,22.12731552,100,21.95752335,0,21.81712914
2023/5/29 9:24,100,21.81365776,100,22.2285881,100,21.95752335,0,21.81712914
2023/5/29 9:25,100,21.91493034,100,22.2285881,100,21.94305611,0,21.81712914
2023/5/29 9:26,100,21.91493034,100,22.2285881,100,21.95752335,0,21.81712914
2023/5/29 9:27,100,21.91493034,100,22.2285881,100,21.95752335,0,21.81712914
2023/5/29 9:28,100,21.92939758,100,22.2285881,100,22.05879784,0,21.81712914
2023/5/29 9:29,100,21.91493034,100,22.2285881,100,22.04432869,0,21.81712914
2023/5/29 9:30,100,21.91493034,100,22.2285881,100,22.05879784,0,21.81712914
2023/5/29 9:31,100,21.91493034,100,22.32986069,100,22.04432869,0,21.81712914
2023/5/29 9:32,100,22.01620293,100,22.32986069,100,22.05879784,0,21.91840172
2023/5/29 9:33,100,22.01620293,100,22.32986069,100,22.08773232,0,21.91840172
2023/5/29 9:34,100,22.01620293,100,22.32986069,100,22.16007042,0,21.91840172
2023/5/29 9:35,100,22.01620293,100,22.31539345,100,22.16007042,0,21.91840172
2023/5/29 9:36,100,21.92939758,100,22.32986069,100,22.14560318,0,21.91840172
2023/5/29 9:37,100,22.01620293,100,22.32986069,100,22.16007042,0,21.91840172
2023/5/29 9:38,100,21.91493034,100,22.32986069,100,22.10219955,0,21.91840172
2023/5/29 9:39,100,22.01620293,100,22.2285881,100,22.05879784,0,21.91840172
2023/5/29 9:40,100,22.01620293,100,22.2285881,100,22.05879784,0,21.91840172
2023/5/29 9:41,100,22.01620293,100,22.2285881,100,22.04432869,0,21.91840172
2023/5/29 9:42,100,22.01620293,100,22.2285881,100,22.04432869,0,21.91840172
2023/5/29 9:43,100,21.91493034,100,22.2285881,100,21.95752335,0,21.91840172
2023/5/29 9:44,100,21.91493034,100,22.2285881,100,21.95752335,0,21.91840172
2023/5/29 9:45,100,21.91493034,100,22.12731552,100,21.94305611,0,21.91840172
2023/5/29 9:46,100,21.92939758,100,22.12731552,100,21.85625076,0,21.91840172
2023/5/29 9:47,100,22.01620293,100,22.12731552,100,21.85625076,0,21.91840172
2023/5/29 9:48,100,22.01620293,100,22.12731552,100,21.85625076,0,21.91840172
2023/5/29 9:49,100,22.01620293,100,22.12731552,100,21.85625076,0,21.91840172
2023/5/29 9:50,100,22.01620293,100,22.12731552,100,21.85625076,0,21.91840172
2023/5/29 9:51,100,22.01620293,100,22.12731552,100,21.95752335,0,21.91840172
2023/5/29 9:52,100,22.01620293,100,22.12731552,100,21.95752335,0,21.90393448
2023/5/29 9:53,100,22.01620293,100,22.2285881,100,22.05879784,0,21.91840172
2023/5/29 9:54,100,22.01620293,100,22.2285881,100,22.05879784,0,21.81712914
2023/5/29 9:55,100,22.01620293,100,22.2285881,100,22.05879784,0,21.81712914
2023/5/29 9:56,100,22.01620293,100,22.2285881,100,22.05879784,0,21.81712914
2023/5/29 9:57,100,22.01620293,100,22.2285881,100,22.16007042,0,21.81712914
2023/5/29 9:58,100,22.01620293,100,22.21412086,100,22.05879784,0,21.91840172
2023/5/29 9:59,100,22.11747742,100,22.32986069,100,22.05879784,0,21.90393448
2023/5/29 10:00,100,22.11747742,100,22.2285881,100,22.05879784,0,21.91840172
2023/5/29 10:01,100,22.11747742,100,22.2285881,100,22.05879784,0,21.91840172
2023/5/29 10:02,100,22.11747742,100,22.32986069,100,22.04432869,0,21.91840172
2023/5/29 10:03,100,22.11747742,100,22.2285881,100,22.05879784,0,21.91840172
2023/5/29 10:04,100,22.11747742,100,22.2285881,100,22.05879784,0,21.91840172
2023/5/29 10:05,100,22.11747742,100,22.32986069,100,22.05879784,0.04400808,22.00520706
2023/5/29 10:06,100,22.11747742,100,22.32986069,100,22.14560318,8.938610077,22.01967621
2023/5/29 10:07,100,22.11747742,100,22.32986069,100,22.16007042,23.70951462,22.01967621
2023/5/29 10:08,100,22.11747742,100,22.43113518,100,22.16007042,38.42610931,22.01967621
2023/5/29 10:09,100,22.11747742,100,22.43113518,100,22.16007042,53.32899475,22.01967621
2023/5/29 10:10,100,22.21875,100,22.41666794,100,22.261343,68.36148071,22.01967621
2023/5/29 10:11,100,22.21875,100,22.43113518,100,22.21794128,83.02133942,22.01967621
2023/5/29 10:12,100,22.11747742,100,22.32986069,100,22.16007042,97.20308685,22.01967621
2023/5/29 10:13,100,22.21875,100,22.32986069,100,22.16007042,56.29315186,21.91840172
2023/5/29 10:14,100,22.21875,100,22.32986069,100,22.16007042,0,21.91840172
2023/5/29 10:15,100,22.21875,100,22.2285881,100,22.16007042,0,21.91840172
2023/5/29 10:16,100,22.21875,100,22.2285881,100,22.05879784,0,21.81712914
2023/5/29 10:17,100,22.11747742,100,22.2285881,100,22.05879784,0,21.81712914
2023/5/29 10:18,100,22.11747742,100,22.2285881,100,22.04432869,0,21.81712914
2023/5/29 10:19,100,22.21875,100,22.2285881,100,22.05879784,0,21.81712914
2023/5/29 10:20,100,22.11747742,100,22.31539345,100,22.16007042,0,21.81712914
2023/5/29 10:21,100,22.21875,100,22.32986069,100,22.16007042,0,21.81712914
2023/5/29 10:22,100,22.11747742,100,22.32986069,100,22.05879784,0,21.81712914
2023/5/29 10:23,100,22.11747742,100,22.32986069,100,22.16007042,0,21.81712914
2023/5/29 10:24,100,22.11747742,100,22.32986069,100,22.05879784,0,21.81712914
2023/5/29 10:25,100,22.20428276,100,22.32986069,100,22.05879784,0,21.81712914
2023/5/29 10:26,100,22.21875,100,22.2285881,100,22.05879784,0,21.81712914
2023/5/29 10:27,100,22.21875,100,22.2285881,100,22.05879784,0,21.81712914
2023/5/29 10:28,100,22.21875,100,22.32986069,100,22.05879784,0,21.81712914
2023/5/29 10:29,100,22.21875,100,22.32986069,100,22.16007042,0,21.91840172
2023/5/29 10:30,100,22.32002258,100,22.32986069,100,22.16007042,0,21.91840172
2023/5/29 10:31,100,22.21875,100,22.32986069,100,22.1166687,0,21.91840172
2023/5/29 10:32,100,22.32002258,100,22.32986069,100,22.16007042,0,21.91840172
2023/5/29 10:33,100,22.21875,100,22.32986069,100,22.14560318,0,21.91840172
2023/5/29 10:34,100,22.21875,100,22.32986069,100,22.16007042,0,21.91840172
2023/5/29 10:35,100,22.21875,100,22.32986069,100,22.16007042,0,21.91840172
2023/5/29 10:36,100,22.21875,100,22.32986069,100,22.16007042,0,21.91840172
2023/5/29 10:37,100,22.21875,100,22.32986069,100,22.14560318,0.866838157,22.01967621
2023/5/29 10:38,100,22.30555534,100,22.31539345,100,22.1890049,0,21.91840172
2023/5/29 10:39,100,22.21875,100,22.32986069,100,22.14560318,0,21.91840172
2023/5/29 10:40,100,22.21875,100,22.32986069,100,22.16007042,0,21.91840172
2023/5/29 10:41,100,22.21875,100,22.43113518,100,22.16007042,8.974101067,22.01967621
2023/5/29 10:42,100,22.21875,100,22.43113518,100,22.24687576,23.7009964,22.01967621
2023/5/29 10:43,100,22.32002258,100,22.43113518,100,22.261343,86.43159485,22.12094879
2023/5/29 10:44,100,22.32002258,100,22.43113518,100,22.24687576,100,22.12094879
2023/5/29 10:45,100,22.32002258,100,22.43113518,100,22.30474663,100,22.12094879
2023/5/29 10:46,100,22.32002258,100,22.43113518,100,22.261343,100,22.12094879
2023/5/29 10:47,100,22.32002258,100,22.43113518,100,22.261343,100,22.01967621
2023/5/29 10:48,100,22.32002258,100,22.32986069,100,22.17453766,68.87255096,21.91840172
2023/5/29 10:49,100,22.32002258,100,22.2285881,100,22.14560318,3.501531363,21.91840172
2023/5/29 10:50,100,22.32002258,100,22.12731552,100,22.05879784,0,21.81712914
2023/5/29 10:51,100,22.21875,100,22.12731552,100,22.05879784,0,21.81712914
2023/5/29 10:52,100,22.21875,100,22.12731552,100,22.05879784,0,21.81712914
2023/5/29 10:53,100,22.21875,100,22.12731552,100,21.95752335,0,21.81712914
2023/5/29 10:54,100,22.21875,100,22.12731552,100,21.95752335,0,21.81712914
2023/5/29 10:55,100,22.18981552,100,22.12731552,100,21.95752335,0,21.81712914
2023/5/29 10:56,100,22.11747742,100,22.12731552,100,21.95752335,0,21.81712914
2023/5/29 10:57,100,22.21875,100,22.12731552,100,21.95752335,0,21.91840172
2023/5/29 10:58,100,22.21875,100,22.12731552,100,22.05879784,0,21.91840172
2023/5/29 10:59,100,22.21875,100,22.2285881,100,22.05879784,0,21.91840172
2023/5/29 11:00,100,22.21875,100,22.2285881,100,22.05879784,3.605792761,21.99073982
2023/5/29 11:01,100,22.24768448,100,22.21412086,100,22.05879784,16.89573669,22.01967621
2023/5/29 11:02,100,22.21875,100,22.2285881,100,22.05879784,31.73703384,22.01967621
2023/5/29 11:03,100,22.21875,100,22.2285881,100,22.05879784,46.13488388,22.00520706
2023/5/29 11:04,100,22.20428276,100,22.32986069,100,22.04432869,61.00274658,22.01967621
2023/5/29 11:05,100,22.21875,100,22.31539345,100,22.05879784,75.60461426,22.01967621
2023/5/29 11:06,100,22.21875,100,22.2285881,100,22.05879784,90.26734161,22.01967621
2023/5/29 11:07,100,22.21875,100,22.2285881,100,22.05879784,73.99989319,21.91840172
2023/5/29 11:08,100,22.21875,100,22.2285881,100,22.16007042,8.210554123,21.91840172
2023/5/29 11:09,100,22.21875,100,22.2285881,100,22.16007042,0,21.81712914
2023/5/29 11:10,100,22.11747742,100,22.12731552,100,22.05879784,0,21.81712914
2023/5/29 11:11,100,22.21875,100,22.12731552,100,22.05879784,0,21.81712914
2023/5/29 11:12,100,22.21875,100,22.12731552,100,22.05879784,0,21.81712914
2023/5/29 11:13,100,22.11747742,100,22.12731552,100,22.04432869,0,21.81712914
2023/5/29 11:14,100,22.11747742,100,22.12731552,100,22.05879784,0,21.91840172
2023/5/29 11:15,100,22.11747742,100,22.12731552,100,22.05879784,4.7550807,22.01967621
2023/5/29 11:16,100,22.11747742,100,22.12731552,100,21.95752335,19.31530762,22.01967621
2023/5/29 11:17,100,22.11747742,100,22.12731552,100,21.95752335,58.25297928,22.12094879
2023/5/29 11:18,100,22.11747742,100,22.2285881,100,21.95752335,100,22.12094879
2023/5/29 11:19,100,22.11747742,100,22.2285881,100,22.05879784,100,22.12094879
2023/5/29 11:20,100,22.11747742,100,22.2285881,100,21.95752335,100,22.01967621
2023/5/29 11:21,100,22.11747742,100,22.12731552,100,21.95752335,100,22.01967621
2023/5/29 11:22,100,22.11747742,100,22.12731552,100,21.85625076,53.19733429,21.91840172
2023/5/29 11:23,100,22.01620293,100,22.12731552,100,21.85625076,0,21.91840172
2023/5/29 11:24,100,22.01620293,100,22.02604294,100,21.85625076,0,21.81712914
2023/5/29 11:25,100,22.01620293,100,22.02604294,100,21.75497818,0,21.81712914
2023/5/29 11:26,100,22.01620293,100,22.02604294,100,21.85625076,0,21.81712914
2023/5/29 11:27,100,21.92939758,100,21.92476845,100,21.85625076,0,21.81712914
2023/5/29 11:28,100,21.92939758,100,21.93923569,100,21.85625076,0,21.81712914
2023/5/29 11:29,100,22.01620293,100,22.02604294,100,21.85625076,0,21.8026619
2023/5/29 11:30,100,22.01620293,100,22.11284828,100,21.92858887,0,21.81712914
2023/5/29 11:31,100,22.01620293,100,22.0839119,100,21.85625076,0,21.81712914
2023/5/29 11:32,100,22.01620293,100,22.02604294,100,21.85625076,0,21.81712914
2023/5/29 11:33,100,22.01620293,100,22.02604294,100,21.85625076,0,21.78819466
2023/5/29 11:34,100,22.01620293,100,22.12731552,100,21.85625076,0,21.81712914
2023/5/29 11:35,100,22.01620293,100,22.12731552,100,21.85625076,0,21.81712914
2023/5/29 11:36,100,22.11747742,100,22.12731552,100,21.84178352,0,21.81712914
2023/5/29 11:37,100,22.11747742,100,22.02604294,100,21.75497818,0,21.81712914
2023/5/29 11:38,100,22.01620293,100,22.02604294,100,21.75497818,0,21.8026619
2023/5/29 11:39,100,22.10301018,100,22.12731552,100,21.85625076,0,21.81712914
2023/5/29 11:40,100,22.11747742,100,22.12731552,100,21.85625076,0,21.81712914
2023/5/29 11:41,100,22.11747742,100,22.12731552,100,21.85625076,0,21.81712914
2023/5/29 11:42,100,22.11747742,100,22.12731552,100,21.85625076,0,21.81712914
2023/5/29 11:43,100,22.11747742,100,22.0839119,100,21.85625076,0,21.81712914
2023/5/29 11:44,100,22.11747742,100,22.12731552,100,21.85625076,0,21.81712914
2023/5/29 11:45,100,22.11747742,100,22.12731552,100,21.95752335,0,21.81712914
2023/5/29 11:46,100,22.11747742,100,22.12731552,100,21.94305611,0,21.81712914
2023/5/29 11:47,100,22.11747742,100,22.12731552,100,21.95752335,0,21.91840172
2023/5/29 11:48,100,22.11747742,100,22.12731552,100,21.95752335,0,21.91840172
2023/5/29 11:49,100,22.11747742,100,22.2285881,100,21.94305611,0,21.91840172
2023/5/29 11:50,100,22.11747742,100,22.2285881,100,22.05879784,0,21.91840172
2023/5/29 11:51,100,22.11747742,100,22.2285881,100,21.94305611,0,21.91840172
2023/5/29 11:52,100,22.11747742,100,22.2285881,100,21.95752335,0,21.91840172
2023/5/29 11:53,100,22.11747742,100,22.2285881,100,21.95752335,0,21.91840172
2023/5/29 11:54,100,22.11747742,100,22.2285881,100,21.95752335,0,21.90393448
2023/5/29 11:55,100,22.11747742,100,22.2285881,100,21.95752335,0,21.91840172
2023/5/29 11:56,100,22.01620293,100,22.2285881,100,21.94305611,0,21.88946724
2023/5/29 11:57,100,22.01620293,100,22.2285881,100,21.95752335,0,21.875
2023/5/29 11:58,100,22.01620293,100,22.2285881,100,21.95752335,0,21.91840172
2023/5/29 11:59,100,22.01620293,100,22.2285881,100,21.95752335,0,21.91840172
2023/5/29 12:00,100,22.01620293,100,22.2285881,100,21.94305611,0,21.91840172
2023/5/29 12:01,100,22.11747742,100,22.2285881,100,22.01539421,0,21.91840172
2023/5/29 12:02,100,22.11747742,100,22.32986069,100,22.04432869,0,21.91840172
2023/5/29 12:03,100,22.11747742,100,22.31539345,100,22.16007042,0,21.91840172
2023/5/29 12:04,100,22.10301018,100,22.32986069,100,22.16007042,0,21.91840172
2023/5/29 12:05,100,22.11747742,100,22.32986069,100,22.16007042,1.853211761,22.01967621
2023/5/29 12:06,100,22.11747742,100,22.32986069,100,22.16007042,15.46703434,22.01967621
2023/5/29 12:07,100,22.11747742,100,22.32986069,100,22.16007042,30.44756126,22.01967621
2023/5/29 12:08,100,22.11747742,100,22.32986069,100,22.16007042,45.2001152,22.01967621
2023/5/29 12:09,100,22.11747742,100,22.32986069,100,22.14560318,59.91320038,22.01967621
2023/5/29 12:10,100,22.11747742,100,22.32986069,100,22.05879784,75.63868713,22.01967621
2023/5/29 12:11,100,22.13194466,100,22.32986069,100,22.04432869,100,22.09201431
2023/5/29 12:12,100,22.11747742,100,22.32986069,100,22.05879784,100,22.01967621
2023/5/29 12:13,100,22.11747742,100,22.32986069,100,22.05879784,100,22.01967621
2023/5/29 12:14,100,22.11747742,100,22.32986069,100,22.05879784,94.18240356,21.91840172
2023/5/29 12:15,100,22.01620293,100,22.2285881,100,22.05879784,28.15972328,21.91840172
2023/5/29 12:16,100,22.10301018,100,22.2285881,100,21.95752335,0,21.90393448
2023/5/29 12:17,100,22.11747742,100,22.12731552,100,21.95752335,0,21.81712914
2023/5/29 12:18,100,22.04513931,100,22.12731552,100,21.95752335,0,21.81712914
2023/5/29 12:19,100,22.01620293,100,22.12731552,100,21.95752335,0,21.81712914
2023/5/29 12:20,100,21.91493034,100,22.12731552,100,21.95752335,0,21.81712914
2023/5/29 12:21,100,22.01620293,100,22.2285881,100,21.95752335,0,21.81712914
2023/5/29 12:22,100,21.91493034,100,22.2285881,100,21.95752335,0,21.81712914
2023/5/29 12:23,100,22.01620293,100,22.2285881,100,22.05879784,0,21.81712914
2023/5/29 12:24,100,22.01620293,100,22.2285881,100,21.95752335,0,21.81712914
2023/5/29 12:25,100,22.01620293,100,22.2285881,100,21.95752335,0,21.81712914
2023/5/29 12:26,100,22.01620293,100,22.2285881,100,21.95752335,0,21.81712914
2023/5/29 12:27,100,22.01620293,100,22.2285881,100,21.95752335,0,21.81712914
2023/5/29 12:28,100,22.01620293,100,22.2285881,100,21.95752335,0,21.81712914
2023/5/29 12:29,100,22.04513931,100,22.2285881,100,21.95752335,0,21.81712914
2023/5/29 12:30,100,22.11747742,100,22.2285881,100,21.95752335,0,21.91840172
2023/5/29 12:31,100,22.11747742,100,22.2285881,100,22.05879784,0,21.91840172
2023/5/29 12:32,100,22.11747742,100,22.2285881,100,21.95752335,0,21.91840172
2023/5/29 12:33,100,22.11747742,100,22.2285881,100,22.05879784,0,21.91840172
2023/5/29 12:34,100,22.11747742,100,22.32986069,100,22.05879784,0,21.91840172
2023/5/29 12:35,100,22.21875,100,22.32986069,100,22.05879784,4.472204208,22.01967621
2023/5/29 12:36,100,22.11747742,100,22.32986069,100,22.05879784,19.60822105,22.01967621
2023/5/29 12:37,100,22.11747742,100,22.43113518,100,22.05879784,34.23105621,22.01967621
2023/5/29 12:38,100,22.11747742,100,22.32986069,100,22.05879784,49.06178284,22.01967621
2023/5/29 12:39,100,22.11747742,100,22.32986069,100,22.05879784,63.38825607,22.01967621
2023/5/29 12:40,100,22.11747742,100,22.32986069,100,22.05879784,78.30459595,22.00520706
2023/5/29 12:41,100,22.11747742,100,22.2285881,100,21.95752335,93.14780426,22.01967621
2023/5/29 12:42,100,22.11747742,100,22.2285881,100,21.95752335,100,22.01967621
2023/5/29 12:43,100,22.11747742,100,22.2285881,100,21.95752335,100,22.01967621
2023/5/29 12:44,100,22.11747742,100,22.2285881,100,21.95752335,86.86849976,21.91840172
2023/5/29 12:45,100,22.11747742,100,22.12731552,100,21.95752335,23.04850769,21.91840172
2023/5/29 12:46,100,22.11747742,100,22.12731552,100,21.95752335,0,21.81712914
2023/5/29 12:47,100,22.11747742,100,22.12731552,100,21.95752335,0,21.81712914
2023/5/29 12:48,100,22.01620293,100,22.12731552,100,21.95752335,0,21.81712914
2023/5/29 12:49,100,22.01620293,100,22.12731552,100,21.95752335,0,21.81712914
2023/5/29 12:50,100,22.11747742,100,22.12731552,100,21.85625076,0,21.81712914
2023/5/29 12:51,100,22.11747742,100,22.12731552,100,21.85625076,0,21.81712914
2023/5/29 12:52,100,22.11747742,100,22.12731552,100,21.870718,0,21.81712914
2023/5/29 12:53,100,22.11747742,100,22.2285881,100,21.95752335,0,21.8026619
2023/5/29 12:54,100,22.11747742,100,22.2285881,100,21.95752335,0,21.81712914
2023/5/29 12:55,100,22.01620293,100,22.2285881,100,21.95752335,0,21.81712914
2023/5/29 12:56,100,22.21875,100,22.2285881,100,22.05879784,0,21.81712914
2023/5/29 12:57,100,22.21875,100,22.32986069,100,22.05879784,0,21.81712914
2023/5/29 12:58,100,22.11747742,100,22.32986069,100,22.05879784,0,21.91840172
2023/5/29 12:59,100,22.11747742,100,22.32986069,100,22.05879784,0,21.91840172
2023/5/29 13:00,100,22.21875,100,22.32986069,100,22.04432869,0,21.91840172
2023/5/29 13:01,100,22.21875,100,22.32986069,100,22.05879784,0,21.91840172
2023/5/29 13:02,100,22.21875,100,22.32986069,100,22.04432869,0,21.91840172
2023/5/29 13:03,100,22.11747742,100,22.30092621,100,21.95752335,0,21.91840172
2023/5/29 13:04,100,22.11747742,100,22.2285881,100,21.95752335,0,21.91840172
2023/5/29 13:05,100,22.11747742,100,22.21412086,100,21.95752335,0,21.91840172
2023/5/29 13:06,100,22.21875,100,22.2285881,100,21.85625076,0,21.91840172
2023/5/29 13:07,100,22.21875,100,22.2285881,100,21.85625076,0,21.91840172
2023/5/29 13:08,100,22.21875,100,22.2285881,100,21.85625076,0,21.91840172
2023/5/29 13:09,100,22.20428276,100,22.2285881,100,21.85625076,0,21.91840172
2023/5/29 13:10,100,22.21875,100,22.21412086,100,21.95752335,0,21.91840172
2023/5/29 13:11,100,22.21875,100,22.2285881,100,21.85625076,0,21.90393448
2023/5/29 13:12,100,22.21875,100,22.2285881,100,21.95752335,0.794281363,22.01967621
2023/5/29 13:13,100,22.32002258,100,22.32986069,100,21.95752335,15.5424633,22.01967621
2023/5/29 13:14,100,22.32002258,100,22.43113518,100,22.05879784,30.38140678,22.01967621
2023/5/29 13:15,100,22.23321724,100,22.43113518,100,22.05879784,45.09117508,22.01967621
2023/5/29 13:16,100,22.32002258,100,22.43113518,100,22.05879784,59.43086624,22.01967621
2023/5/29 13:17,100,22.32002258,100,22.43113518,100,22.05879784,74.475914,22.01967621
2023/5/29 13:18,100,22.32002258,100,22.53240776,100,22.05879784,89.30768585,22.01967621
2023/5/29 13:19,100,22.32002258,100,22.43113518,100,22.05879784,100,22.01967621
2023/5/29 13:20,100,22.21875,100,22.43113518,100,21.95752335,100,22.01967621
2023/5/29 13:21,100,22.26215172,100,22.43113518,100,21.95752335,61.30435562,21.90393448
2023/5/29 13:22,100,22.21875,100,22.43113518,100,21.97199059,0,21.91840172
2023/5/29 13:23,100,22.21875,100,22.43113518,100,22.05879784,0,21.91840172
2023/5/29 13:24,100,22.11747742,100,22.32986069,100,22.05879784,0,21.81712914
2023/5/29 13:25,100,22.11747742,100,22.32986069,100,22.05879784,0,21.81712914
2023/5/29 13:26,100,22.11747742,100,22.43113518,100,22.05879784,0,21.81712914
2023/5/29 13:27,100,22.11747742,100,22.53240776,100,22.05879784,0,21.81712914
2023/5/29 13:28,100,22.11747742,100,22.41666794,100,22.05879784,0,21.81712914
2023/5/29 13:29,100,22.11747742,100,22.43113518,100,22.05879784,0,21.81712914
2023/5/29 13:30,100,22.11747742,100,22.43113518,100,22.05879784,0,21.81712914
2023/5/29 13:31,100,22.21875,100,22.32986069,100,22.05879784,0,21.81712914
2023/5/29 13:32,100,22.11747742,100,22.32986069,100,21.95752335,0,21.81712914
2023/5/29 13:33,100,22.11747742,100,22.31539345,100,21.95752335,0,21.81712914
2023/5/29 13:34,100,22.11747742,100,22.32986069,100,22.05879784,0,21.81712914
2023/5/29 13:35,100,22.21875,100,22.2285881,100,21.95752335,0,21.81712914
2023/5/29 13:36,100,22.21875,100,22.2285881,100,21.95752335,0,21.81712914
2023/5/29 13:37,100,22.21875,100,22.2285881,100,21.95752335,0,21.81712914
2023/5/29 13:38,100,22.21875,100,22.2285881,100,21.95752335,0,21.81712914
2023/5/29 13:39,100,22.32002258,100,22.2285881,100,22.05879784,0,21.81712914
2023/5/29 13:40,100,22.32002258,100,22.2285881,100,21.95752335,0,21.81712914
2023/5/29 13:41,100,22.30555534,100,22.31539345,100,22.05879784,0,21.91840172
2023/5/29 13:42,100,22.32002258,100,22.32986069,100,22.05879784,0,21.91840172
2023/5/29 13:43,100,22.30555534,100,22.32986069,100,22.05879784,0,21.91840172
2023/5/29 13:44,100,22.21875,100,22.32986069,100,22.05879784,0,21.91840172
2023/5/29 13:45,100,22.32002258,100,22.43113518,100,22.16007042,0,21.91840172
2023/5/29 13:46,100,22.32002258,100,22.41666794,100,22.16007042,0.956106663,21.99073982
2023/5/29 13:47,100,22.30555534,100,22.43113518,100,22.16007042,12.59151363,22.01967621
2023/5/29 13:48,100,22.32002258,100,22.43113518,100,22.16007042,27.52954292,22.01967621
2023/5/29 13:49,100,22.21875,100,22.43113518,100,22.16007042,41.93561935,22.01967621
2023/5/29 13:50,100,22.32002258,100,22.43113518,100,22.16007042,56.94812775,22.01967621
2023/5/29 13:51,100,22.32002258,100,22.43113518,100,22.13113594,71.78252411,22.01967621
2023/5/29 13:52,100,22.32002258,100,22.43113518,100,22.05879784,86.58900452,22.00520706
2023/5/29 13:53,100,22.32002258,100,22.32986069,100,22.05879784,89.63024902,21.91840172
2023/5/29 13:54,100,22.32002258,100,22.32986069,100,22.05879784,26.32359886,21.91840172
2023/5/29 13:55,100,22.32002258,100,22.32986069,100,22.05879784,0,21.91840172
2023/5/29 13:56,100,22.21875,100,22.32986069,100,22.05879784,0,21.91840172
2023/5/29 13:57,100,22.11747742,100,22.32986069,100,22.05879784,0,21.81712914
2023/5/29 13:58,100,22.11747742,100,22.32986069,100,22.05879784,0,21.81712914
2023/5/29 13:59,100,22.11747742,100,22.2285881,100,22.05879784,0,21.81712914
2023/5/29 14:00,100,22.11747742,100,22.32986069,100,22.05879784,0,21.81712914
2023/5/29 14:01,100,22.11747742,100,22.32986069,100,22.05879784,0,21.81712914
2023/5/29 14:02,100,22.11747742,100,22.2285881,100,21.95752335,0,21.81712914
2023/5/29 14:03,100,22.11747742,100,22.2285881,100,21.95752335,0,21.81712914
2023/5/29 14:04,100,22.11747742,100,22.2285881,100,21.95752335,0,21.81712914
2023/5/29 14:05,100,22.11747742,100,22.2285881,100,21.95752335,0,21.81712914
2023/5/29 14:06,100,22.11747742,100,22.21412086,100,22.05879784,0,21.81712914
2023/5/29 14:07,100,22.21875,100,22.32986069,100,22.05879784,0,21.81712914
2023/5/29 14:08,100,22.21875,100,22.32986069,100,22.05879784,0,21.81712914
2023/5/29 14:09,100,22.21875,100,22.32986069,100,22.16007042,0,21.91840172
2023/5/29 14:10,100,22.11747742,100,22.43113518,100,22.16007042,0,21.91840172
2023/5/29 14:11,100,22.21875,100,22.43113518,100,22.16007042,0,21.91840172
2023/5/29 14:12,100,22.11747742,100,22.34432793,100,22.16007042,0,21.91840172
2023/5/29 14:13,100,22.21875,100,22.32986069,100,22.16007042,0,21.91840172
2023/5/29 14:14,100,22.21875,100,22.32986069,100,22.16007042,0,21.91840172
2023/5/29 14:15,100,22.11747742,100,22.32986069,100,22.16007042,0,21.91840172
2023/5/29 14:16,100,22.21875,100,22.32986069,100,22.05879784,0,21.91840172
2023/5/29 14:17,100,22.21875,100,22.32986069,100,22.05879784,0.237694263,22.01967621
2023/5/29 14:18,100,22.20428276,100,22.2285881,100,21.95752335,11.65728283,22.01967621
2023/5/29 14:19,100,22.21875,100,22.2285881,100,21.95752335,26.55340385,22.01967621
2023/5/29 14:20,100,22.21875,100,22.2285881,100,21.95752335,39.93843842,21.91840172
2023/5/29 14:21,100,22.21875,100,22.12731552,100,21.95752335,49.70298767,22.01967621
2023/5/29 14:22,100,22.11747742,100,22.21412086,100,21.95752335,64.15254211,22.00520706
2023/5/29 14:23,100,22.11747742,100,22.2285881,100,22.05879784,78.88018799,22.01967621
2023/5/29 14:24,100,22.11747742,100,22.32986069,100,22.05879784,93.72140503,22.01967621
2023/5/29 14:25,100,22.21875,100,22.32986069,100,22.05879784,50.77934265,21.91840172
2023/5/29 14:26,100,22.21875,100,22.32986069,100,22.05879784,0,21.91840172
2023/5/29 14:27,100,22.11747742,100,22.2285881,100,21.98645782,0,21.91840172
2023/5/29 14:28,100,22.11747742,100,22.2285881,100,21.95752335,0,21.81712914
2023/5/29 14:29,100,22.11747742,100,22.2285881,100,21.95752335,0,21.81712914
2023/5/29 14:30,100,22.11747742,100,22.14178276,100,21.95752335,0,21.81712914
2023/5/29 14:31,100,22.11747742,100,22.2285881,100,21.95752335,0,21.81712914
2023/5/29 14:32,100,22.21875,100,22.32986069,100,22.05879784,0,21.81712914
2023/5/29 14:33,100,22.11747742,100,22.32986069,100,22.05879784,0,21.81712914
2023/5/29 14:34,100,22.11747742,100,22.32986069,100,22.05879784,0,21.91840172
2023/5/29 14:35,100,22.11747742,100,22.24305534,100,22.05879784,0,21.91840172
2023/5/29 14:36,100,22.11747742,100,22.32986069,100,22.05879784,0,21.91840172
2023/5/29 14:37,100,22.21875,100,22.32986069,100,22.16007042,0,21.91840172
2023/5/29 14:38,100,22.21875,100,22.32986069,100,22.16007042,0,21.91840172
2023/5/29 14:39,100,22.21875,100,22.32986069,100,22.16007042,0,21.91840172
2023/5/29 14:40,100,22.32002258,100,22.32986069,100,22.05879784,0,21.91840172
2023/5/29 14:41,100,22.32002258,100,22.32986069,100,22.05879784,0,21.91840172
2023/5/29 14:42,100,22.20428276,100,22.32986069,100,22.05879784,11.97401524,22.01967621
2023/5/29 14:43,100,22.21875,100,22.21412086,100,22.05879784,26.78961945,22.01967621
2023/5/29 14:44,100,22.30555534,100,22.2285881,100,22.05879784,41.61885834,22.00520706
2023/5/29 14:45,100,22.32002258,100,22.2285881,100,21.95752335,56.46183777,22.01967621
2023/5/29 14:46,100,22.21875,100,22.2285881,100,21.95752335,70.96041107,22.01967621
2023/5/29 14:47,100,22.21875,100,22.32986069,100,22.05879784,85.80143738,22.01967621
2023/5/29 14:48,100,22.30555534,100,22.21412086,100,22.05879784,81.28405762,21.91840172
2023/5/29 14:49,100,22.32002258,100,22.2285881,100,21.95752335,16.59403419,21.91840172
2023/5/29 14:50,100,22.32002258,100,22.2285881,100,21.95752335,0,21.91840172
2023/5/29 14:51,100,22.32002258,100,22.2285881,100,21.95752335,0,21.91840172
2023/5/29 14:52,100,22.32002258,100,22.2285881,100,21.95752335,0,21.91840172
2023/5/29 14:53,100,22.2910881,100,22.2285881,100,21.95752335,0,21.91840172
2023/5/29 14:54,100,22.30555534,100,22.2285881,100,21.95752335,0,21.81712914
2023/5/29 14:55,100,22.32002258,100,22.2285881,100,22.05879784,0,21.8026619
2023/5/29 14:56,100,22.32002258,100,22.2285881,100,22.05879784,0,21.81712914
2023/5/29 14:57,100,22.32002258,100,22.2285881,100,22.05879784,0,21.81712914
2023/5/29 14:58,100,22.32002258,100,22.2285881,100,22.01539421,0,21.91840172
2023/5/29 14:59,100,22.32002258,100,22.2285881,100,21.95752335,0,21.91840172
2023/5/29 15:00,100,22.32002258,100,22.2285881,100,22.05879784,0,21.91840172
2023/5/29 15:01,100,22.32002258,100,22.31539345,100,22.05879784,0,21.91840172
2023/5/29 15:02,100,22.32002258,100,22.32986069,100,22.16007042,0,21.91840172
2023/5/29 15:03,100,22.32002258,100,22.32986069,100,22.16007042,0,21.91840172
2023/5/29 15:04,100,22.32002258,100,22.32986069,100,22.16007042,2.419322968,22.01967621
2023/5/29 15:05,100,22.32002258,100,22.32986069,100,22.05879784,17.18700981,22.01967621
2023/5/29 15:06,100,22.32002258,100,22.32986069,100,22.05879784,31.88462257,22.01967621
2023/5/29 15:07,100,22.01620293,100,22.32986069,100,22.05879784,46.61529922,22.01967621
2023/5/29 15:08,100,22.01620293,100,22.2285881,100,21.95752335,61.26273727,22.01967621
2023/5/29 15:09,100,22.32002258,100,22.2285881,100,21.95752335,76.08224487,22.00520706
2023/5/29 15:10,100,22.21875,100,22.2285881,100,21.85625076,90.81923676,22.01967621
2023/5/29 15:11,100,22.21875,100,22.2285881,100,21.95752335,100,22.01967621
2023/5/29 15:12,100,22.21875,100,22.2285881,100,21.95752335,100,22.01967621
2023/5/29 15:13,100,22.21875,100,22.21412086,100,21.95752335,100,22.01967621
2023/5/29 15:14,100,22.21875,100,22.2285881,100,21.95752335,43.58540344,21.91840172
2023/5/29 15:15,100,22.21875,100,22.2285881,100,21.95752335,0,21.91840172
2023/5/29 15:16,100,22.21875,100,22.2285881,100,21.95752335,0,21.81712914
2023/5/29 15:17,100,22.21875,100,22.2285881,100,21.95752335,0,21.81712914
2023/5/29 15:18,100,22.21875,100,22.21412086,100,21.95752335,0,21.81712914
2023/5/29 15:19,100,22.21875,100,22.32986069,100,22.05879784,0,21.81712914
2023/5/29 15:20,100,22.20428276,100,22.32986069,100,22.05879784,0,21.81712914
2023/5/29 15:21,100,22.21875,100,22.32986069,100,22.05879784,0,21.81712914
2023/5/29 15:22,100,22.21875,100,22.32986069,100,22.05879784,0,21.81712914
2023/5/29 15:23,100,22.21875,100,22.32986069,100,22.05879784,0,21.81712914
2023/5/29 15:24,100,22.21875,100,22.32986069,100,22.05879784,0,21.81712914
2023/5/29 15:25,100,22.21875,100,22.32986069,100,22.05879784,0,21.81712914
2023/5/29 15:26,100,22.10301018,100,22.32986069,100,22.05879784,0,21.8026619
2023/5/29 15:27,100,22.11747742,100,22.32986069,100,22.05879784,0,21.81712914
2023/5/29 15:28,100,22.21875,100,22.32986069,100,22.05879784,0,21.81712914
2023/5/29 15:29,100,22.32002258,100,22.32986069,100,22.05879784,0,21.81712914
2023/5/29 15:30,100,22.32002258,100,22.41666794,100,22.05879784,0,21.91840172
2023/5/29 15:31,100,22.32002258,100,22.32986069,100,22.05879784,0,21.91840172
2023/5/29 15:32,100,22.32002258,100,22.32986069,100,22.05879784,0,21.91840172
2023/5/29 15:33,100,22.32002258,100,22.32986069,100,22.05879784,0,21.91840172
2023/5/29 15:34,100,22.32002258,100,22.32986069,100,21.95752335,0,21.91840172
2023/5/29 15:35,100,22.32002258,100,22.32986069,100,21.95752335,0,21.91840172
2023/5/29 15:36,100,22.01620293,100,22.24305534,100,21.97199059,0,21.91840172
2023/5/29 15:37,100,22.01620293,100,22.24305534,100,21.97199059,0,21.91840172
2023/5/29 15:38,100,22.01620293,100,22.24305534,100,21.97199059,0,21.91840172
2023/5/29 15:39,100,22.01620293,100,22.24305534,100,21.97199059,0,21.91840172
2023/5/29 15:40,100,22.01620293,100,22.24305534,100,21.97199059,0,21.91840172
2023/5/29 15:41,100,22.01620293,100,22.24305534,100,21.97199059,0,21.91840172
2023/5/29 15:42,,,,,,,,
2023/5/29 15:43,100,22.21875,100,22.32986069,100,22.16007042,45.3481369,22.01967621
2023/5/29 15:44,100,22.32002258,100,22.43113518,100,22.16007042,59.87943649,22.01967621
2023/5/29 15:45,100,22.32002258,100,22.43113518,100,22.20347404,74.27069092,22.01967621
2023/5/29 15:46,100,22.32002258,100,22.41666794,100,22.261343,89.0269165,22.01967621
2023/5/29 15:47,100,22.32002258,100,22.43113518,100,22.261343,100,22.01967621
2023/5/29 15:48,100,22.01620293,100,22.43113518,100,22.17453766,96.25184631,21.91840172
2023/5/29 15:49,100,22.11747742,100,22.32986069,100,22.16007042,34.4865036,21.91840172
2023/5/29 15:50,100,22.01620293,100,22.32986069,100,22.16007042,0,21.91840172
2023/5/29 15:51,100,22.32002258,100,22.32986069,100,22.05879784,0,21.91840172
2023/5/29 15:52,100,22.32002258,100,22.32986069,100,22.16007042,0,21.81712914
2023/5/29 15:53,100,22.32002258,100,22.32986069,100,22.16007042,0,21.81712914
2023/5/29 15:54,100,22.32002258,100,22.32986069,100,22.16007042,0,21.81712914
2023/5/29 15:55,100,22.32002258,100,22.32986069,100,22.16007042,0,21.81712914
2023/5/29 15:56,100,22.32002258,100,22.32986069,100,22.16007042,0,21.81712914
2023/5/29 15:57,100,22.32002258,100,22.32986069,100,22.16007042,0,21.81712914
2023/5/29 15:58,100,22.32002258,100,22.2285881,100,22.05879784,0,21.81712914
2023/5/29 15:59,100,22.32002258,100,22.2285881,100,21.95752335,0,21.8026619
2023/5/29 16:00,100,22.21875,100,22.2285881,100,22.05879784,0,21.81712914
2023/5/29 16:01,100,22.20428276,100,22.21412086,100,22.05879784,0,21.81712914
2023/5/29 16:02,100,22.21875,100,22.2285881,100,22.05879784,0,21.81712914
2023/5/29 16:03,100,22.21875,100,22.30092621,100,22.05879784,0,21.81712914
2023/5/29 16:04,100,22.21875,100,22.32986069,100,22.05879784,0,21.83159828
2023/5/29 16:05,100,22.21875,100,22.32986069,100,22.05879784,0,21.91840172
2023/5/29 16:06,100,22.21875,100,22.32986069,100,22.05879784,0,21.91840172
2023/5/29 16:07,100,22.21875,100,22.32986069,100,22.05879784,0,21.91840172
2023/5/29 16:08,100,22.32002258,100,22.32986069,100,22.05879784,0,21.91840172
2023/5/29 16:09,100,22.32002258,100,22.32986069,100,22.05879784,0,21.91840172
2023/5/29 16:10,100,22.01620293,100,22.32986069,100,22.05879784,0.049263608,22.00520706
2023/5/29 16:11,100,22.01620293,100,22.32986069,100,22.16007042,11.15202713,22.01967621
2023/5/29 16:12,100,22.01620293,100,22.43113518,100,22.16007042,25.91080093,22.01967621
2023/5/29 16:13,100,22.30555534,100,22.41666794,100,22.16007042,40.41158295,22.01967621
2023/5/29 16:14,100,22.32002258,100,22.43113518,100,22.16007042,55.07991409,22.01967621
2023/5/29 16:15,100,22.27662086,100,22.43113518,100,22.16007042,74.45640564,22.01967621
2023/5/29 16:16,100,22.01620293,100,22.43113518,100,22.16007042,99.92376709,22.01967621
2023/5/29 16:17,100,22.01620293,100,22.43113518,100,22.16007042,100,22.01967621
2023/5/29 16:18,100,22.01620293,100,22.31539345,100,22.13113594,100,22.01967621
2023/5/29 16:19,100,22.32002258,100,22.32986069,100,22.16007042,100,22.01967621
2023/5/29 16:20,100,22.30555534,100,22.32986069,100,22.05879784,100,22.01967621
2023/5/29 16:21,100,22.32002258,100,22.2285881,100,22.05879784,74.72479248,21.91840172
2023/5/29 16:22,100,22.32002258,100,22.2285881,100,21.95752335,10.41047192,21.91840172
2023/5/29 16:23,100,22.01620293,100,22.2285881,100,21.95752335,0,21.90393448
2023/5/29 16:24,100,22.32002258,100,22.12731552,100,21.95752335,0,21.81712914
2023/5/29 16:25,100,22.32002258,100,22.2285881,100,21.95752335,0,21.81712914
2023/5/29 16:26,100,22.32002258,100,22.2285881,100,21.95752335,0,21.81712914
2023/5/29 16:27,100,22.32002258,100,22.2285881,100,21.95752335,0,21.81712914
2023/5/29 16:28,100,22.32002258,100,22.2285881,100,21.95752335,0,21.81712914
2023/5/29 16:29,100,22.32002258,100,22.2285881,100,21.95752335,0,21.81712914
2023/5/29 16:30,100,22.32002258,100,22.12731552,100,21.85625076,0,21.81712914
2023/5/29 16:31,100,22.32002258,100,22.12731552,100,21.85625076,0,21.81712914
2023/5/29 16:32,100,22.32002258,100,22.12731552,100,21.85625076,0,21.81712914
2023/5/29 16:33,100,22.32002258,100,22.12731552,100,21.85625076,0,21.81712914
2023/5/29 16:34,100,22.32002258,100,22.02604294,100,21.85625076,0,21.81712914
2023/5/29 16:35,100,22.30555534,100,22.12731552,100,21.85625076,0,21.91840172
2023/5/29 16:36,100,22.32002258,100,22.11284828,100,21.85625076,0,21.91840172
2023/5/29 16:37,100,22.32002258,100,22.12731552,100,21.85625076,0,21.91840172
2023/5/29 16:38,100,22.32002258,100,22.12731552,100,21.85625076,0,21.91840172
2023/5/29 16:39,100,22.32002258,100,22.12731552,100,21.85625076,5.230856895,22.01967621
2023/5/29 16:40,100,22.01620293,100,22.02604294,100,21.85625076,19.71352005,22.01967621
2023/5/29 16:41,100,22.01620293,100,22.04051018,100,21.85625076,34.49834442,22.01967621
2023/5/29 16:42,100,22.32002258,100,22.12731552,100,21.84178352,49.19678879,22.01967621
2023/5/29 16:43,100,22.01620293,100,22.12731552,100,21.95752335,63.87010574,22.01967621
2023/5/29 16:44,100,22.01620293,100,22.12731552,100,21.95752335,100,22.12094879
2023/5/29 16:45,100,22.07407379,100,22.02604294,100,21.84178352,100,22.01967621
2023/5/29 16:46,100,22.32002258,100,22.02604294,100,21.85625076,100,22.01967621
2023/5/29 16:47,100,22.32002258,100,21.95370293,100,21.75497818,100,22.01967621
2023/5/29 16:48,100,22.32002258,100,21.92476845,100,21.75497818,100,22.01967621
2023/5/29 16:49,100,22.32002258,100,21.92476845,100,21.65370369,45.07006073,21.91840172
2023/5/29 16:50,100,22.32002258,100,21.82349586,100,21.65370369,0,21.91840172
2023/5/29 16:51,100,22.32002258,100,21.82349586,100,21.65370369,0,21.81712914
2023/5/29 16:52,100,22.32002258,100,21.82349586,100,21.66817284,0,21.81712914
2023/5/29 16:53,100,22.32002258,100,21.82349586,100,21.65370369,0,21.81712914
2023/5/29 16:54,100,22.32002258,100,21.82349586,100,21.65370369,0,21.81712914
2023/5/29 16:55,100,22.32002258,100,21.82349586,100,21.65370369,0,21.81712914
2023/5/29 16:56,100,22.32002258,100,21.92476845,100,21.65370369,0,21.81712914
2023/5/29 16:57,100,22.32002258,100,21.82349586,100,21.65370369,0,21.81712914
2023/5/29 16:58,100,22.27662086,100,21.82349586,100,21.55243111,0,21.81712914
2023/5/29 16:59,100,22.32002258,100,21.82349586,100,21.55243111,0,21.8026619
2023/5/29 17:00,100,22.32002258,100,21.82349586,100,21.63923645,0,21.81712914
2023/5/29 17:01,100,22.30555534,100,21.82349586,100,21.65370369,0,21.81712914
2023/5/29 17:02,100,22.32002258,100,21.82349586,100,21.55243111,0,21.81712914
2023/5/29 17:03,100,22.32002258,100,21.73669052,100,21.55243111,0,21.81712914
2023/5/29 17:04,100,22.32002258,100,21.73669052,100,21.55243111,0,21.81712914
2023/5/29 17:05,100,22.32002258,100,21.82349586,100,21.55243111,0,21.81712914
2023/5/29 17:06,100,22.32002258,100,21.82349586,100,21.65370369,0,21.81712914
2023/5/29 17:07,100,22.32002258,100,21.82349586,100,21.65370369,0,21.81712914
2023/5/29 17:08,100,22.32002258,100,21.82349586,100,21.65370369,0,21.81712914
2023/5/29 17:09,100,22.32002258,100,21.72222328,100,21.55243111,0,21.81712914
2023/5/29 17:10,100,22.01620293,100,21.73669052,100,21.45115852,0,21.81712914
2023/5/29 17:11,100,22.32002258,100,21.73669052,100,21.50902748,0,21.91840172
2023/5/29 17:12,100,22.32002258,100,21.72222328,100,21.45115852,0,21.91840172
2023/5/29 17:13,100,22.32002258,100,21.72222328,100,21.45115852,0,21.91840172
2023/5/29 17:14,100,22.32002258,100,21.63541794,100,21.45115852,0,21.91840172
2023/5/29 17:15,100,22.32002258,100,21.62094879,100,21.45115852,0,21.91840172
2023/5/29 17:16,100,22.32002258,100,21.72222328,100,21.45115852,0,21.91840172
2023/5/29 17:17,100,22.32002258,100,21.73669052,100,21.45115852,0,21.97627258
2023/5/29 17:18,100,22.32002258,100,21.73669052,100,21.55243111,0.075907126,22.00520706
2023/5/29 17:19,100,22.01620293,100,21.72222328,100,21.45115852,0,21.91840172
2023/5/29 17:20,100,22.01620293,100,21.82349586,100,21.55243111,0,21.91840172
2023/5/29 17:21,100,22.32002258,100,21.82349586,100,21.55243111,0,21.91840172
2023/5/29 17:22,100,22.32002258,100,21.82349586,100,21.55243111,0,21.91840172
2023/5/29 17:23,100,22.32002258,100,21.82349586,100,21.55243111,0,21.91840172
2023/5/29 17:24,100,22.32002258,100,21.82349586,100,21.55243111,0.539307356,22.00520706
2023/5/29 17:25,100,22.32002258,100,21.82349586,100,21.55243111,0,22.00520706
2023/5/29 17:26,100,22.32002258,100,21.82349586,100,21.55243111,0,21.91840172
2023/5/29 17:27,100,22.32002258,100,21.75115776,100,21.55243111,0,21.99073982
2023/5/29 17:28,100,22.32002258,100,21.73669052,100,21.45115852,1.03220427,22.01967621
2023/5/29 17:29,100,22.32002258,100,21.72222328,100,21.480093,0,21.99073982
2023/5/29 17:30,100,22.32002258,100,21.82349586,100,21.55243111,0,21.91840172
2023/5/29 17:31,100,22.32002258,100,21.82349586,100,21.55243111,0,21.91840172
2023/5/29 17:32,100,22.32002258,100,21.82349586,100,21.55243111,0,21.91840172
2023/5/29 17:33,100,22.32002258,100,21.82349586,100,21.55243111,8.167518616,22.01967621
2023/5/29 17:34,100,22.32002258,100,21.82349586,100,21.55243111,22.73750877,22.01967621
2023/5/29 17:35,100,22.32002258,100,21.82349586,100,21.55243111,37.26113129,22.01967621
2023/5/29 17:36,100,22.32002258,100,21.82349586,100,21.55243111,51.8920517,22.01967621
2023/5/29 17:37,100,22.30555534,100,21.82349586,100,21.55243111,66.24736786,22.01967621
2023/5/29 17:38,100,22.32002258,100,21.82349586,100,21.55243111,79.85017395,22.01967621
2023/5/29 17:39,100,22.32002258,100,21.82349586,100,21.46562576,94.54676819,22.01967621
2023/5/29 17:40,100,22.32002258,100,21.73669052,100,21.55243111,100,22.01967621
2023/5/29 17:41,100,22.32002258,100,21.73669052,100,21.55243111,51.65092468,21.91840172
2023/5/29 17:42,100,22.21875,100,21.78009224,100,21.55243111,0,21.91840172
2023/5/29 17:43,100,22.32002258,100,21.72222328,100,21.55243111,0,21.91840172
2023/5/29 17:44,100,22.32002258,100,21.72222328,100,21.55243111,0,21.81712914
2023/5/29 17:45,100,22.21875,100,21.73669052,100,21.55243111,0,21.81712914
2023/5/29 17:46,100,22.21875,100,21.82349586,100,21.65370369,0,21.81712914
2023/5/29 17:47,100,22.21875,100,21.82349586,100,21.55243111,0,21.81712914
2023/5/29 17:48,100,22.21875,100,21.82349586,100,21.55243111,0,21.81712914
2023/5/29 17:49,100,22.21875,100,21.73669052,100,21.45115852,0,21.81712914
2023/5/29 17:50,100,22.21875,100,21.72222328,100,21.45115852,0,21.81712914
2023/5/29 17:51,100,22.21875,100,21.73669052,100,21.45115852,0,21.81712914
2023/5/29 17:52,100,22.21875,100,21.72222328,100,21.45115852,0,21.81712914
2023/5/29 17:53,100,22.21875,100,21.63541794,100,21.45115852,0,21.81712914
2023/5/29 17:54,100,22.21875,100,21.56307793,100,21.45115852,0,21.81712914
2023/5/29 17:55,100,22.32002258,100,21.51967621,100,21.34988594,0,21.81712914
2023/5/29 17:56,100,22.32002258,100,21.51967621,100,21.34988594,0,21.81712914
2023/5/29 17:57,100,22.21875,100,21.51967621,100,21.34988594,0,21.81712914
2023/5/29 17:58,100,22.21875,100,21.62094879,100,21.45115852,0,21.875
2023/5/29 17:59,100,22.32002258,100,21.63541794,100,21.45115852,0,21.91840172
2023/5/29 18:00,100,22.23321724,100,21.63541794,100,21.45115852,0,21.91840172
2023/5/29 18:01,100,22.21875,100,21.63541794,100,21.43669128,0,21.91840172
2023/5/29 18:02,100,22.21875,100,21.51967621,100,21.45115852,0,21.91840172
2023/5/29 18:03,100,22.32002258,100,21.51967621,100,21.45115852,0,21.91840172
2023/5/29 18:04,100,22.32002258,100,21.63541794,100,21.45115852,0,21.91840172
2023/5/29 18:05,100,22.32002258,100,21.63541794,100,21.45115852,0,21.91840172
2023/5/29 18:06,100,22.32002258,100,21.63541794,100,21.45115852,0,21.91840172
2023/5/29 18:07,100,22.32002258,100,21.72222328,100,21.45115852,0,21.91840172
2023/5/29 18:08,100,22.32002258,100,21.72222328,100,21.45115852,0,22.01967621
2023/5/29 18:09,100,22.32002258,100,21.73669052,100,21.45115852,6.217272282,22.01967621
2023/5/29 18:10,100,22.21875,100,21.63541794,100,21.45115852,20.31474495,22.01967621
2023/5/29 18:11,100,22.32002258,100,21.51967621,100,21.45115852,34.90028381,22.01967621
2023/5/29 18:12,100,22.32002258,100,21.51967621,100,21.34988594,49.43482971,22.00520706
2023/5/29 18:13,100,22.32002258,100,21.51967621,100,21.45115852,64.2481842,22.01967621
2023/5/29 18:14,100,22.32002258,100,21.51967621,100,21.45115852,78.78791046,22.01967621
2023/5/29 18:15,100,22.21875,100,21.63541794,100,21.45115852,93.43711853,22.01967621
2023/5/29 18:16,100,22.20428276,100,21.63541794,100,21.43669128,83.58097076,21.91840172
2023/5/29 18:17,100,22.11747742,100,21.51967621,100,21.45115852,18.36311913,21.91840172
2023/5/29 18:18,100,22.11747742,100,21.62094879,100,21.45115852,0,21.91840172
2023/5/29 18:19,100,22.11747742,100,21.63541794,100,21.45115852,0,21.875
2023/5/29 18:20,100,22.11747742,100,21.63541794,100,21.45115852,0,21.81712914
2023/5/29 18:21,100,22.11747742,100,21.51967621,100,21.45115852,0,21.81712914
2023/5/29 18:22,100,22.21875,100,21.51967621,100,21.45115852,0,21.81712914
2023/5/29 18:23,100,22.21875,100,21.51967621,100,21.45115852,0,21.81712914
2023/5/29 18:24,100,22.21875,100,21.53414345,100,21.45115852,0,21.81712914
2023/5/29 18:25,100,22.21875,100,21.53414345,100,21.45115852,0,21.81712914
2023/5/29 18:26,100,22.30555534,100,21.53414345,100,21.45115852,0,21.8026619
2023/5/29 18:27,100,22.27662086,100,21.63541794,100,21.45115852,0,21.81712914
2023/5/29 18:28,100,22.21875,100,21.73669052,100,21.45115852,0,21.81712914
2023/5/29 18:29,100,22.21875,100,21.73669052,100,21.45115852,0,21.81712914
2023/5/29 18:30,100,22.21875,100,21.63541794,100,21.45115852,0,21.81712914
2023/5/29 18:31,100,22.21875,100,21.51967621,100,21.45115852,0,21.81712914
2023/5/29 18:32,100,22.21875,100,21.53414345,100,21.45115852,0,21.81712914
2023/5/29 18:33,100,22.21875,100,21.51967621,100,21.45115852,0,21.81712914
2023/5/29 18:34,100,22.21875,100,21.53414345,100,21.45115852,0,21.81712914
2023/5/29 18:35,100,22.11747742,100,21.51967621,100,21.45115852,0,21.91840172
2023/5/29 18:36,100,22.18981552,100,21.53414345,100,21.45115852,0,21.81712914
2023/5/29 18:37,100,22.21875,100,21.53414345,100,21.45115852,0,21.81712914
2023/5/29 18:38,100,22.11747742,100,21.51967621,100,21.34988594,0,21.91840172
2023/5/29 18:39,100,22.21875,100,21.51967621,100,21.45115852,0,21.91840172
2023/5/29 18:40,100,22.11747742,100,21.51967621,100,21.45115852,0,21.91840172
2023/5/29 18:41,100,22.21875,100,21.51967621,100,21.34988594,0,21.91840172
2023/5/29 18:42,100,22.21875,100,21.53414345,100,21.45115852,0,21.91840172
2023/5/29 18:43,100,22.32002258,100,21.53414345,100,21.45115852,0,21.91840172
2023/5/29 18:44,100,22.32002258,100,21.51967621,100,21.45115852,0,21.91840172
2023/5/29 18:45,100,22.32002258,100,21.51967621,100,21.45115852,0,21.91840172
2023/5/29 18:46,100,22.32002258,100,21.60648155,100,21.45115852,0,21.91840172
2023/5/29 18:47,100,22.21875,100,21.63541794,100,21.45115852,0,21.91840172
2023/5/29 18:48,100,22.21875,100,21.63541794,100,21.45115852,3.95654726,22.01967621
2023/5/29 18:49,100,22.21875,100,21.63541794,100,21.45115852,18.64344597,22.01967621
2023/5/29 18:50,100,22.21875,100,21.63541794,100,21.43669128,33.31171036,22.01967621
2023/5/29 18:51,100,22.21875,100,21.62094879,100,21.45115852,47.74185181,22.01967621
2023/5/29 18:52,100,22.21875,100,21.63541794,100,21.45115852,62.42551041,22.01967621
2023/5/29 18:53,100,22.21875,100,21.62094879,100,21.45115852,77.08644104,22.01967621
2023/5/29 18:54,100,22.21875,100,21.63541794,100,21.43669128,91.54804993,22.01967621
2023/5/29 18:55,100,22.21875,100,21.63541794,100,21.45115852,100,22.01967621
2023/5/29 18:56,100,22.21875,100,21.53414345,100,21.45115852,99.24769592,21.9473381
2023/5/29 18:57,100,22.21875,100,21.53414345,100,21.34988594,41.23387146,21.91840172
2023/5/29 18:58,100,22.11747742,100,21.53414345,100,21.34988594,0,21.91840172
2023/5/29 18:59,100,22.11747742,100,21.4473381,100,21.34988594,0,21.81712914
2023/5/29 19:00,100,22.11747742,100,21.43287086,100,21.34988594,0,21.81712914
2023/5/29 19:01,100,22.11747742,100,21.53414345,100,21.34988594,0,21.81712914
2023/5/29 19:02,100,22.11747742,100,21.51967621,100,21.45115852,0,21.81712914
2023/5/29 19:03,100,22.11747742,100,21.53414345,100,21.45115852,0,21.81712914
2023/5/29 19:04,100,22.11747742,100,21.51967621,100,21.45115852,0,21.81712914
2023/5/29 19:05,100,22.21875,100,21.63541794,100,21.45115852,0,21.81712914
2023/5/29 19:06,100,22.11747742,100,21.62094879,100,21.43669128,0,21.81712914
2023/5/29 19:07,100,22.11747742,100,21.63541794,100,21.45115852,0,21.81712914
2023/5/29 19:08,100,22.10301018,100,21.62094879,100,21.45115852,0,21.81712914
2023/5/29 19:09,100,22.11747742,100,21.53414345,100,21.45115852,0,21.81712914
2023/5/29 19:10,100,22.21875,100,21.63541794,100,21.45115852,0,21.81712914
2023/5/29 19:11,100,22.21875,100,21.63541794,100,21.45115852,0,21.8026619
2023/5/29 19:12,100,22.11747742,100,21.63541794,100,21.45115852,0,21.81712914
2023/5/29 19:13,100,22.20428276,100,21.63541794,100,21.45115852,0,21.81712914
2023/5/29 19:14,100,22.21875,100,21.63541794,100,21.45115852,0,21.81712914
2023/5/29 19:15,100,22.21875,100,21.63541794,100,21.45115852,0,21.81712914
2023/5/29 19:16,100,22.21875,100,21.53414345,100,21.45115852,0,21.81712914
2023/5/29 19:17,100,22.21875,100,21.62094879,100,21.45115852,0,21.81712914
2023/5/29 19:18,100,22.11747742,100,21.63541794,100,21.45115852,0,21.81712914
2023/5/29 19:19,100,22.20428276,100,21.51967621,100,21.45115852,0,21.91840172
2023/5/29 19:20,100,22.21875,100,21.51967621,100,21.45115852,0,21.91840172
2023/5/29 19:21,100,22.21875,100,21.51967621,100,21.45115852,0,21.81712914
2023/5/29 19:22,100,22.20428276,100,21.51967621,100,21.45115852,0,21.88946724
2023/5/29 19:23,100,22.11747742,100,21.51967621,100,21.45115852,0,21.91840172
2023/5/29 19:24,100,22.10301018,100,21.51967621,100,21.43669128,0,21.88946724
2023/5/29 19:25,100,22.11747742,100,21.51967621,100,21.46562576,0,21.81712914
2023/5/29 19:26,100,22.11747742,100,21.53414345,100,21.34988594,0,21.81712914
2023/5/29 19:27,100,22.21875,100,21.43287086,100,21.26307869,0,21.91840172
2023/5/29 19:28,100,22.21875,100,21.41840172,100,21.34988594,0,21.91840172
2023/5/29 19:29,100,22.21875,100,21.50520706,100,21.34988594,0,21.91840172
2023/5/29 19:30,100,22.21875,100,21.51967621,100,21.34988594,0,21.91840172
2023/5/29 19:31,100,22.32002258,100,21.53414345,100,21.45115852,0,21.91840172
2023/5/29 19:32,100,22.21875,100,21.51967621,100,21.45115852,0,21.91840172
2023/5/29 19:33,100,22.21875,100,21.51967621,100,21.45115852,0,21.91840172
2023/5/29 19:34,100,22.30555534,100,21.51967621,100,21.45115852,0,21.91840172
2023/5/29 19:35,100,22.21875,100,21.53414345,100,21.45115852,4.011007786,22.01967621
2023/5/29 19:36,100,22.32002258,100,21.51967621,100,21.45115852,17.64094925,22.01967621
2023/5/29 19:37,100,22.21875,100,21.51967621,100,21.45115852,32.36264801,22.01967621
2023/5/29 19:38,100,22.32002258,100,21.53414345,100,21.36435318,29.60070801,22.01967621
2023/5/29 19:39,100,22.21875,100,21.53414345,100,21.3354187,29.76590919,22.01967621
2023/5/29 19:40,100,22.20428276,100,21.53414345,100,21.34988594,21.45467377,21.90393448
2023/5/29 19:41,100,22.21875,100,21.51967621,100,21.34988594,5.596578598,22.01967621
2023/5/29 19:42,100,22.21875,100,21.51967621,100,21.34988594,7.08443594,22.01967621
2023/5/29 19:43,100,22.11747742,100,21.53414345,100,21.34988594,0.017864801,22.00520706
2023/5/29 19:44,100,22.11747742,100,21.51967621,100,21.34988594,0.060944483,21.96180534
2023/5/29 19:45,100,22.21875,100,21.51967621,100,21.45115852,9.778185844,22.01967621
2023/5/29 19:46,100,22.21875,100,21.51967621,100,21.36435318,15.82284737,22.01967621
2023/5/29 19:47,100,22.21875,100,21.53414345,100,21.43669128,19.14782524,22.00520706
2023/5/29 19:48,100,22.21875,100,21.51967621,100,21.34988594,33.19781494,22.01967621
2023/5/29 19:49,100,22.21875,100,21.43287086,100,21.34988594,47.7832756,22.01967621
2023/5/29 19:50,100,22.21875,100,21.51967621,100,21.34988594,62.57844162,22.01967621
2023/5/29 19:51,100,22.21875,100,21.43287086,100,21.36435318,56.01900101,22.01967621
2023/5/29 19:52,100,22.32002258,100,21.41840172,100,21.34988594,67.73987579,22.01967621
2023/5/29 19:53,100,22.21875,100,21.33159828,100,21.24861145,16.28430176,21.91840172
2023/5/29 19:54,100,22.21875,100,21.33159828,100,21.26307869,0,21.91840172
2023/5/29 19:55,100,22.21875,100,21.33159828,100,21.24861145,0,21.91840172
2023/5/29 19:56,100,22.20428276,100,21.33159828,100,21.26307869,0,21.81712914
2023/5/29 19:57,100,22.21875,100,21.33159828,100,21.24861145,0,21.81712914
2023/5/29 19:58,100,22.11747742,100,21.33159828,100,21.26307869,0,21.81712914
2023/5/29 19:59,100,22.11747742,100,21.33159828,100,21.16180611,0,21.81712914
2023/5/29 20:00,100,22.11747742,100,21.33159828,100,21.26307869,0,21.81712914
2023/5/29 20:01,100,22.11747742,100,21.31712914,100,21.24861145,0,21.81712914
2023/5/29 20:02,100,22.01620293,100,21.33159828,100,21.24861145,0,21.81712914
2023/5/29 20:03,100,22.01620293,100,21.33159828,100,21.26307869,0,21.81712914
2023/5/29 20:04,100,22.11747742,100,21.33159828,100,21.26307869,0,21.81712914
2023/5/29 20:05,100,22.08854294,100,21.33159828,100,21.26307869,0,21.81712914
2023/5/29 20:06,100,22.01620293,100,21.31712914,100,21.14733887,0,21.81712914
2023/5/29 20:07,100,22.01620293,100,21.33159828,100,21.14733887,0,21.81712914
2023/5/29 20:08,100,22.01620293,100,21.33159828,100,21.16180611,0,21.81712914
2023/5/29 20:09,100,22.08854294,100,21.33159828,100,21.16180611,0,21.81712914
2023/5/29 20:10,100,22.11747742,100,21.33159828,100,21.26307869,0,21.81712914
2023/5/29 20:11,100,22.11747742,100,21.53414345,100,21.34988594,0,21.81712914
2023/5/29 20:12,100,22.11747742,100,21.51967621,100,21.45115852,0,21.81712914
2023/5/29 20:13,100,22.11747742,100,21.51967621,100,21.45115852,0,21.81712914
2023/5/29 20:14,100,22.11747742,100,21.63541794,100,21.45115852,0,21.81712914
2023/5/29 20:15,100,22.11747742,100,21.63541794,100,21.45115852,0,21.91840172
2023/5/29 20:16,100,22.11747742,100,21.63541794,100,21.45115852,0,21.91840172
2023/5/29 20:17,100,22.11747742,100,21.51967621,100,21.45115852,0,21.91840172
2023/5/29 20:18,100,22.11747742,100,21.53414345,100,21.45115852,0,21.91840172
2023/5/29 20:19,100,22.11747742,100,21.51967621,100,21.45115852,0,21.91840172
2023/5/29 20:20,100,22.11747742,100,21.51967621,100,21.45115852,0,21.91840172
2023/5/29 20:21,100,22.11747742,100,21.51967621,100,21.45115852,0,21.91840172
2023/5/29 20:22,100,22.11747742,100,21.51967621,100,21.45115852,0,21.91840172
2023/5/29 20:23,100,22.11747742,100,21.43287086,100,21.45115852,0,21.91840172
2023/5/29 20:24,100,22.01620293,100,21.41840172,100,21.46562576,0,21.91840172
2023/5/29 20:25,100,22.01620293,100,21.43287086,100,21.43669128,0,21.91840172
2023/5/29 20:26,100,22.01620293,100,21.51967621,100,21.45115852,0,21.91840172
2023/5/29 20:27,100,22.03067207,100,21.43287086,100,21.34988594,0,21.90393448
2023/5/29 20:28,100,22.01620293,100,21.375,100,21.34988594,0,21.91840172
2023/5/29 20:29,100,22.01620293,100,21.33159828,100,21.26307869,0,21.91840172
2023/5/29 20:30,100,22.01620293,100,21.43287086,100,21.26307869,0,21.90393448
2023/5/29 20:31,100,22.11747742,100,21.51967621,100,21.34988594,0,21.91840172
2023/5/29 20:32,100,22.11747742,100,21.53414345,100,21.34988594,0,21.91840172
2023/5/29 20:33,100,22.11747742,100,21.51967621,100,21.34988594,0,21.91840172
2023/5/29 20:34,100,22.11747742,100,21.43287086,100,21.34988594,1.65144372,22.01967621
2023/5/29 20:35,100,22.11747742,100,21.43287086,100,21.34988594,15.98416138,22.01967621
2023/5/29 20:36,100,22.11747742,100,21.43287086,100,21.34988594,30.84596443,22.01967621
2023/5/29 20:37,100,22.11747742,100,21.53414345,100,21.34988594,44.98299026,22.00520706
2023/5/29 20:38,100,22.01620293,100,21.51967621,100,21.45115852,60.10385513,22.01967621
2023/5/29 20:39,100,22.11747742,100,21.63541794,100,21.45115852,74.23262024,22.01967621
2023/5/29 20:40,100,22.11747742,100,21.51967621,100,21.45115852,88.64099884,22.01967621
2023/5/29 20:41,100,22.11747742,100,21.51967621,100,21.45115852,100,22.01967621
2023/5/29 20:42,100,22.11747742,100,21.51967621,100,21.34988594,93.68048859,21.91840172
2023/5/29 20:43,100,22.11747742,100,21.53414345,100,21.34988594,30.79430962,21.91840172
2023/5/29 20:44,100,22.11747742,100,21.43287086,100,21.26307869,0,21.81712914
2023/5/29 20:45,100,21.92939758,100,21.43287086,100,21.26307869,0,21.81712914
2023/5/29 20:46,100,22.01620293,100,21.43287086,100,21.26307869,0,21.81712914
2023/5/29 20:47,100,22.11747742,100,21.43287086,100,21.34988594,0,21.81712914
2023/5/29 20:48,100,22.01620293,100,21.49073982,100,21.34988594,0,21.81712914
2023/5/29 20:49,100,22.01620293,100,21.43287086,100,21.34988594,0,21.81712914
2023/5/29 20:50,100,22.01620293,100,21.43287086,100,21.34988594,0,21.81712914
2023/5/29 20:51,100,22.01620293,100,21.41840172,100,21.34988594,0,21.81712914
2023/5/29 20:52,100,22.01620293,100,21.43287086,100,21.34988594,0,21.81712914
2023/5/29 20:53,100,22.01620293,100,21.41840172,100,21.34988594,0,21.81712914
2023/5/29 20:54,100,22.01620293,100,21.43287086,100,21.34988594,0,21.81712914
2023/5/29 20:55,100,22.01620293,100,21.53414345,100,21.34988594,0,21.81712914
2023/5/29 20:56,100,22.01620293,100,21.53414345,100,21.45115852,0,21.81712914
2023/5/29 20:57,100,22.01620293,100,21.53414345,100,21.45115852,0,21.81712914
2023/5/29 20:58,100,22.01620293,100,21.63541794,100,21.43669128,0,21.81712914
2023/5/29 20:59,100,22.01620293,100,21.63541794,100,21.45115852,0,21.81712914
2023/5/29 21:00,100,22.11747742,100,21.63541794,100,21.45115852,0,21.81712914
2023/5/29 21:01,100,22.11747742,100,21.63541794,100,21.45115852,0,21.81712914
2023/5/29 21:02,100,22.01620293,100,21.63541794,100,21.45115852,0,21.81712914
2023/5/29 21:03,100,22.01620293,100,21.63541794,100,21.45115852,0,21.81712914
2023/5/29 21:04,100,22.11747742,100,21.63541794,100,21.45115852,0,21.81712914
2023/5/29 21:05,100,22.01620293,100,21.63541794,100,21.45115852,0,21.8026619
2023/5/29 21:06,100,22.11747742,100,21.63541794,100,21.45115852,0,21.91840172
2023/5/29 21:07,100,22.11747742,100,21.53414345,100,21.45115852,0,21.91840172
2023/5/29 21:08,100,22.01620293,100,21.63541794,100,21.45115852,0,21.91840172
2023/5/29 21:09,100,22.01620293,100,21.53414345,100,21.45115852,0,21.91840172
2023/5/29 21:10,100,22.01620293,100,21.51967621,100,21.45115852,0,21.875
2023/5/29 21:11,100,22.11747742,100,21.51967621,100,21.45115852,0,21.91840172
2023/5/29 21:12,100,22.11747742,100,21.51967621,100,21.45115852,0,21.91840172
2023/5/29 21:13,100,22.11747742,100,21.51967621,100,21.45115852,0,21.91840172
2023/5/29 21:14,100,22.05960655,100,21.51967621,100,21.45115852,0,21.81712914
2023/5/29 21:15,100,22.11747742,100,21.53414345,100,21.45115852,0,21.91840172
2023/5/29 21:16,100,22.11747742,100,21.63541794,100,21.45115852,0,21.81712914
2023/5/29 21:17,100,22.01620293,100,21.62094879,100,21.45115852,0,21.91840172
2023/5/29 21:18,100,22.11747742,100,21.63541794,100,21.45115852,0,21.91840172
2023/5/29 21:19,100,22.01620293,100,21.63541794,100,21.45115852,0,21.91840172
2023/5/29 21:20,100,22.01620293,100,21.63541794,100,21.45115852,0,21.91840172
2023/5/29 21:21,100,22.11747742,100,21.73669052,100,21.55243111,0,21.91840172
2023/5/29 21:22,100,22.11747742,100,21.72222328,100,21.55243111,0,21.91840172
2023/5/29 21:23,100,22.11747742,100,21.82349586,100,21.55243111,0,21.90393448
2023/5/29 21:24,100,22.11747742,100,21.82349586,100,21.59583282,2.360745907,22.01967621
2023/5/29 21:25,100,22.11747742,100,21.82349586,100,21.65370369,11.66802883,22.01967621
2023/5/29 21:26,100,22.11747742,100,21.82349586,100,21.65370369,23.06560326,22.00520706
2023/5/29 21:27,100,22.11747742,100,21.82349586,100,21.55243111,37.57600021,22.01967621
2023/5/29 21:28,100,22.11747742,100,21.82349586,100,21.55243111,52.27692032,22.01967621
2023/5/29 21:29,100,22.11747742,100,21.73669052,100,21.55243111,64.32736206,22.01967621
2023/5/29 21:30,100,22.11747742,100,21.72222328,100,21.45115852,26.77205467,21.91840172
2023/5/29 21:31,100,22.11747742,100,21.63541794,100,21.45115852,0,21.91840172
2023/5/29 21:32,100,22.11747742,100,21.63541794,100,21.45115852,0,21.91840172
2023/5/29 21:33,100,22.11747742,100,21.63541794,100,21.46562576,0,21.91840172
2023/5/29 21:34,100,22.10301018,100,21.63541794,100,21.45115852,0,21.81712914
2023/5/29 21:35,100,22.01620293,100,21.63541794,100,21.45115852,0,21.81712914
2023/5/29 21:36,100,22.01620293,100,21.51967621,100,21.45115852,0,21.81712914
2023/5/29 21:37,100,22.01620293,100,21.51967621,100,21.34988594,0,21.81712914
2023/5/29 21:38,100,22.01620293,100,21.51967621,100,21.34988594,0,21.81712914
2023/5/29 21:39,100,22.01620293,100,21.51967621,100,21.34988594,0,21.8026619
2023/5/29 21:40,100,22.01620293,100,21.53414345,100,21.34988594,0,21.81712914
2023/5/29 21:41,100,22.11747742,100,21.53414345,100,21.34988594,0,21.81712914
2023/5/29 21:42,100,22.11747742,100,21.51967621,100,21.34988594,0,21.81712914
2023/5/29 21:43,100,22.11747742,100,21.63541794,100,21.45115852,0,21.81712914
2023/5/29 21:44,100,22.01620293,100,21.63541794,100,21.45115852,0,21.81712914
2023/5/29 21:45,100,22.01620293,100,21.72222328,100,21.45115852,0,21.81712914
2023/5/29 21:46,100,22.01620293,100,21.73669052,100,21.45115852,0,21.81712914
2023/5/29 21:47,100,22.01620293,100,21.73669052,100,21.55243111,0,21.91840172
2023/5/29 21:48,100,22.11747742,100,21.73669052,100,21.55243111,0,21.91840172
2023/5/29 21:49,100,22.11747742,100,21.72222328,100,21.55243111,0,21.91840172
2023/5/29 21:50,100,22.11747742,100,21.82349586,100,21.55243111,0,21.91840172
2023/5/29 21:51,100,22.11747742,100,21.72222328,100,21.55243111,0,21.91840172
2023/5/29 21:52,100,22.11747742,100,21.73669052,100,21.45115852,0,21.91840172
2023/5/29 21:53,100,22.11747742,100,21.72222328,100,21.45115852,0,21.91840172
2023/5/29 21:54,100,22.11747742,100,21.73669052,100,21.45115852,0,21.91840172
2023/5/29 21:55,100,22.11747742,100,21.73669052,100,21.55243111,0,21.91840172
2023/5/29 21:56,100,22.11747742,100,21.72222328,100,21.55243111,0,21.91840172
2023/5/29 21:57,100,22.01620293,100,21.73669052,100,21.55243111,0,21.96180534
2023/5/29 21:58,100,22.01620293,100,21.78009224,100,21.65370369,0,21.91840172
2023/5/29 21:59,100,22.11747742,100,21.73669052,100,21.65370369,0,21.91840172
2023/5/29 22:00,100,22.08854294,100,21.72222328,100,21.55243111,0,21.91840172
2023/5/29 22:01,100,22.01620293,100,21.63541794,100,21.45115852,2.946525574,22.01967621
2023/5/29 22:02,100,22.11747742,100,21.63541794,100,21.45115852,18.04174232,22.01967621
2023/5/29 22:03,100,22.01620293,100,21.63541794,100,21.45115852,30.7915287,22.01967621
2023/5/29 22:04,100,22.01620293,100,21.63541794,100,21.45115852,36.73364258,22.01967621
2023/5/29 22:05,100,22.01620293,100,21.72222328,100,21.53796387,19.7740593,22.01967621
2023/5/29 22:06,100,22.01620293,100,21.72222328,100,21.55243111,33.71012878,22.01967621
2023/5/29 22:07,100,22.01620293,100,21.73669052,100,21.55243111,48.57219315,22.01967621
2023/5/29 22:08,100,22.01620293,100,21.82349586,100,21.55243111,63.04508591,22.01967621
2023/5/29 22:09,100,22.11747742,100,21.82349586,100,21.55243111,77.73722076,22.01967621
2023/5/29 22:10,100,22.03067207,100,21.73669052,100,21.55243111,92.30518341,22.01967621
2023/5/29 22:11,100,22.01620293,100,21.73669052,100,21.55243111,99.68079376,21.97627258
2023/5/29 22:12,100,22.01620293,100,21.82349586,100,21.55243111,56.44023132,21.91840172
2023/5/29 22:13,100,22.01620293,100,21.82349586,100,21.55243111,0,21.91840172
2023/5/29 22:14,100,22.01620293,100,21.82349586,100,21.55243111,0,21.81712914
2023/5/29 22:15,100,22.01620293,100,21.72222328,100,21.49456024,0,21.81712914
2023/5/29 22:16,100,22.01620293,100,21.72222328,100,21.45115852,0,21.81712914
2023/5/29 22:17,100,22.01620293,100,21.72222328,100,21.45115852,0,21.81712914
2023/5/29 22:18,100,21.92939758,100,21.73669052,100,21.45115852,0,21.81712914
2023/5/29 22:19,100,22.00173569,100,21.63541794,100,21.45115852,0,21.81712914
2023/5/29 22:20,100,21.91493034,100,21.63541794,100,21.45115852,0,21.81712914
2023/5/29 22:21,100,21.91493034,100,21.62094879,100,21.45115852,0,21.81712914
2023/5/29 22:22,100,21.92939758,100,21.51967621,100,21.43669128,0,21.81712914
2023/5/29 22:23,100,21.91493034,100,21.62094879,100,21.45115852,0,21.81712914
2023/5/29 22:24,100,21.91493034,100,21.63541794,100,21.45115852,0,21.81712914
2023/5/29 22:25,100,21.91493034,100,21.63541794,100,21.45115852,0,21.81712914
2023/5/29 22:26,100,22.01620293,100,21.63541794,100,21.45115852,0,21.81712914
2023/5/29 22:27,100,22.01620293,100,21.72222328,100,21.45115852,0,21.81712914
2023/5/29 22:28,100,22.01620293,100,21.72222328,100,21.45115852,0,21.81712914
2023/5/29 22:29,100,22.11747742,100,21.73669052,100,21.45115852,0,21.81712914
2023/5/29 22:30,100,22.01620293,100,21.72222328,100,21.45115852,0,21.81712914
2023/5/29 22:31,100,22.01620293,100,21.63541794,100,21.45115852,0,21.81712914
2023/5/29 22:32,100,22.01620293,100,21.62094879,100,21.45115852,0,21.81712914
2023/5/29 22:33,100,22.01620293,100,21.63541794,100,21.45115852,0,21.81712914
2023/5/29 22:34,100,22.11747742,100,21.63541794,100,21.45115852,0,21.81712914
2023/5/29 22:35,100,22.11747742,100,21.63541794,100,21.45115852,0,21.81712914
2023/5/29 22:36,100,22.11747742,100,21.72222328,100,21.46562576,0,21.81712914
2023/5/29 22:37,100,22.11747742,100,21.72222328,100,21.55243111,0,21.81712914
2023/5/29 22:38,100,22.03067207,100,21.82349586,100,21.55243111,0,21.81712914
2023/5/29 22:39,100,22.01620293,100,21.82349586,100,21.55243111,0,21.88946724
2023/5/29 22:40,100,22.01620293,100,21.82349586,100,21.55243111,0,21.91840172
2023/5/29 22:41,100,22.01620293,100,21.72222328,100,21.45115852,0,21.91840172
2023/5/29 22:42,100,22.01620293,100,21.72222328,100,21.46562576,0,21.91840172
2023/5/29 22:43,100,22.01620293,100,21.72222328,100,21.45115852,0,21.91840172
2023/5/29 22:44,100,22.01620293,100,21.72222328,100,21.55243111,0,21.81712914
2023/5/29 22:45,100,22.11747742,100,21.72222328,100,21.55243111,0,21.81712914
2023/5/29 22:46,100,22.11747742,100,21.73669052,100,21.55243111,0,21.81712914
2023/5/29 22:47,100,22.01620293,100,21.72222328,100,21.55243111,0,21.81712914
2023/5/29 22:48,100,21.91493034,100,21.73669052,100,21.45115852,0,21.81712914
2023/5/29 22:49,100,21.91493034,100,21.72222328,100,21.55243111,0,21.81712914
2023/5/29 22:50,100,22.01620293,100,21.73669052,100,21.55243111,0,21.81712914
2023/5/29 22:51,100,22.11747742,100,21.72222328,100,21.55243111,0,21.91840172
2023/5/29 22:52,100,22.11747742,100,21.72222328,100,21.55243111,0,21.91840172
2023/5/29 22:53,100,22.11747742,100,21.73669052,100,21.55243111,0,21.91840172
2023/5/29 22:54,100,22.11747742,100,21.73669052,100,21.55243111,0,21.91840172
2023/5/29 22:55,100,22.11747742,100,21.73669052,100,21.55243111,0,21.91840172
2023/5/29 22:56,100,22.20428276,100,21.75115776,100,21.55243111,0,21.91840172
2023/5/29 22:57,100,22.21875,100,21.82349586,100,21.65370369,0,21.91840172
2023/5/29 22:58,100,22.11747742,100,21.82349586,100,21.65370369,0,21.91840172
2023/5/29 22:59,100,22.11747742,100,21.82349586,100,21.65370369,9.470879555,22.01967621
2023/5/29 23:00,100,22.11747742,100,21.92476845,100,21.75497818,24.03577614,22.01967621
2023/5/29 23:01,100,22.11747742,100,21.92476845,100,21.65370369,38.5001297,22.01967621
2023/5/29 23:02,100,22.11747742,100,21.92476845,100,21.65370369,53.05688477,22.01967621
2023/5/29 23:03,100,22.11747742,100,21.92476845,100,21.65370369,67.97796631,22.01967621
2023/5/29 23:04,100,22.11747742,100,21.93923569,100,21.75497818,82.56771088,22.01967621
2023/5/29 23:05,100,22.11747742,100,21.82349586,100,21.65370369,97.26037598,22.01967621
2023/5/29 23:06,100,22.11747742,100,21.82349586,100,21.55243111,67.79569244,21.91840172
2023/5/29 23:07,100,22.11747742,100,21.82349586,100,21.55243111,4.104983807,21.91840172
2023/5/29 23:08,100,22.11747742,100,21.82349586,100,21.45115852,0,21.91840172
2023/5/29 23:09,100,22.11747742,100,21.73669052,100,21.45115852,0,21.91840172
2023/5/29 23:10,100,22.01620293,100,21.73669052,100,21.45115852,0,21.81712914
2023/5/29 23:11,100,22.01620293,100,21.72222328,100,21.45115852,0,21.81712914
2023/5/29 23:12,100,21.91493034,100,21.63541794,100,21.45115852,0,21.81712914
2023/5/29 23:13,100,22.01620293,100,21.72222328,100,21.45115852,0,21.81712914
2023/5/29 23:14,100,21.92939758,100,21.63541794,100,21.45115852,0,21.8026619
2023/5/29 23:15,100,22.01620293,100,21.73669052,100,21.45115852,0,21.81712914
2023/5/29 23:16,100,21.91493034,100,21.73669052,100,21.45115852,0,21.81712914
2023/5/29 23:17,100,21.828125,100,21.73669052,100,21.45115852,0,21.81712914
2023/5/29 23:18,100,21.91493034,100,21.72222328,100,21.45115852,0,21.81712914
2023/5/29 23:19,100,21.92939758,100,21.72222328,100,21.45115852,0,21.81712914
2023/5/29 23:20,100,21.91493034,100,21.73669052,100,21.55243111,0,21.81712914
2023/5/29 23:21,100,21.91493034,100,21.72222328,100,21.55243111,0,21.81712914
2023/5/29 23:22,100,22.01620293,100,21.73669052,100,21.45115852,0,21.81712914
2023/5/29 23:23,100,22.01620293,100,21.73669052,100,21.45115852,0,21.81712914
2023/5/29 23:24,100,22.01620293,100,21.72222328,100,21.55243111,0,21.91840172
2023/5/29 23:25,100,22.11747742,100,21.73669052,100,21.55243111,0,21.91840172
2023/5/29 23:26,100,22.11747742,100,21.72222328,100,21.55243111,0,21.91840172
2023/5/29 23:27,100,22.11747742,100,21.73669052,100,21.55243111,0,21.91840172
2023/5/29 23:28,100,22.01620293,100,21.73669052,100,21.45115852,0,21.90393448
2023/5/29 23:29,100,22.01620293,100,21.73669052,100,21.45115852,0,21.91840172
2023/5/29 23:30,100,21.91493034,100,21.63541794,100,21.45115852,0,21.91840172
2023/5/29 23:31,100,21.92939758,100,21.63541794,100,21.45115852,0,21.91840172
2023/5/29 23:32,100,21.91493034,100,21.63541794,100,21.45115852,0,21.91840172
2023/5/29 23:33,100,21.98726845,100,21.73669052,100,21.55243111,0,21.91840172
2023/5/29 23:34,100,22.01620293,100,21.73669052,100,21.55243111,0,21.91840172
2023/5/29 23:35,100,21.91493034,100,21.72222328,100,21.55243111,0,21.91840172
2023/5/29 23:36,100,22.01620293,100,21.73669052,100,21.55243111,0,21.91840172
2023/5/29 23:37,100,22.01620293,100,21.72222328,100,21.45115852,0,21.91840172
2023/5/29 23:38,100,22.01620293,100,21.73669052,100,21.45115852,0,21.91840172
2023/5/29 23:39,100,22.01620293,100,21.72222328,100,21.45115852,0,21.91840172
2023/5/29 23:40,100,22.01620293,100,21.73669052,100,21.55243111,0,21.91840172
2023/5/29 23:41,100,22.01620293,100,21.82349586,100,21.55243111,0,21.91840172
2023/5/29 23:42,100,22.01620293,100,21.82349586,100,21.55243111,0,21.90393448
2023/5/29 23:43,100,22.01620293,100,21.82349586,100,21.55243111,0,21.91840172
2023/5/29 23:44,100,22.01620293,100,21.82349586,100,21.55243111,0.142941117,22.01967621
2023/5/29 23:45,100,22.01620293,100,21.82349586,100,21.56689835,12.78043842,22.01967621
2023/5/29 23:46,100,22.01620293,100,21.82349586,100,21.55243111,0,21.91840172
2023/5/29 23:47,100,22.11747742,100,21.82349586,100,21.55243111,0,21.91840172
2023/5/29 23:48,100,22.01620293,100,21.73669052,100,21.45115852,0,21.91840172
2023/5/29 23:49,100,21.91493034,100,21.72222328,100,21.45115852,0,21.91840172
2023/5/29 23:50,100,21.91493034,100,21.72222328,100,21.45115852,0,21.91840172
2023/5/29 23:51,100,21.91493034,100,21.63541794,100,21.46562576,0,21.90393448
2023/5/29 23:52,100,21.91493034,100,21.64988518,100,21.46562576,0,21.91840172
2023/5/29 23:53,100,21.828125,100,21.72222328,100,21.45115852,0,21.91840172
2023/5/29 23:54,100,21.91493034,100,21.73669052,100,21.45115852,0,21.91840172
2023/5/29 23:55,100,21.91493034,100,21.73669052,100,21.45115852,0,21.91840172
2023/5/29 23:56,100,21.91493034,100,21.72222328,100,21.45115852,0,21.91840172
2023/5/29 23:57,100,21.91493034,100,21.73669052,100,21.45115852,0,21.91840172
2023/5/29 23:58,100,21.92939758,100,21.73669052,100,21.45115852,0,21.91840172
2023/5/29 23:59,100,21.91493034,100,21.72222328,100,21.45115852,0,21.91840172
2023/5/30 0:00,100,21.91493034,100,21.72222328,100,21.53796387,0.074411415,22.00520706
2023/5/30 0:01,100,21.91493034,100,21.82349586,100,21.55243111,0,21.93287086
2023/5/30 0:02,100,21.92939758,100,21.82349586,100,21.45115852,6.864977837,22.01967621
2023/5/30 0:03,100,21.91493034,100,21.82349586,100,21.45115852,21.3366642,22.01967621
2023/5/30 0:04,100,22.01620293,100,21.73669052,100,21.45115852,35.88321304,22.01967621
2023/5/30 0:05,100,22.01620293,100,21.72222328,100,21.45115852,50.70890427,22.01967621
2023/5/30 0:06,100,21.91493034,100,21.82349586,100,21.55243111,65.38923645,22.01967621
2023/5/30 0:07,100,21.92939758,100,21.8379631,100,21.55243111,79.88505554,22.01967621
2023/5/30 0:08,100,21.91493034,100,21.82349586,100,21.65370369,100,22.01967621
2023/5/30 0:09,100,21.91493034,100,21.73669052,100,21.55243111,100,22.01967621
2023/5/30 0:10,100,21.91493034,100,21.73669052,100,21.55243111,100,22.01967621
2023/5/30 0:11,100,21.91493034,100,21.73669052,100,21.43669128,100,22.01967621
2023/5/30 0:12,100,21.91493034,100,21.63541794,100,21.45115852,59.96655273,21.91840172
2023/5/30 0:13,100,21.91493034,100,21.60648155,100,21.45115852,0,21.91840172
2023/5/30 0:14,100,21.92939758,100,21.53414345,100,21.34988594,0,21.81712914
2023/5/30 0:15,100,21.828125,100,21.53414345,100,21.34988594,0,21.81712914
2023/5/30 0:16,100,21.828125,100,21.51967621,100,21.34988594,0,21.81712914
2023/5/30 0:17,100,21.92939758,100,21.51967621,100,21.45115852,0,21.81712914
2023/5/30 0:18,100,21.828125,100,21.51967621,100,21.37882042,0,21.81712914
2023/5/30 0:19,100,21.72685242,100,21.51967621,100,21.42222404,0,21.81712914
2023/5/30 0:20,100,21.81365776,100,21.63541794,100,21.45115852,0,21.81712914
2023/5/30 0:21,100,21.828125,100,21.63541794,100,21.45115852,0,21.61458206
2023/5/30 0:22,100,21.828125,100,21.63541794,100,21.45115852,0,21.62905121
2023/5/30 0:23,100,21.92939758,100,21.63541794,100,21.45115852,0,21.81712914
2023/5/30 0:24,100,21.91493034,100,21.51967621,100,21.45115852,0,21.81712914
2023/5/30 0:25,100,21.828125,100,21.63541794,100,21.45115852,0,21.81712914
2023/5/30 0:26,100,21.828125,100,21.63541794,100,21.45115852,0,21.81712914
2023/5/30 0:27,100,21.828125,100,21.62094879,100,21.45115852,0,21.81712914
2023/5/30 0:28,100,21.828125,100,21.72222328,100,21.43669128,0,21.81712914
2023/5/30 0:29,100,21.828125,100,21.72222328,100,21.45115852,0,21.81712914
2023/5/30 0:30,100,21.91493034,100,21.73669052,100,21.55243111,0,21.81712914
2023/5/30 0:31,100,21.828125,100,21.73669052,100,21.45115852,0,21.8026619
2023/5/30 0:32,100,21.72685242,100,21.73669052,100,21.46562576,0,21.81712914
2023/5/30 0:33,100,21.828125,100,21.72222328,100,21.45115852,0,21.81712914
2023/5/30 0:34,100,21.81365776,100,21.63541794,100,21.45115852,0,21.81712914
2023/5/30 0:35,100,21.91493034,100,21.67881966,100,21.45115852,0,21.81712914
2023/5/30 0:36,100,21.91493034,100,21.73669052,100,21.55243111,0,21.81712914
2023/5/30 0:37,100,21.91493034,100,21.73669052,100,21.45115852,0,21.88946724
2023/5/30 0:38,100,21.92939758,100,21.73669052,100,21.45115852,0,21.91840172
2023/5/30 0:39,100,21.91493034,100,21.63541794,100,21.45115852,0,21.91840172
2023/5/30 0:40,100,21.92939758,100,21.63541794,100,21.45115852,0,21.83159828
2023/5/30 0:41,100,21.91493034,100,21.63541794,100,21.45115852,0,21.84606552
2023/5/30 0:42,100,21.91493034,100,21.63541794,100,21.45115852,0,21.91840172
2023/5/30 0:43,100,21.91493034,100,21.73669052,100,21.45115852,0,21.91840172
2023/5/30 0:44,100,21.91493034,100,21.72222328,100,21.45115852,0,21.91840172
2023/5/30 0:45,100,21.91493034,100,21.73669052,100,21.45115852,0,21.91840172
2023/5/30 0:46,100,21.91493034,100,21.72222328,100,21.45115852,0,21.91840172
2023/5/30 0:47,100,22.01620293,100,21.63541794,100,21.45115852,0,21.91840172
2023/5/30 0:48,100,21.91493034,100,21.62094879,100,21.45115852,0,21.91840172
2023/5/30 0:49,100,21.91493034,100,21.63541794,100,21.45115852,0,21.91840172
2023/5/30 0:50,100,21.91493034,100,21.63541794,100,21.45115852,0,21.91840172
2023/5/30 0:51,100,21.91493034,100,21.63541794,100,21.45115852,0,21.91840172
2023/5/30 0:52,100,21.91493034,100,21.63541794,100,21.45115852,0,21.91840172
2023/5/30 0:53,100,22.01620293,100,21.72222328,100,21.45115852,0,21.91840172
2023/5/30 0:54,100,21.92939758,100,21.73669052,100,21.45115852,0,21.91840172
2023/5/30 0:55,100,22.00173569,100,21.73669052,100,21.55243111,0,21.91840172
2023/5/30 0:56,100,21.92939758,100,21.73669052,100,21.55243111,0,21.91840172
2023/5/30 0:57,100,21.91493034,100,21.73669052,100,21.55243111,0,21.91840172
2023/5/30 0:58,100,21.92939758,100,21.72222328,100,21.55243111,0,21.91840172
2023/5/30 0:59,100,22.01620293,100,21.82349586,100,21.55243111,0,21.91840172
2023/5/30 1:00,100,22.01620293,100,21.82349586,100,21.55243111,0,21.91840172
2023/5/30 1:01,100,22.01620293,100,21.82349586,100,21.55243111,0.155440226,21.91840172
2023/5/30 1:02,100,22.01620293,100,21.91030121,100,21.61030197,12.36253643,22.01967621
2023/5/30 1:03,100,22.01620293,100,21.92476845,100,21.65370369,25.70806694,21.91840172
2023/5/30 1:04,100,22.10301018,100,21.82349586,100,21.65370369,34.02252579,22.01967621
2023/5/30 1:05,100,22.01620293,100,21.82349586,100,21.65370369,46.98637009,22.00520706
2023/5/30 1:06,100,22.01620293,100,21.82349586,100,21.65370369,61.38894272,22.01967621
2023/5/30 1:07,100,22.07407379,100,21.92476845,100,21.65370369,76.18934631,22.01967621
2023/5/30 1:08,100,22.01620293,100,21.82349586,100,21.65370369,89.98486328,22.01967621
2023/5/30 1:09,100,22.01620293,100,21.82349586,100,21.65370369,66.86610413,21.91840172
2023/5/30 1:10,100,22.01620293,100,21.82349586,100,21.55243111,3.534002066,21.91840172
2023/5/30 1:11,100,21.91493034,100,21.72222328,100,21.45115852,0,21.91840172
2023/5/30 1:12,100,21.91493034,100,21.73669052,100,21.45115852,0,21.91840172
2023/5/30 1:13,100,21.92939758,100,21.63541794,100,21.45115852,0,21.81712914
2023/5/30 1:14,100,21.91493034,100,21.63541794,100,21.45115852,0,21.81712914
2023/5/30 1:15,100,21.91493034,100,21.63541794,100,21.45115852,0,21.81712914
2023/5/30 1:16,100,21.91493034,100,21.72222328,100,21.45115852,0,21.81712914
2023/5/30 1:17,100,21.91493034,100,21.63541794,100,21.45115852,0,21.81712914
2023/5/30 1:18,100,21.92939758,100,21.72222328,100,21.45115852,0,21.81712914
2023/5/30 1:19,100,21.91493034,100,21.73669052,100,21.45115852,0,21.81712914
2023/5/30 1:20,100,21.91493034,100,21.73669052,100,21.55243111,0,21.81712914
2023/5/30 1:21,100,22.01620293,100,21.73669052,100,21.55243111,0,21.81712914
2023/5/30 1:22,100,22.01620293,100,21.72222328,100,21.55243111,0,21.81712914
2023/5/30 1:23,100,22.01620293,100,21.82349586,100,21.55243111,0,21.81712914
2023/5/30 1:24,100,22.01620293,100,21.82349586,100,21.55243111,0,21.81712914
2023/5/30 1:25,100,22.01620293,100,21.82349586,100,21.55243111,0,21.81712914
2023/5/30 1:26,100,22.01620293,100,21.73669052,100,21.55243111,0,21.81712914
2023/5/30 1:27,100,21.95833206,100,21.82349586,100,21.55243111,0,21.81712914
2023/5/30 1:28,100,22.01620293,100,21.82349586,100,21.55243111,0,21.81712914
2023/5/30 1:29,100,22.01620293,100,21.82349586,100,21.55243111,0,21.81712914
2023/5/30 1:30,100,22.01620293,100,21.82349586,100,21.55243111,0,21.81712914
2023/5/30 1:31,100,22.01620293,100,21.73669052,100,21.45115852,0,21.88946724
2023/5/30 1:32,100,22.01620293,100,21.63541794,100,21.45115852,0,21.91840172
2023/5/30 1:33,100,21.91493034,100,21.63541794,100,21.45115852,0,21.91840172
2023/5/30 1:34,100,21.91493034,100,21.63541794,100,21.45115852,0,21.91840172
2023/5/30 1:35,100,21.91493034,100,21.63541794,100,21.45115852,0,21.91840172
2023/5/30 1:36,100,21.91493034,100,21.63541794,100,21.45115852,0,21.91840172
2023/5/30 1:37,100,21.92939758,100,21.73669052,100,21.45115852,0,21.91840172
2023/5/30 1:38,100,21.91493034,100,21.73669052,100,21.55243111,0,21.91840172
2023/5/30 1:39,100,21.91493034,100,21.73669052,100,21.55243111,0,21.91840172
2023/5/30 1:40,100,22.01620293,100,21.82349586,100,21.65370369,0,21.91840172
2023/5/30 1:41,100,22.03067207,100,21.82349586,100,21.65370369,0,21.91840172
2023/5/30 1:42,100,22.11747742,100,21.82349586,100,21.65370369,0,21.91840172
2023/5/30 1:43,100,22.11747742,100,21.82349586,100,21.65370369,0,21.91840172
2023/5/30 1:44,100,22.11747742,100,21.82349586,100,21.74051094,0,21.91840172
2023/5/30 1:45,100,22.11747742,100,21.82349586,100,21.65370369,0,21.91840172
2023/5/30 1:46,100,22.11747742,100,21.82349586,100,21.65370369,0,21.91840172
2023/5/30 1:47,100,22.11747742,100,21.92476845,100,21.75497818,0,21.93287086
2023/5/30 1:48,100,22.01620293,100,21.92476845,100,21.75497818,5.156644821,22.01967621
2023/5/30 1:49,100,22.01620293,100,21.93923569,100,21.75497818,19.80653572,22.01967621
2023/5/30 1:50,100,22.11747742,100,21.92476845,100,21.75497818,34.66509628,22.01967621
2023/5/30 1:51,100,22.01620293,100,21.93923569,100,21.65370369,48.94308472,22.01967621
2023/5/30 1:52,100,22.01620293,100,21.92476845,100,21.69710732,62.25646973,22.01967621
2023/5/30 1:53,100,22.01620293,100,21.82349586,100,21.65370369,23.71522331,21.91840172
2023/5/30 1:54,100,22.01620293,100,21.72222328,100,21.55243111,0,21.91840172
2023/5/30 1:55,100,22.01620293,100,21.63541794,100,21.55243111,0,21.91840172
2023/5/30 1:56,100,22.01620293,100,21.72222328,100,21.55243111,0,21.91840172
2023/5/30 1:57,100,22.01620293,100,21.82349586,100,21.65370369,0,21.91840172
2023/5/30 1:58,100,22.01620293,100,21.82349586,100,21.65370369,0,21.91840172
2023/5/30 1:59,100,22.01620293,100,21.82349586,100,21.65370369,0,21.91840172
2023/5/30 2:00,100,22.01620293,100,21.73669052,100,21.75497818,0,21.91840172
2023/5/30 2:01,100,22.01620293,100,21.82349586,100,21.65370369,0,21.91840172
2023/5/30 2:02,100,22.01620293,100,21.92476845,100,21.75497818,0,21.91840172
2023/5/30 2:03,100,22.11747742,100,21.92476845,100,21.75497818,0,21.91840172
2023/5/30 2:04,100,22.11747742,100,21.92476845,100,21.75497818,0,21.91840172
2023/5/30 2:05,100,22.11747742,100,21.92476845,100,21.65370369,0,21.91840172
2023/5/30 2:06,100,22.01620293,100,21.82349586,100,21.65370369,0,21.91840172
2023/5/30 2:07,100,22.01620293,100,21.82349586,100,21.65370369,0,21.91840172
2023/5/30 2:08,100,22.01620293,100,21.82349586,100,21.65370369,0,21.91840172
2023/5/30 2:09,100,22.11747742,100,21.92476845,100,21.65370369,0,21.91840172
2023/5/30 2:10,100,22.01620293,100,21.92476845,100,21.65370369,0.121391803,22.01967621
2023/5/30 2:11,100,22.05960655,100,21.91030121,100,21.65370369,5.049343586,22.00520706
2023/5/30 2:12,100,22.11747742,100,21.92476845,100,21.66817284,19.67572403,22.01967621
2023/5/30 2:13,100,22.11747742,100,21.92476845,100,21.75497818,34.40408325,22.01967621
2023/5/30 2:14,100,22.11747742,100,21.92476845,100,21.75497818,48.80046082,22.01967621
2023/5/30 2:15,100,22.11747742,100,21.93923569,100,21.65370369,63.76202393,22.01967621
2023/5/30 2:16,100,22.11747742,100,21.82349586,100,21.65370369,78.16260529,22.01967621
2023/5/30 2:17,100,22.01620293,100,21.82349586,100,21.55243111,68.81569672,21.91840172
2023/5/30 2:18,100,22.11747742,100,21.73669052,100,21.55243111,4.015705585,21.91840172
2023/5/30 2:19,100,22.01620293,100,21.73669052,100,21.45115852,0,21.91840172
2023/5/30 2:20,100,22.01620293,100,21.72222328,100,21.45115852,0,21.91840172
2023/5/30 2:21,100,22.11747742,100,21.63541794,100,21.45115852,0,21.81712914
2023/5/30 2:22,100,22.11747742,100,21.73669052,100,21.55243111,0,21.81712914
2023/5/30 2:23,100,22.01620293,100,21.82349586,100,21.55243111,0,21.81712914
2023/5/30 2:24,100,22.01620293,100,21.82349586,100,21.65370369,0,21.81712914
2023/5/30 2:25,100,22.11747742,100,21.82349586,100,21.65370369,0,21.8026619
2023/5/30 2:26,100,22.01620293,100,21.82349586,100,21.65370369,0,21.81712914
2023/5/30 2:27,100,22.11747742,100,21.82349586,100,21.65370369,0,21.81712914
2023/5/30 2:28,100,22.11747742,100,21.82349586,100,21.65370369,0,21.81712914
2023/5/30 2:29,100,22.11747742,100,21.82349586,100,21.65370369,0,21.91840172
2023/5/30 2:30,100,22.11747742,100,21.82349586,100,21.65370369,0,21.91840172
2023/5/30 2:31,100,22.11747742,100,21.92476845,100,21.75497818,0,21.91840172
2023/5/30 2:32,100,22.11747742,100,21.92476845,100,21.85625076,0,21.91840172
2023/5/30 2:33,100,22.11747742,100,22.02604294,100,21.85625076,0.136014432,22.01967621
2023/5/30 2:34,100,22.11747742,100,22.02604294,100,21.85625076,9.661189079,22.01967621
2023/5/30 2:35,100,22.10301018,100,21.92476845,100,21.85625076,24.15296555,22.01967621
2023/5/30 2:36,100,22.01620293,100,21.92476845,100,21.75497818,38.89573669,22.01967621
2023/5/30 2:37,100,22.01620293,100,21.82349586,100,21.65370369,53.47577667,22.01967621
2023/5/30 2:38,100,22.01620293,100,21.82349586,100,21.65370369,24.53467369,21.99073982
2023/5/30 2:39,100,22.01620293,100,21.75115776,100,21.55243111,15.54935169,22.01967621
2023/5/30 2:40,100,22.01620293,100,21.82349586,100,21.65370369,0.009668829,21.99073982
2023/5/30 2:41,100,22.01620293,100,21.82349586,100,21.65370369,0,21.90393448
2023/5/30 2:42,100,22.01620293,100,21.765625,100,21.65370369,0,21.91840172
2023/5/30 2:43,100,22.01620293,100,21.73669052,100,21.55243111,0,21.91840172
2023/5/30 2:44,100,22.01620293,100,21.73669052,100,21.65370369,0,21.91840172
2023/5/30 2:45,100,22.01620293,100,21.72222328,100,21.65370369,0,21.91840172
2023/5/30 2:46,100,22.01620293,100,21.82349586,100,21.65370369,0,21.91840172
2023/5/30 2:47,100,22.01620293,100,21.82349586,100,21.65370369,0,21.91840172
2023/5/30 2:48,100,22.01620293,100,21.82349586,100,21.65370369,0,21.91840172
2023/5/30 2:49,100,22.11747742,100,21.82349586,100,21.65370369,0,21.91840172
2023/5/30 2:50,100,22.11747742,100,21.82349586,100,21.65370369,0,21.91840172
2023/5/30 2:51,100,22.01620293,100,21.82349586,100,21.65370369,0,21.91840172
2023/5/30 2:52,100,22.11747742,100,21.82349586,100,21.62476921,0,21.91840172
2023/5/30 2:53,100,22.11747742,100,21.73669052,100,21.53796387,0,21.91840172
2023/5/30 2:54,100,22.11747742,100,21.73669052,100,21.55243111,0,21.91840172
2023/5/30 2:55,100,22.11747742,100,21.63541794,100,21.45115852,0,21.91840172
2023/5/30 2:56,100,22.01620293,100,21.63541794,100,21.45115852,0,21.91840172
2023/5/30 2:57,100,22.04513931,100,21.72222328,100,21.55243111,0,21.91840172
2023/5/30 2:58,100,22.11747742,100,21.73669052,100,21.53796387,0,21.91840172
2023/5/30 2:59,100,22.01620293,100,21.73669052,100,21.45115852,0,21.91840172
2023/5/30 3:00,100,22.01620293,100,21.73669052,100,21.45115852,0,21.91840172
2023/5/30 3:01,100,21.91493034,100,21.62094879,100,21.45115852,0,21.91840172
2023/5/30 3:02,100,22.01620293,100,21.63541794,100,21.45115852,0,21.90393448
2023/5/30 3:03,100,22.01620293,100,21.63541794,100,21.45115852,0,21.91840172
2023/5/30 3:04,100,22.01620293,100,21.63541794,100,21.45115852,0,21.91840172
2023/5/30 3:05,100,22.01620293,100,21.72222328,100,21.45115852,0,21.91840172
2023/5/30 3:06,100,22.01620293,100,21.63541794,100,21.45115852,0,21.91840172
2023/5/30 3:07,100,22.11747742,100,21.63541794,100,21.45115852,0,21.91840172
2023/5/30 3:08,100,22.11747742,100,21.73669052,100,21.45115852,0,21.91840172
2023/5/30 3:09,100,22.01620293,100,21.72222328,100,21.45115852,0,21.91840172
2023/5/30 3:10,100,22.05960655,100,21.73669052,100,21.45115852,1.820932865,22.01967621
2023/5/30 3:11,100,22.11747742,100,21.73669052,100,21.49456024,16.32959557,22.01967621
2023/5/30 3:12,100,22.11747742,100,21.72222328,100,21.45115852,30.91837502,22.01967621
2023/5/30 3:13,100,22.10301018,100,21.73669052,100,21.55243111,45.6758461,22.01967621
2023/5/30 3:14,100,22.11747742,100,21.72222328,100,21.55243111,60.34148788,22.01967621
2023/5/30 3:15,100,22.11747742,100,21.73669052,100,21.55243111,74.75883484,22.00520706
2023/5/30 3:16,100,22.11747742,100,21.73669052,100,21.65370369,85.67958069,21.9473381
2023/5/30 3:17,100,22.11747742,100,21.72222328,100,21.55243111,60.88693237,21.91840172
2023/5/30 3:18,100,22.11747742,100,21.73669052,100,21.55243111,0.07987006,21.91840172
2023/5/30 3:19,100,22.11747742,100,21.63541794,100,21.45115852,0,21.91840172
2023/5/30 3:20,100,22.01620293,100,21.51967621,100,21.45115852,0,21.91840172
2023/5/30 3:21,100,22.01620293,100,21.63541794,100,21.45115852,0,21.81712914
2023/5/30 3:22,100,22.01620293,100,21.62094879,100,21.45115852,0,21.81712914
2023/5/30 3:23,100,22.01620293,100,21.63541794,100,21.45115852,0,21.81712914
2023/5/30 3:24,100,21.91493034,100,21.51967621,100,21.45115852,0,21.81712914
2023/5/30 3:25,100,21.92939758,100,21.59201431,100,21.45115852,0,21.81712914
2023/5/30 3:26,100,22.01620293,100,21.63541794,100,21.45115852,0,21.81712914
2023/5/30 3:27,100,21.92939758,100,21.51967621,100,21.45115852,0,21.81712914
2023/5/30 3:28,100,21.91493034,100,21.51967621,100,21.45115852,0,21.81712914
2023/5/30 3:29,100,22.01620293,100,21.63541794,100,21.45115852,0,21.62905121
2023/5/30 3:30,100,22.01620293,100,21.63541794,100,21.45115852,0,21.81712914
2023/5/30 3:31,100,22.11747742,100,21.63541794,100,21.55243111,0,21.81712914
2023/5/30 3:32,100,22.11747742,100,21.73669052,100,21.55243111,0,21.81712914
2023/5/30 3:33,100,22.11747742,100,21.72222328,100,21.55243111,0,21.81712914
2023/5/30 3:34,100,22.01620293,100,21.73669052,100,21.55243111,0,21.81712914
2023/5/30 3:35,100,22.01620293,100,21.73669052,100,21.55243111,0,21.81712914
2023/5/30 3:36,100,22.11747742,100,21.63541794,100,21.45115852,0,21.81712914
2023/5/30 3:37,100,22.01620293,100,21.63541794,100,21.46562576,0,21.81712914
2023/5/30 3:38,100,22.11747742,100,21.63541794,100,21.45115852,0,21.81712914
2023/5/30 3:39,100,22.11747742,100,21.63541794,100,21.45115852,0,21.81712914
2023/5/30 3:40,100,22.11747742,100,21.63541794,100,21.45115852,0,21.81712914
2023/5/30 3:41,100,22.01620293,100,21.63541794,100,21.45115852,0,21.81712914
2023/5/30 3:42,100,22.01620293,100,21.63541794,100,21.45115852,0,21.81712914
2023/5/30 3:43,100,22.01620293,100,21.63541794,100,21.45115852,0,21.81712914
2023/5/30 3:44,100,22.01620293,100,21.63541794,100,21.45115852,0,21.81712914
2023/5/30 3:45,100,22.01620293,100,21.63541794,100,21.45115852,0,21.81712914
2023/5/30 3:46,100,22.01620293,100,21.62094879,100,21.45115852,0,21.81712914
2023/5/30 3:47,100,22.01620293,100,21.63541794,100,21.45115852,0,21.81712914
2023/5/30 3:48,100,22.11747742,100,21.62094879,100,21.45115852,0,21.81712914
2023/5/30 3:49,100,22.11747742,100,21.63541794,100,21.45115852,0,21.81712914
2023/5/30 3:50,100,22.11747742,100,21.63541794,100,21.45115852,0,21.81712914
2023/5/30 3:51,100,22.11747742,100,21.63541794,100,21.45115852,0,21.81712914
2023/5/30 3:52,100,22.11747742,100,21.63541794,100,21.45115852,0,21.91840172
2023/5/30 3:53,100,22.11747742,100,21.73669052,100,21.45115852,0,21.91840172
2023/5/30 3:54,100,22.11747742,100,21.73669052,100,21.55243111,0,21.91840172
2023/5/30 3:55,100,22.11747742,100,21.82349586,100,21.55243111,0,21.91840172
2023/5/30 3:56,100,22.11747742,100,21.82349586,100,21.55243111,0,21.91840172
2023/5/30 3:57,100,22.21875,100,21.82349586,100,21.55243111,0,21.91840172
2023/5/30 3:58,100,22.11747742,100,21.82349586,100,21.55243111,0,21.91840172
2023/5/30 3:59,100,22.11747742,100,21.73669052,100,21.55243111,0,21.91840172
2023/5/30 4:00,100,22.01620293,100,21.73669052,100,21.55243111,0,21.91840172
2023/5/30 4:01,100,22.01620293,100,21.73669052,100,21.55243111,0,21.81712914
2023/5/30 4:02,100,22.11747742,100,21.72222328,100,21.45115852,0,21.81712914
2023/5/30 4:03,100,22.11747742,100,21.63541794,100,21.46562576,0,21.81712914
2023/5/30 4:04,100,22.04513931,100,21.73669052,100,21.45115852,0,21.90393448
2023/5/30 4:05,100,22.11747742,100,21.73669052,100,21.45115852,0,21.81712914
2023/5/30 4:06,100,22.11747742,100,21.82349586,100,21.55243111,0,21.88946724
2023/5/30 4:07,100,22.11747742,100,21.82349586,100,21.55243111,0,21.81712914
2023/5/30 4:08,100,22.11747742,100,21.92476845,100,21.65370369,0,21.91840172
2023/5/30 4:09,100,22.11747742,100,21.92476845,100,21.65370369,0,21.91840172
2023/5/30 4:10,100,22.11747742,100,21.92476845,100,21.65370369,0,21.91840172
2023/5/30 4:11,100,22.11747742,100,21.92476845,100,21.75497818,0,21.91840172
2023/5/30 4:12,100,22.11747742,100,21.92476845,100,21.75497818,0,21.91840172
2023/5/30 4:13,100,22.11747742,100,21.92476845,100,21.75497818,0,21.91840172
2023/5/30 4:14,100,22.21875,100,22.02604294,100,21.75497818,0,21.91840172
2023/5/30 4:15,100,22.21875,100,22.02604294,100,21.85625076,0,21.91840172
2023/5/30 4:16,100,22.21875,100,22.02604294,100,21.85625076,0,21.91840172
2023/5/30 4:17,100,22.21875,100,22.02604294,100,21.75497818,0.112800851,22.01967621
2023/5/30 4:18,100,22.17534828,100,22.02604294,100,21.85625076,8.118859291,22.01967621
2023/5/30 4:19,100,22.11747742,100,22.02604294,100,21.75497818,0,21.91840172
2023/5/30 4:20,100,22.11747742,100,22.02604294,100,21.75497818,0,21.91840172
2023/5/30 4:21,100,22.11747742,100,22.02604294,100,21.75497818,0,21.99073982
2023/5/30 4:22,100,22.11747742,100,21.92476845,100,21.65370369,0,21.91840172
2023/5/30 4:23,100,22.11747742,100,21.92476845,100,21.65370369,2.690408707,22.01967621
2023/5/30 4:24,100,22.17534828,100,21.92476845,100,21.65370369,16.87936401,22.01967621
2023/5/30 4:25,100,22.11747742,100,21.92476845,100,21.65370369,29.85667419,22.01967621
2023/5/30 4:26,100,22.11747742,100,21.92476845,100,21.65370369,30.44089508,21.93287086
2023/5/30 4:27,100,22.21875,100,21.92476845,100,21.65370369,10.47968769,22.01967621
2023/5/30 4:28,100,22.11747742,100,22.02604294,100,21.74051094,0,21.91840172
2023/5/30 4:29,100,22.11747742,100,22.02604294,100,21.75497818,0,21.91840172
2023/5/30 4:30,100,22.11747742,100,22.02604294,100,21.75497818,0,21.91840172
2023/5/30 4:31,100,22.11747742,100,21.92476845,100,21.75497818,0,21.91840172
2023/5/30 4:32,100,22.11747742,100,21.92476845,100,21.65370369,0,21.91840172
2023/5/30 4:33,100,22.20428276,100,21.92476845,100,21.65370369,0,21.91840172
2023/5/30 4:34,100,22.11747742,100,21.91030121,100,21.65370369,0,21.91840172
2023/5/30 4:35,100,22.11747742,100,21.92476845,100,21.65370369,4.078456879,22.01967621
2023/5/30 4:36,100,22.11747742,100,21.92476845,100,21.75497818,18.09158134,22.01967621
2023/5/30 4:37,100,22.21875,100,22.02604294,100,21.75497818,32.36665726,22.01967621
2023/5/30 4:38,100,22.21875,100,22.02604294,100,21.85625076,47.15071106,22.01967621
2023/5/30 4:39,100,22.21875,100,22.02604294,100,21.85625076,61.7097435,22.01967621
2023/5/30 4:40,100,22.21875,100,22.02604294,100,21.85625076,76.38124847,22.01967621
2023/5/30 4:41,100,22.21875,100,22.02604294,100,21.85625076,91.0572052,22.00520706
2023/5/30 4:42,100,22.21875,100,22.02604294,100,21.85625076,100,22.00520706
2023/5/30 4:43,100,22.21875,100,22.02604294,100,21.85625076,100,22.01967621
2023/5/30 4:44,100,22.21875,100,22.02604294,100,21.85625076,76.99903107,21.91840172
2023/5/30 4:45,100,22.21875,100,21.92476845,100,21.75497818,13.39675999,21.91840172
2023/5/30 4:46,100,22.21875,100,21.92476845,100,21.65370369,0,21.91840172
2023/5/30 4:47,100,22.11747742,100,21.92476845,100,21.65370369,0,21.81712914
2023/5/30 4:48,100,22.11747742,100,21.92476845,100,21.65370369,0,21.81712914
2023/5/30 4:49,100,22.11747742,100,21.92476845,100,21.65370369,0,21.81712914
2023/5/30 4:50,100,22.11747742,100,21.92476845,100,21.65370369,0,21.81712914
2023/5/30 4:51,100,22.10301018,100,21.92476845,100,21.65370369,0,21.81712914
2023/5/30 4:52,100,22.11747742,100,21.82349586,100,21.65370369,0,21.81712914
2023/5/30 4:53,100,21.92939758,100,21.82349586,100,21.55243111,0,21.81712914
2023/5/30 4:54,100,22.11747742,100,21.82349586,100,21.65370369,0,21.81712914
2023/5/30 4:55,100,22.11747742,100,21.82349586,100,21.65370369,0,21.81712914
2023/5/30 4:56,100,22.11747742,100,21.92476845,100,21.65370369,0,21.81712914
2023/5/30 4:57,100,22.11747742,100,22.02604294,100,21.75497818,0,21.81712914
2023/5/30 4:58,100,22.11747742,100,22.02604294,100,21.85625076,0,21.81712914
2023/5/30 4:59,100,22.11747742,100,22.12731552,100,21.85625076,0,21.81712914
2023/5/30 5:00,100,22.21875,100,22.02604294,100,21.85625076,0,21.81712914
2023/5/30 5:01,100,22.21875,100,22.02604294,100,21.85625076,0,21.81712914
2023/5/30 5:02,100,22.21875,100,22.02604294,100,21.85625076,0,21.81712914
2023/5/30 5:03,100,22.21875,100,22.02604294,100,21.85625076,0,21.81712914
2023/5/30 5:04,100,22.21875,100,22.12731552,100,21.85625076,0,21.81712914
2023/5/30 5:05,100,22.11747742,100,22.12731552,100,21.85625076,0,21.81712914
2023/5/30 5:06,100,22.13194466,100,22.12731552,100,21.85625076,0,21.84606552
2023/5/30 5:07,100,22.11747742,100,22.04051018,100,21.85625076,0,21.90393448
2023/5/30 5:08,100,22.11747742,100,22.02604294,100,21.75497818,0,21.91840172
2023/5/30 5:09,100,22.11747742,100,22.02604294,100,21.75497818,0,21.91840172
2023/5/30 5:10,100,22.11747742,100,22.12731552,100,21.85625076,0,21.91840172
2023/5/30 5:11,100,22.11747742,100,22.12731552,100,21.75497818,0,21.91840172
2023/5/30 5:12,100,22.11747742,100,22.12731552,100,21.75497818,0,21.91840172
2023/5/30 5:13,100,22.11747742,100,22.02604294,100,21.75497818,0,21.91840172
2023/5/30 5:14,100,22.11747742,100,22.02604294,100,21.75497818,0,21.91840172
2023/5/30 5:15,100,22.11747742,100,22.02604294,100,21.75497818,0,21.91840172
2023/5/30 5:16,100,22.21875,100,22.02604294,100,21.85625076,0,21.91840172
2023/5/30 5:17,100,22.21875,100,22.12731552,100,21.95752335,0,21.91840172
2023/5/30 5:18,100,22.21875,100,22.12731552,100,21.95752335,0,21.91840172
2023/5/30 5:19,100,22.21875,100,22.12731552,100,21.95752335,0,21.91840172
2023/5/30 5:20,100,22.21875,100,22.12731552,100,21.94305611,0,21.90393448
2023/5/30 5:21,100,22.21875,100,22.12731552,100,21.95752335,8.335238457,22.01967621
2023/5/30 5:22,100,22.11747742,100,22.2285881,100,21.95752335,23.254179,22.00520706
2023/5/30 5:23,100,22.11747742,100,22.12731552,100,21.95752335,37.74362183,22.01967621
2023/5/30 5:24,100,22.11747742,100,22.21412086,100,21.94305611,52.14463806,22.01967621
2023/5/30 5:25,100,22.11747742,100,22.19965172,100,21.95752335,66.91390228,22.01967621
2023/5/30 5:26,100,22.01620293,100,22.2285881,100,21.95752335,81.42483521,22.01967621
2023/5/30 5:27,100,22.01620293,100,22.2285881,100,21.95752335,96.10579681,22.01967621
2023/5/30 5:28,100,22.01620293,100,22.2285881,100,21.94305611,100,22.01967621
2023/5/30 5:29,100,21.91493034,100,22.2285881,100,21.95752335,93.3757019,21.91840172
2023/5/30 5:30,100,22.01620293,100,22.12731552,100,21.95752335,28.17035675,21.91840172
2023/5/30 5:31,100,21.91493034,100,22.12731552,100,21.85625076,0,21.91840172
2023/5/30 5:32,100,21.91493034,100,22.02604294,100,21.85625076,0,21.81712914
2023/5/30 5:33,100,21.91493034,100,22.02604294,100,21.85625076,0,21.81712914
2023/5/30 5:34,100,21.91493034,100,22.02604294,100,21.84178352,0,21.81712914
2023/5/30 5:35,100,21.91493034,100,22.02604294,100,21.75497818,0,21.81712914
2023/5/30 5:36,100,21.81365776,100,22.02604294,100,21.75497818,0,21.81712914
2023/5/30 5:37,100,21.81365776,100,22.02604294,100,21.75497818,0,21.81712914
2023/5/30 5:38,100,21.828125,100,22.02604294,100,21.74051094,0,21.81712914
2023/5/30 5:39,100,21.828125,100,22.02604294,100,21.75497818,0,21.81712914
2023/5/30 5:40,100,21.91493034,100,22.02604294,100,21.75497818,0,21.81712914
2023/5/30 5:41,100,21.92939758,100,22.12731552,100,21.85625076,0,21.81712914
2023/5/30 5:42,100,21.92939758,100,22.12731552,100,21.85625076,0,21.81712914
2023/5/30 5:43,100,21.91493034,100,22.12731552,100,21.95752335,0,21.81712914
2023/5/30 5:44,100,21.828125,100,22.21412086,100,21.95752335,0,21.81712914
2023/5/30 5:45,100,21.91493034,100,22.2285881,100,21.95752335,0,21.81712914
2023/5/30 5:46,100,21.81365776,100,22.2285881,100,21.95752335,0,21.88946724
2023/5/30 5:47,100,21.91493034,100,22.2285881,100,21.94305611,0,21.91840172
2023/5/30 5:48,100,21.91493034,100,22.2285881,100,21.94305611,0,21.91840172
2023/5/30 5:49,100,21.828125,100,22.12731552,100,21.95752335,0,21.91840172
2023/5/30 5:50,100,21.828125,100,22.12731552,100,21.85625076,0,21.90393448
2023/5/30 5:51,100,21.81365776,100,22.12731552,100,21.85625076,0,21.91840172
2023/5/30 5:52,100,21.828125,100,22.12731552,100,21.85625076,0,21.91840172
2023/5/30 5:53,100,21.92939758,100,22.12731552,100,21.85625076,0,21.91840172
2023/5/30 5:54,100,21.81365776,100,22.12731552,100,21.85625076,0,21.91840172
2023/5/30 5:55,100,21.81365776,100,22.12731552,100,21.85625076,0,21.91840172
2023/5/30 5:56,100,21.828125,100,22.12731552,100,21.76944542,0,21.91840172
2023/5/30 5:57,100,21.828125,100,22.02604294,100,21.75497818,0,21.91840172
2023/5/30 5:58,100,21.72685242,100,22.02604294,100,21.75497818,0,21.91840172
2023/5/30 5:59,100,21.72685242,100,22.02604294,100,21.75497818,0,21.91840172
2023/5/30 6:00,100,21.72685242,100,22.02604294,100,21.75497818,0.241413236,22.01967621
2023/5/30 6:01,100,21.71238518,100,22.02604294,100,21.75497818,2.444854975,21.96180534
2023/5/30 6:02,100,21.72685242,100,21.92476845,100,21.75497818,16.54630852,22.01967621
2023/5/30 6:03,100,21.828125,100,22.02604294,100,21.75497818,30.65831184,22.01967621
2023/5/30 6:04,100,21.828125,100,22.09837914,100,21.85625076,8.394282341,22.01967621
2023/5/30 6:05,100,21.81365776,100,22.12731552,100,21.95752335,10.07379913,22.01967621
2023/5/30 6:06,100,21.71238518,100,22.2285881,100,21.95752335,24.81306839,22.01967621
2023/5/30 6:07,100,21.72685242,100,22.2285881,100,22.05879784,39.35541534,22.01967621
2023/5/30 6:08,100,21.81365776,100,22.2285881,100,22.05879784,54.17364883,22.01967621
2023/5/30 6:09,100,21.828125,100,22.2285881,100,22.04432869,74.01485443,22.01967621
2023/5/30 6:10,100,21.81365776,100,22.2285881,100,21.95752335,100,22.01967621
2023/5/30 6:11,100,21.828125,100,22.12731552,100,21.85625076,100,22.01967621
2023/5/30 6:12,100,21.828125,100,22.12731552,100,21.85625076,100,22.01967621
2023/5/30 6:13,100,21.828125,100,22.2285881,100,21.95752335,88.09454346,21.91840172
2023/5/30 6:14,100,21.72685242,100,22.2285881,100,21.95752335,25.35267448,21.91840172
2023/5/30 6:15,100,21.72685242,100,22.2285881,100,21.95752335,0,21.81712914
2023/5/30 6:16,100,21.71238518,100,22.2285881,100,21.95752335,0,21.81712914
2023/5/30 6:17,100,21.72685242,100,22.2285881,100,21.95752335,0,21.81712914
2023/5/30 6:18,100,21.72685242,100,22.2285881,100,21.95752335,0,21.81712914
2023/5/30 6:19,100,21.72685242,100,22.14178276,100,21.95752335,0,21.81712914
2023/5/30 6:20,100,21.71238518,100,22.12731552,100,21.95752335,0,21.81712914
2023/5/30 6:21,100,21.72685242,100,22.12731552,100,21.85625076,0,21.81712914
2023/5/30 6:22,100,21.65451431,100,22.04051018,100,21.75497818,0,21.81712914
2023/5/30 6:23,100,21.68344879,100,22.12731552,100,21.85625076,0,21.81712914
2023/5/30 6:24,100,21.71238518,100,22.12731552,100,21.85625076,0,21.81712914
2023/5/30 6:25,100,21.72685242,100,22.12731552,100,21.95752335,0,21.81712914
2023/5/30 6:26,100,21.72685242,100,22.12731552,100,21.85625076,0,21.81712914
2023/5/30 6:27,100,21.72685242,100,22.12731552,100,21.85625076,0,21.81712914
2023/5/30 6:28,100,21.71238518,100,22.12731552,100,21.95752335,0,21.81712914
2023/5/30 6:29,100,21.72685242,100,22.12731552,100,21.95752335,0,21.81712914
2023/5/30 6:30,100,21.71238518,100,22.12731552,100,21.85625076,0,21.84606552
2023/5/30 6:31,100,21.72685242,100,22.2285881,100,21.95752335,0,21.81712914
2023/5/30 6:32,100,21.72685242,100,22.2285881,100,21.95752335,0,21.91840172
2023/5/30 6:33,100,21.72685242,100,22.12731552,100,21.95752335,0,21.91840172
2023/5/30 6:34,100,21.72685242,100,22.21412086,100,21.95752335,0,21.91840172
2023/5/30 6:35,100,21.828125,100,22.31539345,100,22.05879784,0,21.91840172
2023/5/30 6:36,100,21.71238518,100,22.32986069,100,22.05879784,0,21.91840172
2023/5/30 6:37,100,21.72685242,100,22.24305534,100,22.05879784,0,21.91840172
2023/5/30 6:38,100,21.72685242,100,22.2285881,100,22.05879784,11.27488422,22.01967621
2023/5/30 6:39,100,21.72685242,100,22.32986069,100,22.05879784,25.98547173,22.01967621
2023/5/30 6:40,100,21.72685242,100,22.32986069,100,22.05879784,40.82208252,22.01967621
2023/5/30 6:41,100,21.72685242,100,22.32986069,100,21.97199059,97.26924896,22.12094879
2023/5/30 6:42,100,21.72685242,100,22.32986069,100,21.95752335,100,22.01967621
2023/5/30 6:43,100,21.72685242,100,22.2285881,100,21.95752335,100,22.00520706
2023/5/30 6:44,100,21.71238518,100,22.12731552,100,21.85625076,100,22.01967621
2023/5/30 6:45,100,21.58217621,100,22.12731552,100,21.85625076,64.67337036,21.91840172
2023/5/30 6:46,100,21.52430534,100,22.12731552,100,21.85625076,0.706237495,21.91840172
2023/5/30 6:47,100,21.68344879,100,22.12731552,100,21.85625076,0,21.90393448
2023/5/30 6:48,100,21.72685242,100,22.12731552,100,21.85625076,0,21.81712914
2023/5/30 6:49,100,21.72685242,100,22.12731552,100,21.95752335,0,21.81712914
2023/5/30 6:50,100,21.72685242,100,22.12731552,100,21.95752335,0,21.81712914
2023/5/30 6:51,100,21.71238518,100,22.12731552,100,21.95752335,0,21.81712914
2023/5/30 6:52,100,21.64004707,100,22.2285881,100,21.95752335,0,21.81712914
2023/5/30 6:53,100,21.72685242,100,22.2285881,100,21.95752335,0,21.81712914
2023/5/30 6:54,100,21.71238518,100,22.2285881,100,21.95752335,0,21.81712914
2023/5/30 6:55,100,21.5098381,100,22.2285881,100,21.95752335,0,21.81712914
2023/5/30 6:56,100,21.55323982,100,22.2285881,100,21.95752335,0,21.91840172
2023/5/30 6:57,100,21.72685242,100,22.2285881,100,22.02986145,0,21.91840172
2023/5/30 6:58,100,21.72685242,100,22.2285881,100,21.95752335,0,21.91840172
2023/5/30 6:59,100,21.72685242,100,22.2285881,100,21.95752335,0,21.91840172
2023/5/30 7:00,100,21.71238518,100,22.32986069,100,22.04432869,0,21.91840172
2023/5/30 7:01,100,21.72685242,100,22.31539345,100,22.04432869,0,21.91840172
2023/5/30 7:02,100,21.72685242,100,22.32986069,100,22.05879784,0,21.91840172
2023/5/30 7:03,100,21.52430534,100,22.32986069,100,22.05879784,0,21.91840172
2023/5/30 7:04,100,21.52430534,100,22.2285881,100,22.05879784,0,21.91840172
2023/5/30 7:05,100,21.72685242,100,22.2285881,100,22.05879784,0,21.91840172
2023/5/30 7:06,100,21.72685242,100,22.2285881,100,21.94305611,0,21.91840172
2023/5/30 7:07,100,21.72685242,100,22.12731552,100,21.95752335,0,21.91840172
2023/5/30 7:08,100,21.72685242,100,22.2285881,100,21.95752335,0,21.91840172
2023/5/30 7:09,100,21.72685242,100,22.2285881,100,21.95752335,0,21.91840172
2023/5/30 7:10,100,21.71238518,100,22.2285881,100,21.94305611,0,21.91840172
2023/5/30 7:11,100,21.72685242,100,22.2285881,100,22.05879784,0,21.91840172
2023/5/30 7:12,100,21.72685242,100,22.32986069,100,22.05879784,0,21.97627258
2023/5/30 7:13,100,21.71238518,100,22.32986069,100,22.05879784,0.893871069,22.01967621
2023/5/30 7:14,100,21.72685242,100,22.32986069,100,22.16007042,14.75071335,22.01967621
2023/5/30 7:15,100,21.72685242,100,22.32986069,100,22.05879784,28.8762722,22.01967621
2023/5/30 7:16,100,21.72685242,100,22.32986069,100,22.04432869,43.79114532,22.01967621
2023/5/30 7:17,100,21.71238518,100,22.32986069,100,22.16007042,59.35604477,22.01967621
2023/5/30 7:18,100,21.71238518,100,22.37326431,100,22.14560318,100,22.12094879
2023/5/30 7:19,100,21.72685242,100,22.43113518,100,22.16007042,100,22.12094879
2023/5/30 7:20,100,21.72685242,100,22.32986069,100,22.05879784,100,22.00520706
2023/5/30 7:21,100,21.72685242,100,22.32986069,100,22.04432869,100,22.01967621
2023/5/30 7:22,100,21.72685242,100,22.2285881,100,22.05879784,100,22.01967621
2023/5/30 7:23,100,21.5098381,100,22.2285881,100,21.94305611,38.56427765,21.91840172
2023/5/30 7:24,100,21.52430534,100,22.12731552,100,21.85625076,0,21.91840172
2023/5/30 7:25,100,21.53877258,100,22.2285881,100,21.95752335,0,21.91840172
2023/5/30 7:26,100,21.52430534,100,22.2285881,100,21.95752335,0,21.81712914
2023/5/30 7:27,100,21.52430534,100,22.2285881,100,21.94305611,0,21.81712914
2023/5/30 7:28,100,21.52430534,100,22.12731552,100,21.85625076,0,21.81712914
2023/5/30 7:29,100,21.5098381,100,22.19965172,100,21.95752335,0,21.81712914
2023/5/30 7:30,100,21.52430534,100,22.2285881,100,21.95752335,0,21.81712914
2023/5/30 7:31,100,21.52430534,100,22.2285881,100,21.95752335,0,21.81712914
2023/5/30 7:32,100,21.52430534,100,22.2285881,100,21.94305611,0,21.81712914
2023/5/30 7:33,100,21.52430534,100,22.2285881,100,21.95752335,0,21.81712914
2023/5/30 7:34,100,21.52430534,100,22.2285881,100,21.95752335,0,21.81712914
2023/5/30 7:35,100,21.52430534,100,22.15625,100,22.02986145,0,21.81712914
2023/5/30 7:36,100,21.52430534,100,22.21412086,100,21.94305611,0,21.81712914
2023/5/30 7:37,100,21.52430534,100,22.2285881,100,22.05879784,0,21.81712914
2023/5/30 7:38,100,21.72685242,100,22.2285881,100,22.04432869,0,21.81712914
2023/5/30 7:39,100,21.71238518,100,22.2285881,100,21.95752335,0,21.81712914
2023/5/30 7:40,100,21.72685242,100,22.2285881,100,21.95752335,0,21.91840172
2023/5/30 7:41,100,21.72685242,100,22.2285881,100,21.95752335,0,21.91840172
2023/5/30 7:42,100,21.72685242,100,22.2285881,100,22.05879784,0,21.91840172
2023/5/30 7:43,100,21.72685242,100,22.2285881,100,21.95752335,0,21.91840172
2023/5/30 7:44,100,21.72685242,100,22.2285881,100,21.95752335,0.420334429,22.01967621
2023/5/30 7:45,100,21.71238518,100,22.2285881,100,21.95752335,14.29963779,22.00520706
2023/5/30 7:46,100,21.69791794,100,22.2285881,100,21.95752335,29.04994202,22.01967621
2023/5/30 7:47,100,21.72685242,100,22.2285881,100,22.05879784,43.77247238,22.00520706
2023/5/30 7:48,100,21.72685242,100,22.2285881,100,21.95752335,58.3335762,22.01967621
2023/5/30 7:49,100,21.72685242,100,22.2285881,100,21.95752335,72.48291016,22.01967621
2023/5/30 7:50,100,21.72685242,100,22.2285881,100,21.95752335,87.02439117,22.01967621
2023/5/30 7:51,100,21.72685242,100,22.12731552,100,21.85625076,100,22.01967621
2023/5/30 7:52,100,21.52430534,100,22.12731552,100,21.75497818,99.98339844,22.01967621
2023/5/30 7:53,100,21.52430534,100,22.12731552,100,21.85625076,62.66985321,21.91840172
2023/5/30 7:54,100,21.40856552,100,22.12731552,100,21.85625076,0,21.91840172
2023/5/30 7:55,100,21.52430534,100,22.02604294,100,21.85625076,0,21.91840172
2023/5/30 7:56,100,21.42303276,100,22.02604294,100,21.85625076,0,21.81712914
2023/5/30 7:57,100,21.42303276,100,22.02604294,100,21.75497818,0,21.81712914
2023/5/30 7:58,100,21.42303276,100,22.02604294,100,21.85625076,0,21.81712914
2023/5/30 7:59,100,21.52430534,100,22.12731552,100,21.85625076,0,21.81712914
2023/5/30 8:00,100,21.52430534,100,22.02604294,100,21.85625076,0,21.81712914
2023/5/30 8:01,100,21.5098381,100,22.02604294,100,21.85625076,0,21.81712914
2023/5/30 8:02,100,21.52430534,100,22.02604294,100,21.85625076,0,21.81712914
2023/5/30 8:03,100,21.56770706,100,22.02604294,100,21.85625076,0,21.81712914
2023/5/30 8:04,100,21.71238518,100,22.12731552,100,21.85625076,0,21.81712914
2023/5/30 8:05,100,21.52430534,100,22.12731552,100,21.85625076,0,21.81712914
2023/5/30 8:06,100,21.52430534,100,22.11284828,100,21.95752335,0,21.81712914
2023/5/30 8:07,100,21.71238518,100,22.12731552,100,21.870718,0,21.81712914
2023/5/30 8:08,100,21.52430534,100,22.12731552,100,21.85625076,0,21.81712914
2023/5/30 8:09,100,21.52430534,100,22.12731552,100,21.85625076,0,21.81712914
2023/5/30 8:10,100,21.71238518,100,22.11284828,100,21.95752335,0,21.81712914
2023/5/30 8:11,100,21.52430534,100,22.2285881,100,21.95752335,0,21.81712914
2023/5/30 8:12,100,21.40856552,100,22.2285881,100,21.95752335,0,21.81712914
2023/5/30 8:13,100,21.52430534,100,22.2285881,100,21.95752335,0,21.81712914
2023/5/30 8:14,100,21.52430534,100,22.12731552,100,21.95752335,0,21.81712914
2023/5/30 8:15,100,21.52430534,100,22.12731552,100,21.95752335,0,21.81712914
2023/5/30 8:16,100,21.42303276,100,22.12731552,100,21.85625076,0,21.81712914
2023/5/30 8:17,100,21.42303276,100,22.11284828,100,21.85625076,0,21.81712914
2023/5/30 8:18,100,21.52430534,100,22.12731552,100,21.95752335,0,21.81712914
2023/5/30 8:19,100,21.42303276,100,22.12731552,100,21.95752335,0,21.81712914
2023/5/30 8:20,100,21.52430534,100,22.12731552,100,21.95752335,0,21.81712914
2023/5/30 8:21,100,21.52430534,100,22.21412086,100,21.95752335,0,21.81712914
2023/5/30 8:22,100,21.52430534,100,22.2285881,100,21.95752335,0,21.81712914
2023/5/30 8:23,100,21.52430534,100,22.2285881,100,22.05879784,0,21.81712914
2023/5/30 8:24,100,21.52430534,100,22.2285881,100,22.04432869,0,21.81712914
2023/5/30 8:25,100,21.72685242,100,22.2285881,100,22.05879784,0,21.81712914
2023/5/30 8:26,100,21.52430534,100,22.21412086,100,22.05879784,0,21.81712914
2023/5/30 8:27,100,21.52430534,100,22.2285881,100,22.05879784,0,21.81712914
2023/5/30 8:28,100,21.72685242,100,22.2285881,100,22.05879784,0,21.81712914
2023/5/30 8:29,100,21.72685242,100,22.32986069,100,22.05879784,0,21.81712914
2023/5/30 8:30,100,21.64004707,100,22.32986069,100,22.05879784,0,21.875
2023/5/30 8:31,100,21.72685242,100,22.32986069,100,22.16007042,0,21.91840172
2023/5/30 8:32,100,21.72685242,100,22.32986069,100,22.05879784,0,21.91840172
2023/5/30 8:33,100,21.52430534,100,22.32986069,100,22.05879784,0,21.91840172
2023/5/30 8:34,100,21.64004707,100,22.2285881,100,22.05879784,0,21.91840172
2023/5/30 8:35,100,21.72685242,100,22.2285881,100,21.95752335,0,21.91840172
2023/5/30 8:36,100,21.72685242,100,22.2285881,100,21.95752335,0,21.91840172
2023/5/30 8:37,100,21.71238518,100,22.12731552,100,21.95752335,0,21.91840172
2023/5/30 8:38,100,21.72685242,100,22.2285881,100,22.05879784,0,21.91840172
2023/5/30 8:39,100,21.52430534,100,22.2285881,100,22.04432869,0,21.90393448
2023/5/30 8:40,100,21.72685242,100,22.2285881,100,22.05879784,0,21.91840172
2023/5/30 8:41,100,21.72685242,100,22.2285881,100,22.05879784,0,21.91840172
2023/5/30 8:42,100,21.72685242,100,22.2285881,100,22.05879784,0,21.91840172
2023/5/30 8:43,100,21.71238518,100,22.2285881,100,22.04432869,12.29095459,22.01967621
2023/5/30 8:44,100,21.72685242,100,22.2285881,100,22.04432869,26.38243866,22.01967621
2023/5/30 8:45,100,21.71238518,100,22.2285881,100,22.04432869,40.73420715,22.01967621
2023/5/30 8:46,100,21.72685242,100,22.2285881,100,22.05879784,55.39494705,22.01967621
2023/5/30 8:47,100,21.71238518,100,22.2285881,100,22.05879784,70.99712372,22.10648155
2023/5/30 8:48,100,21.71238518,100,22.31539345,100,22.05879784,100,22.12094879
2023/5/30 8:49,100,21.72685242,100,22.2285881,100,22.05879784,100,22.12094879
2023/5/30 8:50,100,21.71238518,100,22.12731552,100,21.95752335,100,22.01967621
2023/5/30 8:51,100,21.71238518,100,22.17071724,100,21.95752335,100,22.01967621
2023/5/30 8:52,100,21.52430534,100,22.12731552,100,21.95752335,87.37175751,21.91840172
2023/5/30 8:53,100,21.42303276,100,22.12731552,100,21.95752335,22.59918976,21.90393448
2023/5/30 8:54,100,21.52430534,100,22.12731552,100,21.84178352,0,21.81712914
2023/5/30 8:55,100,21.42303276,100,22.02604294,100,21.84178352,0,21.81712914
2023/5/30 8:56,100,21.52430534,100,22.02604294,100,21.85625076,0,21.8026619
2023/5/30 8:57,100,21.42303276,100,22.02604294,100,21.85625076,0,21.81712914
2023/5/30 8:58,100,21.52430534,100,22.02604294,100,21.85625076,0,21.81712914
2023/5/30 8:59,100,21.42303276,100,22.02604294,100,21.84178352,0,21.61458206
2023/5/30 9:00,100,21.42303276,100,22.02604294,100,21.85625076,0,21.61458206
2023/5/30 9:01,100,21.42303276,100,22.09837914,100,21.85625076,0,21.61458206
2023/5/30 9:02,100,21.42303276,100,22.12731552,100,21.91412163,0,21.61458206
2023/5/30 9:03,100,21.42303276,100,22.12731552,100,21.85625076,0,21.61458206
2023/5/30 9:04,100,21.42303276,100,22.12731552,100,21.85625076,0,21.61458206
2023/5/30 9:05,100,21.52430534,100,22.12731552,100,21.85625076,0,21.61458206
2023/5/30 9:06,100,21.52430534,100,22.12731552,100,21.95752335,0,21.81712914
2023/5/30 9:07,100,21.52430534,100,22.12731552,100,21.95752335,0,21.8026619
2023/5/30 9:08,100,21.52430534,100,22.12731552,100,21.95752335,0,21.81712914
2023/5/30 9:09,100,21.52430534,100,22.12731552,100,22.05879784,0,21.81712914
2023/5/30 9:10,100,21.68344879,100,22.12731552,100,21.95752335,0,21.81712914
2023/5/30 9:11,100,21.52430534,100,22.2285881,100,22.05879784,0,21.81712914
2023/5/30 9:12,100,21.5098381,100,22.2285881,100,22.05879784,0,21.81712914
2023/5/30 9:13,100,21.72685242,100,22.12731552,100,22.05879784,0,21.91840172
2023/5/30 9:14,100,21.52430534,100,22.12731552,100,22.05879784,0,21.91840172
2023/5/30 9:15,100,21.52430534,100,22.12731552,100,22.05879784,0,21.91840172
2023/5/30 9:16,100,21.52430534,100,22.12731552,100,22.05879784,0,21.91840172
2023/5/30 9:17,100,21.72685242,100,22.12731552,100,21.95752335,9.663682938,22.01967621
2023/5/30 9:18,100,21.72685242,100,22.2285881,100,22.05879784,24.28010368,22.01967621
2023/5/30 9:19,100,21.72685242,100,22.17071724,100,22.05879784,38.54390717,22.01967621
2023/5/30 9:20,100,21.77025414,100,22.2285881,100,22.05879784,53.27611542,22.01967621
2023/5/30 9:21,100,21.828125,100,22.2285881,100,22.16007042,68.27120209,22.01967621
2023/5/30 9:22,100,21.81365776,100,22.2285881,100,22.16007042,92.52414703,22.01967621
2023/5/30 9:23,100,21.81365776,100,22.2285881,100,22.05879784,100,22.01967621
2023/5/30 9:24,100,21.71238518,100,22.2285881,100,22.16007042,100,22.01967621
2023/5/30 9:25,100,21.828125,100,22.2285881,100,22.05879784,100,22.01967621
2023/5/30 9:26,100,21.81365776,100,22.2285881,100,22.05879784,86.01270294,21.91840172
2023/5/30 9:27,100,21.828125,100,22.32986069,100,22.16007042,21.68637657,21.91840172
2023/5/30 9:28,100,21.828125,100,22.2285881,100,22.05879784,0,21.81712914
2023/5/30 9:29,100,21.81365776,100,22.2285881,100,22.05879784,0,21.81712914
2023/5/30 9:30,100,21.81365776,100,22.12731552,100,21.94305611,0,21.81712914
2023/5/30 9:31,100,21.81365776,100,22.2285881,100,22.05879784,0,21.81712914
2023/5/30 9:32,100,21.72685242,100,22.21412086,100,22.05879784,0,21.81712914
2023/5/30 9:33,100,21.828125,100,22.2285881,100,22.05879784,0,21.81712914
2023/5/30 9:34,100,21.72685242,100,22.32986069,100,22.16007042,0,21.81712914
2023/5/30 9:35,100,21.71238518,100,22.32986069,100,22.16007042,0,21.81712914
2023/5/30 9:36,100,21.72685242,100,22.32986069,100,22.16007042,0,21.81712914
2023/5/30 9:37,100,21.56770706,100,22.31539345,100,22.16007042,0,21.81712914
2023/5/30 9:38,100,21.72685242,100,22.32986069,100,22.24687576,0,21.81712914
2023/5/30 9:39,100,21.72685242,100,22.32986069,100,22.24687576,0,21.81712914
2023/5/30 9:40,100,21.72685242,100,22.41666794,100,22.24687576,0,21.81712914
2023/5/30 9:41,100,21.72685242,100,22.43113518,100,22.261343,0,21.91840172
2023/5/30 9:42,100,21.81365776,100,22.43113518,100,22.24687576,0,21.91840172
2023/5/30 9:43,100,21.828125,100,22.43113518,100,22.261343,0,21.91840172
2023/5/30 9:44,100,21.828125,100,22.41666794,100,22.261343,0,21.91840172
2023/5/30 9:45,100,21.81365776,100,22.43113518,100,22.24687576,0,21.91840172
2023/5/30 9:46,100,21.72685242,100,22.32986069,100,22.16007042,5.342264652,22.01967621
2023/5/30 9:47,100,21.828125,100,22.32986069,100,22.16007042,19.24668694,22.01967621
2023/5/30 9:48,100,21.828125,100,22.32986069,100,22.16007042,33.87298203,22.01967621
2023/5/30 9:49,100,21.828125,100,22.32986069,100,22.16007042,48.43808365,22.01967621
2023/5/30 9:50,100,21.828125,100,22.32986069,100,22.14560318,90.09112549,22.12094879
2023/5/30 9:51,100,21.92939758,100,22.32986069,100,22.14560318,100,22.12094879
2023/5/30 9:52,100,21.92939758,100,22.32986069,100,22.16007042,100,22.12094879
2023/5/30 9:53,100,22.01620293,100,22.2285881,100,22.16007042,100,22.12094879
2023/5/30 9:54,100,22.01620293,100,22.32986069,100,22.16007042,100,22.01967621
2023/5/30 9:55,100,22.03067207,100,22.32986069,100,22.16007042,100,22.01967621
2023/5/30 9:56,100,21.91493034,100,22.2285881,100,22.05879784,50.25321198,21.91840172
2023/5/30 9:57,100,21.92939758,100,22.2285881,100,22.05879784,0,21.91840172
2023/5/30 9:58,100,21.91493034,100,22.2285881,100,22.05879784,0,21.91840172
2023/5/30 9:59,100,21.92939758,100,22.2285881,100,22.05879784,0,21.81712914
2023/5/30 10:00,100,21.91493034,100,22.2285881,100,22.05879784,0,21.81712914
2023/5/30 10:01,100,21.91493034,100,22.32986069,100,22.16007042,0,21.81712914
2023/5/30 10:02,100,21.92939758,100,22.32986069,100,22.13113594,0,21.81712914
2023/5/30 10:03,100,22.01620293,100,22.32986069,100,22.05879784,0,21.81712914
2023/5/30 10:04,100,22.01620293,100,22.32986069,100,22.16007042,0,21.91840172
2023/5/30 10:05,100,21.91493034,100,22.32986069,100,22.16007042,0,21.91840172
2023/5/30 10:06,100,22.01620293,100,22.32986069,100,22.16007042,0,21.91840172
2023/5/30 10:07,100,22.01620293,100,22.32986069,100,22.261343,0,21.91840172
2023/5/30 10:08,100,22.01620293,100,22.32986069,100,22.16007042,0,21.91840172
2023/5/30 10:09,100,22.01620293,100,22.32986069,100,22.14560318,0,21.91840172
2023/5/30 10:10,100,22.11747742,100,22.32986069,100,22.16007042,0,21.91840172
2023/5/30 10:11,100,22.11747742,100,22.31539345,100,22.05879784,0,21.91840172
2023/5/30 10:12,100,22.11747742,100,22.2285881,100,22.05879784,1.521038413,22.17881966
2023/5/30 10:13,100,22.01620293,100,22.32986069,100,22.05879784,13.528862,22.01967621
2023/5/30 10:14,100,22.11747742,100,22.32986069,100,22.05879784,27.63892937,22.01967621
2023/5/30 10:15,100,22.11747742,100,22.32986069,100,22.16007042,42.36640549,22.01967621
2023/5/30 10:16,100,22.05960655,100,22.32986069,100,22.13113594,46.92998123,22.01967621
2023/5/30 10:17,100,22.01620293,100,22.32986069,100,22.16007042,59.11996078,22.01967621
2023/5/30 10:18,100,22.01620293,100,22.32986069,100,22.13113594,73.65855408,22.01967621
2023/5/30 10:19,100,22.01620293,100,22.32986069,100,22.05879784,76.67948914,21.9473381
2023/5/30 10:20,100,22.01620293,100,22.32986069,100,22.05879784,17.99195099,21.91840172
2023/5/30 10:21,100,22.01620293,100,22.32986069,100,22.05879784,0,21.91840172
2023/5/30 10:22,100,22.01620293,100,22.32986069,100,22.05879784,0,21.91840172
2023/5/30 10:23,100,22.01620293,100,22.32986069,100,22.05879784,0,21.91840172
2023/5/30 10:24,100,22.01620293,100,22.32986069,100,22.14560318,0,21.91840172
2023/5/30 10:25,100,21.91493034,100,22.32986069,100,22.04432869,0,21.91840172
2023/5/30 10:26,100,21.91493034,100,22.32986069,100,22.05879784,0,21.84606552
2023/5/30 10:27,100,21.91493034,100,22.32986069,100,22.05879784,0,21.81712914
2023/5/30 10:28,100,22.01620293,100,22.31539345,100,22.05879784,0,21.81712914
2023/5/30 10:29,100,22.01620293,100,22.2285881,100,22.05879784,0,21.81712914
2023/5/30 10:30,100,22.01620293,100,22.32986069,100,22.05879784,0,21.81712914
2023/5/30 10:31,100,22.01620293,100,22.2285881,100,22.05879784,0,21.81712914
2023/5/30 10:32,100,22.01620293,100,22.2285881,100,21.94305611,0,21.81712914
2023/5/30 10:33,100,22.01620293,100,22.2285881,100,22.04432869,0,21.81712914
2023/5/30 10:34,100,22.01620293,100,22.2285881,100,22.05879784,0,21.81712914
2023/5/30 10:35,100,22.01620293,100,22.2285881,100,22.05879784,0,21.81712914
2023/5/30 10:36,100,21.91493034,100,22.2285881,100,22.05879784,0,21.81712914
2023/5/30 10:37,100,21.91493034,100,22.2285881,100,22.04432869,0,21.81712914
2023/5/30 10:38,100,22.01620293,100,22.2285881,100,22.05879784,0,21.88946724
2023/5/30 10:39,100,22.01620293,100,22.2285881,100,22.05879784,0,21.91840172
2023/5/30 10:40,100,22.11747742,100,22.2285881,100,22.05879784,0,21.91840172
2023/5/30 10:41,100,22.11747742,100,22.27198982,100,22.05879784,0,21.91840172
2023/5/30 10:42,100,22.11747742,100,22.32986069,100,22.04432869,0,21.91840172
2023/5/30 10:43,100,22.18981552,100,22.31539345,100,22.05879784,0,21.91840172
2023/5/30 10:44,100,22.11747742,100,22.32986069,100,22.05879784,0,21.91840172
2023/5/30 10:45,100,22.11747742,100,22.32986069,100,22.05879784,0,21.91840172
2023/5/30 10:46,100,22.07407379,100,22.2285881,100,22.05879784,0,21.91840172
2023/5/30 10:47,100,22.11747742,100,22.32986069,100,22.05879784,0,21.90393448
2023/5/30 10:48,100,22.11747742,100,22.32986069,100,22.05879784,0,21.91840172
2023/5/30 10:49,100,22.11747742,100,22.32986069,100,22.05879784,0,21.91840172
2023/5/30 10:50,100,22.11747742,100,22.32986069,100,22.05879784,0,21.90393448
2023/5/30 10:51,100,22.11747742,100,22.32986069,100,22.13113594,0,21.91840172
2023/5/30 10:52,100,22.11747742,100,22.31539345,100,22.16007042,0,21.91840172
2023/5/30 10:53,100,22.20428276,100,22.32986069,100,22.16007042,0,21.91840172
2023/5/30 10:54,100,22.21875,100,22.43113518,100,22.16007042,7.443602562,22.01967621
2023/5/30 10:55,100,22.21875,100,22.43113518,100,22.16007042,21.96328163,22.01967621
2023/5/30 10:56,100,22.32002258,100,22.43113518,100,22.261343,36.41101074,22.01967621
2023/5/30 10:57,100,22.32002258,100,22.51794052,100,22.34814835,50.88960266,22.01967621
2023/5/30 10:58,100,22.32002258,100,22.53240776,100,22.34814835,67.81149292,22.07754707
2023/5/30 10:59,100,22.32002258,100,22.50347328,100,22.30474663,100,22.12094879
2023/5/30 11:00,100,22.32002258,100,22.43113518,100,22.261343,100,22.12094879
2023/5/30 11:01,100,22.32002258,100,22.43113518,100,22.261343,100,22.01967621
2023/5/30 11:02,100,22.32002258,100,22.40219879,100,22.24687576,100,22.01967621
2023/5/30 11:03,100,22.32002258,100,22.31539345,100,22.16007042,100,22.01967621
2023/5/30 11:04,100,22.32002258,100,22.31539345,100,22.16007042,63.21098328,21.91840172
2023/5/30 11:05,100,22.32002258,100,22.27198982,100,22.16007042,0,21.91840172
2023/5/30 11:06,100,22.21875,100,22.2285881,100,22.16007042,0,21.81712914
2023/5/30 11:07,100,22.21875,100,22.2285881,100,22.05879784,0,21.81712914
2023/5/30 11:08,100,22.21875,100,22.2285881,100,22.04432869,0,21.81712914
2023/5/30 11:09,100,22.21875,100,22.2285881,100,22.05879784,0,21.81712914
2023/5/30 11:10,100,22.18981552,100,22.2285881,100,22.16007042,0,21.81712914
2023/5/30 11:11,100,22.21875,100,22.32986069,100,22.16007042,0,21.81712914
2023/5/30 11:12,100,22.21875,100,22.32986069,100,22.16007042,0,21.81712914
2023/5/30 11:13,100,22.20428276,100,22.32986069,100,22.16007042,0,21.81712914
2023/5/30 11:14,100,22.21875,100,22.32986069,100,22.16007042,0,21.81712914
2023/5/30 11:15,100,22.21875,100,22.31539345,100,22.16007042,0,21.81712914
2023/5/30 11:16,100,22.32002258,100,22.32986069,100,22.16007042,0,21.81712914
2023/5/30 11:17,100,22.32002258,100,22.32986069,100,22.16007042,0,21.81712914
2023/5/30 11:18,100,22.32002258,100,22.32986069,100,22.16007042,0,21.81712914
2023/5/30 11:19,100,22.32002258,100,22.32986069,100,22.14560318,0,21.81712914
2023/5/30 11:20,100,22.32002258,100,22.32986069,100,22.16007042,0,21.81712914
2023/5/30 11:21,100,22.32002258,100,22.32986069,100,22.16007042,0,21.81712914
2023/5/30 11:22,100,22.32002258,100,22.32986069,100,22.14560318,0,21.81712914
2023/5/30 11:23,100,22.32002258,100,22.32986069,100,22.05879784,0,21.81712914
2023/5/30 11:24,100,22.32002258,100,22.2285881,100,22.04432869,0,21.81712914
2023/5/30 11:25,100,22.32002258,100,22.2285881,100,22.05879784,0,21.8026619
2023/5/30 11:26,100,22.32002258,100,22.2285881,100,22.04432869,0,21.81712914
2023/5/30 11:27,100,22.32002258,100,22.2285881,100,21.95752335,0,21.81712914
2023/5/30 11:28,100,22.32002258,100,22.2285881,100,22.05879784,0,21.81712914
2023/5/30 11:29,100,22.21875,100,22.21412086,100,21.95752335,0,21.81712914
2023/5/30 11:30,100,22.21875,100,22.2285881,100,21.95752335,0,21.81712914
2023/5/30 11:31,100,22.21875,100,22.2285881,100,21.94305611,0,21.81712914
2023/5/30 11:32,100,22.21875,100,22.2285881,100,21.94305611,0,21.81712914
2023/5/30 11:33,100,22.32002258,100,22.2285881,100,21.95752335,0,21.81712914
2023/5/30 11:34,100,22.21875,100,22.2285881,100,21.95752335,0,21.81712914
2023/5/30 11:35,100,22.21875,100,22.2285881,100,21.95752335,0,21.81712914
2023/5/30 11:36,100,22.21875,100,22.2285881,100,21.95752335,0,21.81712914
2023/5/30 11:37,100,22.30555534,100,22.2285881,100,21.95752335,0,21.81712914
2023/5/30 11:38,100,22.32002258,100,22.2285881,100,21.95752335,0,21.81712914
2023/5/30 11:39,100,22.32002258,100,22.2285881,100,21.95752335,0,21.81712914
2023/5/30 11:40,100,22.21875,100,22.2285881,100,21.95752335,0,21.91840172
2023/5/30 11:41,100,22.23321724,100,22.2285881,100,21.95752335,0,21.91840172
2023/5/30 11:42,100,22.32002258,100,22.12731552,100,21.85625076,0,21.91840172
2023/5/30 11:43,100,22.32002258,100,22.12731552,100,21.85625076,0,21.90393448
2023/5/30 11:44,100,22.01620293,100,22.2285881,100,21.95752335,0,21.91840172
2023/5/30 11:45,100,22.32002258,100,22.2285881,100,21.94305611,0,21.91840172
2023/5/30 11:46,100,22.32002258,100,22.2285881,100,21.95752335,0,21.91840172
2023/5/30 11:47,100,22.01620293,100,22.2285881,100,21.95752335,0,21.91840172
2023/5/30 11:48,100,22.23321724,100,22.32986069,100,22.05879784,0,21.91840172
2023/5/30 11:49,100,22.32002258,100,22.32986069,100,22.04432869,0.345199287,22.01967621
2023/5/30 11:50,100,22.32002258,100,22.32986069,100,22.05879784,8.67924881,22.01967621
2023/5/30 11:51,100,22.32002258,100,22.32986069,100,21.95752335,23.25430107,22.01967621
2023/5/30 11:52,100,22.32002258,100,22.2285881,100,21.95752335,37.83915329,22.01967621
2023/5/30 11:53,100,22.32002258,100,22.12731552,100,21.85625076,52.3534317,22.01967621
2023/5/30 11:54,100,22.32002258,100,22.12731552,100,21.85625076,66.47130585,22.01967621
2023/5/30 11:55,100,22.32002258,100,22.11284828,100,21.85625076,81.18442535,22.01967621
2023/5/30 11:56,100,22.32002258,100,22.12731552,100,21.85625076,95.89591217,22.01967621
2023/5/30 11:57,100,22.21875,100,22.12731552,100,21.85625076,100,22.01967621
2023/5/30 11:58,100,22.21875,100,22.12731552,100,21.85625076,55.06708145,21.90393448
2023/5/30 11:59,100,22.32002258,100,22.12731552,100,21.85625076,0,21.91840172
2023/5/30 12:00,100,22.21875,100,22.01157379,100,21.84178352,0,21.81712914
2023/5/30 12:01,100,22.21875,100,22.02604294,100,21.75497818,0,21.81712914
2023/5/30 12:02,100,22.21875,100,21.92476845,100,21.75497818,0,21.81712914
2023/5/30 12:03,100,22.21875,100,22.02604294,100,21.75497818,0,21.81712914
2023/5/30 12:04,100,22.21875,100,22.02604294,100,21.75497818,0,21.81712914
2023/5/30 12:05,100,22.11747742,100,22.02604294,100,21.75497818,0,21.81712914
2023/5/30 12:06,100,22.21875,100,22.02604294,100,21.75497818,0,21.81712914
2023/5/30 12:07,100,22.21875,100,22.02604294,100,21.75497818,0,21.81712914
2023/5/30 12:08,100,22.21875,100,22.02604294,100,21.75497818,0,21.81712914
2023/5/30 12:09,100,22.21875,100,22.02604294,100,21.75497818,0,21.81712914
2023/5/30 12:10,100,22.21875,100,22.02604294,100,21.75497818,0,21.81712914
2023/5/30 12:11,100,22.11747742,100,22.02604294,100,21.75497818,0,21.81712914
2023/5/30 12:12,100,22.11747742,100,22.02604294,100,21.75497818,0,21.81712914
2023/5/30 12:13,100,22.11747742,100,22.02604294,100,21.85625076,0,21.81712914
2023/5/30 12:14,100,22.11747742,100,22.02604294,100,21.85625076,0,21.81712914
2023/5/30 12:15,100,22.08854294,100,22.02604294,100,21.75497818,0,21.81712914
2023/5/30 12:16,100,22.11747742,100,22.12731552,100,21.75497818,0,21.875
2023/5/30 12:17,100,22.11747742,100,22.02604294,100,21.75497818,0,21.91840172
2023/5/30 12:18,100,22.11747742,100,22.02604294,100,21.75497818,0,21.91840172
2023/5/30 12:19,100,22.11747742,100,21.92476845,100,21.65370369,0,21.90393448
2023/5/30 12:20,100,22.10301018,100,21.92476845,100,21.55243111,0,21.91840172
2023/5/30 12:21,100,22.11747742,100,21.82349586,100,21.55243111,0,21.91840172
2023/5/30 12:22,100,22.11747742,100,21.82349586,100,21.55243111,0,21.91840172
2023/5/30 12:23,100,22.11747742,100,21.82349586,100,21.55243111,0,21.91840172
2023/5/30 12:24,100,22.11747742,100,21.82349586,100,21.55243111,0,21.91840172
2023/5/30 12:25,100,22.11747742,100,21.82349586,100,21.55243111,0,21.91840172
2023/5/30 12:26,100,22.11747742,100,21.85243034,100,21.55243111,0,21.91840172
2023/5/30 12:27,100,22.11747742,100,21.92476845,100,21.55243111,0,21.91840172
2023/5/30 12:28,100,22.11747742,100,21.92476845,100,21.55243111,0,21.91840172
2023/5/30 12:29,100,22.11747742,100,21.82349586,100,21.55243111,0,21.91840172
2023/5/30 12:30,100,22.11747742,100,21.92476845,100,21.55243111,0.004474557,21.99073982
2023/5/30 12:31,100,22.11747742,100,21.92476845,100,21.55243111,0,21.91840172
2023/5/30 12:32,100,22.11747742,100,21.92476845,100,21.55243111,0,21.91840172
2023/5/30 12:33,100,22.11747742,100,21.82349586,100,21.55243111,0,21.91840172
2023/5/30 12:34,100,22.11747742,100,21.82349586,100,21.55243111,0,21.91840172
2023/5/30 12:35,100,22.11747742,100,21.82349586,100,21.55243111,0,21.91840172
2023/5/30 12:36,100,22.11747742,100,21.82349586,100,21.45115852,0,21.91840172
2023/5/30 12:37,100,22.11747742,100,21.82349586,100,21.45115852,0,21.91840172
2023/5/30 12:38,100,22.11747742,100,21.82349586,100,21.45115852,0,21.91840172
2023/5/30 12:39,100,22.11747742,100,21.82349586,100,21.45115852,0,21.90393448
2023/5/30 12:40,100,22.11747742,100,21.73669052,100,21.45115852,0,21.91840172
2023/5/30 12:41,100,22.03067207,100,21.72222328,100,21.45115852,0,21.91840172
2023/5/30 12:42,100,22.01620293,100,21.73669052,100,21.45115852,0,21.91840172
2023/5/30 12:43,100,22.05960655,100,21.72222328,100,21.45115852,0,21.91840172
2023/5/30 12:44,100,22.11747742,100,21.73669052,100,21.45115852,0,21.91840172
2023/5/30 12:45,100,22.11747742,100,21.72222328,100,21.45115852,0,21.91840172
2023/5/30 12:46,100,22.10301018,100,21.82349586,100,21.55243111,0,21.91840172
2023/5/30 12:47,100,22.11747742,100,21.82349586,100,21.55243111,0,21.91840172
2023/5/30 12:48,100,22.11747742,100,21.92476845,100,21.55243111,0,21.91840172
2023/5/30 12:49,100,22.11747742,100,21.92476845,100,21.65370369,0.129932255,22.01967621
2023/5/30 12:50,100,22.11747742,100,21.92476845,100,21.55243111,12.10482788,22.01967621
2023/5/30 12:51,100,22.11747742,100,21.93923569,100,21.65370369,26.44742203,22.01967621
2023/5/30 12:52,100,22.11747742,100,21.92476845,100,21.65370369,41.08524323,22.01967621
2023/5/30 12:53,100,22.11747742,100,21.92476845,100,21.65370369,55.38520813,22.01967621
2023/5/30 12:54,100,22.11747742,100,21.92476845,100,21.65370369,72.56533051,22.12094879
2023/5/30 12:55,100,22.11747742,100,21.82349586,100,21.55243111,100,22.01967621
2023/5/30 12:56,100,22.11747742,100,21.82349586,100,21.55243111,100,22.01967621
2023/5/30 12:57,100,22.11747742,100,21.82349586,100,21.55243111,100,22.01967621
2023/5/30 12:58,100,22.11747742,100,21.73669052,100,21.45115852,64.78897095,21.91840172
2023/5/30 12:59,100,22.11747742,100,21.73669052,100,21.45115852,1.156103015,21.91840172
2023/5/30 13:00,100,22.11747742,100,21.72222328,100,21.45115852,0,21.81712914
2023/5/30 13:01,100,22.11747742,100,21.72222328,100,21.45115852,0,21.81712914
2023/5/30 13:02,100,22.01620293,100,21.73669052,100,21.45115852,0,21.81712914
2023/5/30 13:03,100,22.01620293,100,21.73669052,100,21.43669128,0,21.81712914
2023/5/30 13:04,100,22.01620293,100,21.72222328,100,21.45115852,0,21.81712914
2023/5/30 13:05,100,22.01620293,100,21.72222328,100,21.45115852,0,21.81712914
2023/5/30 13:06,100,22.01620293,100,21.72222328,100,21.45115852,0,21.78819466
2023/5/30 13:07,100,22.01620293,100,21.72222328,100,21.45115852,0,21.61458206
2023/5/30 13:08,100,22.11747742,100,21.72222328,100,21.45115852,0,21.61458206
2023/5/30 13:09,100,22.01620293,100,21.72222328,100,21.45115852,0,21.61458206
2023/5/30 13:10,100,22.01620293,100,21.72222328,100,21.45115852,0,21.61458206
2023/5/30 13:11,100,22.11747742,100,21.72222328,100,21.46562576,0,21.61458206
2023/5/30 13:12,100,22.11747742,100,21.82349586,100,21.55243111,0,21.61458206
2023/5/30 13:13,100,22.11747742,100,21.82349586,100,21.55243111,0,21.81712914
2023/5/30 13:14,100,22.01620293,100,21.82349586,100,21.55243111,0,21.81712914
2023/5/30 13:15,100,22.11747742,100,21.82349586,100,21.55243111,0,21.81712914
2023/5/30 13:16,100,22.01620293,100,21.80902672,100,21.45115852,0,21.81712914
2023/5/30 13:17,100,22.01620293,100,21.82349586,100,21.45115852,0,21.81712914
2023/5/30 13:18,100,22.01620293,100,21.75115776,100,21.45115852,0,21.81712914
2023/5/30 13:19,100,22.01620293,100,21.73669052,100,21.45115852,0,21.81712914
2023/5/30 13:20,100,22.01620293,100,21.73669052,100,21.45115852,0,21.81712914
2023/5/30 13:21,100,22.01620293,100,21.73669052,100,21.45115852,0,21.81712914
2023/5/30 13:22,100,22.01620293,100,21.72222328,100,21.45115852,0,21.81712914
2023/5/30 13:23,100,22.11747742,100,21.72222328,100,21.45115852,0,21.81712914
2023/5/30 13:24,100,22.01620293,100,21.72222328,100,21.45115852,0,21.81712914
2023/5/30 13:25,100,22.01620293,100,21.72222328,100,21.45115852,0,21.81712914
2023/5/30 13:26,100,22.01620293,100,21.62094879,100,21.45115852,0,21.81712914
2023/5/30 13:27,100,22.01620293,100,21.72222328,100,21.45115852,0,21.81712914
2023/5/30 13:28,100,22.10301018,100,21.73669052,100,21.45115852,0,21.81712914
2023/5/30 13:29,100,22.01620293,100,21.73669052,100,21.45115852,0,21.61458206
2023/5/30 13:30,100,22.01620293,100,21.73669052,100,21.43669128,0,21.61458206
2023/5/30 13:31,100,22.01620293,100,21.72222328,100,21.45115852,0,21.81712914
2023/5/30 13:32,100,22.11747742,100,21.82349586,100,21.52349663,0,21.81712914
2023/5/30 13:33,100,22.11747742,100,21.82349586,100,21.55243111,0,21.81712914
2023/5/30 13:34,100,22.11747742,100,21.92476845,100,21.65370369,0,21.81712914
2023/5/30 13:35,100,22.11747742,100,21.92476845,100,21.65370369,0,21.81712914
2023/5/30 13:36,100,22.11747742,100,21.92476845,100,21.71157455,0,21.81712914
2023/5/30 13:37,100,22.11747742,100,21.92476845,100,21.65370369,0,21.81712914
2023/5/30 13:38,100,22.11747742,100,21.92476845,100,21.65370369,0,21.81712914
2023/5/30 13:39,100,22.21875,100,21.92476845,100,21.66817284,0,21.81712914
2023/5/30 13:40,100,22.21875,100,22.02604294,100,21.75497818,0,21.81712914
2023/5/30 13:41,100,22.11747742,100,22.02604294,100,21.75497818,0,21.81712914
2023/5/30 13:42,100,22.11747742,100,21.92476845,100,21.65370369,0,21.81712914
2023/5/30 13:43,100,22.11747742,100,21.92476845,100,21.65370369,0,21.81712914
2023/5/30 13:44,100,22.21875,100,21.92476845,100,21.65370369,0,21.81712914
2023/5/30 13:45,100,22.21875,100,21.92476845,100,21.65370369,0,21.81712914
2023/5/30 13:46,100,22.11747742,100,21.92476845,100,21.65370369,0,21.81712914
2023/5/30 13:47,100,22.21875,100,21.92476845,100,21.65370369,0,21.81712914
2023/5/30 13:48,100,22.21875,100,21.92476845,100,21.65370369,0,21.61458206
2023/5/30 13:49,100,22.13194466,100,21.92476845,100,21.65370369,0,21.61458206
2023/5/30 13:50,100,22.11747742,100,21.92476845,100,21.65370369,0,21.61458206
2023/5/30 13:51,100,22.01620293,100,21.92476845,100,21.65370369,0,21.61458206
2023/5/30 13:52,100,22.11747742,100,21.82349586,100,21.55243111,0,21.61458206
2023/5/30 13:53,100,22.11747742,100,21.82349586,100,21.55243111,0,21.60011482
2023/5/30 13:54,100,22.11747742,100,21.82349586,100,21.55243111,0,21.61458206
2023/5/30 13:55,100,22.11747742,100,21.82349586,100,21.65370369,0,21.61458206
2023/5/30 13:56,100,22.11747742,100,21.92476845,100,21.65370369,0,21.61458206
2023/5/30 13:57,100,22.11747742,100,21.92476845,100,21.65370369,0,21.61458206
2023/5/30 13:58,100,22.11747742,100,21.92476845,100,21.65370369,0,21.61458206
2023/5/30 13:59,100,22.21875,100,21.92476845,100,21.65370369,0,21.61458206
2023/5/30 14:00,100,22.11747742,100,21.92476845,100,21.74051094,0,21.61458206
2023/5/30 14:01,100,22.11747742,100,21.92476845,100,21.75497818,0,21.61458206
2023/5/30 14:02,100,22.21875,100,21.92476845,100,21.75497818,0,21.61458206
2023/5/30 14:03,100,22.21875,100,21.92476845,100,21.75497818,0,21.61458206
2023/5/30 14:04,100,22.21875,100,21.92476845,100,21.75497818,0,21.61458206
2023/5/30 14:05,100,22.21875,100,21.92476845,100,21.75497818,0,21.61458206
2023/5/30 14:06,100,22.21875,100,22.02604294,100,21.74051094,0,21.61458206
2023/5/30 14:07,100,22.32002258,100,22.02604294,100,21.85625076,0,21.60011482
2023/5/30 14:08,100,22.21875,100,22.02604294,100,21.85625076,0,21.65798569
2023/5/30 14:09,100,22.21875,100,22.02604294,100,21.75497818,0,21.81712914
2023/5/30 14:10,100,22.21875,100,22.02604294,100,21.75497818,0,21.81712914
2023/5/30 14:11,100,22.11747742,100,22.02604294,100,21.75497818,0,21.61458206
2023/5/30 14:12,100,22.10301018,100,21.92476845,100,21.65370369,0,21.61458206
2023/5/30 14:13,100,22.11747742,100,21.92476845,100,21.65370369,0,21.61458206
2023/5/30 14:14,100,22.11747742,100,21.92476845,100,21.56689835,0,21.61458206
2023/5/30 14:15,100,22.11747742,100,21.92476845,100,21.65370369,0,21.61458206
2023/5/30 14:16,100,22.11747742,100,21.92476845,100,21.65370369,0,21.61458206
2023/5/30 14:17,100,22.11747742,100,21.92476845,100,21.65370369,0,21.61458206
2023/5/30 14:18,100,22.11747742,100,21.92476845,100,21.65370369,0,21.61458206
2023/5/30 14:19,100,22.21875,100,21.92476845,100,21.75497818,0,21.61458206
2023/5/30 14:20,100,22.21875,100,21.92476845,100,21.65370369,0,21.61458206
2023/5/30 14:21,100,22.21875,100,22.02604294,100,21.75497818,0,21.61458206
2023/5/30 14:22,100,22.21875,100,22.02604294,100,21.75497818,0,21.61458206
2023/5/30 14:23,100,22.21875,100,22.02604294,100,21.75497818,0,21.61458206
2023/5/30 14:24,100,22.21875,100,22.02604294,100,21.85625076,0,21.61458206
2023/5/30 14:25,100,22.21875,100,22.02604294,100,21.75497818,0,21.61458206
2023/5/30 14:26,100,22.21875,100,22.02604294,100,21.75497818,0,21.61458206
2023/5/30 14:27,100,22.21875,100,22.02604294,100,21.75497818,0,21.61458206
2023/5/30 14:28,100,22.32002258,100,22.02604294,100,21.75497818,0,21.61458206
2023/5/30 14:29,100,22.32002258,100,22.02604294,100,21.98645782,0,21.61458206
2023/5/30 14:30,100,22.32002258,100,22.02604294,100,21.75497818,0,21.61458206
2023/5/30 14:31,100,22.21875,100,22.12731552,100,21.85625076,0,21.68692207
2023/5/30 14:32,100,22.21875,100,22.12731552,100,21.85625076,0,21.81712914
2023/5/30 14:33,100,22.21875,100,22.02604294,100,21.85625076,0,21.81712914
2023/5/30 14:34,100,22.21875,100,22.02604294,100,21.75497818,0,21.61458206
2023/5/30 14:35,100,22.11747742,100,22.02604294,100,21.75497818,0,21.61458206
2023/5/30 14:36,100,22.21875,100,21.99710655,100,21.75497818,0,21.61458206
2023/5/30 14:37,100,22.18981552,100,21.92476845,100,21.65370369,0,21.61458206
2023/5/30 14:38,100,22.21875,100,21.92476845,100,21.75497818,0,21.61458206
2023/5/30 14:39,100,22.11747742,100,21.92476845,100,21.75497818,0,21.61458206
2023/5/30 14:40,100,22.21875,100,21.92476845,100,21.75497818,0,21.61458206
2023/5/30 14:41,100,22.11747742,100,21.92476845,100,21.75497818,0,21.61458206
2023/5/30 14:42,100,22.11747742,100,22.02604294,100,21.75497818,0,21.61458206
2023/5/30 14:43,100,22.17534828,100,22.02604294,100,21.75497818,0,21.61458206
2023/5/30 14:44,100,22.21875,100,22.02604294,100,21.85625076,0,21.61458206
2023/5/30 14:45,100,22.21875,100,22.02604294,100,21.75497818,0,21.61458206
2023/5/30 14:46,100,22.21875,100,22.02604294,100,21.75497818,0,21.61458206
2023/5/30 14:47,100,22.21875,100,22.02604294,100,21.85625076,0,21.61458206
2023/5/30 14:48,100,22.32002258,100,22.02604294,100,21.85625076,0,21.61458206
2023/5/30 14:49,100,22.32002258,100,22.12731552,100,21.95752335,0,21.61458206
2023/5/30 14:50,100,22.21875,100,22.12731552,100,21.95752335,0,21.61458206
2023/5/30 14:51,100,22.21875,100,22.12731552,100,21.91412163,0,21.61458206
2023/5/30 14:52,100,22.32002258,100,22.02604294,100,21.85625076,0,21.61458206
2023/5/30 14:53,100,22.21875,100,22.02604294,100,21.75497818,0,21.61458206
2023/5/30 14:54,100,22.32002258,100,22.02604294,100,21.75497818,0,21.61458206
2023/5/30 14:55,100,22.32002258,100,22.02604294,100,21.75497818,0,21.61458206
2023/5/30 14:56,100,22.30555534,100,21.92476845,100,21.65370369,0,21.61458206
2023/5/30 14:57,100,22.32002258,100,21.92476845,100,21.75497818,0,21.61458206
2023/5/30 14:58,100,22.23321724,100,21.92476845,100,21.75497818,0,21.61458206
2023/5/30 14:59,100,22.21875,100,22.02604294,100,21.75497818,0,21.61458206
2023/5/30 15:00,100,22.21875,100,22.02604294,100,21.75497818,0,21.61458206
2023/5/30 15:01,100,22.21875,100,21.93923569,100,21.75497818,0,21.61458206
2023/5/30 15:02,100,22.21875,100,21.92476845,100,21.7260437,0,21.61458206
2023/5/30 15:03,100,22.21875,100,21.92476845,100,21.75497818,0,21.5567131
2023/5/30 15:04,100,22.32002258,100,21.92476845,100,21.74051094,0,21.61458206
2023/5/30 15:05,100,22.32002258,100,22.02604294,100,21.7983799,0,21.61458206
2023/5/30 15:06,100,22.30555534,100,22.02604294,100,21.85625076,0,21.61458206
2023/5/30 15:07,100,22.32002258,100,22.02604294,100,21.85625076,0,21.61458206
2023/5/30 15:08,100,22.30555534,100,22.02604294,100,21.85625076,0,21.61458206
2023/5/30 15:09,100,22.32002258,100,22.02604294,100,21.85625076,0,21.61458206
2023/5/30 15:10,100,22.32002258,100,22.02604294,100,21.94305611,0,21.61458206
2023/5/30 15:11,100,22.32002258,100,22.12731552,100,21.94305611,0,21.61458206
2023/5/30 15:12,100,22.32002258,100,22.12731552,100,21.95752335,0,21.61458206
2023/5/30 15:13,100,22.32002258,100,22.12731552,100,22.05879784,0,21.61458206
2023/5/30 15:14,100,22.32002258,100,22.12731552,100,22.04432869,0,21.67245293
2023/5/30 15:15,100,22.32002258,100,22.12731552,100,21.95752335,0,21.81712914
2023/5/30 15:16,100,22.21875,100,22.21412086,100,21.95752335,0,21.81712914
2023/5/30 15:17,100,22.21875,100,22.2285881,100,21.95752335,0,21.81712914
2023/5/30 15:18,100,22.21875,100,22.12731552,100,21.85625076,0,21.81712914
2023/5/30 15:19,100,22.21875,100,22.02604294,100,21.85625076,0,21.81712914
2023/5/30 15:20,100,22.20428276,100,22.12731552,100,21.85625076,0,21.81712914
2023/5/30 15:21,100,22.21875,100,22.12731552,100,21.85625076,0,21.81712914
2023/5/30 15:22,100,22.32002258,100,22.12731552,100,21.85625076,0,21.81712914
2023/5/30 15:23,100,22.32002258,100,22.12731552,100,21.95752335,0,21.81712914
2023/5/30 15:24,100,22.21875,100,22.12731552,100,21.85625076,0,21.81712914
2023/5/30 15:25,100,22.32002258,100,22.12731552,100,21.95752335,0,21.81712914
2023/5/30 15:26,100,22.30555534,100,22.12731552,100,21.95752335,0,21.81712914
2023/5/30 15:27,100,22.21875,100,22.12731552,100,21.95752335,0,21.81712914
2023/5/30 15:28,100,22.21875,100,22.12731552,100,21.95752335,0,21.81712914
2023/5/30 15:29,100,22.32002258,100,22.12731552,100,21.85625076,0,21.81712914
2023/5/30 15:30,100,22.32002258,100,22.12731552,100,21.85625076,0,21.81712914
2023/5/30 15:31,100,22.32002258,100,22.12731552,100,21.85625076,0,21.81712914
2023/5/30 15:32,100,22.32002258,100,22.12731552,100,21.95752335,0,21.81712914
2023/5/30 15:33,100,22.32002258,100,22.2285881,100,21.95752335,0,21.81712914
2023/5/30 15:34,100,22.32002258,100,22.21412086,100,21.95752335,0,21.81712914
2023/5/30 15:35,100,22.32002258,100,22.2285881,100,21.95752335,0,21.81712914
2023/5/30 15:36,100,22.32002258,100,22.2285881,100,21.95752335,0,21.81712914
2023/5/30 15:37,100,22.01620293,100,22.2285881,100,21.95752335,0,21.81712914
2023/5/30 15:38,100,22.32002258,100,22.21412086,100,22.05879784,0,21.81712914
2023/5/30 15:39,100,22.32002258,100,22.32986069,100,22.05879784,0,21.91840172
2023/5/30 15:40,100,22.32002258,100,22.32986069,100,22.05879784,0,21.91840172
2023/5/30 15:41,100,22.32002258,100,22.24305534,100,22.05879784,0,21.91840172
2023/5/30 15:42,100,22.32002258,100,22.32986069,100,22.05879784,0,21.91840172
2023/5/30 15:43,100,22.32002258,100,22.2285881,100,21.95752335,0,21.91840172
2023/5/30 15:44,100,22.01620293,100,22.12731552,100,21.95752335,0,21.91840172
2023/5/30 15:45,100,22.32002258,100,22.12731552,100,21.85625076,0,21.91840172
2023/5/30 15:46,100,22.32002258,100,22.02604294,100,21.85625076,0,21.91840172
2023/5/30 15:47,100,22.32002258,100,22.02604294,100,21.85625076,0,21.91840172
2023/5/30 15:48,100,22.01620293,100,22.12731552,100,21.85625076,0,21.91840172
2023/5/30 15:49,100,22.01620293,100,22.12731552,100,21.85625076,0,21.91840172
2023/5/30 15:50,100,22.32002258,100,22.12731552,100,21.85625076,0,21.91840172
2023/5/30 15:51,100,22.01620293,100,22.09837914,100,21.75497818,0,21.93287086
2023/5/30 15:52,100,22.32002258,100,22.12731552,100,21.85625076,1.085314393,22.01967621
2023/5/30 15:53,100,22.01620293,100,22.12731552,100,21.85625076,3.137326479,22.01967621
2023/5/30 15:54,100,22.01620293,100,22.2285881,100,21.95752335,15.52317333,22.01967621
2023/5/30 15:55,100,22.01620293,100,22.2285881,100,22.05879784,29.95755196,22.01967621
2023/5/30 15:56,100,22.01620293,100,22.30092621,100,22.05879784,43.18622589,22.01967621
2023/5/30 15:57,100,22.32002258,100,22.32986069,100,22.05879784,57.53710556,22.00520706
2023/5/30 15:58,100,22.08854294,100,22.32986069,100,22.08773232,72.09716797,22.01967621
2023/5/30 15:59,100,22.32002258,100,22.32986069,100,22.13113594,86.65032959,22.00520706
2023/5/30 16:00,100,22.01620293,100,22.32986069,100,22.05879784,100,22.01967621
2023/5/30 16:01,100,22.01620293,100,22.32986069,100,22.05879784,100,22.01967621
2023/5/30 16:02,100,22.01620293,100,22.2285881,100,22.05879784,81.15316772,21.91840172
2023/5/30 16:03,100,22.01620293,100,22.2285881,100,21.95752335,16.70874977,21.91840172
2023/5/30 16:04,100,22.01620293,100,22.21412086,100,21.95752335,0,21.81712914
2023/5/30 16:05,100,22.32002258,100,22.12731552,100,21.95752335,0,21.81712914
2023/5/30 16:06,100,22.23321724,100,22.12731552,100,21.95752335,0,21.81712914
2023/5/30 16:07,100,22.32002258,100,22.12731552,100,21.85625076,0,21.81712914
2023/5/30 16:08,100,22.21875,100,22.12731552,100,21.92858887,0,21.81712914
2023/5/30 16:09,100,22.32002258,100,22.12731552,100,21.95752335,0,21.81712914
2023/5/30 16:10,100,22.21875,100,22.12731552,100,21.95752335,0,21.81712914
2023/5/30 16:11,100,22.21875,100,22.12731552,100,21.95752335,0,21.81712914
2023/5/30 16:12,100,22.21875,100,22.12731552,100,21.85625076,0,21.81712914
2023/5/30 16:13,100,22.21875,100,22.12731552,100,21.85625076,0,21.81712914
2023/5/30 16:14,100,22.32002258,100,22.12731552,100,21.89965248,0,21.81712914
2023/5/30 16:15,100,22.32002258,100,22.12731552,100,21.95752335,0,21.81712914
2023/5/30 16:16,100,22.32002258,100,22.2285881,100,21.95752335,0,21.81712914
2023/5/30 16:17,100,22.32002258,100,22.2285881,100,21.95752335,0,21.81712914
2023/5/30 16:18,100,22.30555534,100,22.2285881,100,21.95752335,0,21.81712914
2023/5/30 16:19,100,22.32002258,100,22.2285881,100,22.05879784,0,21.81712914
2023/5/30 16:20,100,22.32002258,100,22.28645706,100,22.05879784,0,21.81712914
2023/5/30 16:21,100,22.23321724,100,22.32986069,100,22.16007042,0,21.91840172
2023/5/30 16:22,100,22.32002258,100,22.32986069,100,22.05879784,0,21.91840172
2023/5/30 16:23,100,22.32002258,100,22.32986069,100,22.16007042,0,21.91840172
2023/5/30 16:24,100,22.21875,100,22.31539345,100,22.16007042,0,21.91840172
2023/5/30 16:25,100,22.21875,100,22.32986069,100,22.16007042,0,21.90393448
2023/5/30 16:26,100,22.21875,100,22.32986069,100,22.16007042,0,21.91840172
2023/5/30 16:27,100,22.21875,100,22.32986069,100,22.05879784,0,22.01967621
2023/5/30 16:28,100,22.21875,100,22.32986069,100,22.05879784,7.583238602,22.00520706
2023/5/30 16:29,100,22.21875,100,22.32986069,100,22.05879784,21.89944649,22.01967621
2023/5/30 16:30,100,22.21875,100,22.32986069,100,22.16007042,36.52228165,22.01967621
2023/5/30 16:31,100,22.21875,100,22.32986069,100,22.16007042,50.96056366,22.01967621
2023/5/30 16:32,100,22.21875,100,22.32986069,100,22.05879784,65.5188446,22.01967621
2023/5/30 16:33,100,22.21875,100,22.32986069,100,22.05879784,80.41737366,22.01967621
2023/5/30 16:34,100,22.11747742,100,22.32986069,100,22.05879784,94.932724,22.01967621
2023/5/30 16:35,100,22.07407379,100,22.32986069,100,22.05879784,100,22.01967621
2023/5/30 16:36,100,22.11747742,100,22.2285881,100,22.05879784,100,22.01967621
2023/5/30 16:37,100,22.11747742,100,22.2285881,100,22.05879784,82.31690216,21.91840172
2023/5/30 16:38,100,22.01620293,100,22.2285881,100,22.05879784,18.94595528,21.91840172
2023/5/30 16:39,100,22.01620293,100,22.2285881,100,22.05879784,0,21.91840172
2023/5/30 16:40,100,22.01620293,100,22.2285881,100,21.95752335,0,21.81712914
2023/5/30 16:41,100,22.01620293,100,22.2285881,100,22.05879784,0,21.81712914
2023/5/30 16:42,100,22.01620293,100,22.2285881,100,22.05879784,0,21.81712914
2023/5/30 16:43,100,22.01620293,100,22.2285881,100,22.05879784,0,21.81712914
2023/5/30 16:44,100,22.01620293,100,22.2285881,100,21.95752335,0,21.81712914
2023/5/30 16:45,100,21.91493034,100,22.2285881,100,22.05879784,0,21.81712914
2023/5/30 16:46,100,21.91493034,100,22.30092621,100,22.02986145,0,21.81712914
2023/5/30 16:47,100,21.91493034,100,22.32986069,100,22.05879784,0,21.81712914
2023/5/30 16:48,100,21.91493034,100,22.32986069,100,22.05879784,0,21.81712914
2023/5/30 16:49,100,21.92939758,100,22.2285881,100,22.05879784,0,21.81712914
2023/5/30 16:50,100,22.01620293,100,22.2285881,100,21.95752335,0,21.81712914
2023/5/30 16:51,100,22.01620293,100,22.32986069,100,22.05879784,0,21.81712914
2023/5/30 16:52,100,21.91493034,100,22.2285881,100,21.95752335,0,21.91840172
2023/5/30 16:53,100,21.91493034,100,22.2285881,100,21.95752335,0,21.90393448
2023/5/30 16:54,100,21.91493034,100,22.21412086,100,21.92858887,0,21.91840172
2023/5/30 16:55,100,21.91493034,100,22.2285881,100,21.95752335,0,21.91840172
2023/5/30 16:56,100,21.828125,100,22.2285881,100,21.95752335,0,21.91840172
2023/5/30 16:57,100,21.9004631,100,22.2285881,100,22.05879784,0,21.91840172
2023/5/30 16:58,100,21.91493034,100,22.2285881,100,22.05879784,0,21.91840172
2023/5/30 16:59,100,21.91493034,100,22.2285881,100,21.95752335,0,21.91840172
2023/5/30 17:00,100,21.91493034,100,22.21412086,100,22.05879784,0.901437879,21.99073982
2023/5/30 17:01,100,21.91493034,100,22.2285881,100,22.05879784,0,21.91840172
2023/5/30 17:02,100,21.92939758,100,22.2285881,100,21.95752335,12.72234726,22.01967621
2023/5/30 17:03,100,22.01620293,100,22.2285881,100,21.95752335,27.05251884,22.01967621
2023/5/30 17:04,100,22.01620293,100,22.19965172,100,21.95752335,41.92287827,22.01967621
2023/5/30 17:05,100,22.01620293,100,22.2285881,100,21.95752335,56.45829773,22.01967621
2023/5/30 17:06,100,21.94386482,100,22.12731552,100,21.95752335,71.15209961,22.01967621
2023/5/30 17:07,100,22.03067207,100,22.2285881,100,22.05879784,85.60813141,22.01967621
2023/5/30 17:08,100,22.11747742,100,22.2285881,100,22.05879784,100,22.00520706
2023/5/30 17:09,100,22.11747742,100,22.2285881,100,21.95752335,100,22.01967621
2023/5/30 17:10,100,22.11747742,100,22.12731552,100,21.95752335,71.73453522,21.91840172
2023/5/30 17:11,100,22.11747742,100,22.12731552,100,21.95752335,7.789620876,21.91840172
2023/5/30 17:12,100,22.11747742,100,22.12731552,100,21.91412163,0,21.91840172
2023/5/30 17:13,100,22.01620293,100,22.12731552,100,21.85625076,0,21.81712914
2023/5/30 17:14,100,22.01620293,100,22.12731552,100,21.85625076,0,21.81712914
2023/5/30 17:15,100,22.01620293,100,22.12731552,100,21.85625076,0,21.81712914
2023/5/30 17:16,100,22.01620293,100,22.12731552,100,21.95752335,0,21.81712914
2023/5/30 17:17,100,22.01620293,100,22.12731552,100,21.85625076,0,21.81712914
2023/5/30 17:18,100,22.01620293,100,22.12731552,100,21.85625076,0,21.81712914
2023/5/30 17:19,100,22.01620293,100,22.12731552,100,21.85625076,0,21.81712914
2023/5/30 17:20,100,21.95833206,100,22.12731552,100,21.85625076,0,21.81712914
2023/5/30 17:21,100,21.91493034,100,22.11284828,100,21.85625076,0,21.81712914
2023/5/30 17:22,100,21.91493034,100,22.12731552,100,21.85625076,0,21.81712914
2023/5/30 17:23,100,21.91493034,100,22.12731552,100,21.85625076,0,21.81712914
2023/5/30 17:24,100,21.91493034,100,22.02604294,100,21.75497818,0,21.81712914
2023/5/30 17:25,100,21.91493034,100,22.02604294,100,21.65370369,0,21.81712914
2023/5/30 17:26,100,21.91493034,100,22.02604294,100,21.75497818,0,21.81712914
2023/5/30 17:27,100,21.92939758,100,22.02604294,100,21.75497818,0,21.81712914
2023/5/30 17:28,100,21.91493034,100,21.92476845,100,21.65370369,0,21.81712914
2023/5/30 17:29,100,21.91493034,100,22.02604294,100,21.65370369,0,21.81712914
2023/5/30 17:30,100,21.91493034,100,22.02604294,100,21.75497818,0,21.81712914
2023/5/30 17:31,100,21.91493034,100,22.02604294,100,21.75497818,0,21.81712914
2023/5/30 17:32,100,21.92939758,100,22.02604294,100,21.75497818,0,21.81712914
2023/5/30 17:33,100,21.91493034,100,22.02604294,100,21.69710732,0,21.81712914
2023/5/30 17:34,100,21.91493034,100,22.02604294,100,21.75497818,0,21.81712914
2023/5/30 17:35,100,21.91493034,100,22.02604294,100,21.75497818,0,21.81712914
2023/5/30 17:36,100,21.91493034,100,22.02604294,100,21.75497818,0,21.81712914
2023/5/30 17:37,100,21.91493034,100,22.02604294,100,21.75497818,0,21.81712914
2023/5/30 17:38,100,21.81365776,100,21.92476845,100,21.65370369,0,21.81712914
2023/5/30 17:39,100,21.91493034,100,22.02604294,100,21.75497818,0,21.81712914
2023/5/30 17:40,100,21.91493034,100,22.02604294,100,21.75497818,0,21.81712914
2023/5/30 17:41,100,21.91493034,100,22.02604294,100,21.85625076,0,21.81712914
2023/5/30 17:42,100,21.91493034,100,22.02604294,100,21.84178352,0,21.81712914
2023/5/30 17:43,100,22.01620293,100,22.02604294,100,21.7983799,0,21.81712914
2023/5/30 17:44,100,21.91493034,100,22.12731552,100,21.85625076,0,21.81712914
2023/5/30 17:45,100,21.91493034,100,22.12731552,100,21.85625076,0,21.8026619
2023/5/30 17:46,100,22.01620293,100,22.09837914,100,21.84178352,0,21.81712914
2023/5/30 17:47,100,21.92939758,100,22.12731552,100,21.85625076,0,21.81712914
2023/5/30 17:48,100,22.01620293,100,22.12731552,100,21.85625076,0,21.91840172
2023/5/30 17:49,100,22.01620293,100,22.12731552,100,21.85625076,0,21.91840172
2023/5/30 17:50,100,22.01620293,100,22.12731552,100,21.84178352,0,21.91840172
2023/5/30 17:51,100,22.11747742,100,22.12731552,100,21.85625076,0,21.91840172
2023/5/30 17:52,100,22.01620293,100,22.12731552,100,21.95752335,0,21.91840172
2023/5/30 17:53,100,22.01620293,100,22.11284828,100,21.95752335,0,21.91840172
2023/5/30 17:54,100,22.01620293,100,22.12731552,100,21.85625076,0,21.91840172
2023/5/30 17:55,100,22.08854294,100,22.12731552,100,21.84178352,0,21.91840172
2023/5/30 17:56,100,22.01620293,100,22.12731552,100,21.85625076,0,21.91840172
2023/5/30 17:57,100,22.11747742,100,22.17071724,100,21.95752335,0,21.91840172
2023/5/30 17:58,100,22.11747742,100,22.12731552,100,21.85625076,0,21.91840172
2023/5/30 17:59,100,22.01620293,100,22.12731552,100,21.85625076,0,21.91840172
2023/5/30 18:00,100,22.11747742,100,22.12731552,100,21.75497818,0,21.91840172
2023/5/30 18:01,100,22.11747742,100,22.12731552,100,21.85625076,0.030073749,22.00520706
2023/5/30 18:02,100,22.11747742,100,22.12731552,100,21.85625076,0,21.91840172
2023/5/30 18:03,100,22.11747742,100,22.12731552,100,21.85625076,0,21.96180534
2023/5/30 18:04,100,22.11747742,100,22.12731552,100,21.85625076,3.86103034,22.01967621
2023/5/30 18:05,100,22.01620293,100,22.2285881,100,21.95752335,13.76097298,22.01967621
2023/5/30 18:06,100,22.11747742,100,22.2285881,100,21.95752335,28.42433739,22.01967621
2023/5/30 18:07,100,22.11747742,100,22.2285881,100,21.95752335,42.88291168,22.00520706
2023/5/30 18:08,100,22.11747742,100,22.2285881,100,21.95752335,52.44535828,22.01967621
2023/5/30 18:09,100,22.11747742,100,22.32986069,100,22.05879784,67.9315567,22.01967621
2023/5/30 18:10,100,22.11747742,100,22.32986069,100,22.05879784,82.47021484,22.01967621
2023/5/30 18:11,100,22.11747742,100,22.2285881,100,21.95752335,80.32272339,21.91840172
2023/5/30 18:12,100,22.11747742,100,22.2285881,100,21.95752335,20.32089806,21.91840172
2023/5/30 18:13,100,22.11747742,100,22.19965172,100,21.95752335,0,21.91840172
2023/5/30 18:14,100,22.11747742,100,22.12731552,100,21.95752335,0,21.91840172
2023/5/30 18:15,100,22.11747742,100,22.12731552,100,21.85625076,0,21.81712914
2023/5/30 18:16,100,22.11747742,100,22.12731552,100,21.88518524,0,21.81712914
2023/5/30 18:17,100,22.11747742,100,22.12731552,100,21.95752335,0,21.81712914
2023/5/30 18:18,100,22.01620293,100,22.12731552,100,21.95752335,0,21.81712914
2023/5/30 18:19,100,22.11747742,100,22.12731552,100,21.95752335,0,21.91840172
2023/5/30 18:20,100,22.11747742,100,22.2285881,100,21.95752335,0,21.91840172
2023/5/30 18:21,100,22.11747742,100,22.15625,100,21.95752335,0,21.91840172
2023/5/30 18:22,100,22.11747742,100,22.2285881,100,21.95752335,0,21.90393448
2023/5/30 18:23,100,22.21875,100,22.2285881,100,22.05879784,0,21.91840172
2023/5/30 18:24,100,22.11747742,100,22.32986069,100,22.05879784,0,21.91840172
2023/5/30 18:25,100,22.21875,100,22.32986069,100,22.04432869,0,21.91840172
2023/5/30 18:26,100,22.21875,100,22.32986069,100,22.05879784,0,21.91840172
2023/5/30 18:27,100,22.21875,100,22.32986069,100,22.04432869,0,21.91840172
2023/5/30 18:28,100,22.21875,100,22.2285881,100,22.05879784,0,21.91840172
2023/5/30 18:29,100,22.21875,100,22.2285881,100,21.95752335,0,21.91840172
2023/5/30 18:30,100,22.11747742,100,22.2285881,100,21.95752335,0,21.91840172
2023/5/30 18:31,100,22.11747742,100,22.31539345,100,22.05879784,0,21.93287086
2023/5/30 18:32,100,22.11747742,100,22.31539345,100,22.05879784,0,21.91840172
2023/5/30 18:33,100,22.11747742,100,22.2285881,100,22.05879784,0.168511063,22.01967621
2023/5/30 18:34,100,22.11747742,100,22.32986069,100,22.04432869,13.36650753,22.01967621
2023/5/30 18:35,100,22.21875,100,22.2285881,100,22.05879784,27.93260956,22.01967621
2023/5/30 18:36,100,22.21875,100,22.2285881,100,22.05879784,42.76106644,22.01967621
2023/5/30 18:37,100,22.21875,100,22.2285881,100,22.05879784,57.46212387,22.01967621
2023/5/30 18:38,100,22.21875,100,22.2285881,100,22.05879784,71.82605743,22.01967621
2023/5/30 18:39,100,22.21875,100,22.2285881,100,21.95752335,86.48216248,22.01967621
2023/5/30 18:40,100,22.11747742,100,22.21412086,100,21.94305611,99.99563599,22.00520706
2023/5/30 18:41,100,22.03067207,100,22.12731552,100,21.91412163,100,22.01967621
2023/5/30 18:42,100,22.11747742,100,22.12731552,100,21.84178352,44.73490143,21.91840172
2023/5/30 18:43,100,22.11747742,100,22.12731552,100,21.89965248,0,21.91840172
2023/5/30 18:44,100,22.01620293,100,22.02604294,100,21.85625076,0,21.81712914
2023/5/30 18:45,100,22.11747742,100,22.12731552,100,21.85625076,0,21.81712914
2023/5/30 18:46,100,22.11747742,100,22.02604294,100,21.94305611,0,21.81712914
2023/5/30 18:47,100,22.11747742,100,22.02604294,100,21.85625076,0,21.81712914
2023/5/30 18:48,100,22.11747742,100,22.02604294,100,21.75497818,0,21.81712914
2023/5/30 18:49,100,22.01620293,100,22.02604294,100,21.74051094,0,21.81712914
2023/5/30 18:50,100,22.01620293,100,22.02604294,100,21.75497818,0,21.81712914
2023/5/30 18:51,100,22.01620293,100,22.02604294,100,21.75497818,0,21.81712914
2023/5/30 18:52,100,22.11747742,100,21.93923569,100,21.65370369,0,21.81712914
2023/5/30 18:53,100,22.11747742,100,21.92476845,100,21.65370369,0,21.81712914
2023/5/30 18:54,100,22.11747742,100,21.92476845,100,21.65370369,0,21.81712914
2023/5/30 18:55,100,22.11747742,100,21.92476845,100,21.75497818,0,21.81712914
2023/5/30 18:56,100,22.11747742,100,21.92476845,100,21.65370369,0,21.81712914
2023/5/30 18:57,100,22.11747742,100,21.92476845,100,21.65370369,0,21.81712914
2023/5/30 18:58,100,22.11747742,100,22.02604294,100,21.75497818,0,21.81712914
2023/5/30 18:59,100,22.11747742,100,22.02604294,100,21.75497818,0,21.81712914
2023/5/30 19:00,100,22.11747742,100,21.92476845,100,21.65370369,0,21.81712914
2023/5/30 19:01,100,22.11747742,100,21.92476845,100,21.75497818,0,21.81712914
2023/5/30 19:02,100,22.11747742,100,22.02604294,100,21.75497818,0,21.88946724
2023/5/30 19:03,100,22.11747742,100,22.02604294,100,21.85625076,0,21.91840172
2023/5/30 19:04,100,22.11747742,100,22.01157379,100,21.85625076,0,21.90393448
2023/5/30 19:05,100,22.11747742,100,22.02604294,100,21.85625076,0,21.91840172
2023/5/30 19:06,100,22.11747742,100,22.02604294,100,21.85625076,0,21.91840172
2023/5/30 19:07,100,22.01620293,100,22.02604294,100,21.85625076,0,21.91840172
2023/5/30 19:08,100,22.11747742,100,22.02604294,100,21.85625076,0,21.91840172
2023/5/30 19:09,100,22.10301018,100,22.02604294,100,21.85625076,0,21.91840172
2023/5/30 19:10,100,22.11747742,100,22.02604294,100,21.85625076,1.470885873,22.01967621
2023/5/30 19:11,100,22.11747742,100,22.02604294,100,21.85625076,16.23281479,22.01967621
2023/5/30 19:12,100,22.11747742,100,22.02604294,100,21.85625076,30.56912041,22.01967621
2023/5/30 19:13,100,22.20428276,100,22.12731552,100,21.85625076,45.36995697,22.01967621
2023/5/30 19:14,100,22.11747742,100,22.12731552,100,21.85625076,59.85787582,22.01967621
2023/5/30 19:15,100,22.10301018,100,22.12731552,100,21.85625076,74.45459747,22.01967621
2023/5/30 19:16,100,22.01620293,100,22.12731552,100,21.85625076,88.82107544,22.01967621
2023/5/30 19:17,100,22.11747742,100,22.02604294,100,21.75497818,100,22.01967621
2023/5/30 19:18,100,22.11747742,100,22.02604294,100,21.75497818,84.96627808,21.91840172
2023/5/30 19:19,100,22.11747742,100,22.02604294,100,21.75497818,19.94727135,21.91840172
2023/5/30 19:20,100,22.01620293,100,22.02604294,100,21.75497818,0,21.81712914
2023/5/30 19:21,100,22.11747742,100,21.92476845,100,21.75497818,0,21.81712914
2023/5/30 19:22,100,22.01620293,100,21.92476845,100,21.75497818,0,21.81712914
2023/5/30 19:23,100,22.01620293,100,21.98263931,100,21.75497818,0,21.81712914
2023/5/30 19:24,100,21.92939758,100,22.02604294,100,21.85625076,0,21.81712914
2023/5/30 19:25,100,21.92939758,100,22.01157379,100,21.75497818,0,21.81712914
2023/5/30 19:26,100,21.91493034,100,22.02604294,100,21.75497818,0,21.81712914
2023/5/30 19:27,100,21.9004631,100,22.02604294,100,21.75497818,0,21.81712914
2023/5/30 19:28,100,21.92939758,100,22.02604294,100,21.75497818,0,21.81712914
2023/5/30 19:29,100,22.01620293,100,22.02604294,100,21.82731628,0,21.81712914
2023/5/30 19:30,100,22.01620293,100,22.02604294,100,21.75497818,0,21.81712914
2023/5/30 19:31,100,22.01620293,100,22.0839119,100,21.85625076,0,21.81712914
2023/5/30 19:32,100,22.01620293,100,22.12731552,100,21.85625076,0,21.81712914
2023/5/30 19:33,100,22.01620293,100,22.12731552,100,21.85625076,0,21.81712914
2023/5/30 19:34,100,22.04513931,100,22.12731552,100,21.85625076,0,21.81712914
2023/5/30 19:35,100,22.11747742,100,22.12731552,100,21.85625076,0,21.81712914
2023/5/30 19:36,100,22.01620293,100,22.12731552,100,21.85625076,0,21.81712914
2023/5/30 19:37,100,22.01620293,100,22.12731552,100,21.85625076,0,21.81712914
2023/5/30 19:38,100,22.01620293,100,22.02604294,100,21.85625076,0,21.81712914
2023/5/30 19:39,100,22.01620293,100,22.01157379,100,21.75497818,0,21.81712914
2023/5/30 19:40,100,22.01620293,100,22.02604294,100,21.75497818,0,21.81712914
2023/5/30 19:41,100,22.01620293,100,22.02604294,100,21.85625076,0,21.81712914
2023/5/30 19:42,100,22.01620293,100,22.02604294,100,21.85625076,0,21.91840172
2023/5/30 19:43,100,22.01620293,100,22.12731552,100,21.85625076,0,21.91840172
2023/5/30 19:44,100,22.01620293,100,22.12731552,100,21.85625076,0,21.91840172
2023/5/30 19:45,100,22.01620293,100,22.02604294,100,21.85625076,0,21.91840172
2023/5/30 19:46,100,22.11747742,100,22.12731552,100,21.85625076,0,21.91840172
2023/5/30 19:47,100,22.01620293,100,22.12731552,100,21.85625076,0,21.91840172
2023/5/30 19:48,100,22.01620293,100,22.12731552,100,21.85625076,0,21.91840172
2023/5/30 19:49,100,22.01620293,100,22.12731552,100,21.85625076,0,21.91840172
2023/5/30 19:50,100,22.01620293,100,22.12731552,100,21.85625076,0,21.91840172
2023/5/30 19:51,100,22.01620293,100,22.12731552,100,21.85625076,0,21.91840172
2023/5/30 19:52,100,22.01620293,100,22.12731552,100,21.85625076,0,21.91840172
2023/5/30 19:53,100,22.01620293,100,22.12731552,100,21.85625076,0,21.91840172
2023/5/30 19:54,100,22.11747742,100,22.12731552,100,21.95752335,1.814937234,22.01967621
2023/5/30 19:55,100,22.11747742,100,22.12731552,100,21.95752335,16.43542862,22.01967621
2023/5/30 19:56,100,22.11747742,100,22.12731552,100,21.95752335,30.96394348,22.01967621
2023/5/30 19:57,100,22.10301018,100,22.11284828,100,21.85625076,45.82208252,22.01967621
2023/5/30 19:58,100,22.11747742,100,22.12731552,100,21.85625076,60.27138138,22.01967621
2023/5/30 19:59,100,22.21875,100,22.12731552,100,21.85625076,74.46733856,22.01967621
2023/5/30 20:00,100,22.11747742,100,22.2285881,100,21.95752335,89.23094177,22.00520706
2023/5/30 20:01,100,22.11747742,100,22.12731552,100,21.85625076,100,22.01967621
2023/5/30 20:02,100,22.11747742,100,22.12731552,100,21.85625076,67.3326416,21.91840172
2023/5/30 20:03,100,22.11747742,100,22.12731552,100,21.85625076,3.288728476,21.91840172
2023/5/30 20:04,100,22.11747742,100,22.12731552,100,21.85625076,0,21.91840172
2023/5/30 20:05,100,22.11747742,100,22.12731552,100,21.95752335,0,21.81712914
2023/5/30 20:06,100,22.11747742,100,22.18518448,100,21.95752335,0,21.81712914
2023/5/30 20:07,100,22.11747742,100,22.2285881,100,21.95752335,0,21.81712914
2023/5/30 20:08,100,22.11747742,100,22.2285881,100,21.95752335,0,21.81712914
2023/5/30 20:09,100,22.01620293,100,22.19965172,100,21.95752335,0,21.81712914
2023/5/30 20:10,100,22.01620293,100,22.12731552,100,21.85625076,0,21.81712914
2023/5/30 20:11,100,22.10301018,100,22.12731552,100,21.85625076,0,21.81712914
2023/5/30 20:12,100,22.11747742,100,22.12731552,100,21.85625076,0,21.81712914
2023/5/30 20:13,100,22.21875,100,22.12731552,100,21.85625076,0,21.81712914
2023/5/30 20:14,100,22.11747742,100,22.12731552,100,21.85625076,0,21.81712914
2023/5/30 20:15,100,22.11747742,100,22.12731552,100,21.85625076,0,21.81712914
2023/5/30 20:16,100,22.11747742,100,22.12731552,100,21.89965248,0,21.81712914
2023/5/30 20:17,100,22.11747742,100,22.12731552,100,21.94305611,0,21.81712914
2023/5/30 20:18,100,22.11747742,100,22.2285881,100,21.95752335,0,21.81712914
2023/5/30 20:19,100,22.11747742,100,22.2285881,100,21.95752335,0,21.83159828
2023/5/30 20:20,100,22.11747742,100,22.2285881,100,21.95752335,0,21.81712914
2023/5/30 20:21,100,22.21875,100,22.17071724,100,21.95752335,0,21.81712914
2023/5/30 20:22,100,22.11747742,100,22.2285881,100,21.94305611,0,21.91840172
2023/5/30 20:23,100,22.11747742,100,22.2285881,100,21.95752335,0,21.91840172
2023/5/30 20:24,100,22.11747742,100,22.21412086,100,21.95752335,0,21.91840172
2023/5/30 20:25,100,22.11747742,100,22.2285881,100,21.95752335,0,21.91840172
2023/5/30 20:26,100,22.11747742,100,22.2285881,100,21.95752335,0,21.91840172
2023/5/30 20:27,100,22.21875,100,22.32986069,100,22.05879784,0,21.91840172
2023/5/30 20:28,100,22.21875,100,22.32986069,100,22.04432869,0,21.91840172
2023/5/30 20:29,100,22.21875,100,22.31539345,100,22.05879784,0,21.91840172
2023/5/30 20:30,100,22.21875,100,22.32986069,100,21.95752335,0,21.91840172
2023/5/30 20:31,100,22.21875,100,22.2285881,100,21.95752335,0,21.91840172
2023/5/30 20:32,100,22.11747742,100,22.2285881,100,22.04432869,0,21.91840172
2023/5/30 20:33,100,22.11747742,100,22.21412086,100,21.95752335,0,21.90393448
2023/5/30 20:34,100,22.11747742,100,22.2285881,100,21.95752335,0.848539889,21.97627258
2023/5/30 20:35,100,22.21875,100,22.2285881,100,21.95752335,15.24026966,22.01967621
2023/5/30 20:36,100,22.21875,100,22.2285881,100,21.95752335,29.75691032,22.00520706
2023/5/30 20:37,100,22.21875,100,22.15625,100,21.95752335,44.07733917,22.01967621
2023/5/30 20:38,100,22.21875,100,22.2285881,100,21.95752335,58.5004921,22.01967621
2023/5/30 20:39,100,22.11747742,100,22.2285881,100,21.95752335,73.3267746,22.01967621
2023/5/30 20:40,100,22.21875,100,22.2285881,100,21.95752335,87.82521057,22.01967621
2023/5/30 20:41,100,22.32002258,100,22.2285881,100,21.95752335,97.42936707,22.01967621
2023/5/30 20:42,100,22.21875,100,22.2285881,100,21.94305611,35.09477997,21.91840172
2023/5/30 20:43,100,22.21875,100,22.12731552,100,21.85625076,0,21.91840172
2023/5/30 20:44,100,22.21875,100,22.12731552,100,21.85625076,0,21.91840172
2023/5/30 20:45,100,22.21875,100,22.12731552,100,21.85625076,0,21.91840172
2023/5/30 20:46,100,22.11747742,100,22.12731552,100,21.85625076,0,21.81712914
2023/5/30 20:47,100,22.11747742,100,22.02604294,100,21.85625076,0,21.81712914
2023/5/30 20:48,100,22.21875,100,22.12731552,100,21.85625076,0,21.81712914
2023/5/30 20:49,100,22.11747742,100,22.12731552,100,21.85625076,0,21.81712914
2023/5/30 20:50,100,22.10301018,100,22.12731552,100,21.85625076,0,21.81712914
2023/5/30 20:51,100,22.11747742,100,22.12731552,100,21.85625076,0,21.91840172
2023/5/30 20:52,100,22.11747742,100,22.12731552,100,21.85625076,0,21.91840172
2023/5/30 20:53,100,22.21875,100,22.2285881,100,21.85625076,0,21.91840172
2023/5/30 20:54,100,22.21875,100,22.12731552,100,21.85625076,0,21.91840172
2023/5/30 20:55,100,22.21875,100,22.12731552,100,21.85625076,0,21.91840172
2023/5/30 20:56,100,22.11747742,100,22.12731552,100,21.85625076,0,21.91840172
2023/5/30 20:57,100,22.21875,100,22.12731552,100,21.95752335,0,21.91840172
2023/5/30 20:58,100,22.1464119,100,22.2285881,100,22.05879784,0,21.91840172
2023/5/30 20:59,100,22.11747742,100,22.2285881,100,22.05879784,0,21.91840172
2023/5/30 21:00,100,22.11747742,100,22.28645706,100,22.05879784,0,21.91840172
2023/5/30 21:01,100,22.21875,100,22.2285881,100,22.05879784,0,21.91840172
2023/5/30 21:02,100,22.21875,100,22.2285881,100,22.05879784,0,21.91840172
2023/5/30 21:03,100,22.21875,100,22.2285881,100,22.05879784,0,21.91840172
2023/5/30 21:04,100,22.32002258,100,22.2285881,100,22.05879784,0,21.91840172
2023/5/30 21:05,100,22.21875,100,22.21412086,100,21.95752335,0,21.91840172
2023/5/30 21:06,100,22.21875,100,22.2285881,100,21.95752335,0,21.9473381
2023/5/30 21:07,100,22.21875,100,22.2285881,100,21.95752335,0,21.91840172
2023/5/30 21:08,100,22.21875,100,22.12731552,100,21.85625076,0.238232538,22.01967621
2023/5/30 21:09,100,22.11747742,100,22.12731552,100,21.85625076,12.85806274,22.00520706
2023/5/30 21:10,100,22.10301018,100,22.2285881,100,21.95752335,27.54224586,22.01967621
2023/5/30 21:11,100,22.11747742,100,22.2285881,100,22.04432869,42.06097794,22.01967621
2023/5/30 21:12,100,22.11747742,100,22.2285881,100,21.95752335,56.76508331,22.01967621
2023/5/30 21:13,100,22.21875,100,22.32986069,100,22.05879784,71.33074951,22.01967621
2023/5/30 21:14,100,22.21875,100,22.2285881,100,22.05879784,85.93762207,22.01967621
2023/5/30 21:15,100,22.21875,100,22.2285881,100,21.95752335,100,22.01967621
2023/5/30 21:16,100,22.11747742,100,22.2285881,100,21.95752335,100,22.01967621
2023/5/30 21:17,100,22.11747742,100,22.2285881,100,21.95752335,68.5535965,21.91840172
2023/5/30 21:18,100,22.21875,100,22.12731552,100,21.95752335,3.607852459,21.91840172
2023/5/30 21:19,100,22.11747742,100,22.12731552,100,21.95752335,0,21.81712914
2023/5/30 21:20,100,22.11747742,100,22.12731552,100,21.95752335,0,21.81712914
2023/5/30 21:21,100,22.11747742,100,22.12731552,100,21.95752335,0,21.81712914
2023/5/30 21:22,100,22.16087914,100,22.12731552,100,21.95752335,0,21.81712914
2023/5/30 21:23,100,22.11747742,100,22.21412086,100,21.95752335,0,21.81712914
2023/5/30 21:24,100,22.11747742,100,22.2285881,100,21.95752335,0,21.81712914
2023/5/30 21:25,100,22.11747742,100,22.2285881,100,21.95752335,0,21.81712914
2023/5/30 21:26,100,22.11747742,100,22.12731552,100,21.85625076,0,21.81712914
2023/5/30 21:27,100,22.11747742,100,22.02604294,100,21.85625076,0,21.81712914
2023/5/30 21:28,100,22.10301018,100,22.02604294,100,21.75497818,0,21.81712914
2023/5/30 21:29,100,22.11747742,100,21.92476845,100,21.75497818,0,21.81712914
2023/5/30 21:30,100,22.11747742,100,21.92476845,100,21.75497818,0,21.81712914
2023/5/30 21:31,100,22.01620293,100,21.92476845,100,21.66817284,0,21.81712914
2023/5/30 21:32,100,22.11747742,100,21.92476845,100,21.65370369,0,21.81712914
2023/5/30 21:33,100,22.11747742,100,21.92476845,100,21.65370369,0,21.8026619
2023/5/30 21:34,100,22.1464119,100,21.92476845,100,21.65370369,0,21.81712914
2023/5/30 21:35,100,22.11747742,100,21.92476845,100,21.65370369,0,21.88946724
2023/5/30 21:36,100,22.11747742,100,21.92476845,100,21.65370369,0,21.90393448
2023/5/30 21:37,100,22.11747742,100,21.92476845,100,21.65370369,0,21.91840172
2023/5/30 21:38,100,22.11747742,100,21.92476845,100,21.74051094,0,21.91840172
2023/5/30 21:39,100,22.11747742,100,21.93923569,100,21.75497818,0,21.91840172
2023/5/30 21:40,100,22.11747742,100,21.92476845,100,21.75497818,0,21.91840172
2023/5/30 21:41,100,22.1464119,100,21.92476845,100,21.75497818,0,21.91840172
2023/5/30 21:42,100,22.11747742,100,22.02604294,100,21.75497818,0,21.91840172
2023/5/30 21:43,100,22.11747742,100,22.01157379,100,21.75497818,3.499034643,22.01967621
2023/5/30 21:44,100,22.11747742,100,21.92476845,100,21.75497818,11.21456337,22.01967621
2023/5/30 21:45,100,22.11747742,100,21.92476845,100,21.65370369,0,21.91840172
2023/5/30 21:46,100,22.11747742,100,21.92476845,100,21.75497818,0,21.91840172
2023/5/30 21:47,100,22.11747742,100,21.92476845,100,21.65370369,0,21.91840172
2023/5/30 21:48,100,22.11747742,100,21.82349586,100,21.65370369,0,21.91840172
2023/5/30 21:49,100,22.11747742,100,21.92476845,100,21.65370369,0,21.91840172
2023/5/30 21:50,100,22.11747742,100,21.92476845,100,21.65370369,0,21.91840172
2023/5/30 21:51,100,22.11747742,100,21.92476845,100,21.75497818,6.05136013,22.00520706
2023/5/30 21:52,100,22.11747742,100,21.92476845,100,21.65370369,20.04074478,22.01967621
2023/5/30 21:53,100,22.11747742,100,21.92476845,100,21.65370369,34.41875839,22.01967621
2023/5/30 21:54,100,22.11747742,100,21.91030121,100,21.65370369,49.20288849,22.01967621
2023/5/30 21:55,100,22.11747742,100,21.82349586,100,21.55243111,63.64640045,22.01967621
2023/5/30 21:56,100,22.11747742,100,21.82349586,100,21.65370369,78.17073059,22.01967621
2023/5/30 21:57,100,22.11747742,100,21.82349586,100,21.55243111,90.91172028,21.91840172
2023/5/30 21:58,100,22.01620293,100,21.73669052,100,21.45115852,26.4218998,21.91840172
2023/5/30 21:59,100,22.11747742,100,21.72222328,100,21.45115852,0,21.91840172
2023/5/30 22:00,100,22.11747742,100,21.72222328,100,21.55243111,0,21.91840172
2023/5/30 22:01,100,22.11747742,100,21.72222328,100,21.45115852,0,21.88946724
2023/5/30 22:02,100,22.11747742,100,21.72222328,100,21.55243111,0,21.81712914
2023/5/30 22:03,100,22.11747742,100,21.73669052,100,21.55243111,0,21.81712914
2023/5/30 22:04,100,22.11747742,100,21.73669052,100,21.55243111,0,21.81712914
2023/5/30 22:05,100,22.01620293,100,21.72222328,100,21.45115852,0,21.81712914
2023/5/30 22:06,100,22.01620293,100,21.73669052,100,21.45115852,0,21.81712914
2023/5/30 22:07,100,22.01620293,100,21.72222328,100,21.55243111,0,21.81712914
2023/5/30 22:08,100,22.01620293,100,21.73669052,100,21.55243111,0,21.81712914
2023/5/30 22:09,100,22.01620293,100,21.72222328,100,21.55243111,0,21.81712914
2023/5/30 22:10,100,22.01620293,100,21.78009224,100,21.55243111,0,21.81712914
2023/5/30 22:11,100,22.01620293,100,21.73669052,100,21.55243111,0,21.81712914
2023/5/30 22:12,100,22.04513931,100,21.72222328,100,21.55243111,0,21.81712914
2023/5/30 22:13,100,22.01620293,100,21.73669052,100,21.55243111,0,21.81712914
2023/5/30 22:14,100,22.01620293,100,21.73669052,100,21.55243111,0,21.81712914
2023/5/30 22:15,100,22.01620293,100,21.72222328,100,21.55243111,0,21.81712914
2023/5/30 22:16,100,22.01620293,100,21.72222328,100,21.55243111,0,21.81712914
2023/5/30 22:17,100,22.11747742,100,21.72222328,100,21.55243111,0,21.81712914
2023/5/30 22:18,100,22.11747742,100,21.73669052,100,21.55243111,0,21.81712914
2023/5/30 22:19,100,22.11747742,100,21.73669052,100,21.55243111,0,21.81712914
2023/5/30 22:20,100,22.01620293,100,21.72222328,100,21.55243111,0,21.81712914
2023/5/30 22:21,100,22.11747742,100,21.72222328,100,21.55243111,0,21.81712914
2023/5/30 22:22,100,22.11747742,100,21.73669052,100,21.55243111,0,21.81712914
2023/5/30 22:23,100,22.11747742,100,21.73669052,100,21.45115852,0,21.81712914
2023/5/30 22:24,100,22.01620293,100,21.73669052,100,21.55243111,0,21.81712914
2023/5/30 22:25,100,22.01620293,100,21.73669052,100,21.55243111,0,21.81712914
2023/5/30 22:26,100,22.01620293,100,21.72222328,100,21.45115852,0,21.81712914
2023/5/30 22:27,100,22.01620293,100,21.72222328,100,21.45115852,0,21.81712914
2023/5/30 22:28,100,22.01620293,100,21.72222328,100,21.45115852,0,21.81712914
2023/5/30 22:29,100,22.11747742,100,21.63541794,100,21.45115852,0,21.81712914
2023/5/30 22:30,100,22.11747742,100,21.63541794,100,21.45115852,0,21.81712914
2023/5/30 22:31,100,22.11747742,100,21.53414345,100,21.45115852,0,21.81712914
2023/5/30 22:32,100,22.11747742,100,21.51967621,100,21.45115852,0,21.81712914
2023/5/30 22:33,100,22.11747742,100,21.53414345,100,21.45115852,0,21.81712914
2023/5/30 22:34,100,22.11747742,100,21.51967621,100,21.45115852,0,21.81712914
2023/5/30 22:35,100,22.11747742,100,21.51967621,100,21.43669128,0,21.81712914
2023/5/30 22:36,100,22.11747742,100,21.63541794,100,21.45115852,0,21.81712914
2023/5/30 22:37,100,22.11747742,100,21.63541794,100,21.45115852,0,21.81712914
2023/5/30 22:38,100,22.11747742,100,21.63541794,100,21.45115852,0,21.81712914
2023/5/30 22:39,100,22.11747742,100,21.63541794,100,21.45115852,0,21.81712914
2023/5/30 22:40,100,22.11747742,100,21.63541794,100,21.43669128,0,21.81712914
2023/5/30 22:41,100,22.11747742,100,21.63541794,100,21.45115852,0,21.81712914
2023/5/30 22:42,100,22.11747742,100,21.72222328,100,21.55243111,0,21.81712914
2023/5/30 22:43,100,22.11747742,100,21.72222328,100,21.55243111,0,21.81712914
2023/5/30 22:44,100,22.11747742,100,21.73669052,100,21.55243111,0,21.81712914
2023/5/30 22:45,100,22.11747742,100,21.72222328,100,21.55243111,0,21.81712914
2023/5/30 22:46,100,22.11747742,100,21.63541794,100,21.45115852,0,21.81712914
2023/5/30 22:47,100,22.11747742,100,21.63541794,100,21.45115852,0,21.81712914
2023/5/30 22:48,100,22.10301018,100,21.51967621,100,21.45115852,0,21.81712914
2023/5/30 22:49,100,22.21875,100,21.53414345,100,21.45115852,0,21.81712914
2023/5/30 22:50,100,22.21875,100,21.51967621,100,21.45115852,0,21.81712914
2023/5/30 22:51,100,22.11747742,100,21.53414345,100,21.45115852,0,21.81712914
2023/5/30 22:52,100,22.21875,100,21.51967621,100,21.45115852,0,21.81712914
2023/5/30 22:53,100,22.11747742,100,21.51967621,100,21.45115852,0,21.81712914
2023/5/30 22:54,100,22.11747742,100,21.51967621,100,21.45115852,0,21.81712914
2023/5/30 22:55,100,22.21875,100,21.53414345,100,21.45115852,0,21.81712914
2023/5/30 22:56,100,22.21875,100,21.53414345,100,21.45115852,0,21.81712914
2023/5/30 22:57,100,22.11747742,100,21.53414345,100,21.45115852,0,21.81712914
2023/5/30 22:58,100,22.1464119,100,21.51967621,100,21.45115852,0,21.81712914
2023/5/30 22:59,100,22.11747742,100,21.43287086,100,21.34988594,0,21.81712914
2023/5/30 23:00,100,22.11747742,100,21.43287086,100,21.34988594,0,21.81712914
2023/5/30 23:01,100,22.11747742,100,21.43287086,100,21.34988594,0,21.81712914
2023/5/30 23:02,100,22.11747742,100,21.43287086,100,21.34988594,0,21.81712914
2023/5/30 23:03,100,22.20428276,100,21.43287086,100,21.26307869,0,21.91840172
2023/5/30 23:04,100,22.11747742,100,21.41840172,100,21.26307869,0,21.91840172
2023/5/30 23:05,100,22.13194466,100,21.43287086,100,21.26307869,0,21.91840172
2023/5/30 23:06,100,22.21875,100,21.43287086,100,21.26307869,0,21.91840172
2023/5/30 23:07,100,22.18981552,100,21.43287086,100,21.26307869,0,21.91840172
2023/5/30 23:08,100,22.20428276,100,21.43287086,100,21.26307869,0,21.91840172
2023/5/30 23:09,100,22.11747742,100,21.33159828,100,21.24861145,0,21.91840172
2023/5/30 23:10,100,22.11747742,100,21.33159828,100,21.24861145,0,21.90393448
2023/5/30 23:11,100,22.11747742,100,21.33159828,100,21.14733887,0,21.91840172
2023/5/30 23:12,100,22.11747742,100,21.33159828,100,21.14733887,4.173710823,22.01967621
2023/5/30 23:13,100,22.11747742,100,21.33159828,100,21.16180611,18.59405518,22.01967621
2023/5/30 23:14,100,22.11747742,100,21.33159828,100,21.26307869,27.73961449,21.93287086
2023/5/30 23:15,100,22.11747742,100,21.33159828,100,21.26307869,38.87476349,22.01967621
2023/5/30 23:16,100,22.21875,100,21.33159828,100,21.14733887,32.97371674,21.91840172
2023/5/30 23:17,100,22.10301018,100,21.33159828,100,21.14733887,0,21.91840172
2023/5/30 23:18,100,22.21875,100,21.33159828,100,21.14733887,0,21.91840172
2023/5/30 23:19,100,22.11747742,100,21.43287086,100,21.26307869,0,21.91840172
2023/5/30 23:20,100,22.11747742,100,21.43287086,100,21.26307869,0,21.91840172
2023/5/30 23:21,100,22.11747742,100,21.43287086,100,21.26307869,0,21.91840172
2023/5/30 23:22,100,22.11747742,100,21.33159828,100,21.26307869,0,21.91840172
2023/5/30 23:23,100,22.21875,100,21.375,100,21.24861145,0,21.91840172
2023/5/30 23:24,100,22.11747742,100,21.43287086,100,21.26307869,0,21.91840172
2023/5/30 23:25,100,22.11747742,100,21.43287086,100,21.26307869,0,21.91840172
2023/5/30 23:26,100,22.11747742,100,21.41840172,100,21.24861145,0,21.91840172
2023/5/30 23:27,100,22.16087914,100,21.43287086,100,21.26307869,0,21.91840172
2023/5/30 23:28,100,22.11747742,100,21.53414345,100,21.24861145,0,21.90393448
2023/5/30 23:29,100,22.11747742,100,21.51967621,100,21.24861145,0,21.91840172
2023/5/30 23:30,100,22.11747742,100,21.53414345,100,21.26307869,0,21.91840172
2023/5/30 23:31,100,22.10301018,100,21.43287086,100,21.26307869,0,21.91840172
2023/5/30 23:32,100,22.11747742,100,21.43287086,100,21.26307869,0,21.91840172
2023/5/30 23:33,100,22.11747742,100,21.41840172,100,21.26307869,0,21.91840172
2023/5/30 23:34,100,22.11747742,100,21.33159828,100,21.16180611,0,21.91840172
2023/5/30 23:35,100,22.11747742,100,21.33159828,100,21.16180611,0,21.91840172
2023/5/30 23:36,100,22.11747742,100,21.33159828,100,21.16180611,0,21.91840172
2023/5/30 23:37,100,22.21875,100,21.33159828,100,21.16180611,0,21.91840172
2023/5/30 23:38,100,22.18981552,100,21.33159828,100,21.16180611,0,21.91840172
2023/5/30 23:39,100,22.11747742,100,21.33159828,100,21.14733887,0,21.91840172
2023/5/30 23:40,100,22.11747742,100,21.33159828,100,21.16180611,0,21.91840172
2023/5/30 23:41,100,22.11747742,100,21.33159828,100,21.16180611,0,21.91840172
2023/5/30 23:42,100,22.11747742,100,21.33159828,100,21.16180611,0,21.91840172
2023/5/30 23:43,100,22.11747742,100,21.43287086,100,21.23414421,0,21.91840172
2023/5/30 23:44,100,22.11747742,100,21.43287086,100,21.24861145,0,21.91840172
2023/5/30 23:45,100,22.11747742,100,21.43287086,100,21.26307869,0,21.91840172
2023/5/30 23:46,100,22.11747742,100,21.43287086,100,21.24861145,0,21.91840172
2023/5/30 23:47,100,22.11747742,100,21.43287086,100,21.32094955,0,21.91840172
2023/5/30 23:48,100,22.11747742,100,21.43287086,100,21.34988594,0,21.91840172
2023/5/30 23:49,100,22.21875,100,21.41840172,100,21.34988594,0,21.91840172
2023/5/30 23:50,100,22.21875,100,21.43287086,100,21.34988594,0,21.91840172
2023/5/30 23:51,100,22.11747742,100,21.43287086,100,21.34988594,0,21.91840172
2023/5/30 23:52,100,22.13194466,100,21.53414345,100,21.34988594,0,21.91840172
2023/5/30 23:53,100,22.11747742,100,21.51967621,100,21.45115852,0,21.91840172
2023/5/30 23:54,100,22.11747742,100,21.62094879,100,21.45115852,0,21.91840172
2023/5/30 23:55,100,22.11747742,100,21.63541794,100,21.45115852,0,21.91840172
2023/5/30 23:56,100,22.11747742,100,21.63541794,100,21.45115852,0,21.91840172
2023/5/30 23:57,100,22.11747742,100,21.63541794,100,21.43669128,0,21.91840172
2023/5/30 23:58,100,22.11747742,100,21.63541794,100,21.45115852,0,21.91840172
2023/5/30 23:59,100,22.11747742,100,21.63541794,100,21.46562576,0,21.91840172
2023/5/31 0:00,100,22.11747742,100,21.63541794,100,21.45115852,0,21.91840172
2023/5/31 0:01,100,22.11747742,100,21.63541794,100,21.45115852,0,21.91840172
2023/5/31 0:02,100,22.10301018,100,21.72222328,100,21.55243111,0,21.91840172
2023/5/31 0:03,100,22.11747742,100,21.765625,100,21.55243111,0,21.91840172
2023/5/31 0:04,100,22.11747742,100,21.73669052,100,21.45115852,0,21.91840172
2023/5/31 0:05,100,22.11747742,100,21.73669052,100,21.45115852,0,21.91840172
2023/5/31 0:06,100,22.11747742,100,21.63541794,100,21.45115852,0,21.97627258
2023/5/31 0:07,100,22.11747742,100,21.63541794,100,21.45115852,11.26635361,22.01967621
2023/5/31 0:08,100,22.11747742,100,21.63541794,100,21.45115852,26.06911087,22.01967621
2023/5/31 0:09,100,22.11747742,100,21.63541794,100,21.45115852,40.50982285,22.01967621
2023/5/31 0:10,100,22.10301018,100,21.73669052,100,21.45115852,55.18035507,22.01967621
2023/5/31 0:11,100,22.11747742,100,21.82349586,100,21.55243111,69.82273102,22.01967621
2023/5/31 0:12,100,22.11747742,100,21.82349586,100,21.55243111,84.49466705,22.01967621
2023/5/31 0:13,100,22.11747742,100,21.82349586,100,21.55243111,99.23568726,22.01967621
2023/5/31 0:14,100,22.11747742,100,21.73669052,100,21.46562576,100,22.01967621
2023/5/31 0:15,100,22.01620293,100,21.73669052,100,21.45115852,61.89363098,21.91840172
2023/5/31 0:16,100,22.01620293,100,21.73669052,100,21.46562576,0,21.91840172
2023/5/31 0:17,100,22.01620293,100,21.73669052,100,21.45115852,0,21.81712914
2023/5/31 0:18,100,22.01620293,100,21.72222328,100,21.45115852,0,21.81712914
2023/5/31 0:19,100,22.01620293,100,21.73669052,100,21.55243111,0,21.81712914
2023/5/31 0:20,100,22.01620293,100,21.72222328,100,21.55243111,0,21.81712914
2023/5/31 0:21,100,22.01620293,100,21.73669052,100,21.45115852,0,21.81712914
2023/5/31 0:22,100,22.01620293,100,21.72222328,100,21.55243111,0,21.81712914
2023/5/31 0:23,100,22.01620293,100,21.82349586,100,21.55243111,0,21.81712914
2023/5/31 0:24,100,22.01620293,100,21.91030121,100,21.55243111,0,21.81712914
2023/5/31 0:25,100,22.01620293,100,21.92476845,100,21.65370369,0,21.81712914
2023/5/31 0:26,100,22.01620293,100,21.82349586,100,21.65370369,0,21.81712914
2023/5/31 0:27,100,22.04513931,100,21.92476845,100,21.65370369,0,21.81712914
2023/5/31 0:28,100,22.01620293,100,21.92476845,100,21.65370369,0,21.81712914
2023/5/31 0:29,100,22.01620293,100,21.92476845,100,21.65370369,0,21.81712914
2023/5/31 0:30,100,22.05960655,100,21.92476845,100,21.65370369,0,21.8026619
2023/5/31 0:31,100,22.11747742,100,21.92476845,100,21.65370369,0,21.81712914
2023/5/31 0:32,100,22.10301018,100,21.92476845,100,21.58136559,0,21.81712914
2023/5/31 0:33,100,22.01620293,100,21.80902672,100,21.55243111,0,21.81712914
2023/5/31 0:34,100,22.01620293,100,21.82349586,100,21.55243111,0,21.81712914
2023/5/31 0:35,100,22.11747742,100,21.82349586,100,21.55243111,0,21.81712914
2023/5/31 0:36,100,22.01620293,100,21.82349586,100,21.55243111,0,21.81712914
2023/5/31 0:37,100,22.11747742,100,21.93923569,100,21.55243111,0,21.81712914
2023/5/31 0:38,100,22.05960655,100,21.92476845,100,21.55243111,0,21.81712914
2023/5/31 0:39,100,22.11747742,100,21.92476845,100,21.65370369,0,21.81712914
2023/5/31 0:40,100,22.11747742,100,22.02604294,100,21.65370369,0,21.81712914
2023/5/31 0:41,100,22.11747742,100,21.92476845,100,21.65370369,0,21.91840172
2023/5/31 0:42,100,22.01620293,100,21.92476845,100,21.65370369,0,21.91840172
2023/5/31 0:43,100,22.11747742,100,21.92476845,100,21.65370369,0,21.91840172
2023/5/31 0:44,100,22.11747742,100,21.93923569,100,21.65370369,0,21.91840172
2023/5/31 0:45,100,22.11747742,100,22.02604294,100,21.74051094,0,21.90393448
2023/5/31 0:46,100,22.11747742,100,22.02604294,100,21.75497818,0,21.91840172
2023/5/31 0:47,100,22.11747742,100,22.02604294,100,21.75497818,0,21.91840172
2023/5/31 0:48,100,22.11747742,100,22.02604294,100,21.75497818,0,21.90393448
2023/5/31 0:49,100,22.11747742,100,22.02604294,100,21.65370369,0,21.91840172
2023/5/31 0:50,100,22.11747742,100,22.02604294,100,21.63923645,0,21.91840172
2023/5/31 0:51,100,22.11747742,100,22.02604294,100,21.75497818,0,21.91840172
2023/5/31 0:52,100,22.11747742,100,22.02604294,100,21.65370369,0,21.91840172
2023/5/31 0:53,100,22.11747742,100,22.02604294,100,21.65370369,0,21.91840172
2023/5/31 0:54,100,22.10301018,100,22.02604294,100,21.74051094,0,21.91840172
2023/5/31 0:55,100,22.11747742,100,21.92476845,100,21.75497818,0,21.91840172
2023/5/31 0:56,100,22.11747742,100,22.02604294,100,21.75497818,0,21.91840172
2023/5/31 0:57,100,22.11747742,100,22.02604294,100,21.75497818,0,21.91840172
2023/5/31 0:58,100,22.11747742,100,22.02604294,100,21.75497818,8.050170898,22.01967621
2023/5/31 0:59,100,22.11747742,100,22.02604294,100,21.75497818,22.56723595,22.01967621
2023/5/31 1:00,100,22.11747742,100,22.02604294,100,21.74051094,37.1416626,22.01967621
2023/5/31 1:01,100,22.11747742,100,22.02604294,100,21.75497818,46.87837219,22.01967621
2023/5/31 1:02,100,22.10301018,100,22.02604294,100,21.75497818,37.92034531,22.01967621
2023/5/31 1:03,100,22.11747742,100,22.02604294,100,21.75497818,51.48291397,22.00520706
2023/5/31 1:04,100,22.11747742,100,22.12731552,100,21.84178352,65.01872253,22.01967621
2023/5/31 1:05,100,22.13194466,100,22.12731552,100,21.85625076,23.44680405,21.91840172
2023/5/31 1:06,100,22.11747742,100,22.02604294,100,21.75497818,0,21.91840172
2023/5/31 1:07,100,22.11747742,100,22.02604294,100,21.75497818,0,21.91840172
2023/5/31 1:08,100,22.11747742,100,22.12731552,100,21.75497818,0,21.91840172
2023/5/31 1:09,100,22.11747742,100,22.12731552,100,21.85625076,0,21.91840172
2023/5/31 1:10,100,22.11747742,100,22.02604294,100,21.75497818,0,21.83159828
2023/5/31 1:11,100,22.11747742,100,22.02604294,100,21.75497818,0,21.91840172
2023/5/31 1:12,100,22.11747742,100,22.12731552,100,21.75497818,0,21.91840172
2023/5/31 1:13,100,22.11747742,100,22.11284828,100,21.84178352,0,21.91840172
2023/5/31 1:14,100,22.11747742,100,22.02604294,100,21.84178352,0,21.91840172
2023/5/31 1:15,100,22.11747742,100,22.02604294,100,21.75497818,0,21.91840172
2023/5/31 1:16,100,22.01620293,100,22.02604294,100,21.75497818,0,21.91840172
2023/5/31 1:17,100,22.01620293,100,22.02604294,100,21.75497818,0,21.91840172
2023/5/31 1:18,100,22.11747742,100,22.12731552,100,21.85625076,0,21.90393448
2023/5/31 1:19,100,22.11747742,100,22.12731552,100,21.85625076,0,21.91840172
2023/5/31 1:20,100,22.11747742,100,22.12731552,100,21.85625076,0,21.91840172
2023/5/31 1:21,100,22.11747742,100,22.12731552,100,21.85625076,0,21.91840172
2023/5/31 1:22,100,22.11747742,100,22.02604294,100,21.85625076,0,21.90393448
2023/5/31 1:23,100,22.1464119,100,22.12731552,100,21.85625076,0,21.91840172
2023/5/31 1:24,100,22.11747742,100,22.12731552,100,21.95752335,0,21.91840172
2023/5/31 1:25,100,22.16087914,100,22.12731552,100,21.85625076,0,21.91840172
2023/5/31 1:26,100,22.11747742,100,22.12731552,100,21.85625076,0,21.91840172
2023/5/31 1:27,100,22.11747742,100,22.12731552,100,21.85625076,0,21.91840172
2023/5/31 1:28,100,22.11747742,100,22.12731552,100,21.85625076,0,21.91840172
2023/5/31 1:29,100,22.11747742,100,22.11284828,100,21.85625076,0,21.91840172
2023/5/31 1:30,100,22.11747742,100,22.02604294,100,21.85625076,0,21.91840172
2023/5/31 1:31,100,22.11747742,100,22.12731552,100,21.85625076,0,21.91840172
2023/5/31 1:32,100,22.21875,100,22.12731552,100,21.85625076,0,21.91840172
2023/5/31 1:33,100,22.1464119,100,22.12731552,100,21.85625076,0,21.91840172
2023/5/31 1:34,100,22.20428276,100,22.12731552,100,21.84178352,0,21.91840172
2023/5/31 1:35,100,22.11747742,100,22.02604294,100,21.85625076,0,21.91840172
2023/5/31 1:36,100,22.11747742,100,22.12731552,100,21.85625076,0,21.91840172
2023/5/31 1:37,100,22.11747742,100,22.12731552,100,21.85625076,0,21.91840172
2023/5/31 1:38,100,22.11747742,100,22.12731552,100,21.85625076,0,21.91840172
2023/5/31 1:39,100,22.01620293,100,22.04051018,100,21.81284904,0,21.91840172
2023/5/31 1:40,100,22.01620293,100,22.02604294,100,21.74051094,0,21.91840172
2023/5/31 1:41,100,22.11747742,100,22.02604294,100,21.75497818,0,21.91840172
2023/5/31 1:42,100,22.11747742,100,22.02604294,100,21.75497818,0,21.90393448
2023/5/31 1:43,100,22.11747742,100,22.02604294,100,21.75497818,0,21.91840172
2023/5/31 1:44,100,22.21875,100,22.02604294,100,21.85625076,0,21.91840172
2023/5/31 1:45,100,22.21875,100,22.02604294,100,21.85625076,0,21.91840172
2023/5/31 1:46,100,22.21875,100,22.02604294,100,21.85625076,0,21.91840172
2023/5/31 1:47,100,22.21875,100,22.02604294,100,21.85625076,0,21.91840172
2023/5/31 1:48,100,22.21875,100,22.02604294,100,21.85625076,0,21.91840172
2023/5/31 1:49,100,22.21875,100,22.02604294,100,21.85625076,0,21.91840172
2023/5/31 1:50,100,22.21875,100,22.02604294,100,21.75497818,0,21.91840172
2023/5/31 1:51,100,22.21875,100,22.02604294,100,21.75497818,0,21.91840172
2023/5/31 1:52,100,22.21875,100,22.02604294,100,21.75497818,0,21.91840172
2023/5/31 1:53,100,22.11747742,100,22.02604294,100,21.75497818,0,21.91840172
2023/5/31 1:54,100,22.11747742,100,22.02604294,100,21.75497818,0,21.91840172
2023/5/31 1:55,100,22.11747742,100,21.92476845,100,21.75497818,0,21.91840172
2023/5/31 1:56,100,22.01620293,100,21.92476845,100,21.75497818,0,21.91840172
2023/5/31 1:57,100,22.03067207,100,21.92476845,100,21.75497818,0,21.91840172
2023/5/31 1:58,100,22.11747742,100,21.92476845,100,21.75497818,0,21.91840172
2023/5/31 1:59,100,22.13194466,100,21.92476845,100,21.75497818,0,21.91840172
2023/5/31 2:00,100,22.11747742,100,21.92476845,100,21.75497818,0,21.91840172
2023/5/31 2:01,100,22.21875,100,21.93923569,100,21.75497818,0,21.91840172
2023/5/31 2:02,100,22.21875,100,21.93923569,100,21.75497818,0,21.91840172
2023/5/31 2:03,100,22.21875,100,22.02604294,100,21.75497818,0,21.91840172
2023/5/31 2:04,100,22.21875,100,22.02604294,100,21.85625076,0,21.91840172
2023/5/31 2:05,100,22.32002258,100,22.02604294,100,21.84178352,0,21.91840172
2023/5/31 2:06,100,22.21875,100,22.02604294,100,21.85625076,0,21.91840172
2023/5/31 2:07,100,22.21875,100,22.02604294,100,21.85625076,0,21.91840172
2023/5/31 2:08,100,22.21875,100,22.02604294,100,21.85625076,0,21.91840172
2023/5/31 2:09,100,22.21875,100,22.02604294,100,21.85625076,0,21.91840172
2023/5/31 2:10,100,22.11747742,100,22.02604294,100,21.75497818,0,21.91840172
2023/5/31 2:11,100,22.11747742,100,22.02604294,100,21.85625076,0,21.91840172
2023/5/31 2:12,100,22.10301018,100,22.02604294,100,21.85625076,0,21.91840172
2023/5/31 2:13,100,22.21875,100,22.02604294,100,21.85625076,0,21.91840172
2023/5/31 2:14,100,22.21875,100,22.02604294,100,21.85625076,0,21.91840172
2023/5/31 2:15,100,22.21875,100,22.02604294,100,21.85625076,0,21.91840172
2023/5/31 2:16,100,22.11747742,100,22.02604294,100,21.85625076,0,21.91840172
2023/5/31 2:17,100,22.21875,100,22.02604294,100,21.85625076,0,21.91840172
2023/5/31 2:18,100,22.11747742,100,22.02604294,100,21.85625076,0,21.91840172
2023/5/31 2:19,100,22.11747742,100,22.02604294,100,21.85625076,0,21.91840172
2023/5/31 2:20,100,22.11747742,100,22.12731552,100,21.85625076,0,21.91840172
2023/5/31 2:21,100,22.21875,100,22.12731552,100,21.85625076,0,21.91840172
2023/5/31 2:22,100,22.21875,100,22.12731552,100,21.85625076,0,21.91840172
2023/5/31 2:23,100,22.11747742,100,22.12731552,100,21.85625076,0,21.91840172
2023/5/31 2:24,100,22.21875,100,22.12731552,100,21.85625076,0,21.91840172
2023/5/31 2:25,100,22.21875,100,22.12731552,100,21.85625076,0,21.91840172
2023/5/31 2:26,100,22.21875,100,22.12731552,100,21.95752335,0,21.91840172
2023/5/31 2:27,100,22.11747742,100,22.12731552,100,21.95752335,0,21.90393448
2023/5/31 2:28,100,22.23321724,100,22.11284828,100,21.95752335,0.038804278,21.91840172
2023/5/31 2:29,100,22.11747742,100,22.2285881,100,21.95752335,0.035456944,21.99073982
2023/5/31 2:30,100,22.11747742,100,22.2285881,100,21.95752335,0.106236868,22.01967621
2023/5/31 2:31,100,22.11747742,100,22.12731552,100,21.95752335,5.459861755,21.93287086
2023/5/31 2:32,100,22.21875,100,22.12731552,100,21.94305611,13.93786335,21.97627258
2023/5/31 2:33,100,22.21875,100,22.12731552,100,21.85625076,18.00076485,22.01967621
2023/5/31 2:34,100,22.21875,100,22.12731552,100,21.85625076,32.16496277,22.01967621
2023/5/31 2:35,100,22.21875,100,22.12731552,100,21.85625076,47.08288956,22.01967621
2023/5/31 2:36,100,22.21875,100,22.12731552,100,21.85625076,61.91994476,22.01967621
2023/5/31 2:37,100,22.21875,100,22.12731552,100,21.95752335,76.445961,22.01967621
2023/5/31 2:38,100,22.21875,100,22.12731552,100,21.85625076,91.17858887,22.01967621
2023/5/31 2:39,100,22.21875,100,22.02604294,100,21.85625076,100,22.01967621
2023/5/31 2:40,100,22.11747742,100,22.02604294,100,21.85625076,100,22.01967621
2023/5/31 2:41,100,22.11747742,100,22.02604294,100,21.85625076,38.61444092,21.91840172
2023/5/31 2:42,100,22.11747742,100,22.02604294,100,21.85625076,0,21.84606552
2023/5/31 2:43,100,22.11747742,100,22.02604294,100,21.85625076,0,21.81712914
2023/5/31 2:44,100,22.11747742,100,22.02604294,100,21.85625076,0,21.81712914
2023/5/31 2:45,100,22.11747742,100,22.02604294,100,21.85625076,0,21.81712914
2023/5/31 2:46,100,22.11747742,100,22.02604294,100,21.85625076,0,21.81712914
2023/5/31 2:47,100,22.11747742,100,22.12731552,100,21.85625076,0,21.81712914
2023/5/31 2:48,100,22.11747742,100,22.02604294,100,21.85625076,0,21.81712914
2023/5/31 2:49,100,22.11747742,100,22.02604294,100,21.85625076,0,21.81712914
2023/5/31 2:50,100,22.11747742,100,22.02604294,100,21.85625076,0,21.81712914
2023/5/31 2:51,100,22.11747742,100,22.02604294,100,21.95752335,0,21.81712914
2023/5/31 2:52,100,22.11747742,100,22.12731552,100,21.95752335,0,21.81712914
2023/5/31 2:53,100,22.11747742,100,22.12731552,100,21.95752335,0,21.81712914
2023/5/31 2:54,100,22.11747742,100,22.02604294,100,21.85625076,0,21.81712914
2023/5/31 2:55,100,22.17534828,100,22.02604294,100,21.85625076,0,21.81712914
2023/5/31 2:56,100,22.21875,100,22.02604294,100,21.85625076,0,21.81712914
2023/5/31 2:57,100,22.21875,100,22.02604294,100,21.85625076,0,21.81712914
2023/5/31 2:58,100,22.21875,100,22.02604294,100,21.85625076,0,21.81712914
2023/5/31 2:59,100,22.21875,100,22.02604294,100,21.85625076,0,21.81712914
2023/5/31 3:00,100,22.21875,100,22.12731552,100,21.85625076,0,21.81712914
2023/5/31 3:01,100,22.11747742,100,22.12731552,100,21.85625076,0,21.81712914
2023/5/31 3:02,100,22.21875,100,22.02604294,100,21.85625076,0,21.81712914
2023/5/31 3:03,100,22.11747742,100,22.02604294,100,21.85625076,0,21.81712914
2023/5/31 3:04,100,22.1464119,100,22.02604294,100,21.85625076,0,21.81712914
2023/5/31 3:05,100,22.21875,100,22.02604294,100,21.75497818,0,21.86053276
2023/5/31 3:06,100,22.21875,100,22.02604294,100,21.75497818,0,21.91840172
2023/5/31 3:07,100,22.21875,100,22.12731552,100,21.85625076,0,21.91840172
2023/5/31 3:08,100,22.21875,100,22.12731552,100,21.85625076,0,21.91840172
2023/5/31 3:09,100,22.21875,100,22.02604294,100,21.85625076,0,21.91840172
2023/5/31 3:10,100,22.10301018,100,22.12731552,100,21.85625076,0,21.91840172
2023/5/31 3:11,100,22.21875,100,22.12731552,100,21.85625076,0,21.91840172
2023/5/31 3:12,100,22.21875,100,22.12731552,100,21.85625076,0,21.91840172
2023/5/31 3:13,100,22.32002258,100,22.12731552,100,21.85625076,0,21.91840172
2023/5/31 3:14,100,22.21875,100,22.12731552,100,21.92858887,0,21.91840172
2023/5/31 3:15,100,22.21875,100,22.12731552,100,21.94305611,0,21.91840172
2023/5/31 3:16,100,22.21875,100,22.12731552,100,21.95752335,0,21.91840172
2023/5/31 3:17,100,22.21875,100,22.12731552,100,21.91412163,0,21.91840172
2023/5/31 3:18,100,22.21875,100,22.06944466,100,21.85625076,0,21.91840172
2023/5/31 3:19,100,22.21875,100,22.12731552,100,21.85625076,0,21.91840172
2023/5/31 3:20,100,22.21875,100,22.12731552,100,21.95752335,0,21.91840172
2023/5/31 3:21,100,22.21875,100,22.12731552,100,21.85625076,0,21.91840172
2023/5/31 3:22,100,22.21875,100,22.12731552,100,21.85625076,0,21.90393448
2023/5/31 3:23,100,22.32002258,100,22.12731552,100,21.85625076,0,21.91840172
2023/5/31 3:24,100,22.32002258,100,22.12731552,100,21.85625076,0,21.91840172
2023/5/31 3:25,100,22.21875,100,22.12731552,100,21.85625076,0,21.91840172
2023/5/31 3:26,100,22.32002258,100,22.12731552,100,21.85625076,0,21.91840172
2023/5/31 3:27,100,22.32002258,100,22.12731552,100,21.85625076,0,21.91840172
2023/5/31 3:28,100,22.21875,100,22.12731552,100,21.85625076,0,21.91840172
2023/5/31 3:29,100,22.21875,100,22.12731552,100,21.85625076,0,21.91840172
2023/5/31 3:30,100,22.21875,100,22.12731552,100,21.85625076,0.028603788,22.00520706
2023/5/31 3:31,100,22.21875,100,22.12731552,100,21.85625076,4.837675571,22.01967621
2023/5/31 3:32,100,22.32002258,100,22.12731552,100,21.85625076,19.72401237,22.01967621
2023/5/31 3:33,100,22.21875,100,22.11284828,100,21.85625076,34.31225967,22.01967621
2023/5/31 3:34,100,22.32002258,100,22.12731552,100,21.85625076,48.95414352,22.01967621
2023/5/31 3:35,100,22.32002258,100,22.12731552,100,21.85625076,63.52685165,22.01967621
2023/5/31 3:36,100,22.21875,100,22.04051018,100,21.85625076,78.03170013,22.01967621
2023/5/31 3:37,100,22.21875,100,22.02604294,100,21.75497818,92.62380219,22.01967621
2023/5/31 3:38,100,22.21875,100,22.02604294,100,21.75497818,100,22.01967621
2023/5/31 3:39,100,22.21875,100,22.02604294,100,21.74051094,61.70495605,21.91840172
2023/5/31 3:40,100,22.21875,100,22.02604294,100,21.85625076,0,21.91840172
2023/5/31 3:41,100,22.21875,100,21.92476845,100,21.75497818,0,21.81712914
2023/5/31 3:42,100,22.20428276,100,21.92476845,100,21.75497818,0,21.8026619
2023/5/31 3:43,100,22.21875,100,21.93923569,100,21.75497818,0,21.81712914
2023/5/31 3:44,100,22.21875,100,22.02604294,100,21.84178352,0,21.81712914
2023/5/31 3:45,100,22.21875,100,22.02604294,100,21.84178352,0,21.81712914
2023/5/31 3:46,100,22.21875,100,22.12731552,100,21.85625076,0,21.8026619
2023/5/31 3:47,100,22.11747742,100,22.02604294,100,21.85625076,0,21.81712914
2023/5/31 3:48,100,22.11747742,100,22.02604294,100,21.85625076,0,21.81712914
2023/5/31 3:49,100,22.10301018,100,22.12731552,100,21.84178352,0,21.81712914
2023/5/31 3:50,100,22.11747742,100,22.12731552,100,21.85625076,0,21.81712914
2023/5/31 3:51,100,22.11747742,100,22.12731552,100,21.85625076,0,21.81712914
2023/5/31 3:52,100,22.21875,100,22.12731552,100,21.85625076,0,21.81712914
2023/5/31 3:53,100,22.11747742,100,22.12731552,100,21.85625076,0,21.81712914
2023/5/31 3:54,100,22.11747742,100,22.12731552,100,21.84178352,0,21.81712914
2023/5/31 3:55,100,22.17534828,100,22.12731552,100,21.85625076,0,21.81712914
2023/5/31 3:56,100,22.21875,100,22.02604294,100,21.75497818,0,21.81712914
2023/5/31 3:57,100,22.21875,100,22.02604294,100,21.75497818,0,21.81712914
2023/5/31 3:58,100,22.21875,100,22.02604294,100,21.75497818,0,21.81712914
2023/5/31 3:59,100,22.1464119,100,22.02604294,100,21.85625076,0,21.8026619
2023/5/31 4:00,100,22.21875,100,22.12731552,100,21.85625076,0,21.81712914
2023/5/31 4:01,100,22.21875,100,22.2285881,100,21.95752335,0,21.81712914
2023/5/31 4:02,100,22.21875,100,22.21412086,100,22.05879784,0,21.91840172
2023/5/31 4:03,100,22.21875,100,22.2285881,100,22.05879784,0,21.91840172
2023/5/31 4:04,100,22.21875,100,22.2285881,100,21.97199059,0,21.91840172
2023/5/31 4:05,100,22.21875,100,22.2285881,100,22.04432869,0,21.90393448
2023/5/31 4:06,100,22.21875,100,22.31539345,100,22.05879784,0,21.91840172
2023/5/31 4:07,100,22.21875,100,22.30092621,100,22.05879784,0,21.91840172
2023/5/31 4:08,100,22.21875,100,22.2285881,100,21.95752335,0,21.91840172
2023/5/31 4:09,100,22.21875,100,22.2285881,100,21.85625076,0,21.91840172
2023/5/31 4:10,100,22.21875,100,22.2285881,100,21.95752335,0,21.91840172
2023/5/31 4:11,100,22.21875,100,22.2285881,100,21.95752335,0,21.91840172
2023/5/31 4:12,100,22.21875,100,22.21412086,100,22.05879784,0,21.91840172
2023/5/31 4:13,100,22.21875,100,22.2285881,100,22.05879784,0,21.91840172
2023/5/31 4:14,100,22.32002258,100,22.2285881,100,21.95752335,0,21.91840172
2023/5/31 4:15,100,22.32002258,100,22.17071724,100,21.95752335,0,21.91840172
2023/5/31 4:16,100,22.21875,100,22.2285881,100,21.95752335,0,21.91840172
2023/5/31 4:17,100,22.20428276,100,22.2285881,100,21.95752335,3.25820899,22.01967621
2023/5/31 4:18,100,22.21875,100,22.12731552,100,21.85625076,7.367400169,22.01967621
2023/5/31 4:19,100,22.21875,100,22.11284828,100,21.85625076,22.0837841,22.01967621
2023/5/31 4:20,100,22.21875,100,22.12731552,100,21.85625076,36.22289276,22.01967621
2023/5/31 4:21,100,22.21875,100,22.2285881,100,21.95752335,51.00845337,22.01967621
2023/5/31 4:22,100,22.21875,100,22.2285881,100,21.94305611,65.38105774,22.01967621
2023/5/31 4:23,100,22.21875,100,22.12731552,100,21.95752335,79.74229431,22.01967621
2023/5/31 4:24,100,22.11747742,100,22.12731552,100,21.85625076,94.44825745,22.01967621
2023/5/31 4:25,100,22.18981552,100,22.12731552,100,21.85625076,100,22.00520706
2023/5/31 4:26,100,22.11747742,100,22.12731552,100,21.94305611,74.7674408,21.91840172
2023/5/31 4:27,100,22.11747742,100,22.12731552,100,21.95752335,10.16221142,21.91840172
2023/5/31 4:28,100,22.11747742,100,22.12731552,100,21.95752335,0,21.91840172
2023/5/31 4:29,100,22.11747742,100,22.12731552,100,21.84178352,0,21.81712914
2023/5/31 4:30,100,22.11747742,100,22.02604294,100,21.85625076,0,21.81712914
2023/5/31 4:31,100,22.11747742,100,22.02604294,100,21.85625076,0,21.81712914
2023/5/31 4:32,100,22.11747742,100,22.02604294,100,21.85625076,0,21.81712914
2023/5/31 4:33,100,22.11747742,100,22.02604294,100,21.85625076,0,21.81712914
2023/5/31 4:34,100,22.11747742,100,22.02604294,100,21.84178352,0,21.81712914
2023/5/31 4:35,100,22.11747742,100,22.12731552,100,21.85625076,0,21.81712914
2023/5/31 4:36,100,22.11747742,100,22.12731552,100,21.95752335,0,21.81712914
2023/5/31 4:37,100,22.21875,100,22.12731552,100,21.85625076,0,21.81712914
2023/5/31 4:38,100,22.21875,100,22.02604294,100,21.85625076,0,21.81712914
2023/5/31 4:39,100,22.21875,100,22.02604294,100,21.85625076,0,21.81712914
2023/5/31 4:40,100,22.32002258,100,22.02604294,100,21.85625076,0,21.81712914
2023/5/31 4:41,100,22.32002258,100,22.02604294,100,21.85625076,0,21.81712914
2023/5/31 4:42,100,22.21875,100,22.02604294,100,21.85625076,0,21.81712914
2023/5/31 4:43,100,22.32002258,100,21.92476845,100,21.75497818,0,21.81712914
2023/5/31 4:44,100,22.32002258,100,21.92476845,100,21.65370369,0,21.81712914
2023/5/31 4:45,100,22.32002258,100,21.93923569,100,21.75497818,0,21.81712914
2023/5/31 4:46,100,22.32002258,100,21.93923569,100,21.75497818,0,21.81712914
2023/5/31 4:47,100,22.32002258,100,21.92476845,100,21.75497818,0,21.81712914
2023/5/31 4:48,100,22.21875,100,21.93923569,100,21.75497818,0,21.81712914
2023/5/31 4:49,100,22.11747742,100,22.02604294,100,21.75497818,0,21.81712914
2023/5/31 4:50,100,22.21875,100,21.92476845,100,21.75497818,0,21.81712914
2023/5/31 4:51,100,22.21875,100,21.92476845,100,21.75497818,0,21.91840172
2023/5/31 4:52,100,22.21875,100,21.92476845,100,21.75497818,0,21.90393448
2023/5/31 4:53,100,22.21875,100,22.01157379,100,21.76944542,0,21.91840172
2023/5/31 4:54,100,22.21875,100,22.02604294,100,21.85625076,0,21.91840172
2023/5/31 4:55,100,22.21875,100,22.02604294,100,21.85625076,0,21.90393448
2023/5/31 4:56,100,22.13194466,100,22.12731552,100,21.85625076,0,21.91840172
2023/5/31 4:57,100,22.18981552,100,22.02604294,100,21.85625076,0,21.91840172
2023/5/31 4:58,100,22.21875,100,22.02604294,100,21.85625076,0,21.91840172
2023/5/31 4:59,100,22.21875,100,22.12731552,100,21.85625076,0,21.91840172
2023/5/31 5:00,100,22.21875,100,22.02604294,100,21.85625076,0,21.91840172
2023/5/31 5:01,100,22.21875,100,22.12731552,100,21.85625076,0,21.91840172
2023/5/31 5:02,100,22.21875,100,22.12731552,100,21.95752335,0,21.91840172
2023/5/31 5:03,100,22.21875,100,22.12731552,100,21.95752335,0,21.91840172
2023/5/31 5:04,100,22.21875,100,22.12731552,100,22.05879784,0,21.91840172
2023/5/31 5:05,100,22.21875,100,22.12731552,100,21.95752335,0.520921528,21.91840172
2023/5/31 5:06,100,22.21875,100,22.12731552,100,21.95752335,13.4404068,22.01967621
2023/5/31 5:07,100,22.21875,100,22.12731552,100,21.85625076,27.98171043,22.01967621
2023/5/31 5:08,100,22.21875,100,22.12731552,100,21.95752335,42.81126022,22.01967621
2023/5/31 5:09,100,22.21875,100,22.12731552,100,21.95752335,57.25814819,22.00520706
2023/5/31 5:10,100,22.21875,100,22.12731552,100,21.95752335,71.63877106,22.01967621
2023/5/31 5:11,100,22.20428276,100,22.12731552,100,21.95752335,86.37518311,22.01967621
2023/5/31 5:12,100,22.17534828,100,22.12731552,100,21.89965248,100,22.01967621
2023/5/31 5:13,100,22.11747742,100,22.12731552,100,21.85625076,77.5353241,21.91840172
2023/5/31 5:14,100,22.21875,100,22.12731552,100,21.85625076,12.08899593,21.91840172
2023/5/31 5:15,100,22.11747742,100,22.02604294,100,21.85625076,0,21.91840172
2023/5/31 5:16,100,22.11747742,100,22.02604294,100,21.85625076,0,21.81712914
2023/5/31 5:17,100,22.11747742,100,22.12731552,100,21.85625076,0,21.81712914
2023/5/31 5:18,100,22.11747742,100,22.12731552,100,21.85625076,0,21.81712914
2023/5/31 5:19,100,22.11747742,100,22.12731552,100,21.95752335,0,21.81712914
2023/5/31 5:20,100,22.10301018,100,22.12731552,100,21.95752335,0,21.81712914
2023/5/31 5:21,100,22.11747742,100,22.12731552,100,21.95752335,0,21.81712914
2023/5/31 5:22,100,22.11747742,100,22.12731552,100,21.95752335,0,21.81712914
2023/5/31 5:23,100,22.21875,100,22.12731552,100,21.95752335,0,21.81712914
2023/5/31 5:24,100,22.24768448,100,22.12731552,100,21.95752335,0,21.81712914
2023/5/31 5:25,100,22.21875,100,22.12731552,100,21.94305611,0,21.81712914
2023/5/31 5:26,100,22.11747742,100,22.12731552,100,21.85625076,0,21.81712914
2023/5/31 5:27,100,22.11747742,100,22.12731552,100,21.95752335,0,21.81712914
2023/5/31 5:28,100,22.11747742,100,22.12731552,100,21.85625076,0,21.81712914
2023/5/31 5:29,100,22.11747742,100,22.12731552,100,21.85625076,0,21.81712914
2023/5/31 5:30,100,22.11747742,100,22.12731552,100,21.85625076,0,21.81712914
2023/5/31 5:31,100,22.21875,100,22.12731552,100,21.85625076,0,21.81712914
2023/5/31 5:32,100,22.21875,100,22.12731552,100,21.85625076,0,21.81712914
2023/5/31 5:33,100,22.21875,100,22.02604294,100,21.85625076,0,21.8026619
2023/5/31 5:34,100,22.21875,100,22.02604294,100,21.85625076,0,21.81712914
2023/5/31 5:35,100,22.11747742,100,22.12731552,100,21.85625076,0,21.91840172
2023/5/31 5:36,100,22.11747742,100,22.02604294,100,21.85625076,0,21.91840172
2023/5/31 5:37,100,22.11747742,100,22.02604294,100,21.85625076,0,21.91840172
2023/5/31 5:38,100,22.11747742,100,22.02604294,100,21.85625076,0,21.91840172
2023/5/31 5:39,100,22.11747742,100,22.12731552,100,21.85625076,0,21.91840172
2023/5/31 5:40,100,22.11747742,100,22.12731552,100,21.870718,0,21.91840172
2023/5/31 5:41,100,22.11747742,100,22.12731552,100,21.870718,0,21.91840172
2023/5/31 5:42,100,22.21875,100,22.12731552,100,21.85625076,0,21.91840172
2023/5/31 5:43,100,22.21875,100,22.12731552,100,21.95752335,0,21.91840172
2023/5/31 5:44,100,22.21875,100,22.12731552,100,21.95752335,0,21.91840172
2023/5/31 5:45,100,22.11747742,100,22.12731552,100,21.95752335,0,21.91840172
2023/5/31 5:46,100,22.21875,100,22.12731552,100,21.95752335,0.451338977,22.01967621
2023/5/31 5:47,100,22.21875,100,22.12731552,100,21.95752335,0.110393859,22.01967621
2023/5/31 5:48,100,22.21875,100,22.12731552,100,21.85625076,12.85769653,22.01967621
2023/5/31 5:49,100,22.21875,100,22.2285881,100,21.95752335,27.1423645,22.01967621
2023/5/31 5:50,100,22.21875,100,22.2285881,100,22.05879784,41.87326431,22.01967621
2023/5/31 5:51,100,22.21875,100,22.32986069,100,22.04432869,56.02550888,22.01967621
2023/5/31 5:52,100,22.32002258,100,22.31539345,100,22.05879784,70.7556839,22.01967621
2023/5/31 5:53,100,22.21875,100,22.32986069,100,22.05879784,85.26209259,22.01967621
2023/5/31 5:54,100,22.21875,100,22.32986069,100,22.02986145,99.91654968,22.01967621
2023/5/31 5:55,100,22.21875,100,22.32986069,100,22.05879784,100,22.01967621
2023/5/31 5:56,100,22.32002258,100,22.32986069,100,22.05879784,74.88027191,21.91840172
2023/5/31 5:57,100,22.21875,100,22.32986069,100,22.05879784,8.256938934,21.91840172
2023/5/31 5:58,100,22.21875,100,22.32986069,100,21.95752335,0,21.81712914
2023/5/31 5:59,100,22.21875,100,22.32986069,100,21.95752335,0,21.81712914
2023/5/31 6:00,100,22.21875,100,22.32986069,100,21.95752335,0,21.81712914
2023/5/31 6:01,100,22.11747742,100,22.32986069,100,21.95752335,0,21.81712914
2023/5/31 6:02,100,22.11747742,100,22.32986069,100,21.95752335,0,21.81712914
2023/5/31 6:03,100,22.21875,100,22.2285881,100,21.95752335,0,21.81712914
2023/5/31 6:04,100,22.21875,100,22.2285881,100,21.95752335,0,21.81712914
2023/5/31 6:05,100,22.11747742,100,22.2285881,100,21.95752335,0,21.81712914
2023/5/31 6:06,100,22.21875,100,22.32986069,100,21.95752335,0,21.81712914
2023/5/31 6:07,100,22.11747742,100,22.32986069,100,22.05879784,0,21.81712914
2023/5/31 6:08,100,22.11747742,100,22.43113518,100,22.04432869,0,21.81712914
2023/5/31 6:09,100,22.20428276,100,22.43113518,100,22.05879784,0,21.81712914
2023/5/31 6:10,100,22.21875,100,22.32986069,100,22.05879784,0,21.81712914
2023/5/31 6:11,100,22.21875,100,22.32986069,100,22.05879784,0,21.81712914
2023/5/31 6:12,100,22.21875,100,22.43113518,100,22.05879784,0,21.81712914
2023/5/31 6:13,100,22.21875,100,22.43113518,100,22.05879784,0,21.81712914
2023/5/31 6:14,100,22.21875,100,22.43113518,100,22.05879784,0,21.81712914
2023/5/31 6:15,100,22.21875,100,22.41666794,100,22.05879784,0,21.81712914
2023/5/31 6:16,100,22.21875,100,22.43113518,100,22.05879784,0,21.81712914
2023/5/31 6:17,100,22.21875,100,22.43113518,100,22.05879784,0,21.91840172
2023/5/31 6:18,100,22.21875,100,22.43113518,100,22.05879784,0,21.91840172
2023/5/31 6:19,100,22.21875,100,22.41666794,100,22.05879784,0,21.91840172
2023/5/31 6:20,100,22.21875,100,22.43113518,100,22.05879784,0,21.91840172
2023/5/31 6:21,100,22.21875,100,22.51794052,100,22.05879784,0,21.91840172
2023/5/31 6:22,100,22.21875,100,22.53240776,100,22.05879784,0,21.91840172
2023/5/31 6:23,100,22.21875,100,22.43113518,100,22.05879784,0,21.91840172
2023/5/31 6:24,100,22.32002258,100,22.43113518,100,22.05879784,0,21.91840172
2023/5/31 6:25,100,22.32002258,100,22.43113518,100,22.05879784,0,21.91840172
2023/5/31 6:26,100,22.21875,100,22.41666794,100,22.05879784,0,21.91840172
2023/5/31 6:27,100,22.21875,100,22.43113518,100,22.16007042,0,21.91840172
2023/5/31 6:28,100,22.21875,100,22.43113518,100,22.16007042,0,21.91840172
2023/5/31 6:29,100,22.21875,100,22.32986069,100,22.16007042,0,21.91840172
2023/5/31 6:30,100,22.21875,100,22.32986069,100,22.16007042,0,21.91840172
2023/5/31 6:31,100,22.32002258,100,22.32986069,100,22.16007042,0,21.91840172
2023/5/31 6:32,100,22.21875,100,22.32986069,100,22.16007042,0,21.91840172
2023/5/31 6:33,100,22.21875,100,22.32986069,100,22.16007042,0,21.91840172
2023/5/31 6:34,100,22.11747742,100,22.43113518,100,22.16007042,0,21.91840172
2023/5/31 6:35,100,22.21875,100,22.41666794,100,22.16007042,0,21.91840172
2023/5/31 6:36,100,22.32002258,100,22.43113518,100,22.16007042,0,21.90393448
2023/5/31 6:37,100,22.32002258,100,22.32986069,100,22.16007042,0.673998654,22.01967621
2023/5/31 6:38,100,22.32002258,100,22.32986069,100,22.16007042,1.056175113,22.01967621
2023/5/31 6:39,100,22.21875,100,22.31539345,100,22.05879784,10.59269333,22.01967621
2023/5/31 6:40,100,22.21875,100,22.32986069,100,22.05879784,24.69230843,22.01967621
2023/5/31 6:41,100,22.21875,100,22.32986069,100,22.05879784,39.25756073,22.01967621
2023/5/31 6:42,100,22.32002258,100,22.32986069,100,22.05879784,53.39971924,22.01967621
2023/5/31 6:43,100,22.32002258,100,22.32986069,100,22.05879784,67.84825134,22.01967621
2023/5/31 6:44,100,22.32002258,100,22.32986069,100,22.05879784,82.25723267,22.01967621
2023/5/31 6:45,100,22.32002258,100,22.2285881,100,21.95752335,44.47658539,21.91840172
2023/5/31 6:46,100,22.32002258,100,22.2285881,100,21.95752335,0,21.91840172
2023/5/31 6:47,100,22.32002258,100,22.12731552,100,21.95752335,0,21.91840172
2023/5/31 6:48,100,22.20428276,100,22.12731552,100,21.85625076,0,21.81712914
2023/5/31 6:49,100,22.21875,100,22.02604294,100,21.85625076,0,21.81712914
2023/5/31 6:50,100,22.21875,100,22.02604294,100,21.85625076,0,21.81712914
2023/5/31 6:51,100,22.32002258,100,22.02604294,100,21.85625076,0,21.81712914
2023/5/31 6:52,100,22.21875,100,22.12731552,100,21.95752335,0,21.81712914
2023/5/31 6:53,100,22.21875,100,22.2285881,100,22.05879784,0,21.81712914
2023/5/31 6:54,100,22.21875,100,22.2285881,100,22.05879784,0,21.81712914
2023/5/31 6:55,100,22.21875,100,22.2285881,100,21.95752335,0,21.81712914
2023/5/31 6:56,100,22.21875,100,22.12731552,100,21.95752335,0,21.81712914
2023/5/31 6:57,100,22.11747742,100,22.12731552,100,21.95752335,0,21.81712914
2023/5/31 6:58,100,22.11747742,100,22.12731552,100,21.95752335,0,21.81712914
2023/5/31 6:59,100,22.10301018,100,22.12731552,100,21.95752335,0,21.81712914
2023/5/31 7:00,100,22.21875,100,22.12731552,100,21.95752335,0,21.81712914
2023/5/31 7:01,100,22.11747742,100,22.12731552,100,21.95752335,0,21.81712914
2023/5/31 7:02,100,22.11747742,100,22.12731552,100,21.95752335,0,21.81712914
2023/5/31 7:03,100,22.21875,100,22.12731552,100,21.94305611,0,21.81712914
2023/5/31 7:04,100,22.11747742,100,22.12731552,100,21.84178352,0,21.81712914
2023/5/31 7:05,100,22.11747742,100,22.12731552,100,21.85625076,0,21.81712914
2023/5/31 7:06,100,22.11747742,100,22.2285881,100,21.95752335,0,21.81712914
2023/5/31 7:07,100,22.11747742,100,22.2285881,100,22.04432869,0,21.81712914
2023/5/31 7:08,100,22.11747742,100,22.21412086,100,22.04432869,0,21.81712914
2023/5/31 7:09,100,22.21875,100,22.2285881,100,22.05879784,0,21.81712914
2023/5/31 7:10,100,22.21875,100,22.32986069,100,22.05879784,0,21.81712914
2023/5/31 7:11,100,22.11747742,100,22.32986069,100,22.05879784,0,21.81712914
2023/5/31 7:12,100,22.20428276,100,22.32986069,100,22.05879784,0,21.81712914
2023/5/31 7:13,100,22.11747742,100,22.32986069,100,22.04432869,0,21.81712914
2023/5/31 7:14,100,22.11747742,100,22.24305534,100,22.05879784,0,21.81712914
2023/5/31 7:15,100,22.11747742,100,22.2285881,100,22.05879784,0,21.81712914
2023/5/31 7:16,100,22.11747742,100,22.2285881,100,22.05879784,0,21.81712914
2023/5/31 7:17,100,22.1464119,100,22.2285881,100,22.14560318,0,21.81712914
2023/5/31 7:18,100,22.21875,100,22.32986069,100,22.05879784,0,21.81712914
2023/5/31 7:19,100,22.21875,100,22.32986069,100,22.04432869,0,21.91840172
2023/5/31 7:20,100,22.21875,100,22.2285881,100,22.05879784,0,21.91840172
2023/5/31 7:21,100,22.21875,100,22.2285881,100,22.05879784,0,21.91840172
2023/5/31 7:22,100,22.21875,100,22.2285881,100,22.05879784,0,21.91840172
2023/5/31 7:23,100,22.20428276,100,22.2285881,100,22.04432869,0,21.90393448
2023/5/31 7:24,100,22.21875,100,22.2285881,100,22.05879784,0,21.91840172
2023/5/31 7:25,100,22.32002258,100,22.2285881,100,21.95752335,0,21.91840172
2023/5/31 7:26,100,22.32002258,100,22.2285881,100,21.98645782,0,21.91840172
2023/5/31 7:27,100,22.32002258,100,22.2285881,100,21.94305611,0,21.91840172
2023/5/31 7:28,100,22.32002258,100,22.21412086,100,21.95752335,0,21.91840172
2023/5/31 7:29,100,22.32002258,100,22.2285881,100,21.94305611,0,21.91840172
2023/5/31 7:30,100,22.32002258,100,22.12731552,100,21.95752335,0,21.91840172
2023/5/31 7:31,100,22.32002258,100,22.12731552,100,21.870718,0,21.91840172
2023/5/31 7:32,100,22.21875,100,22.12731552,100,21.85625076,0,21.91840172
2023/5/31 7:33,100,22.32002258,100,22.12731552,100,21.84178352,0,21.91840172
2023/5/31 7:34,100,22.32002258,100,22.12731552,100,21.95752335,0,21.91840172
2023/5/31 7:35,100,22.32002258,100,22.12731552,100,21.95752335,0,21.91840172
2023/5/31 7:36,100,22.32002258,100,22.12731552,100,21.85625076,0,21.91840172
2023/5/31 7:37,100,22.11747742,100,22.12731552,100,21.85625076,0,21.91840172
2023/5/31 7:38,100,22.11747742,100,22.12731552,100,21.85625076,0,21.91840172
2023/5/31 7:39,100,22.21875,100,22.12731552,100,21.85625076,0,21.91840172
2023/5/31 7:40,100,22.21875,100,22.12731552,100,21.85625076,0,21.91840172
2023/5/31 7:41,100,22.32002258,100,22.12731552,100,21.85625076,0,21.91840172
2023/5/31 7:42,100,22.21875,100,22.12731552,100,21.85625076,0,21.91840172
2023/5/31 7:43,100,22.21875,100,22.12731552,100,21.85625076,0,21.91840172
2023/5/31 7:44,100,22.11747742,100,22.12731552,100,21.85625076,0,21.91840172
2023/5/31 7:45,100,22.21875,100,22.12731552,100,21.95752335,0,21.91840172
2023/5/31 7:46,100,22.21875,100,22.12731552,100,21.85625076,0,21.90393448
2023/5/31 7:47,100,22.21875,100,22.12731552,100,21.84178352,0,21.91840172
2023/5/31 7:48,100,22.11747742,100,22.12731552,100,21.85625076,0,21.91840172
2023/5/31 7:49,100,22.11747742,100,22.11284828,100,21.85625076,0,21.91840172
2023/5/31 7:50,100,22.21875,100,22.12731552,100,21.85625076,0,21.91840172
2023/5/31 7:51,100,22.21875,100,22.12731552,100,21.75497818,0,21.91840172
2023/5/31 7:52,100,22.11747742,100,22.02604294,100,21.75497818,0,21.91840172
2023/5/31 7:53,100,22.11747742,100,22.02604294,100,21.75497818,0,21.91840172
2023/5/31 7:54,100,22.11747742,100,22.02604294,100,21.75497818,0,21.91840172
2023/5/31 7:55,100,22.21875,100,22.02604294,100,21.75497818,0,21.91840172
2023/5/31 7:56,100,22.1464119,100,22.02604294,100,21.75497818,0,21.91840172
2023/5/31 7:57,100,22.21875,100,22.02604294,100,21.75497818,0,21.91840172
2023/5/31 7:58,100,22.21875,100,22.02604294,100,21.75497818,0,21.91840172
2023/5/31 7:59,100,22.17534828,100,22.12731552,100,21.76944542,0,21.91840172
2023/5/31 8:00,100,22.11747742,100,22.12731552,100,21.75497818,0,21.91840172
2023/5/31 8:01,100,22.21875,100,22.12731552,100,21.75497818,0,21.91840172
2023/5/31 8:02,100,22.11747742,100,22.02604294,100,21.75497818,0,21.91840172
2023/5/31 8:03,100,22.11747742,100,22.12731552,100,21.75497818,0,21.91840172
2023/5/31 8:04,100,22.11747742,100,22.12731552,100,21.75497818,0,21.91840172
2023/5/31 8:05,100,22.21875,100,22.12731552,100,21.76944542,0,21.91840172
2023/5/31 8:06,100,22.11747742,100,22.12731552,100,21.85625076,0,21.91840172
2023/5/31 8:07,100,22.21875,100,22.12731552,100,21.75497818,0,21.91840172
2023/5/31 8:08,100,22.16087914,100,22.12731552,100,21.75497818,0,21.91840172
2023/5/31 8:09,100,22.11747742,100,22.12731552,100,21.75497818,0,21.91840172
2023/5/31 8:10,100,22.11747742,100,22.12731552,100,21.85625076,0,21.91840172
2023/5/31 8:11,100,22.01620293,100,22.12731552,100,21.85625076,0,21.91840172
2023/5/31 8:12,100,22.11747742,100,22.12731552,100,21.85625076,0,21.91840172
2023/5/31 8:13,100,22.11747742,100,22.12731552,100,21.75497818,0,21.91840172
2023/5/31 8:14,100,22.01620293,100,22.0839119,100,21.75497818,0,21.91840172
2023/5/31 8:15,100,22.11747742,100,22.02604294,100,21.75497818,0,21.91840172
2023/5/31 8:16,100,22.01620293,100,22.02604294,100,21.75497818,0,21.91840172
2023/5/31 8:17,100,22.01620293,100,22.02604294,100,21.75497818,0,21.91840172
2023/5/31 8:18,100,22.01620293,100,22.02604294,100,21.75497818,0,21.91840172
2023/5/31 8:19,100,22.01620293,100,22.02604294,100,21.75497818,0,21.91840172
2023/5/31 8:20,100,22.01620293,100,22.02604294,100,21.75497818,0,21.91840172
2023/5/31 8:21,100,22.01620293,100,22.02604294,100,21.75497818,0,21.91840172
2023/5/31 8:22,100,22.01620293,100,22.11284828,100,21.75497818,0,21.91840172
2023/5/31 8:23,100,22.01620293,100,22.02604294,100,21.75497818,0,21.91840172
2023/5/31 8:24,100,22.01620293,100,22.12731552,100,21.75497818,0,21.91840172
2023/5/31 8:25,100,22.01620293,100,22.12731552,100,21.85625076,0,21.91840172
2023/5/31 8:26,100,22.01620293,100,22.11284828,100,21.75497818,0,21.91840172
2023/5/31 8:27,100,22.11747742,100,22.02604294,100,21.75497818,0,21.91840172
2023/5/31 8:28,100,22.01620293,100,22.02604294,100,21.65370369,0,21.91840172
2023/5/31 8:29,100,22.11747742,100,21.93923569,100,21.65370369,0,21.91840172
2023/5/31 8:30,100,22.11747742,100,22.02604294,100,21.75497818,0,21.91840172
2023/5/31 8:31,100,22.01620293,100,22.11284828,100,21.75497818,0,21.91840172
2023/5/31 8:32,100,22.01620293,100,22.12731552,100,21.75497818,0,21.91840172
2023/5/31 8:33,100,22.11747742,100,22.12731552,100,21.75497818,0,21.91840172
2023/5/31 8:34,100,22.01620293,100,22.12731552,100,21.75497818,0,21.91840172
2023/5/31 8:35,100,22.11747742,100,22.12731552,100,21.75497818,0,21.91840172
2023/5/31 8:36,100,22.11747742,100,22.12731552,100,21.85625076,0,21.91840172
2023/5/31 8:37,100,22.11747742,100,22.12731552,100,21.85625076,0,21.91840172
2023/5/31 8:38,100,22.21875,100,22.2285881,100,21.95752335,0,21.91840172
2023/5/31 8:39,100,22.21875,100,22.2285881,100,21.95752335,0,21.91840172
2023/5/31 8:40,100,22.11747742,100,22.2285881,100,21.95752335,0,21.91840172
2023/5/31 8:41,100,22.21875,100,22.2285881,100,21.97199059,0,21.91840172
2023/5/31 8:42,100,22.21875,100,22.2285881,100,21.95752335,0.173280984,22.01967621
2023/5/31 8:43,100,22.21875,100,22.2285881,100,21.95752335,0.373741031,22.01967621
2023/5/31 8:44,100,22.10301018,100,22.2285881,100,22.05879784,13.0443449,22.01967621
2023/5/31 8:45,100,22.11747742,100,22.2285881,100,21.95752335,27.41510201,22.01967621
2023/5/31 8:46,100,22.11747742,100,22.2285881,100,21.95752335,42.06220627,22.00520706
2023/5/31 8:47,100,22.11747742,100,22.11284828,100,21.95752335,56.53048706,22.01967621
2023/5/31 8:48,100,22.11747742,100,22.12731552,100,21.95752335,71.26853943,22.01967621
2023/5/31 8:49,100,22.11747742,100,22.12731552,100,21.95752335,85.87832642,22.01967621
2023/5/31 8:50,100,22.11747742,100,22.12731552,100,21.95752335,100,22.01967621
2023/5/31 8:51,100,22.01620293,100,22.12731552,100,21.85625076,100,22.01967621
2023/5/31 8:52,100,21.92939758,100,22.02604294,100,21.75497818,55.6558075,21.91840172
2023/5/31 8:53,100,22.00173569,100,21.92476845,100,21.65370369,0,21.91840172
2023/5/31 8:54,100,22.01620293,100,21.92476845,100,21.75497818,0,21.81712914
2023/5/31 8:55,100,21.92939758,100,22.02604294,100,21.75497818,0,21.81712914
2023/5/31 8:56,100,21.91493034,100,22.02604294,100,21.75497818,0,21.81712914
2023/5/31 8:57,100,21.91493034,100,22.12731552,100,21.85625076,0,21.81712914
2023/5/31 8:58,100,21.92939758,100,22.12731552,100,21.85625076,0,21.81712914
2023/5/31 8:59,100,22.01620293,100,22.12731552,100,21.85625076,0,21.81712914
2023/5/31 9:00,100,22.01620293,100,22.12731552,100,21.84178352,0,21.81712914
2023/5/31 9:01,100,22.01620293,100,22.11284828,100,21.84178352,0,21.81712914
2023/5/31 9:02,100,22.01620293,100,22.12731552,100,21.85625076,0,21.81712914
2023/5/31 9:03,100,22.01620293,100,22.12731552,100,21.91412163,0,21.81712914
2023/5/31 9:04,100,21.91493034,100,22.12731552,100,21.85625076,0,21.81712914
2023/5/31 9:05,100,21.91493034,100,22.02604294,100,21.85625076,0,21.81712914
2023/5/31 9:06,100,21.91493034,100,22.12731552,100,21.85625076,0,21.81712914
2023/5/31 9:07,100,21.91493034,100,22.12731552,100,21.85625076,0,21.91840172
2023/5/31 9:08,100,22.01620293,100,22.02604294,100,21.94305611,0,21.91840172
2023/5/31 9:09,100,22.01620293,100,22.02604294,100,21.95752335,0,21.91840172
2023/5/31 9:10,100,22.01620293,100,22.12731552,100,21.94305611,0,21.91840172
2023/5/31 9:11,100,22.01620293,100,22.12731552,100,21.95752335,0,21.91840172
2023/5/31 9:12,100,22.01620293,100,22.12731552,100,21.95752335,0,21.91840172
2023/5/31 9:13,100,22.01620293,100,22.02604294,100,21.85625076,0,21.91840172
2023/5/31 9:14,100,22.01620293,100,22.02604294,100,21.85625076,0,21.91840172
2023/5/31 9:15,100,21.91493034,100,22.02604294,100,21.85625076,1.490762949,22.01967621
2023/5/31 9:16,100,22.00173569,100,22.02604294,100,21.84178352,15.90721607,22.01967621
2023/5/31 9:17,100,21.91493034,100,22.02604294,100,21.84178352,30.50107574,22.01967621
2023/5/31 9:18,100,21.92939758,100,22.02604294,100,21.81284904,44.99183655,22.00520706
2023/5/31 9:19,100,22.01620293,100,22.02604294,100,21.85625076,59.66769409,22.01967621
2023/5/31 9:20,100,21.92939758,100,22.02604294,100,21.84178352,84.49449158,22.01967621
2023/5/31 9:21,100,22.00173569,100,22.02604294,100,21.75497818,100,22.01967621
2023/5/31 9:22,100,21.91493034,100,22.02604294,100,21.7983799,100,22.01967621
2023/5/31 9:23,100,22.01620293,100,22.02604294,100,21.85625076,100,22.01967621
2023/5/31 9:24,100,21.91493034,100,22.02604294,100,21.85625076,92.07511902,21.91840172
2023/5/31 9:25,100,21.828125,100,22.02604294,100,21.84178352,28.11214828,21.91840172
2023/5/31 9:26,100,21.91493034,100,22.12731552,100,21.85625076,0,21.91840172
2023/5/31 9:27,100,21.91493034,100,22.12731552,100,21.95752335,0,21.81712914
2023/5/31 9:28,100,21.91493034,100,22.02604294,100,21.85625076,0,21.81712914
2023/5/31 9:29,100,21.91493034,100,22.12731552,100,21.95752335,0,21.81712914
2023/5/31 9:30,100,21.91493034,100,22.12731552,100,21.95752335,0,21.81712914
2023/5/31 9:31,100,21.91493034,100,22.02604294,100,21.95752335,0,21.81712914
2023/5/31 9:32,100,21.91493034,100,22.12731552,100,21.95752335,0,21.81712914
2023/5/31 9:33,100,21.91493034,100,22.12731552,100,21.95752335,0,21.81712914
2023/5/31 9:34,100,21.91493034,100,22.21412086,100,21.95752335,0,21.81712914
2023/5/31 9:35,100,21.91493034,100,22.2285881,100,22.04432869,0,21.81712914
2023/5/31 9:36,100,21.91493034,100,22.2285881,100,22.05879784,0,21.81712914
2023/5/31 9:37,100,21.91493034,100,22.2285881,100,22.05879784,0,21.81712914
2023/5/31 9:38,100,21.92939758,100,22.12731552,100,21.95752335,0,21.81712914
2023/5/31 9:39,100,21.828125,100,22.12731552,100,21.95752335,0,21.81712914
2023/5/31 9:40,100,21.91493034,100,22.21412086,100,21.95752335,0,21.91840172
2023/5/31 9:41,100,21.91493034,100,22.2285881,100,21.95752335,0,21.91840172
2023/5/31 9:42,100,21.91493034,100,22.2285881,100,21.95752335,0,21.91840172
2023/5/31 9:43,100,21.91493034,100,22.21412086,100,21.98645782,0,21.91840172
2023/5/31 9:44,100,21.91493034,100,22.2285881,100,22.05879784,0,21.91840172
2023/5/31 9:45,100,21.91493034,100,22.2285881,100,22.05879784,0,21.91840172
2023/5/31 9:46,100,21.91493034,100,22.2285881,100,21.95752335,0,21.91840172
2023/5/31 9:47,100,21.91493034,100,22.12731552,100,21.95752335,0,21.91840172
2023/5/31 9:48,100,21.91493034,100,22.11284828,100,21.95752335,0,21.91840172
2023/5/31 9:49,100,22.01620293,100,22.21412086,100,22.05879784,0,21.91840172
2023/5/31 9:50,100,21.91493034,100,22.2285881,100,22.05879784,1.186564684,22.01967621
2023/5/31 9:51,100,21.91493034,100,22.18518448,100,22.05879784,15.09926224,22.01967621
2023/5/31 9:52,100,22.01620293,100,22.2285881,100,22.05879784,29.52887726,22.01967621
2023/5/31 9:53,100,22.01620293,100,22.2285881,100,22.05879784,44.56277084,22.01967621
2023/5/31 9:54,100,22.11747742,100,22.2285881,100,22.05879784,58.72012711,22.01967621
2023/5/31 9:55,100,22.01620293,100,22.2285881,100,22.05879784,73.18414307,22.01967621
2023/5/31 9:56,100,21.91493034,100,22.32986069,100,22.05879784,87.68257904,22.01967621
2023/5/31 9:57,100,22.11747742,100,22.2285881,100,22.05879784,100,22.01967621
2023/5/31 9:58,100,22.21875,100,22.2285881,100,21.95752335,91.61927795,21.91840172
2023/5/31 9:59,100,22.01620293,100,22.2285881,100,22.00092697,26.39128876,21.91840172
2023/5/31 10:00,100,22.01620293,100,22.2285881,100,21.95752335,0,21.91840172
2023/5/31 10:01,100,22.01620293,100,22.2285881,100,21.95752335,0,21.81712914
2023/5/31 10:02,100,22.01620293,100,22.2285881,100,21.95752335,0,21.81712914
2023/5/31 10:03,100,22.11747742,100,22.2285881,100,22.05879784,0,21.81712914
2023/5/31 10:04,100,22.11747742,100,22.2285881,100,22.05879784,0,21.81712914
2023/5/31 10:05,100,22.01620293,100,22.2285881,100,22.05879784,0,21.81712914
2023/5/31 10:06,100,22.01620293,100,22.2285881,100,22.05879784,0,21.81712914
2023/5/31 10:07,100,21.91493034,100,22.2285881,100,22.05879784,0,21.81712914
2023/5/31 10:08,100,22.01620293,100,22.2285881,100,22.04432869,0,21.81712914
2023/5/31 10:09,100,21.91493034,100,22.32986069,100,22.05879784,0,21.81712914
2023/5/31 10:10,100,21.91493034,100,22.2285881,100,22.05879784,0,21.91840172
2023/5/31 10:11,100,21.92939758,100,22.2285881,100,22.05879784,0,21.91840172
2023/5/31 10:12,100,21.91493034,100,22.2285881,100,22.05879784,0,21.91840172
2023/5/31 10:13,100,21.91493034,100,22.32986069,100,22.16007042,0,21.91840172
2023/5/31 10:14,100,21.97280121,100,22.32986069,100,22.16007042,0,21.91840172
2023/5/31 10:15,100,21.97280121,100,22.41666794,100,22.16007042,7.928379059,22.01967621
2023/5/31 10:16,100,22.01620293,100,22.38773155,100,22.261343,22.54776001,22.01967621
2023/5/31 10:17,100,22.11747742,100,22.43113518,100,22.261343,36.92115021,22.01967621
2023/5/31 10:18,100,22.11747742,100,22.32986069,100,22.261343,51.40230942,22.01967621
2023/5/31 10:19,100,22.01620293,100,22.32986069,100,22.24687576,73.50609589,22.01967621
2023/5/31 10:20,100,22.01620293,100,22.32986069,100,22.16007042,100,22.01967621
2023/5/31 10:21,100,22.01620293,100,22.32986069,100,22.14560318,100,22.01967621
2023/5/31 10:22,100,22.01620293,100,22.32986069,100,22.05879784,100,22.01967621
2023/5/31 10:23,100,21.91493034,100,22.32986069,100,22.05879784,90.93106079,21.99073982
2023/5/31 10:24,100,22.01620293,100,22.32986069,100,22.04432869,25.79217529,21.91840172
2023/5/31 10:25,100,22.01620293,100,22.21412086,100,22.04432869,0,21.91840172
2023/5/31 10:26,100,21.91493034,100,22.2285881,100,22.05879784,0,21.81712914
2023/5/31 10:27,100,21.92939758,100,22.2285881,100,22.05879784,0,21.81712914
2023/5/31 10:28,100,21.91493034,100,22.2285881,100,21.95752335,0,21.81712914
2023/5/31 10:29,100,21.91493034,100,22.2285881,100,21.95752335,0,21.81712914
2023/5/31 10:30,100,21.91493034,100,22.21412086,100,22.05879784,0,21.81712914
2023/5/31 10:31,100,21.91493034,100,22.32986069,100,22.05879784,0,21.81712914
2023/5/31 10:32,100,21.91493034,100,22.30092621,100,22.05879784,0,21.81712914
2023/5/31 10:33,100,21.91493034,100,22.2285881,100,22.05879784,0,21.81712914
2023/5/31 10:34,100,21.92939758,100,22.21412086,100,22.05879784,0,21.81712914
2023/5/31 10:35,100,22.01620293,100,22.32986069,100,22.05879784,0,21.81712914
2023/5/31 10:36,100,22.01620293,100,22.32986069,100,22.05879784,0,21.91840172
2023/5/31 10:37,100,21.91493034,100,22.32986069,100,22.05879784,0,21.91840172
2023/5/31 10:38,100,21.91493034,100,22.32986069,100,22.05879784,0,21.91840172
2023/5/31 10:39,100,21.91493034,100,22.31539345,100,22.05879784,0,21.91840172
2023/5/31 10:40,100,21.91493034,100,22.32986069,100,22.05879784,0,21.91840172
2023/5/31 10:41,100,22.01620293,100,22.32986069,100,22.05879784,0,21.91840172
2023/5/31 10:42,100,21.91493034,100,22.32986069,100,22.05879784,0,21.91840172
2023/5/31 10:43,100,22.01620293,100,22.2285881,100,22.05879784,0,21.91840172
2023/5/31 10:44,100,22.01620293,100,22.32986069,100,22.05879784,4.948428631,22.01967621
2023/5/31 10:45,100,22.01620293,100,22.32986069,100,22.05879784,19.48339462,22.01967621
2023/5/31 10:46,100,22.01620293,100,22.31539345,100,22.16007042,34.3380127,22.01967621
2023/5/31 10:47,100,21.92939758,100,22.32986069,100,22.16007042,48.99446106,22.01967621
2023/5/31 10:48,100,22.01620293,100,22.32986069,100,22.16007042,63.84190369,22.01967621
2023/5/31 10:49,100,22.01620293,100,22.32986069,100,22.16007042,78.847229,22.01967621
2023/5/31 10:50,100,21.94386482,100,22.32986069,100,22.16007042,100,22.09201431
2023/5/31 10:51,100,21.95833206,100,22.32986069,100,22.05879784,100,22.01967621
2023/5/31 10:52,100,22.01620293,100,22.2285881,100,22.05879784,100,22.01967621
2023/5/31 10:53,100,21.91493034,100,22.2285881,100,22.05879784,100,22.01967621
2023/5/31 10:54,100,22.01620293,100,22.12731552,100,21.95752335,42.95774841,21.91840172
2023/5/31 10:55,100,21.91493034,100,22.2285881,100,21.98645782,0,21.91840172
2023/5/31 10:56,100,22.01620293,100,22.2285881,100,22.05879784,0,21.81712914
2023/5/31 10:57,100,21.91493034,100,22.2285881,100,22.05879784,0,21.81712914
2023/5/31 10:58,100,21.91493034,100,22.2285881,100,22.05879784,0,21.81712914
2023/5/31 10:59,100,21.91493034,100,22.2285881,100,22.05879784,0,21.81712914
2023/5/31 11:00,100,21.92939758,100,22.21412086,100,22.05879784,0,21.8026619
2023/5/31 11:01,100,21.91493034,100,22.2285881,100,21.95752335,0,21.81712914
2023/5/31 11:02,100,21.91493034,100,22.2285881,100,21.95752335,0,21.81712914
2023/5/31 11:03,100,21.91493034,100,22.12731552,100,21.95752335,0,21.81712914
2023/5/31 11:04,100,21.91493034,100,22.11284828,100,21.95752335,0,21.81712914
2023/5/31 11:05,100,21.91493034,100,22.12731552,100,21.85625076,0,21.81712914
2023/5/31 11:06,100,21.91493034,100,22.12731552,100,21.85625076,0,21.81712914
2023/5/31 11:07,100,21.91493034,100,22.2285881,100,21.95752335,0,21.81712914
2023/5/31 11:08,100,21.91493034,100,22.2285881,100,21.95752335,0,21.81712914
2023/5/31 11:09,100,21.91493034,100,22.21412086,100,21.95752335,0,21.91840172
2023/5/31 11:10,100,22.01620293,100,22.2285881,100,21.95752335,0,21.91840172
2023/5/31 11:11,100,21.92939758,100,22.2285881,100,21.95752335,0,21.91840172
2023/5/31 11:12,100,21.91493034,100,22.2285881,100,21.94305611,0,21.91840172
2023/5/31 11:13,100,21.91493034,100,22.2285881,100,21.95752335,0,21.91840172
2023/5/31 11:14,100,21.91493034,100,22.12731552,100,21.85625076,0,21.91840172
2023/5/31 11:15,100,21.91493034,100,22.02604294,100,21.85625076,0,21.97627258
2023/5/31 11:16,100,21.91493034,100,22.02604294,100,21.85625076,9.390493393,22.01967621
2023/5/31 11:17,100,22.11747742,100,22.12731552,100,21.85625076,24.03162575,22.01967621
2023/5/31 11:18,100,22.11747742,100,22.12731552,100,21.85625076,38.26480484,22.01967621
2023/5/31 11:19,100,22.01620293,100,22.12731552,100,21.91412163,53.27384949,22.01967621
2023/5/31 11:20,100,22.11747742,100,22.11284828,100,21.85625076,67.8468399,22.01967621
2023/5/31 11:21,100,22.11747742,100,22.12731552,100,21.85625076,82.44400787,22.01967621
2023/5/31 11:22,100,22.11747742,100,22.06944466,100,21.84178352,97.10211182,22.01967621
2023/5/31 11:23,100,22.01620293,100,22.12731552,100,21.85625076,100,22.01967621
2023/5/31 11:24,100,22.01620293,100,22.12731552,100,21.95752335,49.24720001,21.91840172
2023/5/31 11:25,100,22.01620293,100,22.2285881,100,21.95752335,0,21.91840172
2023/5/31 11:26,100,22.01620293,100,22.2285881,100,22.05879784,0,21.91840172
2023/5/31 11:27,100,22.01620293,100,22.2285881,100,21.95752335,0,21.83159828
2023/5/31 11:28,100,22.01620293,100,22.2285881,100,21.95752335,0,21.81712914
2023/5/31 11:29,100,22.01620293,100,22.2285881,100,21.95752335,0,21.81712914
2023/5/31 11:30,100,22.01620293,100,22.2285881,100,21.95752335,0,21.81712914
2023/5/31 11:31,100,22.01620293,100,22.2285881,100,21.95752335,0,21.81712914
2023/5/31 11:32,100,21.91493034,100,22.2285881,100,22.05879784,0,21.81712914
2023/5/31 11:33,100,21.92939758,100,22.2285881,100,22.05879784,0,21.81712914
2023/5/31 11:34,100,22.11747742,100,22.2285881,100,22.05879784,0,21.81712914
2023/5/31 11:35,100,22.01620293,100,22.21412086,100,21.95752335,0,21.91840172
2023/5/31 11:36,100,21.91493034,100,22.32986069,100,22.04432869,0,21.91840172
2023/5/31 11:37,100,22.01620293,100,22.32986069,100,22.05879784,0,21.91840172
2023/5/31 11:38,100,22.01620293,100,22.32986069,100,22.05879784,0,21.91840172
2023/5/31 11:39,100,22.01620293,100,22.32986069,100,22.05879784,0,21.91840172
2023/5/31 11:40,100,22.01620293,100,22.32986069,100,22.05879784,0,21.91840172
2023/5/31 11:41,100,22.01620293,100,22.32986069,100,22.05879784,0,21.91840172
2023/5/31 11:42,100,22.01620293,100,22.32986069,100,22.05879784,0,21.91840172
2023/5/31 11:43,100,22.01620293,100,22.32986069,100,22.08773232,0,21.90393448
2023/5/31 11:44,100,22.11747742,100,22.32986069,100,22.16007042,0,21.91840172
2023/5/31 11:45,100,22.11747742,100,22.32986069,100,22.05879784,0,21.91840172
2023/5/31 11:46,100,22.11747742,100,22.40219879,100,22.16007042,0,21.99073982
2023/5/31 11:47,100,22.01620293,100,22.32986069,100,22.05879784,0,21.90393448
2023/5/31 11:48,100,22.01620293,100,22.2285881,100,21.95752335,8.72769165,22.01967621
2023/5/31 11:49,100,22.01620293,100,22.2285881,100,21.95752335,23.17765427,22.01967621
2023/5/31 11:50,100,22.01620293,100,22.2285881,100,21.95752335,37.7371788,22.01967621
2023/5/31 11:51,100,22.11747742,100,22.2285881,100,22.05879784,52.35634995,22.01967621
2023/5/31 11:52,100,22.03067207,100,22.32986069,100,22.04432869,89.64172363,22.10648155
2023/5/31 11:53,100,22.11747742,100,22.2285881,100,22.05879784,100,22.12094879
2023/5/31 11:54,100,22.01620293,100,22.2285881,100,21.95752335,100,22.01967621
2023/5/31 11:55,100,22.01620293,100,22.2285881,100,21.95752335,100,22.01967621
2023/5/31 11:56,100,22.11747742,100,22.2285881,100,21.94305611,100,22.01967621
2023/5/31 11:57,100,22.11747742,100,22.2285881,100,22.05879784,100,22.01967621
2023/5/31 11:58,100,22.11747742,100,22.2285881,100,22.05879784,72.1019516,21.91840172
2023/5/31 11:59,100,22.01620293,100,22.2285881,100,22.05879784,6.572146893,21.91840172
2023/5/31 12:00,100,21.91493034,100,22.2285881,100,21.95752335,0,21.81712914
2023/5/31 12:01,100,21.91493034,100,22.2285881,100,21.95752335,0,21.81712914
2023/5/31 12:02,100,21.91493034,100,22.12731552,100,21.95752335,0,21.81712914
2023/5/31 12:03,100,22.01620293,100,22.12731552,100,21.870718,0,21.81712914
2023/5/31 12:04,100,22.01620293,100,22.14178276,100,21.95752335,0,21.81712914
2023/5/31 12:05,100,22.01620293,100,22.21412086,100,22.05879784,0,21.81712914
2023/5/31 12:06,100,22.01620293,100,22.2285881,100,22.1166687,0,21.81712914
2023/5/31 12:07,100,22.01620293,100,22.2285881,100,22.05879784,0,21.81712914
2023/5/31 12:08,100,22.01620293,100,22.2285881,100,22.05879784,0,21.81712914
2023/5/31 12:09,100,21.91493034,100,22.2285881,100,21.95752335,0,21.81712914
2023/5/31 12:10,100,21.91493034,100,22.2285881,100,22.05879784,0,21.81712914
2023/5/31 12:11,100,22.01620293,100,22.2285881,100,22.05879784,0,21.8026619
2023/5/31 12:12,100,22.01620293,100,22.11284828,100,21.95752335,0,21.81712914
2023/5/31 12:13,100,22.11747742,100,22.12731552,100,21.85625076,0,21.91840172
2023/5/31 12:14,100,22.01620293,100,22.12731552,100,21.95752335,0,21.91840172
2023/5/31 12:15,100,22.01620293,100,22.12731552,100,21.95752335,0,21.91840172
2023/5/31 12:16,100,22.01620293,100,22.12731552,100,21.95752335,0,21.91840172
2023/5/31 12:17,100,22.01620293,100,22.17071724,100,21.95752335,0,21.91840172
2023/5/31 12:18,100,22.01620293,100,22.21412086,100,22.05879784,0,21.91840172
2023/5/31 12:19,100,22.01620293,100,22.2285881,100,21.95752335,0,21.91840172
2023/5/31 12:20,100,22.01620293,100,22.12731552,100,21.95752335,0,21.91840172
2023/5/31 12:21,100,21.91493034,100,22.12731552,100,21.95752335,0,21.91840172
2023/5/31 12:22,100,22.01620293,100,22.12731552,100,21.95752335,9.86151123,22.01967621
2023/5/31 12:23,100,22.01620293,100,22.12731552,100,21.95752335,24.25811768,22.01967621
2023/5/31 12:24,100,22.01620293,100,22.2285881,100,22.05879784,38.85780334,22.01967621
2023/5/31 12:25,100,22.01620293,100,22.2285881,100,22.05879784,53.6154213,22.01967621
2023/5/31 12:26,100,22.01620293,100,22.28645706,100,22.16007042,68.00366211,22.00520706
2023/5/31 12:27,100,22.01620293,100,22.2285881,100,22.04432869,82.51270294,22.01967621
2023/5/31 12:28,100,22.01620293,100,22.32986069,100,22.05879784,97.28370667,22.01967621
2023/5/31 12:29,100,22.01620293,100,22.32986069,100,22.05879784,97.94456482,22.00520706
2023/5/31 12:30,100,22.01620293,100,22.2285881,100,22.05879784,36.36942291,21.91840172
2023/5/31 12:31,100,22.01620293,100,22.2285881,100,22.04432869,0,21.91840172
2023/5/31 12:32,100,22.01620293,100,22.2285881,100,22.05879784,0,21.81712914
2023/5/31 12:33,100,22.01620293,100,22.2285881,100,22.05879784,0,21.81712914
2023/5/31 12:34,100,22.01620293,100,22.2285881,100,22.05879784,0,21.81712914
2023/5/31 12:35,100,22.04513931,100,22.2285881,100,22.05879784,0,21.81712914
2023/5/31 12:36,100,22.01620293,100,22.2285881,100,22.05879784,0,21.81712914
2023/5/31 12:37,100,22.01620293,100,22.2285881,100,22.05879784,0,21.81712914
2023/5/31 12:38,100,22.01620293,100,22.21412086,100,22.05879784,0,21.81712914
2023/5/31 12:39,100,22.01620293,100,22.2285881,100,22.05879784,0,21.81712914
2023/5/31 12:40,100,22.01620293,100,22.2285881,100,22.05879784,0,21.81712914
2023/5/31 12:41,100,21.92939758,100,22.2285881,100,22.05879784,0,21.81712914
2023/5/31 12:42,100,22.01620293,100,22.21412086,100,22.05879784,0,21.81712914
2023/5/31 12:43,100,22.01620293,100,22.12731552,100,21.95752335,0,21.8026619
2023/5/31 12:44,100,22.01620293,100,22.12731552,100,21.85625076,0,21.81712914
2023/5/31 12:45,100,22.11747742,100,22.12731552,100,21.95752335,0,21.81712914
2023/5/31 12:46,100,22.11747742,100,22.12731552,100,21.95752335,0,21.91840172
2023/5/31 12:47,100,22.01620293,100,22.02604294,100,21.85625076,0,21.91840172
2023/5/31 12:48,100,22.01620293,100,22.02604294,100,21.85625076,0,21.91840172
2023/5/31 12:49,100,21.91493034,100,22.02604294,100,21.85625076,0,21.91840172
2023/5/31 12:50,100,21.91493034,100,22.02604294,100,21.75497818,0,21.91840172
2023/5/31 12:51,100,22.01620293,100,22.12731552,100,22.05879784,0,21.91840172
2023/5/31 12:52,100,22.01620293,100,22.2285881,100,22.34814835,8.577600479,22.01967621
2023/5/31 12:53,100,22.01620293,100,22.12731552,100,22.36261559,23.14414787,22.01967621
2023/5/31 12:54,100,22.01620293,100,22.12731552,100,22.36261559,37.96141052,22.01967621
2023/5/31 12:55,100,22.01620293,100,22.12731552,100,22.33368111,52.37028503,22.01967621
2023/5/31 12:56,100,22.01620293,100,22.02604294,100,22.34814835,67.03826904,22.01967621
2023/5/31 12:57,100,22.08854294,100,22.02604294,100,22.36261559,81.79291534,22.01967621
2023/5/31 12:58,100,22.11747742,100,22.02604294,100,22.261343,96.32963562,22.01967621
2023/5/31 12:59,100,22.01620293,100,21.92476845,100,22.261343,100,22.01967621
2023/5/31 13:00,100,22.01620293,100,22.02604294,100,22.36261559,100,22.01967621
2023/5/31 13:01,100,22.01620293,100,22.02604294,100,22.46389008,100,22.00520706
2023/5/31 13:02,100,22.01620293,100,22.02604294,100,22.36261559,60.57567596,21.91840172
2023/5/31 13:03,100,22.01620293,100,22.02604294,100,22.36261559,0,21.81712914
2023/5/31 13:04,100,22.01620293,100,22.12731552,100,22.261343,0,21.81712914
2023/5/31 13:05,100,22.01620293,100,22.12731552,100,22.261343,0,21.81712914
2023/5/31 13:06,100,22.01620293,100,22.02604294,100,22.261343,0,21.81712914
2023/5/31 13:07,100,22.01620293,100,22.02604294,100,22.16007042,0,21.81712914
2023/5/31 13:08,100,22.01620293,100,22.02604294,100,22.261343,0,21.81712914
2023/5/31 13:09,100,21.91493034,100,22.04051018,100,22.16007042,0,21.81712914
2023/5/31 13:10,100,21.91493034,100,22.12731552,100,22.261343,0,21.81712914
2023/5/31 13:11,100,21.91493034,100,22.02604294,100,22.16007042,0,21.81712914
2023/5/31 13:12,100,22.01620293,100,21.92476845,100,22.16007042,0,21.81712914
2023/5/31 13:13,100,22.01620293,100,21.92476845,100,22.05879784,0,21.81712914
2023/5/31 13:14,100,22.01620293,100,21.92476845,100,22.05879784,0,21.81712914
2023/5/31 13:15,100,22.11747742,100,21.92476845,100,22.16007042,0,21.81712914
2023/5/31 13:16,100,22.01620293,100,21.92476845,100,22.16007042,0,21.81712914
2023/5/31 13:17,100,22.03067207,100,21.92476845,100,22.16007042,0,21.81712914
2023/5/31 13:18,100,22.01620293,100,22.01157379,100,22.16007042,0,21.81712914
2023/5/31 13:19,100,22.01620293,100,22.02604294,100,22.16007042,0,21.81712914
2023/5/31 13:20,100,22.01620293,100,22.02604294,100,22.16007042,0,21.91840172
2023/5/31 13:21,100,22.01620293,100,22.02604294,100,22.261343,0,21.91840172
2023/5/31 13:22,100,22.11747742,100,22.11284828,100,22.36261559,0,21.91840172
2023/5/31 13:23,100,22.11747742,100,22.12731552,100,22.36261559,0,21.91840172
2023/5/31 13:24,100,22.10301018,100,22.12731552,100,22.261343,0,21.91840172
2023/5/31 13:25,100,22.11747742,100,22.12731552,100,22.261343,0,21.91840172
2023/5/31 13:26,100,22.11747742,100,22.02604294,100,22.16007042,0,21.90393448
2023/5/31 13:27,100,22.11747742,100,21.93923569,100,22.16007042,0,21.91840172
2023/5/31 13:28,100,22.11747742,100,21.92476845,100,22.05879784,0,21.91840172
2023/5/31 13:29,100,22.11747742,100,21.92476845,100,22.16007042,0,21.91840172
2023/5/31 13:30,100,22.11747742,100,22.02604294,100,22.261343,0,21.91840172
2023/5/31 13:31,100,22.11747742,100,22.02604294,100,22.16007042,7.437424183,22.01967621
2023/5/31 13:32,100,22.11747742,100,22.02604294,100,22.16007042,22.16173744,22.01967621
2023/5/31 13:33,100,22.21875,100,22.12731552,100,22.16007042,36.69014359,22.01967621
2023/5/31 13:34,100,22.21875,100,22.12731552,100,22.16007042,51.1354599,22.01967621
2023/5/31 13:35,100,22.21875,100,22.12731552,100,22.261343,65.61522675,22.01967621
2023/5/31 13:36,100,22.11747742,100,22.12731552,100,22.261343,80.14810181,22.01967621
2023/5/31 13:37,100,22.11747742,100,22.12731552,100,22.261343,94.92601013,22.01967621
2023/5/31 13:38,100,22.21875,100,22.02604294,100,22.24687576,100,22.01967621
2023/5/31 13:39,100,22.21875,100,22.02604294,100,22.16007042,77.89297485,21.90393448
2023/5/31 13:40,100,22.11747742,100,22.12731552,100,22.16007042,12.20285606,21.91840172
2023/5/31 13:41,100,22.11747742,100,22.12731552,100,22.16007042,0,21.91840172
2023/5/31 13:42,100,22.21875,100,22.02604294,100,22.05879784,0,21.8026619
2023/5/31 13:43,100,22.21875,100,22.02604294,100,21.95752335,0,21.81712914
2023/5/31 13:44,100,22.11747742,100,22.02604294,100,21.95752335,0,21.81712914
2023/5/31 13:45,100,22.11747742,100,22.02604294,100,22.05879784,0,21.81712914
2023/5/31 13:46,100,22.11747742,100,22.02604294,100,21.95752335,0,21.81712914
2023/5/31 13:47,100,22.11747742,100,22.02604294,100,21.95752335,0,21.81712914
2023/5/31 13:48,100,22.11747742,100,22.12731552,100,22.05879784,0,21.81712914
2023/5/31 13:49,100,22.21875,100,22.12731552,100,22.05879784,0,21.81712914
2023/5/31 13:50,100,22.21875,100,22.12731552,100,22.05879784,0,21.81712914
2023/5/31 13:51,100,22.21875,100,22.02604294,100,21.95752335,0,21.81712914
2023/5/31 13:52,100,22.11747742,100,21.93923569,100,21.85625076,0,21.81712914
2023/5/31 13:53,100,22.11747742,100,21.92476845,100,21.85625076,0,21.81712914
2023/5/31 13:54,100,22.21875,100,21.92476845,100,21.85625076,0,21.81712914
2023/5/31 13:55,100,22.32002258,100,21.92476845,100,21.85625076,0,21.91840172
2023/5/31 13:56,100,22.21875,100,21.92476845,100,21.85625076,0,21.91840172
2023/5/31 13:57,100,22.11747742,100,21.92476845,100,21.85625076,0,21.91840172
2023/5/31 13:58,100,22.21875,100,21.82349586,100,21.75497818,0,21.91840172
2023/5/31 13:59,100,22.21875,100,21.82349586,100,21.75497818,0,21.91840172
2023/5/31 14:00,100,22.21875,100,21.82349586,100,21.75497818,0,21.91840172
2023/5/31 14:01,100,22.21875,100,21.82349586,100,21.75497818,0,21.91840172
2023/5/31 14:02,100,22.21875,100,21.82349586,100,21.75497818,0,21.91840172
2023/5/31 14:03,100,22.21875,100,21.91030121,100,21.75497818,3.991488934,22.01967621
2023/5/31 14:04,100,22.32002258,100,21.92476845,100,21.84178352,0,21.91840172
2023/5/31 14:05,100,22.21875,100,21.92476845,100,21.85625076,0,21.91840172
2023/5/31 14:06,100,22.21875,100,21.92476845,100,21.85625076,0,21.91840172
2023/5/31 14:07,100,22.21875,100,22.02604294,100,21.94305611,0.000318723,21.99073982
2023/5/31 14:08,100,22.32002258,100,22.02604294,100,21.95752335,8.139680862,22.01967621
2023/5/31 14:09,100,22.32002258,100,22.02604294,100,21.95752335,22.68147659,22.01967621
2023/5/31 14:10,100,22.32002258,100,22.12731552,100,21.95752335,37.47057343,22.01967621
2023/5/31 14:11,100,22.32002258,100,22.12731552,100,22.04432869,52.08898163,22.01967621
2023/5/31 14:12,100,22.32002258,100,22.02604294,100,21.95752335,66.68162537,22.00520706
2023/5/31 14:13,100,22.32002258,100,22.02604294,100,21.95752335,81.06490326,22.01967621
2023/5/31 14:14,100,22.30555534,100,22.01157379,100,21.85625076,96.0136795,22.01967621
2023/5/31 14:15,100,22.32002258,100,22.02604294,100,21.95752335,100,22.01967621
2023/5/31 14:16,100,22.32002258,100,22.01157379,100,21.85625076,51.15838623,21.91840172
2023/5/31 14:17,100,22.32002258,100,21.92476845,100,21.85625076,0,21.91840172
2023/5/31 14:18,100,22.32002258,100,21.92476845,100,21.85625076,0,21.81712914
2023/5/31 14:19,100,22.26215172,100,21.92476845,100,21.85625076,0,21.81712914
2023/5/31 14:20,100,22.21875,100,21.92476845,100,21.95752335,0,21.81712914
2023/5/31 14:21,100,22.21875,100,21.92476845,100,21.95752335,0,21.81712914
2023/5/31 14:22,100,22.21875,100,22.02604294,100,21.95752335,0,21.81712914
2023/5/31 14:23,100,22.21875,100,22.02604294,100,21.95752335,0,21.81712914
2023/5/31 14:24,100,22.2910881,100,22.02604294,100,21.95752335,0,21.81712914
2023/5/31 14:25,100,22.21875,100,22.02604294,100,21.85625076,0,21.81712914
2023/5/31 14:26,100,22.21875,100,22.02604294,100,21.95752335,0,21.81712914
2023/5/31 14:27,100,22.21875,100,22.02604294,100,21.95752335,0,21.81712914
2023/5/31 14:28,100,22.21875,100,22.02604294,100,21.95752335,0,21.81712914
2023/5/31 14:29,100,22.21875,100,21.92476845,100,21.95752335,0,21.81712914
2023/5/31 14:30,100,22.32002258,100,22.02604294,100,22.05879784,0,21.81712914
2023/5/31 14:31,100,22.32002258,100,22.12731552,100,22.05879784,0,21.81712914
2023/5/31 14:32,100,22.32002258,100,22.12731552,100,22.05879784,0,21.91840172
2023/5/31 14:33,100,22.32002258,100,22.12731552,100,22.05879784,0,21.91840172
2023/5/31 14:34,100,22.32002258,100,22.12731552,100,22.05879784,0,21.91840172
2023/5/31 14:35,100,22.32002258,100,22.12731552,100,22.05879784,0,21.91840172
2023/5/31 14:36,100,22.30555534,100,22.12731552,100,21.95752335,0,21.91840172
2023/5/31 14:37,100,22.21875,100,22.12731552,100,21.95752335,0,21.91840172
2023/5/31 14:38,100,22.21875,100,22.02604294,100,21.95752335,0,21.91840172
2023/5/31 14:39,100,22.21875,100,22.02604294,100,21.94305611,0,22.01967621
2023/5/31 14:40,100,22.32002258,100,22.02604294,100,21.95752335,12.28042221,22.00520706
2023/5/31 14:41,100,22.32002258,100,22.02604294,100,21.95752335,26.7872982,22.01967621
2023/5/31 14:42,100,22.32002258,100,22.12731552,100,22.04432869,41.3718605,22.01967621
2023/5/31 14:43,100,22.32002258,100,22.12731552,100,22.05879784,55.91994476,22.01967621
2023/5/31 14:44,100,22.32002258,100,22.12731552,100,22.04432869,70.45446777,22.01967621
2023/5/31 14:45,100,22.32002258,100,22.11284828,100,22.05879784,85.11361694,22.01967621
2023/5/31 14:46,100,22.32002258,100,22.12731552,100,22.05879784,99.77539063,22.01967621
2023/5/31 14:47,100,22.32002258,100,22.12731552,100,22.1166687,100,22.01967621
2023/5/31 14:48,100,22.30555534,100,22.12731552,100,22.05879784,69.03450012,21.91840172
2023/5/31 14:49,100,22.32002258,100,22.0839119,100,22.04432869,3.490810394,21.91840172
2023/5/31 14:50,100,22.32002258,100,22.02604294,100,22.05879784,0,21.91840172
2023/5/31 14:51,100,22.32002258,100,22.02604294,100,22.05879784,0,21.81712914
2023/5/31 14:52,100,22.32002258,100,22.12731552,100,21.97199059,0,21.81712914
2023/5/31 14:53,100,22.32002258,100,22.12731552,100,22.04432869,0,21.81712914
2023/5/31 14:54,100,22.30555534,100,22.12731552,100,22.05879784,0,21.81712914
2023/5/31 14:55,100,22.32002258,100,22.12731552,100,22.05879784,0,21.8026619
2023/5/31 14:56,100,22.32002258,100,22.12731552,100,22.05879784,0,21.81712914
2023/5/31 14:57,100,22.32002258,100,22.12731552,100,22.05879784,0,21.81712914
2023/5/31 14:58,100,22.32002258,100,22.12731552,100,21.95752335,0,21.8026619
2023/5/31 14:59,100,22.32002258,100,22.12731552,100,22.05879784,0,21.81712914
2023/5/31 15:00,100,22.32002258,100,22.12731552,100,22.05879784,0,21.81712914
2023/5/31 15:01,100,22.32002258,100,22.12731552,100,22.05879784,0,21.81712914
2023/5/31 15:02,100,22.32002258,100,22.12731552,100,22.05879784,0,21.91840172
2023/5/31 15:03,100,22.32002258,100,22.2285881,100,22.05879784,0,21.91840172
2023/5/31 15:04,100,22.32002258,100,22.12731552,100,22.05879784,0,21.91840172
2023/5/31 15:05,100,22.32002258,100,22.12731552,100,21.95752335,0,21.91840172
2023/5/31 15:06,100,22.32002258,100,22.12731552,100,22.05879784,0,21.91840172
2023/5/31 15:07,100,22.32002258,100,22.15625,100,22.05879784,0,21.91840172
2023/5/31 15:08,100,22.32002258,100,22.12731552,100,22.05879784,0.075350188,22.00520706
2023/5/31 15:09,100,22.32002258,100,22.12731552,100,22.05879784,10.46703339,22.01967621
2023/5/31 15:10,100,22.32002258,100,22.12731552,100,22.05879784,25.1205883,22.01967621
2023/5/31 15:11,100,22.32002258,100,22.12731552,100,22.05879784,39.67085266,22.01967621
2023/5/31 15:12,100,22.30555534,100,22.12731552,100,22.05879784,53.99908447,22.01967621
2023/5/31 15:13,100,22.32002258,100,22.12731552,100,22.05879784,70.18891907,22.00520706
2023/5/31 15:14,100,22.32002258,100,22.12731552,100,22.05879784,100,22.07754707
2023/5/31 15:15,100,22.32002258,100,22.12731552,100,22.05879784,100,22.09201431
2023/5/31 15:16,100,22.01620293,100,22.12731552,100,22.05879784,100,22.01967621
2023/5/31 15:17,100,22.32002258,100,22.11284828,100,22.05879784,100,22.01967621
2023/5/31 15:18,100,22.01620293,100,22.12731552,100,22.05879784,100,22.01967621
2023/5/31 15:19,100,22.01620293,100,22.02604294,100,22.05879784,100,22.01967621
2023/5/31 15:20,100,22.32002258,100,22.02604294,100,22.05879784,60.61928558,21.91840172
2023/5/31 15:21,100,22.01620293,100,22.02604294,100,22.05879784,0,21.91840172
2023/5/31 15:22,100,22.32002258,100,22.02604294,100,21.95752335,0,21.81712914
2023/5/31 15:23,100,22.01620293,100,21.99710655,100,21.95752335,0,21.81712914
2023/5/31 15:24,100,22.01620293,100,22.02604294,100,21.95752335,0,21.81712914
2023/5/31 15:25,100,22.32002258,100,22.02604294,100,21.95752335,0,21.81712914
2023/5/31 15:26,100,22.32002258,100,21.92476845,100,21.95752335,0,21.81712914
2023/5/31 15:27,100,22.32002258,100,22.02604294,100,21.95752335,0,21.81712914
2023/5/31 15:28,100,22.32002258,100,22.02604294,100,21.95752335,0,21.81712914
2023/5/31 15:29,100,22.32002258,100,22.12731552,100,22.04432869,0,21.81712914
2023/5/31 15:30,100,22.32002258,100,22.12731552,100,22.05879784,0,21.81712914
2023/5/31 15:31,100,22.21875,100,22.12731552,100,22.05879784,0,21.81712914
2023/5/31 15:32,100,22.21875,100,22.12731552,100,22.05879784,0,21.81712914
2023/5/31 15:33,100,22.11747742,100,22.12731552,100,22.04432869,0,21.81712914
2023/5/31 15:34,100,22.20428276,100,22.12731552,100,22.16007042,0,21.81712914
2023/5/31 15:35,100,22.32002258,100,22.12731552,100,22.04432869,0,21.91840172
2023/5/31 15:36,100,22.32002258,100,22.12731552,100,21.95752335,0,21.91840172
2023/5/31 15:37,100,22.32002258,100,22.12731552,100,22.04432869,0,21.91840172
2023/5/31 15:38,100,22.21875,100,22.12731552,100,21.95752335,0,21.91840172
2023/5/31 15:39,100,22.21875,100,22.02604294,100,21.85625076,0,21.91840172
2023/5/31 15:40,100,22.32002258,100,22.02604294,100,21.85625076,0,21.91840172
2023/5/31 15:41,100,22.32002258,100,22.02604294,100,21.95752335,0,21.91840172
2023/5/31 15:42,100,22.32002258,100,22.02604294,100,21.85625076,0,21.91840172
2023/5/31 15:43,100,22.32002258,100,21.92476845,100,21.75497818,0,21.91840172
2023/5/31 15:44,100,22.32002258,100,21.82349586,100,21.75497818,0,21.91840172
2023/5/31 15:45,100,22.32002258,100,21.82349586,100,21.65370369,0,21.91840172
2023/5/31 15:46,100,22.32002258,100,21.80902672,100,21.75497818,0,21.91840172
2023/5/31 15:47,100,22.21875,100,21.92476845,100,21.75497818,0,21.91840172
2023/5/31 15:48,100,22.21875,100,21.82349586,100,21.75497818,0,21.91840172
2023/5/31 15:49,100,22.32002258,100,21.92476845,100,21.75497818,0,21.91840172
2023/5/31 15:50,100,22.32002258,100,21.92476845,100,21.85625076,0,21.91840172
2023/5/31 15:51,100,22.21875,100,21.92476845,100,21.75497818,0,21.91840172
2023/5/31 15:52,100,22.21875,100,21.92476845,100,21.85625076,0,21.91840172
2023/5/31 15:53,100,22.26215172,100,21.92476845,100,21.75497818,0,21.91840172
2023/5/31 15:54,100,22.32002258,100,21.92476845,100,21.75497818,0,21.99073982
2023/5/31 15:55,100,22.32002258,100,21.92476845,100,21.85625076,0,21.91840172
2023/5/31 15:56,100,22.32002258,100,21.92476845,100,21.75497818,0.141517833,22.01967621
2023/5/31 15:57,100,22.21875,100,21.92476845,100,21.75497818,5.504917145,22.01967621
2023/5/31 15:58,100,22.32002258,100,21.92476845,100,21.85625076,20.24897385,22.01967621
2023/5/31 15:59,100,22.30555534,100,21.92476845,100,21.85625076,34.93830109,22.01967621
2023/5/31 16:00,100,22.32002258,100,21.92476845,100,21.85625076,49.06453323,22.01967621
2023/5/31 16:01,100,22.32002258,100,21.92476845,100,21.85625076,64.07550812,22.01967621
2023/5/31 16:02,100,22.32002258,100,21.92476845,100,21.95752335,100,22.04861069
2023/5/31 16:03,100,22.04513931,100,22.02604294,100,21.95752335,100,22.12094879
2023/5/31 16:04,100,22.32002258,100,22.02604294,100,21.94305611,100,22.12094879
2023/5/31 16:05,100,22.01620293,100,21.92476845,100,21.85625076,100,22.12094879
2023/5/31 16:06,100,22.11747742,100,21.92476845,100,21.85625076,100,22.01967621
2023/5/31 16:07,100,22.01620293,100,21.92476845,100,21.85625076,100,22.01967621
2023/5/31 16:08,100,22.01620293,100,21.92476845,100,21.94305611,96.68389893,21.99073982
2023/5/31 16:09,100,22.01620293,100,21.92476845,100,21.91412163,36.63639069,21.91840172
2023/5/31 16:10,100,22.32002258,100,21.92476845,100,21.85625076,0,21.81712914
2023/5/31 16:11,100,22.32002258,100,21.92476845,100,21.75497818,0,21.81712914
2023/5/31 16:12,100,22.32002258,100,21.92476845,100,21.85625076,0,21.81712914
2023/5/31 16:13,100,22.32002258,100,21.92476845,100,21.85625076,0,21.81712914
2023/5/31 16:14,100,22.21875,100,21.82349586,100,21.75497818,0,21.81712914
2023/5/31 16:15,100,22.23321724,100,21.82349586,100,21.65370369,0,21.81712914
2023/5/31 16:16,100,22.32002258,100,21.82349586,100,21.65370369,0,21.81712914
2023/5/31 16:17,100,22.23321724,100,21.82349586,100,21.75497818,0,21.81712914
2023/5/31 16:18,100,22.32002258,100,21.82349586,100,21.75497818,0,21.81712914
2023/5/31 16:19,100,22.32002258,100,21.82349586,100,21.75497818,0,21.81712914
2023/5/31 16:20,100,22.32002258,100,21.82349586,100,21.75497818,0,21.81712914
2023/5/31 16:21,100,22.01620293,100,21.82349586,100,21.75497818,0,21.81712914
2023/5/31 16:22,100,22.01620293,100,21.82349586,100,21.75497818,0,21.81712914
2023/5/31 16:23,100,22.32002258,100,21.92476845,100,21.85625076,0,21.81712914
2023/5/31 16:24,100,22.01620293,100,22.02604294,100,21.85625076,0,21.81712914
2023/5/31 16:25,100,22.01620293,100,22.02604294,100,21.95752335,0,21.91840172
2023/5/31 16:26,100,22.32002258,100,22.04051018,100,21.95752335,0,21.91840172
2023/5/31 16:27,100,22.01620293,100,22.12731552,100,21.95752335,0,21.91840172
2023/5/31 16:28,100,22.01620293,100,22.12731552,100,22.05879784,0,21.91840172
2023/5/31 16:29,100,22.01620293,100,22.12731552,100,22.05879784,0,21.91840172
2023/5/31 16:30,100,22.01620293,100,22.12731552,100,21.95752335,0,21.91840172
2023/5/31 16:31,100,22.07407379,100,22.02604294,100,21.95752335,0,21.91840172
2023/5/31 16:32,100,22.32002258,100,22.02604294,100,21.85625076,5.456270218,22.01967621
2023/5/31 16:33,100,22.01620293,100,21.92476845,100,21.85625076,19.99996376,22.00520706
2023/5/31 16:34,100,22.01620293,100,21.92476845,100,21.75497818,34.44989395,22.01967621
2023/5/31 16:35,100,22.01620293,100,21.92476845,100,21.75497818,49.24995804,22.01967621
2023/5/31 16:36,100,22.01620293,100,21.92476845,100,21.75497818,63.91426468,22.00520706
2023/5/31 16:37,100,22.01620293,100,21.92476845,100,21.85625076,78.3241272,22.01967621
2023/5/31 16:38,100,22.32002258,100,21.92476845,100,21.85625076,92.98949432,22.01967621
2023/5/31 16:39,100,22.01620293,100,21.92476845,100,21.85625076,100,22.01967621
2023/5/31 16:40,100,22.01620293,100,22.02604294,100,21.85625076,100,22.01967621
2023/5/31 16:41,100,22.32002258,100,22.02604294,100,21.85625076,77.44488525,21.91840172
2023/5/31 16:42,100,22.01620293,100,22.02604294,100,21.95752335,12.23598766,21.91840172
2023/5/31 16:43,100,22.32002258,100,22.02604294,100,21.95752335,0,21.81712914
2023/5/31 16:44,100,22.30555534,100,22.02604294,100,21.95752335,0,21.81712914
2023/5/31 16:45,100,22.32002258,100,21.98263931,100,21.95752335,0,21.81712914
2023/5/31 16:46,100,22.32002258,100,22.02604294,100,21.95752335,0,21.81712914
2023/5/31 16:47,100,22.32002258,100,22.02604294,100,21.95752335,0,21.81712914
2023/5/31 16:48,100,22.32002258,100,22.02604294,100,21.95752335,0,21.81712914
2023/5/31 16:49,100,22.32002258,100,22.02604294,100,21.95752335,0,21.81712914
2023/5/31 16:50,100,22.01620293,100,22.02604294,100,21.94305611,0,21.81712914
2023/5/31 16:51,100,22.32002258,100,22.02604294,100,21.95752335,0,21.81712914
2023/5/31 16:52,100,22.01620293,100,22.02604294,100,21.95752335,0,21.81712914
2023/5/31 16:53,100,22.32002258,100,22.02604294,100,21.94305611,0,21.91840172
2023/5/31 16:54,100,22.32002258,100,22.02604294,100,21.95752335,0,21.91840172
2023/5/31 16:55,100,22.01620293,100,22.01157379,100,21.85625076,0,21.90393448
2023/5/31 16:56,100,22.32002258,100,21.92476845,100,21.85625076,0,21.91840172
2023/5/31 16:57,100,22.32002258,100,21.92476845,100,21.75497818,0,21.91840172
2023/5/31 16:58,100,22.01620293,100,21.92476845,100,21.84178352,0,21.91840172
2023/5/31 16:59,100,22.32002258,100,21.92476845,100,21.85625076,0,21.91840172
2023/5/31 17:00,100,22.32002258,100,22.02604294,100,21.85625076,1.931172609,22.01967621
2023/5/31 17:01,100,22.32002258,100,22.02604294,100,21.95752335,16.44252777,22.01967621
2023/5/31 17:02,100,22.32002258,100,22.02604294,100,21.85625076,24.89074898,22.01967621
2023/5/31 17:03,100,22.32002258,100,21.92476845,100,21.85625076,39.81570053,22.01967621
2023/5/31 17:04,100,22.32002258,100,21.82349586,100,21.75497818,54.49846268,22.01967621
2023/5/31 17:05,100,22.32002258,100,21.72222328,100,21.75497818,68.66736603,22.01967621
2023/5/31 17:06,100,22.01620293,100,21.63541794,100,21.65370369,83.50123596,22.01967621
2023/5/31 17:07,100,22.01620293,100,21.63541794,100,21.65370369,98.227005,22.01967621
2023/5/31 17:08,100,22.01620293,100,21.62094879,100,21.65370369,100,22.01967621
2023/5/31 17:09,100,22.01620293,100,21.63541794,100,21.63923645,90.66661072,21.91840172
2023/5/31 17:10,100,22.04513931,100,21.62094879,100,21.75497818,25.81946754,21.90393448
2023/5/31 17:11,100,22.01620293,100,21.63541794,100,21.75497818,0,21.91840172
2023/5/31 17:12,100,22.32002258,100,21.51967621,100,21.69710732,0,21.81712914
2023/5/31 17:13,100,22.30555534,100,21.63541794,100,21.65370369,0,21.83159828
2023/5/31 17:14,100,22.32002258,100,21.63541794,100,21.74051094,0,21.81712914
2023/5/31 17:15,100,22.32002258,100,21.72222328,100,21.75497818,0,21.81712914
2023/5/31 17:16,100,22.32002258,100,21.72222328,100,21.75497818,0,21.91840172
2023/5/31 17:17,100,22.32002258,100,21.63541794,100,21.75497818,0,21.91840172
2023/5/31 17:18,100,22.32002258,100,21.63541794,100,21.55243111,0,21.91840172
2023/5/31 17:19,100,22.32002258,100,21.63541794,100,21.55243111,0,21.91840172
2023/5/31 17:20,100,22.32002258,100,21.72222328,100,21.65370369,0,21.91840172
2023/5/31 17:21,100,22.32002258,100,21.73669052,100,21.65370369,0,21.91840172
2023/5/31 17:22,100,22.32002258,100,21.73669052,100,21.65370369,0,21.91840172
2023/5/31 17:23,100,22.32002258,100,21.72222328,100,21.65370369,0,21.91840172
2023/5/31 17:24,100,22.30555534,100,21.63541794,100,21.65370369,0,21.91840172
2023/5/31 17:25,100,22.32002258,100,21.63541794,100,21.65370369,0,21.91840172
2023/5/31 17:26,100,22.32002258,100,21.63541794,100,21.65370369,0,21.91840172
2023/5/31 17:27,100,22.01620293,100,21.72222328,100,21.65370369,0,21.91840172
2023/5/31 17:28,100,22.01620293,100,21.8379631,100,21.7260437,8.648288727,22.01967621
2023/5/31 17:29,100,22.10301018,100,21.82349586,100,21.74051094,23.28837967,22.01967621
2023/5/31 17:30,100,22.01620293,100,21.92476845,100,21.85625076,37.76134872,22.00520706
2023/5/31 17:31,100,22.11747742,100,21.92476845,100,21.85625076,52.56713104,22.01967621
2023/5/31 17:32,100,22.11747742,100,21.92476845,100,21.85625076,66.95957184,22.01967621
2023/5/31 17:33,100,22.11747742,100,21.82349586,100,21.85625076,81.6518631,22.01967621
2023/5/31 17:34,100,22.11747742,100,21.92476845,100,21.85625076,96.41962433,22.01967621
2023/5/31 17:35,100,22.11747742,100,21.92476845,100,21.85625076,100,22.01967621
2023/5/31 17:36,100,22.11747742,100,21.92476845,100,21.85625076,100,22.01967621
2023/5/31 17:37,100,22.11747742,100,21.92476845,100,21.85625076,70.68230438,21.91840172
2023/5/31 17:38,100,22.10301018,100,21.92476845,100,21.85625076,5.037298203,21.91840172
2023/5/31 17:39,100,22.01620293,100,21.93923569,100,21.85625076,0,21.81712914
2023/5/31 17:40,100,22.01620293,100,21.92476845,100,21.85625076,0,21.81712914
2023/5/31 17:41,100,22.01620293,100,21.92476845,100,21.85625076,0,21.81712914
2023/5/31 17:42,100,22.01620293,100,21.92476845,100,21.85625076,0,21.81712914
2023/5/31 17:43,100,22.30555534,100,21.92476845,100,21.75497818,0,21.8026619
2023/5/31 17:44,100,22.32002258,100,21.82349586,100,21.75497818,0,21.81712914
2023/5/31 17:45,100,22.32002258,100,21.92476845,100,21.75497818,0,21.81712914
2023/5/31 17:46,100,22.32002258,100,21.92476845,100,21.85625076,0,21.81712914
2023/5/31 17:47,100,22.32002258,100,21.92476845,100,21.85625076,0,21.81712914
2023/5/31 17:48,100,22.32002258,100,21.92476845,100,21.85625076,0,21.81712914
2023/5/31 17:49,100,22.32002258,100,22.02604294,100,21.95752335,0,21.81712914
2023/5/31 17:50,100,22.01620293,100,21.99710655,100,21.95752335,0,21.81712914
2023/5/31 17:51,100,22.01620293,100,21.92476845,100,21.85625076,0,21.81712914
2023/5/31 17:52,100,22.01620293,100,22.02604294,100,21.95752335,0,21.81712914
2023/5/31 17:53,100,22.01620293,100,22.02604294,100,21.95752335,0,21.8026619
2023/5/31 17:54,100,22.01620293,100,22.02604294,100,21.95752335,0,21.81712914
2023/5/31 17:55,100,22.10301018,100,22.02604294,100,21.85625076,0,21.88946724
2023/5/31 17:56,100,22.04513931,100,21.91030121,100,21.85625076,0,21.91840172
2023/5/31 17:57,100,22.11747742,100,21.92476845,100,21.85625076,0,21.91840172
2023/5/31 17:58,100,22.11747742,100,21.92476845,100,21.75497818,0,21.91840172
2023/5/31 17:59,100,22.01620293,100,21.92476845,100,21.75497818,0,21.91840172
2023/5/31 18:00,100,22.01620293,100,21.80902672,100,21.65370369,0,21.91840172
2023/5/31 18:01,100,22.01620293,100,21.82349586,100,21.65370369,0,21.91840172
2023/5/31 18:02,100,22.01620293,100,21.82349586,100,21.65370369,0,21.91840172
2023/5/31 18:03,100,22.01620293,100,21.82349586,100,21.75497818,0,21.91840172
2023/5/31 18:04,100,22.01620293,100,21.82349586,100,21.75497818,0,21.91840172
2023/5/31 18:05,100,22.32002258,100,21.80902672,100,21.75497818,0,21.91840172
2023/5/31 18:06,100,22.01620293,100,21.82349586,100,21.75497818,0,21.91840172
2023/5/31 18:07,100,22.01620293,100,21.82349586,100,21.75497818,0,21.91840172
2023/5/31 18:08,100,22.01620293,100,21.82349586,100,21.75497818,0,21.91840172
2023/5/31 18:09,100,22.01620293,100,21.82349586,100,21.75497818,0,21.91840172
2023/5/31 18:10,100,22.01620293,100,21.82349586,100,21.75497818,0,21.91840172
2023/5/31 18:11,100,22.01620293,100,21.82349586,100,21.75497818,6.2228508,22.01967621
2023/5/31 18:12,100,22.01620293,100,21.82349586,100,21.75497818,20.83235931,22.00520706
2023/5/31 18:13,100,22.01620293,100,21.92476845,100,21.85625076,35.46498108,22.01967621
2023/5/31 18:14,100,22.11747742,100,22.01157379,100,21.95752335,56.09289551,22.12094879
2023/5/31 18:15,100,22.11747742,100,22.02604294,100,21.95752335,100,22.12094879
2023/5/31 18:16,100,22.11747742,100,22.12731552,100,21.95752335,100,22.10648155
2023/5/31 18:17,100,22.11747742,100,22.12731552,100,22.05879784,100,22.12094879
2023/5/31 18:18,100,22.11747742,100,22.02604294,100,21.95752335,100,22.01967621
2023/5/31 18:19,100,22.11747742,100,22.02604294,100,21.95752335,100,22.01967621
2023/5/31 18:20,100,22.11747742,100,22.02604294,100,21.95752335,74.31983948,21.91840172
2023/5/31 18:21,100,22.01620293,100,21.92476845,100,21.75497818,8.845396042,21.91840172
2023/5/31 18:22,100,22.05960655,100,21.82349586,100,21.75497818,0,21.81712914
2023/5/31 18:23,100,22.01620293,100,21.82349586,100,21.75497818,0,21.81712914
2023/5/31 18:24,100,22.32002258,100,21.82349586,100,21.85625076,0,21.81712914
2023/5/31 18:25,100,22.32002258,100,21.92476845,100,21.85625076,0,21.81712914
2023/5/31 18:26,100,22.32002258,100,21.92476845,100,21.85625076,0,21.81712914
2023/5/31 18:27,100,22.32002258,100,21.92476845,100,21.95752335,0,21.81712914
2023/5/31 18:28,100,22.32002258,100,21.92476845,100,21.95752335,0,21.81712914
2023/5/31 18:29,100,22.32002258,100,22.02604294,100,22.05879784,0,21.81712914
2023/5/31 18:30,100,22.32002258,100,22.02604294,100,21.95752335,0,21.81712914
2023/5/31 18:31,100,22.32002258,100,22.02604294,100,21.95752335,0,21.81712914
2023/5/31 18:32,100,22.32002258,100,22.02604294,100,21.95752335,0,21.81712914
2023/5/31 18:33,100,22.01620293,100,22.02604294,100,21.95752335,0,21.81712914
2023/5/31 18:34,100,22.01620293,100,22.02604294,100,22.05879784,0,21.81712914
2023/5/31 18:35,100,22.32002258,100,22.02604294,100,21.95752335,0,21.91840172
2023/5/31 18:36,100,22.01620293,100,22.02604294,100,21.95752335,0,21.91840172
2023/5/31 18:37,100,22.01620293,100,22.02604294,100,21.85625076,0,21.91840172
2023/5/31 18:38,100,22.01620293,100,21.93923569,100,21.85625076,0,21.91840172
2023/5/31 18:39,100,22.10301018,100,21.92476845,100,21.85625076,0,21.91840172
2023/5/31 18:40,100,22.01620293,100,21.82349586,100,21.75497818,0.234526232,22.01967621
2023/5/31 18:41,100,22.01620293,100,21.82349586,100,21.75497818,10.19583321,22.01967621
2023/5/31 18:42,100,22.01620293,100,21.82349586,100,21.74051094,24.70869064,22.01967621
2023/5/31 18:43,100,22.11747742,100,21.72222328,100,21.75497818,39.00353622,22.01967621
2023/5/31 18:44,100,22.01620293,100,21.72222328,100,21.65370369,53.68728256,22.00520706
2023/5/31 18:45,100,22.11747742,100,21.73669052,100,21.75497818,68.32777405,22.01967621
2023/5/31 18:46,100,22.01620293,100,21.72222328,100,21.75497818,83.0328598,22.01967621
2023/5/31 18:47,100,22.01620293,100,21.72222328,100,21.74051094,97.71817017,22.01967621
2023/5/31 18:48,100,22.01620293,100,21.72222328,100,21.65370369,100,22.01967621
2023/5/31 18:49,100,22.01620293,100,21.72222328,100,21.65370369,100,22.01967621
2023/5/31 18:50,100,22.03067207,100,21.82349586,100,21.69710732,62.85298157,21.91840172
2023/5/31 18:51,100,22.32002258,100,21.82349586,100,21.74051094,0,21.91840172
2023/5/31 18:52,100,22.32002258,100,21.72222328,100,21.65370369,0,21.81712914
2023/5/31 18:53,100,22.21875,100,21.82349586,100,21.75497818,0,21.81712914
2023/5/31 18:54,100,22.32002258,100,21.82349586,100,21.7983799,0,21.81712914
2023/5/31 18:55,100,22.32002258,100,21.82349586,100,21.85625076,0,21.81712914
2023/5/31 18:56,100,22.32002258,100,21.92476845,100,21.84178352,0,21.81712914
2023/5/31 18:57,100,22.01620293,100,21.91030121,100,21.85625076,0,21.81712914
2023/5/31 18:58,100,22.01620293,100,21.82349586,100,21.85625076,0,21.81712914
2023/5/31 18:59,100,22.04513931,100,21.82349586,100,21.85625076,0,21.8026619
2023/5/31 19:00,100,22.32002258,100,21.82349586,100,21.85625076,0,21.91840172
2023/5/31 19:01,100,22.32002258,100,21.92476845,100,21.95752335,0,21.91840172
2023/5/31 19:02,100,22.03067207,100,21.92476845,100,21.95752335,0,21.91840172
2023/5/31 19:03,100,22.32002258,100,21.92476845,100,21.95752335,0,21.81712914
2023/5/31 19:04,100,22.32002258,100,21.92476845,100,21.95752335,0,21.86053276
2023/5/31 19:05,100,22.32002258,100,21.92476845,100,21.95752335,0,21.91840172
2023/5/31 19:06,100,22.32002258,100,21.92476845,100,21.95752335,0,21.91840172
2023/5/31 19:07,100,22.32002258,100,21.80902672,100,21.85625076,0,21.91840172
2023/5/31 19:08,100,22.32002258,100,21.82349586,100,21.95752335,0,21.91840172
2023/5/31 19:09,100,22.01620293,100,21.82349586,100,21.95752335,0,21.91840172
2023/5/31 19:10,100,22.01620293,100,21.82349586,100,21.85625076,0,21.91840172
2023/5/31 19:11,100,22.01620293,100,21.82349586,100,21.85625076,0,21.91840172
2023/5/31 19:12,100,22.32002258,100,21.72222328,100,21.85625076,0,21.91840172
2023/5/31 19:13,100,22.01620293,100,21.82349586,100,21.85625076,10.43463898,22.01967621
2023/5/31 19:14,100,22.01620293,100,21.82349586,100,21.85625076,24.82992363,22.01967621
2023/5/31 19:15,100,22.01620293,100,21.82349586,100,21.85625076,39.5682106,22.01967621
2023/5/31 19:16,100,22.01620293,100,21.82349586,100,21.85625076,54.10309601,22.00520706
2023/5/31 19:17,100,22.11747742,100,21.82349586,100,21.85625076,98.02442169,22.12094879
2023/5/31 19:18,100,22.11747742,100,21.82349586,100,21.85625076,100,22.12094879
2023/5/31 19:19,100,22.01620293,100,21.82349586,100,21.85625076,100,22.12094879
2023/5/31 19:20,100,22.01620293,100,21.82349586,100,21.85625076,100,22.01967621
2023/5/31 19:21,100,22.01620293,100,21.82349586,100,21.85625076,100,22.01967621
2023/5/31 19:22,100,22.32002258,100,21.82349586,100,21.75497818,99.14658356,22.01967621
2023/5/31 19:23,100,22.32002258,100,21.82349586,100,21.75497818,38.50545502,21.91840172
2023/5/31 19:24,100,22.32002258,100,21.82349586,100,21.75497818,0,21.91840172
2023/5/31 19:25,100,22.32002258,100,21.82349586,100,21.85625076,0,21.91840172
2023/5/31 19:26,100,22.32002258,100,21.82349586,100,21.85625076,0,21.81712914
2023/5/31 19:27,100,22.32002258,100,21.82349586,100,21.85625076,0,21.81712914
2023/5/31 19:28,100,22.32002258,100,21.92476845,100,21.85625076,0,21.8026619
2023/5/31 19:29,100,22.32002258,100,21.92476845,100,21.95752335,0,21.81712914
2023/5/31 19:30,100,22.32002258,100,21.92476845,100,21.95752335,0,21.81712914
2023/5/31 19:31,100,22.32002258,100,22.02604294,100,22.05879784,0,21.81712914
2023/5/31 19:32,100,22.32002258,100,22.02604294,100,21.95752335,0,21.81712914
2023/5/31 19:33,100,22.01620293,100,22.02604294,100,21.95752335,0,21.81712914
2023/5/31 19:34,100,22.01620293,100,22.02604294,100,22.05879784,0,21.81712914
2023/5/31 19:35,100,22.32002258,100,22.02604294,100,21.95752335,0,21.90393448
2023/5/31 19:36,100,22.32002258,100,21.99710655,100,21.91412163,0,21.91840172
2023/5/31 19:37,100,22.01620293,100,21.92476845,100,21.85625076,0,21.91840172
2023/5/31 19:38,100,22.01620293,100,21.92476845,100,21.85625076,0,21.91840172
2023/5/31 19:39,100,22.32002258,100,21.92476845,100,21.95752335,0,21.91840172
2023/5/31 19:40,100,22.01620293,100,21.92476845,100,21.85625076,0,21.91840172
2023/5/31 19:41,100,22.10301018,100,21.95370293,100,21.85625076,0,21.91840172
2023/5/31 19:42,100,22.01620293,100,22.02604294,100,21.870718,0,21.91840172
2023/5/31 19:43,100,22.01620293,100,21.92476845,100,21.85625076,0,21.91840172
2023/5/31 19:44,100,22.01620293,100,21.82349586,100,21.85625076,0,21.91840172
2023/5/31 19:45,100,22.01620293,100,21.92476845,100,21.85625076,2.964968204,22.01967621
2023/5/31 19:46,100,22.01620293,100,21.92476845,100,21.82731628,0,21.9473381
2023/5/31 19:47,100,22.01620293,100,21.92476845,100,21.85625076,15.29291344,22.01967621
2023/5/31 19:48,100,22.01620293,100,21.92476845,100,21.85625076,30.21280861,22.00520706
2023/5/31 19:49,100,22.01620293,100,21.92476845,100,21.85625076,44.61225128,22.01967621
2023/5/31 19:50,100,22.01620293,100,21.92476845,100,21.85625076,59.07053375,22.01967621
2023/5/31 19:51,100,22.01620293,100,21.82349586,100,21.85625076,73.22859192,22.01967621
2023/5/31 19:52,100,22.01620293,100,21.82349586,100,21.85625076,87.9937439,22.01967621
2023/5/31 19:53,100,22.01620293,100,21.82349586,100,21.85625076,100,22.01967621
2023/5/31 19:54,100,22.01620293,100,21.82349586,100,21.85625076,100,22.01967621
2023/5/31 19:55,100,22.11747742,100,21.82349586,100,21.85625076,75.47651672,21.91840172
2023/5/31 19:56,100,22.11747742,100,21.82349586,100,21.870718,10.07575321,21.91840172
2023/5/31 19:57,100,22.01620293,100,21.82349586,100,21.95752335,0,21.91840172
2023/5/31 19:58,100,22.01620293,100,21.82349586,100,21.95752335,0,21.81712914
2023/5/31 19:59,100,22.01620293,100,21.92476845,100,21.95752335,0,21.81712914
2023/5/31 20:00,100,22.01620293,100,21.92476845,100,22.05879784,0,21.81712914
2023/5/31 20:01,100,22.01620293,100,21.92476845,100,22.05879784,0,21.81712914
2023/5/31 20:02,100,22.01620293,100,21.92476845,100,21.95752335,0,21.81712914
2023/5/31 20:03,100,22.01620293,100,21.92476845,100,21.85625076,0,21.81712914
2023/5/31 20:04,100,22.01620293,100,21.92476845,100,21.85625076,0,21.81712914
2023/5/31 20:05,100,22.01620293,100,21.82349586,100,21.85625076,0,21.81712914
2023/5/31 20:06,100,22.01620293,100,21.92476845,100,21.75497818,0,21.81712914
2023/5/31 20:07,100,22.01620293,100,21.92476845,100,21.85625076,0,21.81712914
2023/5/31 20:08,100,22.11747742,100,21.92476845,100,21.85625076,0,21.81712914
2023/5/31 20:09,100,22.11747742,100,21.92476845,100,21.85625076,0,21.81712914
2023/5/31 20:10,100,22.01620293,100,21.92476845,100,21.75497818,0,21.81712914
2023/5/31 20:11,100,22.01620293,100,21.92476845,100,21.85625076,0,21.81712914
2023/5/31 20:12,100,22.11747742,100,21.92476845,100,21.95752335,0,21.91840172
2023/5/31 20:13,100,22.01620293,100,21.92476845,100,21.85625076,0,21.91840172
2023/5/31 20:14,100,22.01620293,100,21.82349586,100,21.84178352,0,21.91840172
2023/5/31 20:15,100,22.01620293,100,21.82349586,100,21.85625076,0,21.91840172
2023/5/31 20:16,100,22.11747742,100,21.82349586,100,21.85625076,0,21.91840172
2023/5/31 20:17,100,22.11747742,100,21.92476845,100,21.95752335,0,21.97627258
2023/5/31 20:18,100,22.11747742,100,21.92476845,100,21.95752335,10.27920818,22.01967621
2023/5/31 20:19,100,22.11747742,100,22.02604294,100,21.95752335,24.52454948,22.01967621
2023/5/31 20:20,100,22.11747742,100,22.12731552,100,22.05879784,39.15781021,22.01967621
2023/5/31 20:21,100,22.11747742,100,22.02604294,100,22.05879784,56.64259338,22.10648155
2023/5/31 20:22,100,22.11747742,100,22.12731552,100,22.14560318,100,22.12094879
2023/5/31 20:23,100,22.11747742,100,22.12731552,100,22.05879784,100,22.12094879
2023/5/31 20:24,100,22.11747742,100,22.12731552,100,22.05879784,100,22.12094879
2023/5/31 20:25,100,22.11747742,100,22.12731552,100,21.95752335,100,22.12094879
2023/5/31 20:26,100,22.11747742,100,22.02604294,100,21.85625076,100,22.01967621
2023/5/31 20:27,100,22.01620293,100,21.92476845,100,21.84178352,100,22.01967621
2023/5/31 20:28,100,22.32002258,100,21.92476845,100,21.84178352,89.84729767,21.91840172
2023/5/31 20:29,100,22.32002258,100,21.92476845,100,21.85625076,24.10544395,21.91840172
2023/5/31 20:30,100,22.01620293,100,21.82349586,100,21.85625076,0,21.91840172
2023/5/31 20:31,100,22.32002258,100,21.82349586,100,21.75497818,0,21.81712914
2023/5/31 20:32,100,22.21875,100,21.82349586,100,21.75497818,0,21.81712914
2023/5/31 20:33,100,22.32002258,100,21.89583206,100,21.75497818,0,21.81712914
2023/5/31 20:34,100,22.21875,100,21.92476845,100,21.85625076,0,21.81712914
2023/5/31 20:35,100,22.21875,100,21.92476845,100,21.95752335,0,21.81712914
2023/5/31 20:36,100,22.21875,100,21.92476845,100,22.05879784,0,21.81712914
2023/5/31 20:37,100,22.21875,100,22.02604294,100,22.05879784,0,21.81712914
2023/5/31 20:38,100,22.30555534,100,22.02604294,100,21.95752335,0,21.81712914
2023/5/31 20:39,100,22.32002258,100,22.02604294,100,21.95752335,0,21.81712914
2023/5/31 20:40,100,22.32002258,100,22.02604294,100,21.95752335,0,21.81712914
2023/5/31 20:41,100,22.01620293,100,22.02604294,100,22.05879784,0,21.81712914
2023/5/31 20:42,100,22.01620293,100,22.02604294,100,22.05879784,0,21.81712914
2023/5/31 20:43,100,22.32002258,100,22.02604294,100,22.05879784,0,21.81712914
2023/5/31 20:44,100,22.30555534,100,22.02604294,100,21.95752335,0,21.81712914
2023/5/31 20:45,100,22.32002258,100,22.02604294,100,21.85625076,0,21.81712914
2023/5/31 20:46,100,22.32002258,100,21.92476845,100,21.85625076,0,21.81712914
2023/5/31 20:47,100,22.32002258,100,21.82349586,100,21.85625076,0,21.81712914
2023/5/31 20:48,100,22.32002258,100,21.92476845,100,21.85625076,0,21.91840172
2023/5/31 20:49,100,22.32002258,100,21.92476845,100,21.95752335,0,21.91840172
2023/5/31 20:50,100,22.32002258,100,21.92476845,100,21.85625076,0,21.91840172
2023/5/31 20:51,100,22.32002258,100,21.82349586,100,21.85625076,0,21.91840172
2023/5/31 20:52,100,22.32002258,100,21.82349586,100,21.75497818,0,21.91840172
2023/5/31 20:53,100,22.32002258,100,21.82349586,100,21.85625076,0,21.91840172
2023/5/31 20:54,100,22.32002258,100,21.92476845,100,21.85625076,0,21.91840172
2023/5/31 20:55,100,22.32002258,100,21.92476845,100,21.95752335,0,21.91840172
2023/5/31 20:56,100,22.32002258,100,21.92476845,100,21.95752335,0,21.91840172
2023/5/31 20:57,100,22.32002258,100,21.92476845,100,21.95752335,0,21.91840172
2023/5/31 20:58,100,22.32002258,100,22.02604294,100,21.95752335,0,21.9473381
2023/5/31 20:59,100,22.32002258,100,21.95370293,100,21.95752335,0,21.91840172
2023/5/31 21:00,100,22.01620293,100,21.92476845,100,21.85625076,9.965349197,22.00520706
2023/5/31 21:01,100,22.01620293,100,21.92476845,100,21.85625076,22.4614315,22.01967621
2023/5/31 21:02,100,22.01620293,100,22.02604294,100,21.95752335,36.14406204,22.01967621
2023/5/31 21:03,100,22.01620293,100,22.02604294,100,22.05879784,50.70236969,22.00520706
2023/5/31 21:04,100,22.05960655,100,22.12731552,100,22.05879784,65.30467987,22.01967621
2023/5/31 21:05,100,22.01620293,100,22.12731552,100,22.16007042,79.94477081,22.01967621
2023/5/31 21:06,100,22.01620293,100,22.12731552,100,22.05879784,94.54026031,22.01967621
2023/5/31 21:07,100,22.01620293,100,22.12731552,100,22.05879784,100,22.01967621
2023/5/31 21:08,100,22.01620293,100,22.02604294,100,22.05879784,100,22.01967621
2023/5/31 21:09,100,22.32002258,100,22.02604294,100,22.05879784,82.29629517,21.91840172
2023/5/31 21:10,100,22.30555534,100,22.02604294,100,22.00092697,17.12903023,21.91840172
2023/5/31 21:11,100,22.26215172,100,21.92476845,100,21.95752335,0,21.81712914
2023/5/31 21:12,100,22.32002258,100,21.92476845,100,21.95752335,0,21.81712914
2023/5/31 21:13,100,22.30555534,100,21.92476845,100,21.94305611,0,21.81712914
2023/5/31 21:14,100,22.21875,100,21.82349586,100,21.85625076,0,21.81712914
2023/5/31 21:15,100,22.32002258,100,21.82349586,100,21.85625076,0,21.81712914
2023/5/31 21:16,100,22.26215172,100,21.82349586,100,21.84178352,0,21.81712914
2023/5/31 21:17,100,22.21875,100,21.82349586,100,21.95752335,0,21.81712914
2023/5/31 21:18,100,22.32002258,100,21.93923569,100,22.05879784,0,21.81712914
2023/5/31 21:19,100,22.32002258,100,21.92476845,100,21.95752335,0,21.81712914
2023/5/31 21:20,100,22.32002258,100,21.93923569,100,22.05879784,0,21.8026619
2023/5/31 21:21,100,22.32002258,100,21.92476845,100,21.95752335,0,21.81712914
2023/5/31 21:22,100,22.01620293,100,21.95370293,100,21.95752335,0,21.81712914
2023/5/31 21:23,100,22.32002258,100,22.02604294,100,22.05879784,0,21.81712914
2023/5/31 21:24,100,22.01620293,100,22.02604294,100,21.95752335,0,21.81712914
2023/5/31 21:25,100,22.01620293,100,22.02604294,100,21.95752335,0,21.81712914
2023/5/31 21:26,100,22.10301018,100,22.02604294,100,21.95752335,0,21.81712914
2023/5/31 21:27,100,22.01620293,100,22.02604294,100,21.95752335,0,21.81712914
2023/5/31 21:28,100,22.11747742,100,22.02604294,100,21.95752335,0,21.81712914
2023/5/31 21:29,100,22.04513931,100,22.02604294,100,21.95752335,0,21.81712914
2023/5/31 21:30,100,22.11747742,100,22.02604294,100,21.95752335,0,21.81712914
2023/5/31 21:31,100,22.11747742,100,22.02604294,100,21.95752335,0,21.81712914
2023/5/31 21:32,100,22.11747742,100,21.95370293,100,21.95752335,0,21.81712914
2023/5/31 21:33,100,22.11747742,100,21.92476845,100,21.85625076,0,21.81712914
2023/5/31 21:34,100,22.11747742,100,21.92476845,100,21.85625076,0,21.81712914
2023/5/31 21:35,100,22.10301018,100,21.92476845,100,21.85625076,0,21.81712914
2023/5/31 21:36,100,22.01620293,100,21.92476845,100,21.85625076,0,21.81712914
2023/5/31 21:37,100,22.11747742,100,21.92476845,100,21.85625076,0,21.81712914
2023/5/31 21:38,100,22.11747742,100,21.92476845,100,21.95752335,0,21.81712914
2023/5/31 21:39,100,22.01620293,100,21.92476845,100,21.95752335,0,21.81712914
2023/5/31 21:40,100,22.01620293,100,21.92476845,100,21.95752335,0,21.81712914
2023/5/31 21:41,100,22.01620293,100,22.02604294,100,21.95752335,0,21.81712914
2023/5/31 21:42,100,22.32002258,100,22.02604294,100,21.95752335,0,21.81712914
2023/5/31 21:43,100,22.01620293,100,22.02604294,100,21.95752335,0,21.81712914
2023/5/31 21:44,100,22.11747742,100,22.02604294,100,22.05879784,0,21.81712914
2023/5/31 21:45,100,22.11747742,100,22.12731552,100,22.05879784,0,21.81712914
2023/5/31 21:46,100,22.11747742,100,22.0839119,100,22.16007042,0,21.81712914
2023/5/31 21:47,100,22.11747742,100,22.11284828,100,22.16007042,0,21.81712914
2023/5/31 21:48,100,22.11747742,100,22.12731552,100,22.1166687,0,21.81712914
2023/5/31 21:49,100,22.1464119,100,22.02604294,100,22.05879784,0,21.81712914
2023/5/31 21:50,100,22.11747742,100,22.02604294,100,22.05879784,0,21.81712914
2023/5/31 21:51,100,22.11747742,100,22.12731552,100,22.16007042,0,21.81712914
2023/5/31 21:52,100,22.11747742,100,22.09837914,100,22.05879784,0,21.81712914
2023/5/31 21:53,100,22.11747742,100,22.02604294,100,21.95752335,0,21.81712914
2023/5/31 21:54,100,22.11747742,100,22.02604294,100,21.95752335,0,21.81712914
2023/5/31 21:55,100,22.11747742,100,22.02604294,100,21.95752335,0,21.8026619
2023/5/31 21:56,100,22.11747742,100,22.02604294,100,21.95752335,0,21.81712914
2023/5/31 21:57,100,22.10301018,100,22.02604294,100,21.95752335,0,21.81712914
2023/5/31 21:58,100,22.01620293,100,22.02604294,100,21.95752335,0,21.81712914
2023/5/31 21:59,100,22.32002258,100,22.02604294,100,21.85625076,0,21.81712914
2023/5/31 22:00,100,22.32002258,100,22.02604294,100,21.95752335,0,21.81712914
2023/5/31 22:01,100,22.32002258,100,22.02604294,100,21.95752335,0,21.81712914
2023/5/31 22:02,100,22.32002258,100,22.02604294,100,21.95752335,0,21.81712914
2023/5/31 22:03,100,22.01620293,100,22.12731552,100,22.05879784,0,21.90393448
2023/5/31 22:04,100,22.01620293,100,22.12731552,100,22.05879784,0,21.91840172
2023/5/31 22:05,100,22.11747742,100,22.21412086,100,22.05879784,0,21.91840172
2023/5/31 22:06,100,22.11747742,100,22.12731552,100,22.16007042,0,21.91840172
2023/5/31 22:07,100,22.11747742,100,22.2285881,100,22.16007042,0,21.91840172
2023/5/31 22:08,100,22.11747742,100,22.2285881,100,22.261343,0,21.91840172
2023/5/31 22:09,100,22.21875,100,22.2285881,100,22.261343,1.377169847,22.00520706
2023/5/31 22:10,100,22.21875,100,22.32986069,100,22.261343,12.59721947,22.01967621
2023/5/31 22:11,100,22.21875,100,22.32986069,100,22.261343,27.29413795,22.01967621
2023/5/31 22:12,100,22.11747742,100,22.2285881,100,22.16007042,41.971035,22.01967621
2023/5/31 22:13,100,22.11747742,100,22.32986069,100,22.261343,56.3752594,22.00520706
2023/5/31 22:14,100,22.11747742,100,22.2285881,100,22.261343,71.16831207,22.01967621
2023/5/31 22:15,100,22.11747742,100,22.2285881,100,22.16007042,85.68842316,22.01967621
2023/5/31 22:16,100,22.11747742,100,22.2285881,100,22.16007042,99.9934845,22.00520706
2023/5/31 22:17,100,22.11747742,100,22.2285881,100,22.05879784,98.88468933,21.91840172
2023/5/31 22:18,100,22.11747742,100,22.12731552,100,22.05879784,39.77204895,21.91840172
2023/5/31 22:19,100,22.01620293,100,22.2285881,100,22.16007042,0,21.91840172
2023/5/31 22:20,100,22.01620293,100,22.12731552,100,22.05879784,0,21.81712914
2023/5/31 22:21,100,22.01620293,100,22.06944466,100,22.05879784,0,21.81712914
2023/5/31 22:22,100,22.01620293,100,22.12731552,100,22.05879784,0,21.81712914
2023/5/31 22:23,100,22.01620293,100,22.12731552,100,22.16007042,0,21.81712914
2023/5/31 22:24,100,22.01620293,100,22.12731552,100,22.261343,0,21.81712914
2023/5/31 22:25,100,22.01620293,100,22.12731552,100,22.16007042,0,21.81712914
2023/5/31 22:26,100,22.01620293,100,22.2285881,100,22.261343,0,21.81712914
2023/5/31 22:27,100,22.01620293,100,22.21412086,100,22.261343,0,21.81712914
2023/5/31 22:28,100,22.11747742,100,22.2285881,100,22.261343,0,21.81712914
2023/5/31 22:29,100,22.01620293,100,22.2285881,100,22.16007042,0,21.81712914
2023/5/31 22:30,100,22.11747742,100,22.14178276,100,22.16007042,0,21.81712914
2023/5/31 22:31,100,22.11747742,100,22.12731552,100,22.05879784,0,21.81712914
2023/5/31 22:32,100,22.01620293,100,22.12731552,100,22.05879784,0,21.81712914
2023/5/31 22:33,100,22.01620293,100,22.12731552,100,22.05879784,0,21.81712914
2023/5/31 22:34,100,22.04513931,100,22.12731552,100,21.95752335,0,21.81712914
2023/5/31 22:35,100,22.11747742,100,22.12731552,100,21.95752335,0,21.81712914
2023/5/31 22:36,100,22.11747742,100,22.12731552,100,22.05879784,0,21.90393448
2023/5/31 22:37,100,22.11747742,100,22.12731552,100,21.95752335,0,21.91840172
2023/5/31 22:38,100,22.01620293,100,22.12731552,100,21.95752335,0,21.91840172
2023/5/31 22:39,100,22.01620293,100,22.12731552,100,21.95752335,0,21.91840172
2023/5/31 22:40,100,22.01620293,100,22.12731552,100,21.95752335,0,21.91840172
2023/5/31 22:41,100,22.01620293,100,22.12731552,100,22.05879784,0,21.91840172
2023/5/31 22:42,100,22.01620293,100,22.2285881,100,22.16007042,0,21.91840172
2023/5/31 22:43,100,22.01620293,100,22.2285881,100,22.16007042,0,21.91840172
2023/5/31 22:44,100,22.01620293,100,22.2285881,100,22.16007042,0,21.91840172
2023/5/31 22:45,100,22.01620293,100,22.32986069,100,22.14560318,0,21.90393448
2023/5/31 22:46,100,22.01620293,100,22.32986069,100,22.261343,0,21.91840172
2023/5/31 22:47,100,22.11747742,100,22.32986069,100,22.261343,0,21.91840172
2023/5/31 22:48,100,22.11747742,100,22.31539345,100,22.36261559,7.022531986,22.01967621
2023/5/31 22:49,100,22.11747742,100,22.32986069,100,22.36261559,21.10522461,22.01967621
2023/5/31 22:50,100,22.10301018,100,22.32986069,100,22.24687576,36.5350647,22.01967621
2023/5/31 22:51,100,22.11747742,100,22.32986069,100,22.261343,50.67545319,22.01967621
2023/5/31 22:52,100,22.01620293,100,22.43113518,100,22.36261559,65.26036835,22.01967621
2023/5/31 22:53,100,22.11747742,100,22.43113518,100,22.36261559,100,22.12094879
2023/5/31 22:54,100,22.11747742,100,22.43113518,100,22.261343,100,22.12094879
2023/5/31 22:55,100,22.11747742,100,22.32986069,100,22.24687576,100,22.04861069
2023/5/31 22:56,100,22.10301018,100,22.32986069,100,22.261343,100,22.00520706
2023/5/31 22:57,100,22.01620293,100,22.31539345,100,22.24687576,100,22.01967621
2023/5/31 22:58,100,22.01620293,100,22.32986069,100,22.16007042,70.01519775,21.91840172
2023/5/31 22:59,100,22.01620293,100,22.2285881,100,22.16007042,5.59319973,21.91840172
2023/5/31 23:00,100,22.01620293,100,22.2285881,100,22.05879784,0,21.81712914
2023/5/31 23:01,100,22.01620293,100,22.2285881,100,22.16007042,0,21.81712914
2023/5/31 23:02,100,22.32002258,100,22.21412086,100,22.16007042,0,21.81712914
2023/5/31 23:03,100,22.32002258,100,22.24305534,100,22.16007042,0,21.81712914
2023/5/31 23:04,100,22.32002258,100,22.32986069,100,22.16007042,0,21.81712914
2023/5/31 23:05,100,22.01620293,100,22.2285881,100,22.16007042,0,21.81712914
2023/5/31 23:06,100,22.01620293,100,22.2285881,100,22.14560318,0,21.81712914
2023/5/31 23:07,100,22.01620293,100,22.2285881,100,22.16007042,0,21.81712914
2023/5/31 23:08,100,22.01620293,100,22.2285881,100,22.21794128,0,21.8026619
2023/5/31 23:09,100,22.11747742,100,22.2285881,100,22.261343,0,21.81712914
2023/5/31 23:10,100,22.11747742,100,22.32986069,100,22.34814835,0,21.81712914
2023/5/31 23:11,100,22.01620293,100,22.32986069,100,22.36261559,0,21.81712914
2023/5/31 23:12,100,22.01620293,100,22.32986069,100,22.24687576,0,21.81712914
2023/5/31 23:13,100,22.11747742,100,22.32986069,100,22.261343,0,21.91840172
2023/5/31 23:14,100,22.01620293,100,22.32986069,100,22.261343,0,21.91840172
2023/5/31 23:15,100,22.01620293,100,22.43113518,100,22.261343,0,21.91840172
2023/5/31 23:16,100,22.32002258,100,22.43113518,100,22.261343,0,21.91840172
2023/5/31 23:17,100,22.01620293,100,22.43113518,100,22.36261559,0,21.91840172
2023/5/31 23:18,100,22.32002258,100,22.43113518,100,22.34814835,0,21.91840172
2023/5/31 23:19,100,22.01620293,100,22.43113518,100,22.261343,0,21.91840172
2023/5/31 23:20,100,22.01620293,100,22.41666794,100,22.261343,0,21.91840172
2023/5/31 23:21,100,22.01620293,100,22.43113518,100,22.34814835,0,21.91840172
2023/5/31 23:22,100,22.01620293,100,22.43113518,100,22.36261559,0,21.91840172
2023/5/31 23:23,100,22.11747742,100,22.43113518,100,22.24687576,0,21.90393448
2023/5/31 23:24,100,22.11747742,100,22.43113518,100,22.261343,0,21.91840172
2023/5/31 23:25,100,22.11747742,100,22.43113518,100,22.261343,0,21.91840172
2023/5/31 23:26,100,22.11747742,100,22.43113518,100,22.24687576,0,21.90393448
2023/5/31 23:27,100,22.11747742,100,22.41666794,100,22.261343,0,21.91840172
2023/5/31 23:28,100,22.11747742,100,22.43113518,100,22.34814835,13.45170593,22.01967621
2023/5/31 23:29,100,22.11747742,100,22.43113518,100,22.36261559,28.02025795,22.01967621
2023/5/31 23:30,100,22.11747742,100,22.43113518,100,22.36261559,42.70537186,22.01967621
2023/5/31 23:31,100,22.11747742,100,22.43113518,100,22.46389008,59.84473801,22.01967621
2023/5/31 23:32,100,22.11747742,100,22.43113518,100,22.36261559,100,22.10648155
2023/5/31 23:33,100,22.11747742,100,22.32986069,100,22.36261559,100,22.12094879
2023/5/31 23:34,100,22.11747742,100,22.32986069,100,22.24687576,100,22.12094879
2023/5/31 23:35,100,22.11747742,100,22.32986069,100,22.261343,100,22.12094879
2023/5/31 23:36,100,22.11747742,100,22.32986069,100,22.261343,100,22.01967621
2023/5/31 23:37,100,22.11747742,100,22.32986069,100,22.261343,100,22.00520706
2023/5/31 23:38,100,22.11747742,100,22.32986069,100,22.261343,94.79789734,21.91840172
2023/5/31 23:39,100,22.11747742,100,22.32986069,100,22.24687576,29.3632679,21.91840172
2023/5/31 23:40,100,22.11747742,100,22.32986069,100,22.261343,0,21.8026619
2023/5/31 23:41,100,22.11747742,100,22.32986069,100,22.16007042,0,21.81712914
2023/5/31 23:42,100,22.01620293,100,22.32986069,100,22.16007042,0,21.81712914
2023/5/31 23:43,100,22.11747742,100,22.32986069,100,22.16007042,0,21.81712914
2023/5/31 23:44,100,22.10301018,100,22.32986069,100,22.16007042,0,21.81712914
2023/5/31 23:45,100,22.01620293,100,22.32986069,100,22.14560318,0,21.81712914
2023/5/31 23:46,100,22.11747742,100,22.32986069,100,22.261343,0,21.81712914
2023/5/31 23:47,100,22.01620293,100,22.43113518,100,22.261343,0,21.81712914
2023/5/31 23:48,100,22.11747742,100,22.32986069,100,22.261343,0,21.81712914
2023/5/31 23:49,100,22.10301018,100,22.32986069,100,22.261343,0,21.81712914
2023/5/31 23:50,100,22.11747742,100,22.32986069,100,22.261343,0,21.8026619
2023/5/31 23:51,100,22.11747742,100,22.43113518,100,22.261343,0,21.81712914
2023/5/31 23:52,100,22.11747742,100,22.32986069,100,22.36261559,0,21.81712914
2023/5/31 23:53,100,22.11747742,100,22.43113518,100,22.36261559,0,21.81712914
2023/5/31 23:54,100,22.11747742,100,22.43113518,100,22.34814835,0,21.91840172
2023/5/31 23:55,100,22.11747742,100,22.43113518,100,22.261343,0,21.91840172
2023/5/31 23:56,100,22.11747742,100,22.31539345,100,22.261343,0,21.91840172
2023/5/31 23:57,100,22.11747742,100,22.32986069,100,22.261343,0,21.91840172
2023/5/31 23:58,100,22.11747742,100,22.32986069,100,22.261343,0,21.91840172
2023/5/31 23:59,100,22.11747742,100,22.2285881,100,22.261343,0.215231374,22.01967621