DateTime,TCV_01_CV5,TCV_01_TT4,TCV_02_CV5,TCV_02_TT4,TCV_03_CV5,TCV_03_TT4,TCV_04_CV5,TCV_04_TT4
2023/5/18 0:00,100,22.71875,100,22.53240776,100,22.66261482,100,22.12094879
2023/5/18 0:01,100,22.51620293,100,22.53240776,100,22.66261482,100,22.12094879
2023/5/18 0:02,100,22.61747742,100,22.43113518,100,22.64814758,100,22.12094879
2023/5/18 0:03,100,22.61747742,100,22.43113518,100,22.56134224,100,22.12094879
2023/5/18 0:04,100,22.61747742,100,22.43113518,100,22.56134224,100,22.12094879
2023/5/18 0:05,100,22.67534828,100,22.43113518,100,22.56134224,100,22.12094879
2023/5/18 0:06,100,22.71875,100,22.41666794,100,22.56134224,100,22.12094879
2023/5/18 0:07,100,22.71875,100,22.43113518,100,22.56134224,100,22.01967621
2023/5/18 0:08,100,22.70428276,100,22.43113518,100,22.56134224,100,22.00520706
2023/5/18 0:09,100,22.71875,100,22.43113518,100,22.56134224,100,22.01967621
2023/5/18 0:10,100,22.71875,100,22.43113518,100,22.56134224,100,22.01967621
2023/5/18 0:11,100,22.61747742,100,22.43113518,100,22.56134224,78.79889679,21.91840172
2023/5/18 0:12,100,22.60301018,100,22.41666794,100,22.46006966,14.16747665,21.91840172
2023/5/18 0:13,100,22.61747742,100,22.32986069,100,22.46006966,0,21.91840172
2023/5/18 0:14,100,22.61747742,100,22.32986069,100,22.44560242,0,21.91840172
2023/5/18 0:15,100,22.61747742,100,22.32986069,100,22.46006966,0,21.91840172
2023/5/18 0:16,100,22.61747742,100,22.32986069,100,22.44560242,0,21.91840172
2023/5/18 0:17,100,22.61747742,100,22.32986069,100,22.46006966,0,21.91840172
2023/5/18 0:18,100,22.61747742,100,22.43113518,100,22.56134224,0,21.91840172
2023/5/18 0:19,100,22.61747742,100,22.43113518,100,22.56134224,0,21.91840172
2023/5/18 0:20,100,22.61747742,100,22.43113518,100,22.60474586,6.321270466,22.01967621
2023/5/18 0:21,100,22.61747742,100,22.43113518,100,22.66261482,20.11203194,22.01967621
2023/5/18 0:22,100,22.61747742,100,22.43113518,100,22.66261482,34.03716278,22.01967621
2023/5/18 0:23,100,22.61747742,100,22.43113518,100,22.66261482,49.20861816,22.01967621
2023/5/18 0:24,100,22.61747742,100,22.43113518,100,22.64814758,64.61573029,22.03414345
2023/5/18 0:25,100,22.61747742,100,22.53240776,100,22.66261482,100,22.12094879
2023/5/18 0:26,100,22.61747742,100,22.43113518,100,22.66261482,100,22.12094879
2023/5/18 0:27,100,22.61747742,100,22.43113518,100,22.66261482,100,22.12094879
2023/5/18 0:28,100,22.61747742,100,22.43113518,100,22.66261482,100,22.12094879
2023/5/18 0:29,100,22.61747742,100,22.43113518,100,22.66261482,100,22.12094879
2023/5/18 0:30,100,22.61747742,100,22.43113518,100,22.56134224,100,22.12094879
2023/5/18 0:31,100,22.61747742,100,22.43113518,100,22.56134224,100,22.06307793
2023/5/18 0:32,100,22.61747742,100,22.32986069,100,22.56134224,100,22.01967621
2023/5/18 0:33,100,22.51620293,100,22.32986069,100,22.46006966,100,22.01967621
2023/5/18 0:34,100,22.51620293,100,22.32986069,100,22.46006966,94.73350525,21.91840172
2023/5/18 0:35,100,22.51620293,100,22.32986069,100,22.44560242,34.1940918,21.90393448
2023/5/18 0:36,100,22.51620293,100,22.24305534,100,22.46006966,0,21.91840172
2023/5/18 0:37,100,22.51620293,100,22.32986069,100,22.46006966,0,21.91840172
2023/5/18 0:38,100,22.61747742,100,22.32986069,100,22.35879707,0,21.91840172
2023/5/18 0:39,100,22.51620293,100,22.32986069,100,22.46006966,0,21.91840172
2023/5/18 0:40,100,22.51620293,100,22.43113518,100,22.46006966,0,21.91840172
2023/5/18 0:41,100,22.51620293,100,22.43113518,100,22.56134224,0,21.91840172
2023/5/18 0:42,100,22.51620293,100,22.53240776,100,22.56134224,0,21.91840172
2023/5/18 0:43,100,22.61747742,100,22.53240776,100,22.56134224,0,22.01967621
2023/5/18 0:44,100,22.61747742,100,22.53240776,100,22.56134224,15.71374512,22.01967621
2023/5/18 0:45,100,22.61747742,100,22.53240776,100,22.546875,30.01097679,22.01967621
2023/5/18 0:46,100,22.51620293,100,22.63368034,100,22.66261482,71.00788879,22.12094879
2023/5/18 0:47,100,22.51620293,100,22.63368034,100,22.66261482,100,22.12094879
2023/5/18 0:48,100,22.61747742,100,22.63368034,100,22.66261482,100,22.12094879
2023/5/18 0:49,100,22.51620293,100,22.57580948,100,22.66261482,100,22.12094879
2023/5/18 0:50,100,22.61747742,100,22.53240776,100,22.66261482,100,22.12094879
2023/5/18 0:51,100,22.61747742,100,22.53240776,100,22.64814758,100,22.12094879
2023/5/18 0:52,100,22.61747742,100,22.50347328,100,22.66261482,100,22.12094879
2023/5/18 0:53,100,22.61747742,100,22.43113518,100,22.56134224,100,22.12094879
2023/5/18 0:54,100,22.63194466,100,22.43113518,100,22.56134224,100,22.12094879
2023/5/18 0:55,100,22.60301018,100,22.43113518,100,22.56134224,100,22.01967621
2023/5/18 0:56,100,22.61747742,100,22.40219879,100,22.46006966,100,22.01967621
2023/5/18 0:57,100,22.60301018,100,22.32986069,100,22.46006966,100,22.00520706
2023/5/18 0:58,100,22.61747742,100,22.32986069,100,22.46006966,100,22.01967621
2023/5/18 0:59,100,22.61747742,100,22.32986069,100,22.46006966,100,22.01967621
2023/5/18 1:00,100,22.61747742,100,22.32986069,100,22.46006966,93.27307129,21.91840172
2023/5/18 1:01,100,22.53067207,100,22.2285881,100,22.35879707,31.03736115,21.91840172
2023/5/18 1:02,100,22.51620293,100,22.2285881,100,22.35879707,0,21.91840172
2023/5/18 1:03,100,22.51620293,100,22.32986069,100,22.35879707,0,21.91840172
2023/5/18 1:04,100,22.51620293,100,22.32986069,100,22.46006966,0,21.91840172
2023/5/18 1:05,100,22.61747742,100,22.41666794,100,22.46006966,0,21.91840172
2023/5/18 1:06,100,22.51620293,100,22.43113518,100,22.56134224,0,21.91840172
2023/5/18 1:07,100,22.61747742,100,22.43113518,100,22.546875,0,21.91840172
2023/5/18 1:08,100,22.51620293,100,22.43113518,100,22.56134224,0,21.91840172
2023/5/18 1:09,100,22.51620293,100,22.53240776,100,22.64814758,0,21.91840172
2023/5/18 1:10,100,22.61747742,100,22.53240776,100,22.66261482,1.074011683,22.01967621
2023/5/18 1:11,100,22.51620293,100,22.53240776,100,22.66261482,15.12859535,22.01967621
2023/5/18 1:12,100,22.51620293,100,22.53240776,100,22.66261482,29.65965652,22.01967621
2023/5/18 1:13,100,22.51620293,100,22.53240776,100,22.66261482,63.25180435,22.12094879
2023/5/18 1:14,100,22.51620293,100,22.53240776,100,22.66261482,100,22.12094879
2023/5/18 1:15,100,22.51620293,100,22.53240776,100,22.76388931,100,22.12094879
2023/5/18 1:16,100,22.51620293,100,22.53240776,100,22.76388931,100,22.12094879
2023/5/18 1:17,100,22.61747742,100,22.53240776,100,22.66261482,100,22.22222328
2023/5/18 1:18,100,22.61747742,100,22.53240776,100,22.66261482,100,22.22222328
2023/5/18 1:19,100,22.51620293,100,22.53240776,100,22.66261482,100,22.12094879
2023/5/18 1:20,100,22.51620293,100,22.51794052,100,22.66261482,100,22.12094879
2023/5/18 1:21,100,22.51620293,100,22.53240776,100,22.66261482,100,22.12094879
2023/5/18 1:22,100,22.61747742,100,22.53240776,100,22.66261482,100,22.12094879
2023/5/18 1:23,100,22.51620293,100,22.53240776,100,22.56134224,100,22.12094879
2023/5/18 1:24,100,22.51620293,100,22.43113518,100,22.56134224,100,22.12094879
2023/5/18 1:25,100,22.51620293,100,22.41666794,100,22.4745369,100,22.01967621
2023/5/18 1:26,100,22.51620293,100,22.34432793,100,22.56134224,100,22.01967621
2023/5/18 1:27,100,22.82002258,100,22.32986069,100,22.56134224,100,22.01967621
2023/5/18 1:28,100,22.51620293,100,22.32986069,100,22.56134224,100,22.01967621
2023/5/18 1:29,100,22.51620293,100,22.32986069,100,22.546875,100,22.01967621
2023/5/18 1:30,100,22.82002258,100,22.32986069,100,22.46006966,100,22.01967621
2023/5/18 1:31,100,22.82002258,100,22.32986069,100,22.46006966,49.93071747,21.91840172
2023/5/18 1:32,100,22.82002258,100,22.32986069,100,22.46006966,0,21.91840172
2023/5/18 1:33,100,22.6464119,100,22.32986069,100,22.46006966,0,21.90393448
2023/5/18 1:34,100,22.82002258,100,22.2285881,100,22.35879707,0,21.91840172
2023/5/18 1:35,100,22.82002258,100,22.2285881,100,22.35879707,0,21.91840172
2023/5/18 1:36,100,22.82002258,100,22.31539345,100,22.46006966,0,21.91840172
2023/5/18 1:37,100,22.82002258,100,22.32986069,100,22.46006966,0,21.91840172
2023/5/18 1:38,100,22.82002258,100,22.32986069,100,22.46006966,0,21.91840172
2023/5/18 1:39,100,22.51620293,100,22.32986069,100,22.66261482,0,21.91840172
2023/5/18 1:40,100,22.61747742,100,22.35879707,100,22.66261482,0,21.91840172
2023/5/18 1:41,100,22.61747742,100,22.43113518,100,22.76388931,8.878097534,22.01967621
2023/5/18 1:42,100,22.61747742,100,22.43113518,100,22.76388931,23.22683525,22.01967621
2023/5/18 1:43,100,22.51620293,100,22.41666794,100,22.8651619,37.87272263,22.01967621
2023/5/18 1:44,100,22.61747742,100,22.53240776,100,22.76388931,100,22.12094879
2023/5/18 1:45,100,22.61747742,100,22.51794052,100,22.76388931,100,22.12094879
2023/5/18 1:46,100,22.61747742,100,22.53240776,100,22.74942207,100,22.12094879
2023/5/18 1:47,100,22.61747742,100,22.53240776,100,22.76388931,100,22.12094879
2023/5/18 1:48,100,22.71875,100,22.63368034,100,22.74942207,100,22.12094879
2023/5/18 1:49,100,22.61747742,100,22.6192131,100,22.66261482,100,22.10648155
2023/5/18 1:50,100,22.61747742,100,22.53240776,100,22.66261482,100,22.12094879
2023/5/18 1:51,100,22.61747742,100,22.51794052,100,22.66261482,100,22.09201431
2023/5/18 1:52,100,22.71875,100,22.53240776,100,22.66261482,100,22.00520706
2023/5/18 1:53,100,22.51620293,100,22.53240776,100,22.66261482,100,22.01967621
2023/5/18 1:54,100,22.61747742,100,22.53240776,100,22.64814758,100,22.01967621
2023/5/18 1:55,100,22.61747742,100,22.53240776,100,22.56134224,83.54414368,21.99073982
2023/5/18 1:56,100,22.61747742,100,22.53240776,100,22.56134224,52.86826324,21.96180534
2023/5/18 1:57,100,22.60301018,100,22.53240776,100,22.546875,0,21.91840172
2023/5/18 1:58,100,22.61747742,100,22.43113518,100,22.46006966,0,21.91840172
2023/5/18 1:59,100,22.71875,100,22.53240776,100,22.46006966,0,21.91840172
2023/5/18 2:00,100,22.71875,100,22.41666794,100,22.46006966,0,21.91840172
2023/5/18 2:01,100,22.71875,100,22.43113518,100,22.56134224,0,21.91840172
2023/5/18 2:02,100,22.71875,100,22.43113518,100,22.66261482,0,21.91840172
2023/5/18 2:03,100,22.71875,100,22.43113518,100,22.56134224,0,21.90393448
2023/5/18 2:04,100,22.61747742,100,22.43113518,100,22.56134224,0,21.91840172
2023/5/18 2:05,100,22.71875,100,22.41666794,100,22.546875,0,21.91840172
2023/5/18 2:06,100,22.82002258,100,22.43113518,100,22.56134224,10.61565876,22.01967621
2023/5/18 2:07,100,22.82002258,100,22.53240776,100,22.56134224,25.23758698,22.01967621
2023/5/18 2:08,100,22.82002258,100,22.53240776,100,22.66261482,41.5437851,22.07754707
2023/5/18 2:09,100,22.82002258,100,22.53240776,100,22.66261482,100,22.12094879
2023/5/18 2:10,100,22.76215172,100,22.53240776,100,22.66261482,100,22.12094879
2023/5/18 2:11,100,22.82002258,100,22.43113518,100,22.66261482,100,22.12094879
2023/5/18 2:12,100,22.82002258,100,22.43113518,100,22.66261482,100,22.12094879
2023/5/18 2:13,100,22.82002258,100,22.32986069,100,22.56134224,100,22.12094879
2023/5/18 2:14,100,22.82002258,100,22.32986069,100,22.56134224,100,22.12094879
2023/5/18 2:15,100,22.82002258,100,22.32986069,100,22.56134224,100,22.12094879
2023/5/18 2:16,100,22.82002258,100,22.32986069,100,22.56134224,100,22.12094879
2023/5/18 2:17,100,22.82002258,100,22.32986069,100,22.56134224,100,22.12094879
2023/5/18 2:18,100,22.89236069,100,22.31539345,100,22.56134224,100,22.12094879
2023/5/18 2:19,100,22.92129707,100,22.32986069,100,22.56134224,100,22.12094879
2023/5/18 2:20,100,22.92129707,100,22.32986069,100,22.46006966,100,22.09201431
2023/5/18 2:21,100,22.82002258,100,22.32986069,100,22.46006966,100,22.01967621
2023/5/18 2:22,100,22.92129707,100,22.32986069,100,22.56134224,100,22.01967621
2023/5/18 2:23,100,22.92129707,100,22.31539345,100,22.56134224,100,22.01967621
2023/5/18 2:24,100,22.92129707,100,22.32986069,100,22.46006966,100,22.01967621
2023/5/18 2:25,100,22.92129707,100,22.32986069,100,22.56134224,98.00942993,22.01967621
2023/5/18 2:26,100,22.82002258,100,22.32986069,100,22.56134224,42.94629669,21.91840172
2023/5/18 2:27,100,22.86342621,100,22.32986069,100,22.56134224,0,21.91840172
2023/5/18 2:28,100,22.82002258,100,22.32986069,100,22.546875,0,21.91840172
2023/5/18 2:29,100,22.92129707,100,22.32986069,100,22.46006966,0,21.91840172
2023/5/18 2:30,100,22.82002258,100,22.31539345,100,22.46006966,0,21.91840172
2023/5/18 2:31,100,22.90682793,100,22.2285881,100,22.46006966,0,21.91840172
2023/5/18 2:32,100,22.92129707,100,22.32986069,100,22.56134224,0,21.91840172
2023/5/18 2:33,100,22.92129707,100,22.32986069,100,22.4745369,0,21.91840172
2023/5/18 2:34,100,22.92129707,100,22.32986069,100,22.56134224,0,21.91840172
2023/5/18 2:35,100,22.92129707,100,22.32986069,100,22.56134224,0,21.91840172
2023/5/18 2:36,100,22.92129707,100,22.32986069,100,22.46006966,4.526594639,22.01967621
2023/5/18 2:37,100,23.02256966,100,22.32986069,100,22.56134224,19.2259922,22.01967621
2023/5/18 2:38,100,23.02256966,100,22.32986069,100,22.66261482,37.07276154,22.07754707
2023/5/18 2:39,100,22.92129707,100,22.43113518,100,22.66261482,100,22.12094879
2023/5/18 2:40,100,22.92129707,100,22.43113518,100,22.66261482,100,22.12094879
2023/5/18 2:41,100,22.82002258,100,22.41666794,100,22.66261482,100,22.22222328
2023/5/18 2:42,100,22.92129707,100,22.43113518,100,22.66261482,100,22.22222328
2023/5/18 2:43,100,22.92129707,100,22.43113518,100,22.66261482,100,22.22222328
2023/5/18 2:44,100,22.92129707,100,22.43113518,100,22.66261482,100,22.12094879
2023/5/18 2:45,100,22.90682793,100,22.43113518,100,22.66261482,100,22.12094879
2023/5/18 2:46,100,22.92129707,100,22.43113518,100,22.66261482,100,22.12094879
2023/5/18 2:47,100,23.02256966,100,22.43113518,100,22.56134224,100,22.12094879
2023/5/18 2:48,100,23.02256966,100,22.43113518,100,22.66261482,100,22.01967621
2023/5/18 2:49,100,23.02256966,100,22.43113518,100,22.66261482,100,22.01967621
2023/5/18 2:50,100,22.92129707,100,22.43113518,100,22.56134224,100,22.01967621
2023/5/18 2:51,100,23.02256966,100,22.43113518,100,22.56134224,100,22.01967621
2023/5/18 2:52,100,22.92129707,100,22.43113518,100,22.66261482,100,22.01967621
2023/5/18 2:53,100,22.92129707,100,22.43113518,100,22.64814758,71.09029388,21.91840172
2023/5/18 2:54,100,22.82002258,100,22.43113518,100,22.56134224,32.47570038,21.91840172
2023/5/18 2:55,100,22.92129707,100,22.43113518,100,22.56134224,0,21.91840172
2023/5/18 2:56,100,23.02256966,100,22.43113518,100,22.56134224,0,21.91840172
2023/5/18 2:57,100,22.92129707,100,22.43113518,100,22.66261482,0,21.91840172
2023/5/18 2:58,100,22.92129707,100,22.43113518,100,22.66261482,0,21.91840172
2023/5/18 2:59,100,22.92129707,100,22.43113518,100,22.66261482,0,21.91840172
2023/5/18 3:00,100,22.82002258,100,22.43113518,100,22.66261482,0,21.91840172
2023/5/18 3:01,100,22.92129707,100,22.43113518,100,22.66261482,0,21.91840172
2023/5/18 3:02,100,22.92129707,100,22.32986069,100,22.66261482,0,21.91840172
2023/5/18 3:03,100,22.82002258,100,22.32986069,100,22.66261482,10.0463438,22.01967621
2023/5/18 3:04,100,22.92129707,100,22.32986069,100,22.66261482,24.80173302,22.01967621
2023/5/18 3:05,100,22.92129707,100,22.32986069,100,22.76388931,46.23030853,22.06307793
2023/5/18 3:06,100,22.92129707,100,22.32986069,100,22.66261482,100,22.12094879
2023/5/18 3:07,100,23.02256966,100,22.43113518,100,22.66261482,100,22.12094879
2023/5/18 3:08,100,22.92129707,100,22.43113518,100,22.66261482,100,22.10648155
2023/5/18 3:09,100,22.92129707,100,22.43113518,100,22.56134224,100,22.22222328
2023/5/18 3:10,100,22.92129707,100,22.43113518,100,22.56134224,100,22.20775414
2023/5/18 3:11,100,22.92129707,100,22.32986069,100,22.56134224,100,22.12094879
2023/5/18 3:12,100,22.92129707,100,22.31539345,100,22.46006966,100,22.12094879
2023/5/18 3:13,100,22.92129707,100,22.32986069,100,22.53240776,100,22.12094879
2023/5/18 3:14,100,22.92129707,100,22.31539345,100,22.56134224,100,22.12094879
2023/5/18 3:15,100,22.92129707,100,22.32986069,100,22.6192131,100,22.01967621
2023/5/18 3:16,100,22.92129707,100,22.32986069,100,22.66261482,100,22.01967621
2023/5/18 3:17,100,22.90682793,100,22.32986069,100,22.56134224,100,22.01967621
2023/5/18 3:18,100,22.92129707,100,22.32986069,100,22.56134224,100,22.01967621
2023/5/18 3:19,100,22.92129707,100,22.32986069,100,22.66261482,100,22.01967621
2023/5/18 3:20,100,22.92129707,100,22.32986069,100,22.56134224,97.70056152,21.9473381
2023/5/18 3:21,100,22.92129707,100,22.32986069,100,22.56134224,44.53396606,21.91840172
2023/5/18 3:22,100,23.02256966,100,22.43113518,100,22.56134224,0,21.91840172
2023/5/18 3:23,100,23.02256966,100,22.40219879,100,22.56134224,0,21.90393448
2023/5/18 3:24,100,22.92129707,100,22.40219879,100,22.56134224,0,21.91840172
2023/5/18 3:25,100,22.82002258,100,22.43113518,100,22.57580948,0,21.91840172
2023/5/18 3:26,100,23.00810242,100,22.43113518,100,22.66261482,0,21.91840172
2023/5/18 3:27,100,22.92129707,100,22.41666794,100,22.66261482,0,21.91840172
2023/5/18 3:28,100,22.92129707,100,22.43113518,100,22.66261482,0,21.91840172
2023/5/18 3:29,100,22.92129707,100,22.43113518,100,22.66261482,7.052867889,22.01967621
2023/5/18 3:30,100,22.95023155,100,22.43113518,100,22.66261482,20.85987663,22.01967621
2023/5/18 3:31,100,22.92129707,100,22.43113518,100,22.76388931,35.58220291,22.01967621
2023/5/18 3:32,100,22.92129707,100,22.51794052,100,22.74942207,50.62152863,22.01967621
2023/5/18 3:33,100,22.92129707,100,22.53240776,100,22.66261482,88.86706543,22.12094879
2023/5/18 3:34,100,23.02256966,100,22.43113518,100,22.66261482,100,22.12094879
2023/5/18 3:35,100,23.02256966,100,22.43113518,100,22.76388931,100,22.12094879
2023/5/18 3:36,100,22.92129707,100,22.43113518,100,22.76388931,100,22.12094879
2023/5/18 3:37,100,22.92129707,100,22.43113518,100,22.76388931,100,22.12094879
2023/5/18 3:38,100,22.92129707,100,22.43113518,100,22.66261482,100,22.10648155
2023/5/18 3:39,100,22.92129707,100,22.43113518,100,22.66261482,100,22.12094879
2023/5/18 3:40,100,22.90682793,100,22.43113518,100,22.66261482,100,22.12094879
2023/5/18 3:41,100,23.02256966,100,22.32986069,100,22.66261482,100,22.00520706
2023/5/18 3:42,100,23.00810242,100,22.32986069,100,22.56134224,100,22.12094879
2023/5/18 3:43,100,23.02256966,100,22.32986069,100,22.56134224,100,22.06307793
2023/5/18 3:44,100,23.02256966,100,22.31539345,100,22.56134224,100,22.01967621
2023/5/18 3:45,100,23.02256966,100,22.32986069,100,22.56134224,100,22.01967621
2023/5/18 3:46,100,23.02256966,100,22.32986069,100,22.56134224,100,22.01967621
2023/5/18 3:47,100,22.92129707,100,22.32986069,100,22.56134224,100,22.01967621
2023/5/18 3:48,100,22.92129707,100,22.32986069,100,22.56134224,100,22.01967621
2023/5/18 3:49,100,22.92129707,100,22.32986069,100,22.56134224,100,22.01967621
2023/5/18 3:50,100,22.92129707,100,22.43113518,100,22.66261482,100,22.01967621
2023/5/18 3:51,100,22.92129707,100,22.43113518,100,22.66261482,65.59429169,21.91840172
2023/5/18 3:52,100,22.82002258,100,22.43113518,100,22.66261482,0.823981822,21.91840172
2023/5/18 3:53,100,22.82002258,100,22.32986069,100,22.56134224,0,21.91840172
2023/5/18 3:54,100,22.92129707,100,22.43113518,100,22.56134224,0,21.91840172
2023/5/18 3:55,100,22.92129707,100,22.43113518,100,22.56134224,0,21.91840172
2023/5/18 3:56,100,23.02256966,100,22.43113518,100,22.66261482,0,21.91840172
2023/5/18 3:57,100,22.92129707,100,22.43113518,100,22.66261482,0,21.91840172
2023/5/18 3:58,100,22.92129707,100,22.32986069,100,22.66261482,0,21.91840172
2023/5/18 3:59,100,23.02256966,100,22.43113518,100,22.76388931,0,21.91840172
2023/5/18 4:00,100,23.02256966,100,22.43113518,100,22.76388931,0,21.91840172
2023/5/18 4:01,100,22.92129707,100,22.46006966,100,22.8651619,5.366405964,22.01967621
2023/5/18 4:02,100,22.92129707,100,22.53240776,100,22.8651619,20.13367653,22.01967621
2023/5/18 4:03,100,22.99363518,100,22.53240776,100,22.8651619,38.95238876,22.01967621
2023/5/18 4:04,100,23.02256966,100,22.63368034,100,22.8651619,100,22.12094879
2023/5/18 4:05,100,23.02256966,100,22.63368034,100,22.8651619,100,22.12094879
2023/5/18 4:06,100,23.00810242,100,22.53240776,100,22.8651619,100,22.12094879
2023/5/18 4:07,100,23.02256966,100,22.51794052,100,22.76388931,100,22.13541794
2023/5/18 4:08,100,23.00810242,100,22.53240776,100,22.8651619,100,22.22222328
2023/5/18 4:09,100,23.02256966,100,22.53240776,100,22.8651619,100,22.20775414
2023/5/18 4:10,100,23.02256966,100,22.53240776,100,22.8651619,100,22.12094879
2023/5/18 4:11,100,23.02256966,100,22.43113518,100,22.74942207,100,22.12094879
2023/5/18 4:12,100,23.02256966,100,22.43113518,100,22.66261482,100,22.12094879
2023/5/18 4:13,100,23.02256966,100,22.41666794,100,22.66261482,100,22.10648155
2023/5/18 4:14,100,23.02256966,100,22.43113518,100,22.66261482,100,22.12094879
2023/5/18 4:15,100,23.02256966,100,22.43113518,100,22.66261482,100,22.10648155
2023/5/18 4:16,100,23.02256966,100,22.43113518,100,22.66261482,100,22.01967621
2023/5/18 4:17,100,23.02256966,100,22.43113518,100,22.66261482,100,22.01967621
2023/5/18 4:18,100,23.00810242,100,22.43113518,100,22.66261482,100,22.01967621
2023/5/18 4:19,100,23.02256966,100,22.43113518,100,22.66261482,100,22.01967621
2023/5/18 4:20,100,23.02256966,100,22.43113518,100,22.67708206,92.44190216,21.91840172
2023/5/18 4:21,100,23.02256966,100,22.43113518,100,22.66261482,58.56060791,22.01967621
2023/5/18 4:22,100,23.02256966,100,22.43113518,100,22.64814758,5.133847713,21.91840172
2023/5/18 4:23,100,23.02256966,100,22.43113518,100,22.66261482,0,21.91840172
2023/5/18 4:24,100,23.02256966,100,22.32986069,100,22.56134224,0,21.91840172
2023/5/18 4:25,100,23.02256966,100,22.32986069,100,22.56134224,0,21.90393448
2023/5/18 4:26,100,23.02256966,100,22.32986069,100,22.56134224,0,21.91840172
2023/5/18 4:27,100,23.02256966,100,22.32986069,100,22.56134224,0,21.91840172
2023/5/18 4:28,100,23.02256966,100,22.32986069,100,22.66261482,0,21.91840172
2023/5/18 4:29,100,23.02256966,100,22.31539345,100,22.66261482,0,21.91840172
2023/5/18 4:30,100,23.02256966,100,22.43113518,100,22.69155121,3.446521759,22.01967621
2023/5/18 4:31,100,23.02256966,100,22.43113518,100,22.76388931,18.16448784,22.01967621
2023/5/18 4:32,100,23.02256966,100,22.43113518,100,22.73495293,32.61196136,22.01967621
2023/5/18 4:33,100,23.02256966,100,22.43113518,100,22.76388931,84.87368774,22.12094879
2023/5/18 4:34,100,23.12384224,100,22.53240776,100,22.73495293,100,22.12094879
2023/5/18 4:35,100,23.12384224,100,22.53240776,100,22.76388931,100,22.12094879
2023/5/18 4:36,100,23.12384224,100,22.53240776,100,22.76388931,100,22.12094879
2023/5/18 4:37,100,23.02256966,100,22.53240776,100,22.76388931,100,22.12094879
2023/5/18 4:38,100,23.109375,100,22.53240776,100,22.76388931,100,22.12094879
2023/5/18 4:39,100,23.02256966,100,22.53240776,100,22.74942207,100,22.12094879
2023/5/18 4:40,100,23.02256966,100,22.43113518,100,22.66261482,100,22.12094879
2023/5/18 4:41,100,23.12384224,100,22.43113518,100,22.66261482,100,22.12094879
2023/5/18 4:42,100,23.12384224,100,22.43113518,100,22.66261482,100,22.12094879
2023/5/18 4:43,100,23.12384224,100,22.43113518,100,22.66261482,100,22.01967621
2023/5/18 4:44,100,23.12384224,100,22.35879707,100,22.66261482,100,22.01967621
2023/5/18 4:45,100,23.02256966,100,22.32986069,100,22.56134224,100,22.01967621
2023/5/18 4:46,100,23.12384224,100,22.32986069,100,22.56134224,100,22.01967621
2023/5/18 4:47,100,23.12384224,100,22.43113518,100,22.56134224,100,22.01967621
2023/5/18 4:48,100,23.12384224,100,22.43113518,100,22.56134224,100,22.01967621
2023/5/18 4:49,100,23.12384224,100,22.43113518,100,22.64814758,100,22.01967621
2023/5/18 4:50,100,23.12384224,100,22.43113518,100,22.64814758,97.72257996,22.01967621
2023/5/18 4:51,100,23.05150414,100,22.32986069,100,22.56134224,36.97954559,21.91840172
2023/5/18 4:52,100,23.12384224,100,22.32986069,100,22.56134224,0,21.91840172
2023/5/18 4:53,100,23.02256966,100,22.32986069,100,22.56134224,0,21.91840172
2023/5/18 4:54,100,22.97916794,100,22.32986069,100,22.46006966,0,21.91840172
2023/5/18 4:55,100,23.02256966,100,22.32986069,100,22.56134224,0,21.91840172
2023/5/18 4:56,100,23.02256966,100,22.32986069,100,22.56134224,0,21.91840172
2023/5/18 4:57,100,23.02256966,100,22.32986069,100,22.56134224,3.468659401,22.00520706
2023/5/18 4:58,100,23.02256966,100,22.32986069,100,22.56134224,18.14628029,22.01967621
2023/5/18 4:59,100,23.02256966,100,22.43113518,100,22.64814758,32.78274155,22.01967621
2023/5/18 5:00,100,23.02256966,100,22.43113518,100,22.66261482,50.01933289,22.09201431
2023/5/18 5:01,100,23.02256966,100,22.43113518,100,22.66261482,100,22.12094879
2023/5/18 5:02,100,23.02256966,100,22.43113518,100,22.66261482,100,22.12094879
2023/5/18 5:03,100,23.02256966,100,22.43113518,100,22.66261482,100,22.12094879
2023/5/18 5:04,100,23.00810242,100,22.43113518,100,22.66261482,100,22.12094879
2023/5/18 5:05,100,23.02256966,100,22.53240776,100,22.66261482,100,22.12094879
2023/5/18 5:06,100,23.00810242,100,22.43113518,100,22.66261482,100,22.01967621
2023/5/18 5:07,100,23.02256966,100,22.43113518,100,22.56134224,100,22.01967621
2023/5/18 5:08,100,23.02256966,100,22.32986069,100,22.56134224,100,22.01967621
2023/5/18 5:09,100,23.02256966,100,22.32986069,100,22.66261482,100,22.01967621
2023/5/18 5:10,100,23.02256966,100,22.41666794,100,22.66261482,100,22.01967621
2023/5/18 5:11,100,23.02256966,100,22.43113518,100,22.66261482,100,22.01967621
2023/5/18 5:12,100,23.12384224,100,22.43113518,100,22.56134224,100,22.01967621
2023/5/18 5:13,100,23.22511482,100,22.32986069,100,22.56134224,77.18856812,21.91840172
2023/5/18 5:14,100,23.22511482,100,22.32986069,100,22.56134224,39.13722992,22.01967621
2023/5/18 5:15,100,23.22511482,100,22.32986069,100,22.56134224,7.475430489,21.91840172
2023/5/18 5:16,100,23.12384224,100,22.32986069,100,22.56134224,0,21.91840172
2023/5/18 5:17,100,23.12384224,100,22.32986069,100,22.46006966,0,21.91840172
2023/5/18 5:18,100,23.12384224,100,22.32986069,100,22.46006966,0,21.91840172
2023/5/18 5:19,100,23.02256966,100,22.31539345,100,22.56134224,0,21.91840172
2023/5/18 5:20,100,23.02256966,100,22.43113518,100,22.66261482,0.128275201,21.99073982
2023/5/18 5:21,100,23.02256966,100,22.43113518,100,22.66261482,8.737220764,22.01967621
2023/5/18 5:22,100,23.02256966,100,22.43113518,100,22.66261482,23.30721092,22.01967621
2023/5/18 5:23,100,23.02256966,100,22.53240776,100,22.76388931,37.66748428,22.01967621
2023/5/18 5:24,100,23.02256966,100,22.43113518,100,22.76388931,77.6508255,22.10648155
2023/5/18 5:25,100,23.12384224,100,22.43113518,100,22.76388931,100,22.10648155
2023/5/18 5:26,100,23.12384224,100,22.43113518,100,22.76388931,100,22.12094879
2023/5/18 5:27,100,23.109375,100,22.43113518,100,22.66261482,100,22.12094879
2023/5/18 5:28,100,23.12384224,100,22.43113518,100,22.66261482,100,22.10648155
2023/5/18 5:29,100,23.12384224,100,22.43113518,100,22.66261482,100,22.12094879
2023/5/18 5:30,100,23.109375,100,22.43113518,100,22.66261482,100,22.12094879
2023/5/18 5:31,100,23.12384224,100,22.43113518,100,22.66261482,100,22.12094879
2023/5/18 5:32,100,23.12384224,100,22.43113518,100,22.66261482,100,22.12094879
2023/5/18 5:33,100,23.109375,100,22.43113518,100,22.56134224,100,22.12094879
2023/5/18 5:34,100,23.12384224,100,22.43113518,100,22.66261482,100,22.12094879
2023/5/18 5:35,100,23.109375,100,22.43113518,100,22.66261482,100,22.12094879
2023/5/18 5:36,100,23.12384224,100,22.43113518,100,22.56134224,100,22.01967621
2023/5/18 5:37,100,23.12384224,100,22.43113518,100,22.56134224,100,22.01967621
2023/5/18 5:38,100,23.109375,100,22.43113518,100,22.66261482,100,22.01967621
2023/5/18 5:39,100,23.09490776,100,22.43113518,100,22.66261482,100,22.01967621
2023/5/18 5:40,100,23.12384224,100,22.53240776,100,22.66261482,99.98542786,22.01967621
2023/5/18 5:41,100,23.109375,100,22.43113518,100,22.64814758,47.04709625,21.91840172
2023/5/18 5:42,100,23.02256966,100,22.43113518,100,22.56134224,0,21.91840172
2023/5/18 5:43,100,23.12384224,100,22.43113518,100,22.56134224,0,21.90393448
2023/5/18 5:44,100,23.109375,100,22.43113518,100,22.56134224,0,21.91840172
2023/5/18 5:45,100,23.12384224,100,22.43113518,100,22.66261482,0,21.91840172
2023/5/18 5:46,100,23.12384224,100,22.43113518,100,22.56134224,0,21.91840172
2023/5/18 5:47,100,23.109375,100,22.43113518,100,22.66261482,0,21.91840172
2023/5/18 5:48,100,23.02256966,100,22.43113518,100,22.66261482,0,21.91840172
2023/5/18 5:49,100,23.12384224,100,22.32986069,100,22.66261482,0,21.91840172
2023/5/18 5:50,100,23.12384224,100,22.32986069,100,22.66261482,11.25459099,22.01967621
2023/5/18 5:51,100,23.12384224,100,22.43113518,100,22.66261482,25.70083046,22.01967621
2023/5/18 5:52,100,23.12384224,100,22.43113518,100,22.76388931,85.90795898,22.12094879
2023/5/18 5:53,100,23.02256966,100,22.53240776,100,22.76388931,100,22.12094879
2023/5/18 5:54,100,23.12384224,100,22.51794052,100,22.8651619,100,22.12094879
2023/5/18 5:55,100,23.12384224,100,22.53240776,100,22.76388931,100,22.12094879
2023/5/18 5:56,100,23.12384224,100,22.53240776,100,22.76388931,100,22.12094879
2023/5/18 5:57,100,23.12384224,100,22.50347328,100,22.76388931,100,22.12094879
2023/5/18 5:58,100,23.109375,100,22.41666794,100,22.66261482,100,22.10648155
2023/5/18 5:59,100,23.12384224,100,22.43113518,100,22.66261482,100,22.10648155
2023/5/18 6:00,100,23.02256966,100,22.43113518,100,22.56134224,100,22.12094879
2023/5/18 6:01,100,23.09490776,100,22.43113518,100,22.56134224,100,22.10648155
2023/5/18 6:02,100,23.12384224,100,22.43113518,100,22.56134224,100,22.01967621
2023/5/18 6:03,100,23.02256966,100,22.53240776,100,22.66261482,100,22.01967621
2023/5/18 6:04,100,23.12384224,100,22.43113518,100,22.66261482,100,22.01967621
2023/5/18 6:05,100,23.22511482,100,22.43113518,100,22.66261482,55.85621643,21.91840172
2023/5/18 6:06,100,23.109375,100,22.43113518,100,22.76388931,0,21.91840172
2023/5/18 6:07,100,23.12384224,100,22.43113518,100,22.66261482,0,21.91840172
2023/5/18 6:08,100,23.12384224,100,22.32986069,100,22.56134224,0,21.91840172
2023/5/18 6:09,100,23.12384224,100,22.43113518,100,22.66261482,0,21.84606552
2023/5/18 6:10,100,23.12384224,100,22.43113518,100,22.66261482,0,21.91840172
2023/5/18 6:11,100,23.109375,100,22.43113518,100,22.66261482,0,21.91840172
2023/5/18 6:12,100,23.12384224,100,22.43113518,100,22.64814758,0,21.91840172
2023/5/18 6:13,100,23.12384224,100,22.43113518,100,22.76388931,0,21.91840172
2023/5/18 6:14,100,23.12384224,100,22.43113518,100,22.76388931,0,21.9473381
2023/5/18 6:15,100,23.02256966,100,22.43113518,100,22.76388931,13.20169067,22.01967621
2023/5/18 6:16,100,23.12384224,100,22.41666794,100,22.76388931,27.91745758,22.01967621
2023/5/18 6:17,100,23.12384224,100,22.43113518,100,22.66261482,42.6342659,22.01967621
2023/5/18 6:18,100,23.12384224,100,22.43113518,100,22.76388931,71.21897125,22.12094879
2023/5/18 6:19,100,23.12384224,100,22.43113518,100,22.74942207,100,22.12094879
2023/5/18 6:20,100,23.02256966,100,22.43113518,100,22.76388931,100,22.12094879
2023/5/18 6:21,100,23.12384224,100,22.43113518,100,22.76388931,100,22.12094879
2023/5/18 6:22,100,23.12384224,100,22.43113518,100,22.74942207,100,22.12094879
2023/5/18 6:23,100,23.12384224,100,22.43113518,100,22.74942207,100,22.14988518
2023/5/18 6:24,100,23.12384224,100,22.43113518,100,22.66261482,100,22.12094879
2023/5/18 6:25,100,23.12384224,100,22.32986069,100,22.56134224,100,22.12094879
2023/5/18 6:26,100,23.12384224,100,22.32986069,100,22.56134224,100,22.12094879
2023/5/18 6:27,100,23.02256966,100,22.43113518,100,22.66261482,100,22.12094879
2023/5/18 6:28,100,23.02256966,100,22.43113518,100,22.66261482,100,22.12094879
2023/5/18 6:29,100,23.02256966,100,22.43113518,100,22.66261482,100,22.12094879
2023/5/18 6:30,100,23.02256966,100,22.43113518,100,22.66261482,100,22.12094879
2023/5/18 6:31,100,23.02256966,100,22.43113518,100,22.66261482,100,22.01967621
2023/5/18 6:32,100,23.02256966,100,22.43113518,100,22.56134224,100,22.01967621
2023/5/18 6:33,100,23.02256966,100,22.43113518,100,22.56134224,100,22.01967621
2023/5/18 6:34,100,23.02256966,100,22.43113518,100,22.63368034,100,22.01967621
2023/5/18 6:35,100,23.02256966,100,22.43113518,100,22.56134224,99.85002136,21.9473381
2023/5/18 6:36,100,23.02256966,100,22.32986069,100,22.56134224,84.8321991,22.01967621
2023/5/18 6:37,100,23.02256966,100,22.32986069,100,22.56134224,35.00289154,21.91840172
2023/5/18 6:38,100,23.02256966,100,22.32986069,100,22.56134224,0,21.91840172
2023/5/18 6:39,100,23.02256966,100,22.32986069,100,22.46006966,0,21.91840172
2023/5/18 6:40,100,22.92129707,100,22.32986069,100,22.56134224,0,21.91840172
2023/5/18 6:41,100,23.02256966,100,22.32986069,100,22.56134224,0,21.91840172
2023/5/18 6:42,100,23.02256966,100,22.32986069,100,22.56134224,0,21.91840172
2023/5/18 6:43,100,23.02256966,100,22.32986069,100,22.64814758,0,21.91840172
2023/5/18 6:44,100,23.02256966,100,22.32986069,100,22.66261482,1.397242546,22.01967621
2023/5/18 6:45,100,23.02256966,100,22.43113518,100,22.64814758,14.2207489,22.01967621
2023/5/18 6:46,100,23.02256966,100,22.41666794,100,22.66261482,28.72374153,22.00520706
2023/5/18 6:47,100,23.02256966,100,22.43113518,100,22.66261482,42.69704056,22.01967621
2023/5/18 6:48,100,23.02256966,100,22.43113518,100,22.74942207,57.95582962,22.00520706
2023/5/18 6:49,100,23.02256966,100,22.43113518,100,22.76388931,80.81643677,22.04861069
2023/5/18 6:50,100,23.02256966,100,22.51794052,100,22.76388931,100,22.12094879
2023/5/18 6:51,100,23.02256966,100,22.53240776,100,22.64814758,100,22.12094879
2023/5/18 6:52,100,22.90682793,100,22.53240776,100,22.66261482,100,22.12094879
2023/5/18 6:53,100,23.02256966,100,22.51794052,100,22.76388931,100,22.12094879
2023/5/18 6:54,100,23.02256966,100,22.51794052,100,22.64814758,100,22.10648155
2023/5/18 6:55,100,23.02256966,100,22.43113518,100,22.66261482,100,22.12094879
2023/5/18 6:56,100,23.02256966,100,22.43113518,100,22.66261482,100,22.04861069
2023/5/18 6:57,100,23.02256966,100,22.43113518,100,22.56134224,100,22.01967621
2023/5/18 6:58,100,23.02256966,100,22.43113518,100,22.56134224,100,22.01967621
2023/5/18 6:59,100,23.02256966,100,22.43113518,100,22.56134224,100,22.01967621
2023/5/18 7:00,100,23.02256966,100,22.31539345,100,22.56134224,100,22.01967621
2023/5/18 7:01,100,23.02256966,100,22.32986069,100,22.56134224,100,22.01967621
2023/5/18 7:02,100,23.02256966,100,22.32986069,100,22.46006966,45.51959991,21.91840172
2023/5/18 7:03,100,23.02256966,100,22.32986069,100,22.46006966,0,21.91840172
2023/5/18 7:04,100,23.02256966,100,22.31539345,100,22.46006966,0,21.91840172
2023/5/18 7:05,100,23.02256966,100,22.32986069,100,22.46006966,0,21.91840172
2023/5/18 7:06,100,23.02256966,100,22.32986069,100,22.56134224,0,21.91840172
2023/5/18 7:07,100,23.02256966,100,22.43113518,100,22.56134224,0,21.91840172
2023/5/18 7:08,100,23.02256966,100,22.32986069,100,22.56134224,0,21.91840172
2023/5/18 7:09,100,23.02256966,100,22.32986069,100,22.56134224,0,21.91840172
2023/5/18 7:10,100,23.02256966,100,22.32986069,100,22.66261482,0,21.91840172
2023/5/18 7:11,100,23.02256966,100,22.43113518,100,22.66261482,2.935358047,21.99073982
2023/5/18 7:12,100,23.02256966,100,22.43113518,100,22.66261482,17.41283798,22.01967621
2023/5/18 7:13,100,23.02256966,100,22.43113518,100,22.76388931,32.06003571,22.01967621
2023/5/18 7:14,100,23.02256966,100,22.53240776,100,22.76388931,46.40615082,22.01967621
2023/5/18 7:15,100,23.02256966,100,22.43113518,100,22.64814758,100,22.12094879
2023/5/18 7:16,100,23.02256966,100,22.43113518,100,22.66261482,100,22.12094879
2023/5/18 7:17,100,23.02256966,100,22.43113518,100,22.56134224,100,22.10648155
2023/5/18 7:18,100,23.02256966,100,22.43113518,100,22.56134224,100,22.12094879
2023/5/18 7:19,100,23.02256966,100,22.32986069,100,22.56134224,100,22.12094879
2023/5/18 7:20,100,23.02256966,100,22.32986069,100,22.44560242,100,22.12094879
2023/5/18 7:21,100,23.02256966,100,22.32986069,100,22.46006966,100,22.12094879
2023/5/18 7:22,100,23.02256966,100,22.32986069,100,22.46006966,100,22.12094879
2023/5/18 7:23,100,23.02256966,100,22.30092621,100,22.46006966,100,22.01967621
2023/5/18 7:24,100,23.02256966,100,22.2285881,100,22.46006966,100,22.01967621
2023/5/18 7:25,100,23.02256966,100,22.2285881,100,22.46006966,100,22.01967621
2023/5/18 7:26,100,23.00810242,100,22.2285881,100,22.46006966,100,22.01967621
2023/5/18 7:27,100,23.02256966,100,22.2285881,100,22.46006966,100,22.00520706
2023/5/18 7:28,100,23.02256966,100,22.2285881,100,22.46006966,100,22.01967621
2023/5/18 7:29,100,23.02256966,100,22.2285881,100,22.46006966,90.36894226,21.91840172
2023/5/18 7:30,100,23.02256966,100,22.2285881,100,22.46006966,41.03183746,21.91840172
2023/5/18 7:31,100,23.109375,100,22.2285881,100,22.44560242,0,21.91840172
2023/5/18 7:32,100,23.02256966,100,22.2285881,100,22.35879707,0,21.91840172
2023/5/18 7:33,100,23.02256966,100,22.19965172,100,22.35879707,0,21.91840172
2023/5/18 7:34,100,23.02256966,100,22.2285881,100,22.35879707,0,21.91840172
2023/5/18 7:35,100,23.02256966,100,22.2285881,100,22.46006966,0,21.91840172
2023/5/18 7:36,100,23.02256966,100,22.2285881,100,22.46006966,0,21.91840172
2023/5/18 7:37,100,23.02256966,100,22.2285881,100,22.56134224,0,21.91840172
2023/5/18 7:38,100,23.02256966,100,22.32986069,100,22.56134224,2.806354523,22.01967621
2023/5/18 7:39,100,23.02256966,100,22.32986069,100,22.56134224,17.44140053,22.01967621
2023/5/18 7:40,100,23.02256966,100,22.32986069,100,22.56134224,32.09455872,22.01967621
2023/5/18 7:41,100,23.02256966,100,22.32986069,100,22.56134224,46.54715729,22.00520706
2023/5/18 7:42,100,23.02256966,100,22.32986069,100,22.56134224,64.80476379,22.01967621
2023/5/18 7:43,100,23.02256966,100,22.32986069,100,22.56134224,100,22.12094879
2023/5/18 7:44,100,23.02256966,100,22.32986069,100,22.56134224,100,22.12094879
2023/5/18 7:45,100,23.02256966,100,22.32986069,100,22.56134224,100,22.12094879
2023/5/18 7:46,100,23.02256966,100,22.2285881,100,22.46006966,100,22.12094879
2023/5/18 7:47,100,23.02256966,100,22.2285881,100,22.44560242,100,22.12094879
2023/5/18 7:48,100,23.02256966,100,22.2285881,100,22.46006966,100,22.12094879
2023/5/18 7:49,100,23.02256966,100,22.2285881,100,22.46006966,100,22.01967621
2023/5/18 7:50,100,23.02256966,100,22.21412086,100,22.56134224,100,22.01967621
2023/5/18 7:51,100,23.00810242,100,22.2285881,100,22.46006966,100,22.01967621
2023/5/18 7:52,100,23.02256966,100,22.2285881,100,22.46006966,100,22.01967621
2023/5/18 7:53,100,23.02256966,100,22.2285881,100,22.46006966,100,22.01967621
2023/5/18 7:54,100,22.92129707,100,22.2285881,100,22.35879707,99.58728027,22.01967621
2023/5/18 7:55,100,22.92129707,100,22.12731552,100,22.35879707,50.28655243,21.91840172
2023/5/18 7:56,100,22.92129707,100,22.12731552,100,22.35879707,0,21.91840172
2023/5/18 7:57,100,22.97916794,100,22.2285881,100,22.35879707,0,21.91840172
2023/5/18 7:58,100,23.02256966,100,22.2285881,100,22.35879707,0,21.91840172
2023/5/18 7:59,100,23.02256966,100,22.12731552,100,22.35879707,0,21.91840172
2023/5/18 8:00,100,23.02256966,100,22.12731552,100,22.35879707,0,21.91840172
2023/5/18 8:01,100,22.92129707,100,22.2285881,100,22.46006966,0,21.91840172
2023/5/18 8:02,100,22.92129707,100,22.2285881,100,22.56134224,0,21.91840172
2023/5/18 8:03,100,23.02256966,100,22.32986069,100,22.56134224,0.030353557,22.00520706
2023/5/18 8:04,100,23.02256966,100,22.32986069,100,22.66261482,13.64642525,22.01967621
2023/5/18 8:05,100,23.02256966,100,22.34432793,100,22.66261482,28.14338112,22.01967621
2023/5/18 8:06,100,23.02256966,100,22.40219879,100,22.66261482,62.62958527,22.12094879
2023/5/18 8:07,100,23.02256966,100,22.32986069,100,22.64814758,100,22.12094879
2023/5/18 8:08,100,22.92129707,100,22.31539345,100,22.66261482,100,22.12094879
2023/5/18 8:09,100,23.02256966,100,22.32986069,100,22.66261482,100,22.22222328
2023/5/18 8:10,100,23.02256966,100,22.32986069,100,22.56134224,100,22.22222328
2023/5/18 8:11,100,23.02256966,100,22.32986069,100,22.56134224,100,22.22222328
2023/5/18 8:12,100,23.02256966,100,22.32986069,100,22.56134224,100,22.22222328
2023/5/18 8:13,100,23.02256966,100,22.32986069,100,22.546875,100,22.12094879
2023/5/18 8:14,100,23.02256966,100,22.32986069,100,22.56134224,100,22.10648155
2023/5/18 8:15,100,23.02256966,100,22.32986069,100,22.46006966,100,22.12094879
2023/5/18 8:16,100,23.02256966,100,22.32986069,100,22.46006966,100,22.12094879
2023/5/18 8:17,100,23.02256966,100,22.2285881,100,22.44560242,100,22.04861069
2023/5/18 8:18,100,22.90682793,100,22.2285881,100,22.46006966,100,22.01967621
2023/5/18 8:19,100,22.92129707,100,22.21412086,100,22.46006966,100,22.01967621
2023/5/18 8:20,100,22.92129707,100,22.2285881,100,22.46006966,100,22.01967621
2023/5/18 8:21,100,23.02256966,100,22.2285881,100,22.35879707,100,22.01967621
2023/5/18 8:22,100,23.02256966,100,22.2285881,100,22.35879707,68.60747528,21.91840172
2023/5/18 8:23,100,22.92129707,100,22.2285881,100,22.35879707,5.299266338,21.91840172
2023/5/18 8:24,100,22.92129707,100,22.2285881,100,22.35879707,0,21.91840172
2023/5/18 8:25,100,22.82002258,100,22.2285881,100,22.35879707,0,21.91840172
2023/5/18 8:26,100,22.80555534,100,22.2285881,100,22.35879707,0,21.91840172
2023/5/18 8:27,100,22.82002258,100,22.2285881,100,22.44560242,0,21.91840172
2023/5/18 8:28,100,22.82002258,100,22.2285881,100,22.56134224,0,21.91840172
2023/5/18 8:29,100,22.82002258,100,22.2285881,100,22.546875,8.450439453,22.00520706
2023/5/18 8:30,100,22.92129707,100,22.28645706,100,22.66261482,23.03442192,22.01967621
2023/5/18 8:31,100,22.92129707,100,22.32986069,100,22.66261482,37.31459427,22.01967621
2023/5/18 8:32,100,23.02256966,100,22.32986069,100,22.64814758,52.06620407,22.00520706
2023/5/18 8:33,100,23.02256966,100,22.32986069,100,22.66261482,100,22.12094879
2023/5/18 8:34,100,23.02256966,100,22.32986069,100,22.66261482,100,22.12094879
2023/5/18 8:35,100,22.92129707,100,22.32986069,100,22.66261482,100,22.12094879
2023/5/18 8:36,100,22.82002258,100,22.32986069,100,22.56134224,100,22.12094879
2023/5/18 8:37,100,22.92129707,100,22.32986069,100,22.64814758,100,22.12094879
2023/5/18 8:38,100,23.02256966,100,22.43113518,100,22.66261482,100,22.12094879
2023/5/18 8:39,100,22.82002258,100,22.32986069,100,22.56134224,100,22.12094879
2023/5/18 8:40,100,22.86342621,100,22.32986069,100,22.56134224,100,22.12094879
2023/5/18 8:41,100,22.82002258,100,22.32986069,100,22.46006966,100,22.12094879
2023/5/18 8:42,100,22.92129707,100,22.2285881,100,22.46006966,100,22.01967621
2023/5/18 8:43,100,22.82002258,100,22.2285881,100,22.34432793,100,22.01967621
2023/5/18 8:44,100,22.82002258,100,22.2285881,100,22.35879707,100,22.01967621
2023/5/18 8:45,100,22.80555534,100,22.12731552,100,22.35879707,100,22.01967621
2023/5/18 8:46,100,22.82002258,100,22.12731552,100,22.25752258,100,22.01967621
2023/5/18 8:47,100,22.71875,100,22.12731552,100,22.25752258,97.94334412,21.91840172
2023/5/18 8:48,100,22.82002258,100,22.12731552,100,22.35879707,44.10076904,21.91840172
2023/5/18 8:49,100,22.73321724,100,22.12731552,100,22.34432793,0,21.91840172
2023/5/18 8:50,100,22.82002258,100,22.12731552,100,22.25752258,0,21.91840172
2023/5/18 8:51,100,22.71875,100,22.02604294,100,22.25752258,0,21.90393448
2023/5/18 8:52,100,22.60301018,100,22.02604294,100,22.35879707,0,21.91840172
2023/5/18 8:53,100,22.71875,100,22.0839119,100,22.34432793,0,21.91840172
2023/5/18 8:54,100,22.61747742,100,22.12731552,100,22.35879707,0,21.91840172
2023/5/18 8:55,100,22.71875,100,22.12731552,100,22.35879707,0,22.01967621
2023/5/18 8:56,100,22.71875,100,22.12731552,100,22.46006966,19.92041206,22.01967621
2023/5/18 8:57,100,22.82002258,100,22.2285881,100,22.56134224,33.95206833,22.01967621
2023/5/18 8:58,100,22.71875,100,22.2285881,100,22.56134224,100,22.12094879
2023/5/18 8:59,100,22.82002258,100,22.2285881,100,22.56134224,100,22.12094879
2023/5/18 9:00,100,22.71875,100,22.2285881,100,22.546875,100,22.12094879
2023/5/18 9:01,100,22.71875,100,22.2285881,100,22.56134224,100,22.12094879
2023/5/18 9:02,100,22.71875,100,22.32986069,100,22.48900414,100,22.12094879
2023/5/18 9:03,100,22.71875,100,22.2285881,100,22.46006966,100,22.12094879
2023/5/18 9:04,100,22.71875,100,22.2285881,100,22.46006966,100,22.12094879
2023/5/18 9:05,100,22.71875,100,22.2285881,100,22.46006966,100,22.12094879
2023/5/18 9:06,100,22.61747742,100,22.2285881,100,22.46006966,100,22.12094879
2023/5/18 9:07,100,22.71875,100,22.2285881,100,22.35879707,100,22.01967621
2023/5/18 9:08,100,22.61747742,100,22.12731552,100,22.24305534,100,22.01967621
2023/5/18 9:09,100,22.61747742,100,22.12731552,100,22.25752258,100,22.01967621
2023/5/18 9:10,100,22.61747742,100,22.12731552,100,22.25752258,100,22.01967621
2023/5/18 9:11,100,22.71875,100,22.12731552,100,22.25752258,100,22.01967621
2023/5/18 9:12,100,22.61747742,100,22.11284828,100,22.25752258,100,22.01967621
2023/5/18 9:13,100,22.51620293,100,22.12731552,100,22.24305534,99.02177429,22.00520706
2023/5/18 9:14,100,22.61747742,100,22.12731552,100,22.25752258,69.89191437,21.91840172
2023/5/18 9:15,100,22.51620293,100,22.12731552,100,22.25752258,5.225421429,21.91840172
2023/5/18 9:16,100,22.51620293,100,22.02604294,100,22.15625,0,21.91840172
2023/5/18 9:17,100,22.51620293,100,22.02604294,100,22.15625,0,21.91840172
2023/5/18 9:18,100,22.51620293,100,22.02604294,100,22.15625,0,21.91840172
2023/5/18 9:19,100,22.51620293,100,22.02604294,100,22.25752258,0,21.90393448
2023/5/18 9:20,100,22.51620293,100,22.12731552,100,22.35879707,0,21.91840172
2023/5/18 9:21,100,22.82002258,100,22.11284828,100,22.35879707,0,21.91840172
2023/5/18 9:22,100,22.51620293,100,22.12731552,100,22.46006966,0,21.91840172
2023/5/18 9:23,100,22.61747742,100,22.12731552,100,22.35879707,1.553347111,22.01967621
2023/5/18 9:24,100,22.61747742,100,22.12731552,100,22.46006966,16.01691055,22.01967621
2023/5/18 9:25,100,22.61747742,100,22.21412086,100,22.56134224,30.73502922,22.01967621
2023/5/18 9:26,100,22.61747742,100,22.2285881,100,22.56134224,50.98679352,22.01967621
2023/5/18 9:27,100,22.61747742,100,22.2285881,100,22.56134224,100,22.12094879
2023/5/18 9:28,100,22.61747742,100,22.2285881,100,22.56134224,100,22.12094879
2023/5/18 9:29,100,22.71875,100,22.2285881,100,22.46006966,100,22.12094879
2023/5/18 9:30,100,22.71875,100,22.2285881,100,22.46006966,100,22.12094879
2023/5/18 9:31,100,22.71875,100,22.2285881,100,22.46006966,100,22.10648155
2023/5/18 9:32,100,22.71875,100,22.2285881,100,22.35879707,100,22.12094879
2023/5/18 9:33,100,22.70428276,100,22.12731552,100,22.35879707,100,22.12094879
2023/5/18 9:34,100,22.71875,100,22.12731552,100,22.35879707,100,22.10648155
2023/5/18 9:35,100,22.71875,100,22.12731552,100,22.35879707,100,22.01967621
2023/5/18 9:36,100,22.82002258,100,22.12731552,100,22.35879707,100,22.01967621
2023/5/18 9:37,100,22.82002258,100,22.12731552,100,22.25752258,100,22.01967621
2023/5/18 9:38,100,22.61747742,100,22.02604294,100,22.25752258,100,22.01967621
2023/5/18 9:39,100,22.71875,100,22.02604294,100,22.25752258,100,22.01967621
2023/5/18 9:40,100,22.61747742,100,22.02604294,100,22.25752258,100,22.01967621
2023/5/18 9:41,100,22.77662086,100,22.02604294,100,22.15625,100,22.01967621
2023/5/18 9:42,100,22.71875,100,22.02604294,100,22.21412086,44.25061798,21.91840172
2023/5/18 9:43,100,22.63194466,100,22.02604294,100,22.25752258,0,21.91840172
2023/5/18 9:44,100,22.61747742,100,22.02604294,100,22.25752258,0,21.91840172
2023/5/18 9:45,100,22.61747742,100,22.02604294,100,22.25752258,0,21.91840172
2023/5/18 9:46,100,22.71875,100,22.02604294,100,22.25752258,0,21.91840172
2023/5/18 9:47,100,22.82002258,100,22.02604294,100,22.35879707,0,21.91840172
2023/5/18 9:48,100,22.82002258,100,22.12731552,100,22.35879707,0,21.91840172
2023/5/18 9:49,100,22.82002258,100,22.12731552,100,22.35879707,0,21.90393448
2023/5/18 9:50,100,22.82002258,100,22.12731552,100,22.46006966,9.756298065,22.01967621
2023/5/18 9:51,100,22.82002258,100,22.2285881,100,22.46006966,24.53248024,22.01967621
2023/5/18 9:52,100,22.71875,100,22.2285881,100,22.51794052,88.509552,22.10648155
2023/5/18 9:53,100,22.71875,100,22.2285881,100,22.46006966,100,22.12094879
2023/5/18 9:54,100,22.71875,100,22.2285881,100,22.46006966,100,22.12094879
2023/5/18 9:55,100,22.61747742,100,22.2285881,100,22.46006966,100,22.12094879
2023/5/18 9:56,100,22.61747742,100,22.2285881,100,22.46006966,100,22.12094879
2023/5/18 9:57,100,22.61747742,100,22.12731552,100,22.35879707,100,22.12094879
2023/5/18 9:58,100,22.82002258,100,22.12731552,100,22.35879707,100,22.12094879
2023/5/18 9:59,100,23.02256966,100,22.12731552,100,22.25752258,100,22.12094879
2023/5/18 10:00,100,23.02256966,100,22.11284828,100,22.25752258,100,22.01967621
2023/5/18 10:01,100,23.02256966,100,22.12731552,100,22.25752258,100,22.01967621
2023/5/18 10:02,100,23.02256966,100,22.12731552,100,22.35879707,100,22.01967621
2023/5/18 10:03,100,23.02256966,100,22.12731552,100,22.35879707,40.83029175,21.91840172
2023/5/18 10:04,100,23.05150414,100,22.12731552,100,22.25752258,0,21.91840172
2023/5/18 10:05,100,23.02256966,100,22.12731552,100,22.35879707,0,21.91840172
2023/5/18 10:06,100,23.12384224,100,22.12731552,100,22.46006966,0,21.91840172
2023/5/18 10:07,100,23.21064758,100,22.12731552,100,22.44560242,0,21.91840172
2023/5/18 10:08,100,23.22511482,100,22.12731552,100,22.46006966,0,21.91840172
2023/5/18 10:09,100,23.22511482,100,22.12731552,100,22.546875,0,21.91840172
2023/5/18 10:10,100,23.32638931,100,22.2285881,100,22.56134224,0,21.91840172
2023/5/18 10:11,100,23.32638931,100,22.2285881,100,22.56134224,0,21.91840172
2023/5/18 10:12,100,23.12384224,100,22.32986069,100,22.56134224,0,21.93287086
2023/5/18 10:13,100,23.12384224,100,22.32986069,100,22.56134224,6.45646286,22.01967621
2023/5/18 10:14,100,23.12384224,100,22.32986069,100,22.66261482,21.10609245,22.01967621
2023/5/18 10:15,100,23.12384224,100,22.32986069,100,22.66261482,35.56322098,22.01967621
2023/5/18 10:16,100,23.12384224,100,22.32986069,100,22.66261482,62.78488922,22.12094879
2023/5/18 10:17,100,23.12384224,100,22.32986069,100,22.56134224,100,22.10648155
2023/5/18 10:18,100,23.12384224,100,22.32986069,100,22.56134224,100,22.12094879
2023/5/18 10:19,100,23.12384224,100,22.32986069,100,22.56134224,100,22.12094879
2023/5/18 10:20,100,23.12384224,100,22.32986069,100,22.56134224,100,22.10648155
2023/5/18 10:21,100,23.02256966,100,22.32986069,100,22.56134224,100,22.12094879
2023/5/18 10:22,100,23.12384224,100,22.2285881,100,22.56134224,100,22.12094879
2023/5/18 10:23,100,23.12384224,100,22.2285881,100,22.56134224,100,22.12094879
2023/5/18 10:24,100,23.12384224,100,22.2285881,100,22.56134224,100,22.10648155
2023/5/18 10:25,100,23.22511482,100,22.2285881,100,22.46006966,100,22.12094879
2023/5/18 10:26,100,23.22511482,100,22.21412086,100,22.46006966,100,22.12094879
2023/5/18 10:27,100,23.12384224,100,22.32986069,100,22.46006966,100,22.12094879
2023/5/18 10:28,100,23.12384224,100,22.2285881,100,22.46006966,100,22.10648155
2023/5/18 10:29,100,23.09490776,100,22.2285881,100,22.46006966,100,22.04861069
2023/5/18 10:30,100,23.02256966,100,22.2285881,100,22.46006966,100,22.01967621
2023/5/18 10:31,100,23.02256966,100,22.2285881,100,22.46006966,100,22.01967621
2023/5/18 10:32,100,23.02256966,100,22.12731552,100,22.35879707,100,22.01967621
2023/5/18 10:33,100,23.02256966,100,22.12731552,100,22.35879707,54.37973022,21.91840172
2023/5/18 10:34,100,23.12384224,100,22.11284828,100,22.25752258,0,21.91840172
2023/5/18 10:35,100,23.12384224,100,22.02604294,100,22.25752258,0,21.91840172
2023/5/18 10:36,100,23.02256966,100,22.02604294,100,22.25752258,0,21.90393448
2023/5/18 10:37,100,23.02256966,100,22.02604294,100,22.35879707,0,21.91840172
2023/5/18 10:38,100,23.02256966,100,22.12731552,100,22.35879707,0,21.91840172
2023/5/18 10:39,100,23.12384224,100,22.12731552,100,22.46006966,0,21.91840172
2023/5/18 10:40,100,23.02256966,100,22.12731552,100,22.56134224,0,21.91840172
2023/5/18 10:41,100,23.02256966,100,22.19965172,100,22.546875,0,21.91840172
2023/5/18 10:42,100,23.12384224,100,22.2285881,100,22.56134224,0,21.91840172
2023/5/18 10:43,100,23.12384224,100,22.2285881,100,22.64814758,11.40722942,22.01967621
2023/5/18 10:44,100,23.02256966,100,22.32986069,100,22.66261482,26.07059288,22.01967621
2023/5/18 10:45,100,23.0370369,100,22.32986069,100,22.64814758,55.63520432,22.12094879
2023/5/18 10:46,100,23.02256966,100,22.32986069,100,22.66261482,100,22.12094879
2023/5/18 10:47,100,23.02256966,100,22.43113518,100,22.66261482,100,22.22222328
2023/5/18 10:48,100,23.02256966,100,22.32986069,100,22.6192131,100,22.22222328
2023/5/18 10:49,100,23.02256966,100,22.32986069,100,22.56134224,100,22.22222328
2023/5/18 10:50,100,23.00810242,100,22.31539345,100,22.56134224,100,22.20775414
2023/5/18 10:51,100,23.02256966,100,22.32986069,100,22.66261482,100,22.22222328
2023/5/18 10:52,100,23.02256966,100,22.32986069,100,22.56134224,100,22.22222328
2023/5/18 10:53,100,23.02256966,100,22.32986069,100,22.56134224,100,22.1932869
2023/5/18 10:54,100,23.02256966,100,22.32986069,100,22.56134224,100,22.12094879
2023/5/18 10:55,100,23.02256966,100,22.21412086,100,22.56134224,100,22.12094879
2023/5/18 10:56,100,23.02256966,100,22.2285881,100,22.56134224,100,22.12094879
2023/5/18 10:57,100,23.02256966,100,22.2285881,100,22.56134224,100,22.01967621
2023/5/18 10:58,100,23.02256966,100,22.2285881,100,22.56134224,100,22.01967621
2023/5/18 10:59,100,23.12384224,100,22.2285881,100,22.56134224,100,22.01967621
2023/5/18 11:00,100,23.12384224,100,22.2285881,100,22.56134224,100,22.01967621
2023/5/18 11:01,100,23.12384224,100,22.2285881,100,22.56134224,100,22.01967621
2023/5/18 11:02,100,23.0370369,100,22.2285881,100,22.56134224,93.69633484,21.97627258
2023/5/18 11:03,100,23.02256966,100,22.2285881,100,22.56134224,33.50798035,21.91840172
2023/5/18 11:04,100,23.02256966,100,22.2285881,100,22.56134224,0,21.91840172
2023/5/18 11:05,100,23.02256966,100,22.2285881,100,22.56134224,0,21.91840172
2023/5/18 11:06,100,23.02256966,100,22.21412086,100,22.546875,0,21.91840172
2023/5/18 11:07,100,23.12384224,100,22.2285881,100,22.48900414,0,21.91840172
2023/5/18 11:08,100,23.12384224,100,22.2285881,100,22.46006966,0,21.91840172
2023/5/18 11:09,100,23.12384224,100,22.12731552,100,22.35879707,0,21.99073982
2023/5/18 11:10,100,23.02256966,100,22.12731552,100,22.46006966,11.89505863,22.01967621
2023/5/18 11:11,100,23.02256966,100,22.12731552,100,22.46006966,26.84665871,22.01967621
2023/5/18 11:12,100,23.02256966,100,22.2285881,100,22.56134224,41.71799088,22.01967621
2023/5/18 11:13,100,23.02256966,100,22.32986069,100,22.66261482,56.07702255,22.01967621
2023/5/18 11:14,100,23.12384224,100,22.32986069,100,22.76388931,100,22.12094879
2023/5/18 11:15,100,23.02256966,100,22.31539345,100,22.66261482,100,22.12094879
2023/5/18 11:16,100,23.02256966,100,22.32986069,100,22.66261482,100,22.12094879
2023/5/18 11:17,100,23.02256966,100,22.32986069,100,22.64814758,100,22.12094879
2023/5/18 11:18,100,23.02256966,100,22.32986069,100,22.66261482,100,22.12094879
2023/5/18 11:19,100,23.02256966,100,22.32986069,100,22.66261482,100,22.12094879
2023/5/18 11:20,100,23.02256966,100,22.32986069,100,22.66261482,100,22.12094879
2023/5/18 11:21,100,23.00810242,100,22.32986069,100,22.66261482,100,22.10648155
2023/5/18 11:22,100,23.02256966,100,22.32986069,100,22.66261482,100,22.12094879
2023/5/18 11:23,100,23.02256966,100,22.32986069,100,22.66261482,100,22.01967621
2023/5/18 11:24,100,23.02256966,100,22.32986069,100,22.66261482,100,22.01967621
2023/5/18 11:25,100,23.02256966,100,22.2285881,100,22.66261482,100,22.01967621
2023/5/18 11:26,100,23.02256966,100,22.2285881,100,22.56134224,100,22.01967621
2023/5/18 11:27,100,23.02256966,100,22.2285881,100,22.546875,100,22.01967621
2023/5/18 11:28,100,23.02256966,100,22.2285881,100,22.56134224,75.45960999,21.91840172
2023/5/18 11:29,100,23.02256966,100,22.2285881,100,22.56134224,10.52366924,21.91840172
2023/5/18 11:30,100,23.02256966,100,22.12731552,100,22.56134224,0,21.91840172
2023/5/18 11:31,100,23.02256966,100,22.12731552,100,22.46006966,0,21.91840172
2023/5/18 11:32,100,22.93576431,100,22.12731552,100,22.46006966,0,21.91840172
2023/5/18 11:33,100,22.90682793,100,22.12731552,100,22.46006966,0,21.91840172
2023/5/18 11:34,100,22.87789345,100,22.06944466,100,22.34432793,0,21.91840172
2023/5/18 11:35,100,22.82002258,100,22.12731552,100,22.35879707,0,21.91840172
2023/5/18 11:36,100,22.70428276,100,22.12731552,100,22.46006966,4.380381584,22.01967621
2023/5/18 11:37,100,22.82002258,100,22.12731552,100,22.35879707,19.05879211,22.01967621
2023/5/18 11:38,100,22.71875,100,22.12731552,100,22.46006966,33.48052216,22.01967621
2023/5/18 11:39,100,22.82002258,100,22.11284828,100,22.546875,87.81301117,22.12094879
2023/5/18 11:40,100,22.82002258,100,22.12731552,100,22.56134224,100,22.12094879
2023/5/18 11:41,100,22.82002258,100,22.12731552,100,22.56134224,100,22.22222328
2023/5/18 11:42,100,22.82002258,100,22.2285881,100,22.56134224,100,22.22222328
2023/5/18 11:43,100,22.82002258,100,22.12731552,100,22.46006966,100,22.22222328
2023/5/18 11:44,100,22.82002258,100,22.12731552,100,22.46006966,100,22.22222328
2023/5/18 11:45,100,22.82002258,100,22.12731552,100,22.46006966,100,22.22222328
2023/5/18 11:46,100,22.71875,100,22.02604294,100,22.35879707,100,22.22222328
2023/5/18 11:47,100,22.71875,100,22.02604294,100,22.35879707,100,22.14988518
2023/5/18 11:48,100,22.82002258,100,22.02604294,100,22.34432793,100,22.12094879
2023/5/18 11:49,100,22.71875,100,22.02604294,100,22.35879707,100,22.12094879
2023/5/18 11:50,100,22.71875,100,22.02604294,100,22.35879707,100,22.12094879
2023/5/18 11:51,100,22.71875,100,22.02604294,100,22.35879707,100,22.10648155
2023/5/18 11:52,100,22.71875,100,22.02604294,100,22.35879707,100,22.01967621
2023/5/18 11:53,100,22.71875,100,22.02604294,100,22.35879707,100,22.01967621
2023/5/18 11:54,100,22.71875,100,22.02604294,100,22.25752258,100,22.01967621
2023/5/18 11:55,100,22.61747742,100,22.02604294,100,22.35879707,100,22.01967621
2023/5/18 11:56,100,22.61747742,100,22.02604294,100,22.25752258,100,22.01967621
2023/5/18 11:57,100,22.61747742,100,22.02604294,100,22.25752258,100,22.01967621
2023/5/18 11:58,100,22.61747742,100,22.02604294,100,22.25752258,100,22.01967621
2023/5/18 11:59,100,22.61747742,100,22.02604294,100,22.25752258,85.93656921,21.91840172
2023/5/18 12:00,100,22.61747742,100,22.02604294,100,22.35879707,24.78982544,21.91840172
2023/5/18 12:01,100,22.61747742,100,22.02604294,100,22.25752258,0,21.91840172
2023/5/18 12:02,100,22.61747742,100,22.02604294,100,22.25752258,0,21.91840172
2023/5/18 12:03,100,22.61747742,100,22.02604294,100,22.25752258,0,21.91840172
2023/5/18 12:04,100,22.61747742,100,22.02604294,100,22.25752258,0,21.91840172
2023/5/18 12:05,100,22.61747742,100,22.02604294,100,22.25752258,0,21.91840172
2023/5/18 12:06,100,22.61747742,100,22.02604294,100,22.25752258,0,21.91840172
2023/5/18 12:07,100,22.61747742,100,22.02604294,100,22.35879707,0,21.91840172
2023/5/18 12:08,100,22.71875,100,22.12731552,100,22.35879707,0,21.93287086
2023/5/18 12:09,100,22.61747742,100,22.12731552,100,22.46006966,13.82625771,22.01967621
2023/5/18 12:10,100,22.71875,100,22.12731552,100,22.46006966,26.01521873,22.00520706
2023/5/18 12:11,100,22.82002258,100,22.12731552,100,22.46006966,40.40699387,22.01967621
2023/5/18 12:12,100,22.82002258,100,22.12731552,100,22.56134224,73.22755432,22.12094879
2023/5/18 12:13,100,22.82002258,100,22.12731552,100,22.56134224,100,22.12094879
2023/5/18 12:14,100,22.82002258,100,22.2285881,100,22.56134224,100,22.12094879
2023/5/18 12:15,100,22.82002258,100,22.12731552,100,22.56134224,100,22.12094879
2023/5/18 12:16,100,22.82002258,100,22.12731552,100,22.56134224,100,22.22222328
2023/5/18 12:17,100,22.82002258,100,22.2285881,100,22.56134224,100,22.22222328
2023/5/18 12:18,100,22.71875,100,22.2285881,100,22.56134224,100,22.22222328
2023/5/18 12:19,100,22.71875,100,22.2285881,100,22.46006966,100,22.22222328
2023/5/18 12:20,100,22.71875,100,22.21412086,100,22.46006966,100,22.12094879
2023/5/18 12:21,100,22.71875,100,22.12731552,100,22.46006966,100,22.12094879
2023/5/18 12:22,100,22.71875,100,22.12731552,100,22.35879707,100,22.12094879
2023/5/18 12:23,100,22.61747742,100,22.12731552,100,22.35879707,100,22.12094879
2023/5/18 12:24,100,22.71875,100,22.02604294,100,22.28645706,100,22.12094879
2023/5/18 12:25,100,22.61747742,100,22.02604294,100,22.25752258,100,22.01967621
2023/5/18 12:26,100,22.61747742,100,22.02604294,100,22.25752258,100,22.01967621
2023/5/18 12:27,100,22.61747742,100,22.01157379,100,22.35879707,100,22.01967621
2023/5/18 12:28,100,22.71875,100,22.02604294,100,22.35879707,100,22.01967621
2023/5/18 12:29,100,22.61747742,100,22.02604294,100,22.35879707,80.88863373,21.91840172
2023/5/18 12:30,100,22.71875,100,22.02604294,100,22.35879707,17.71543121,21.91840172
2023/5/18 12:31,100,22.71875,100,22.02604294,100,22.35879707,0,21.91840172
2023/5/18 12:32,100,22.61747742,100,22.02604294,100,22.35879707,0,21.91840172
2023/5/18 12:33,100,22.61747742,100,22.02604294,100,22.35879707,0,21.91840172
2023/5/18 12:34,100,22.61747742,100,22.09837914,100,22.46006966,0,21.91840172
2023/5/18 12:35,100,22.61747742,100,22.12731552,100,22.46006966,0,21.91840172
2023/5/18 12:36,100,22.61747742,100,22.02604294,100,22.46006966,0,21.91840172
2023/5/18 12:37,100,22.67534828,100,22.02604294,100,22.46006966,0,21.91840172
2023/5/18 12:38,100,22.71875,100,22.11284828,100,22.46006966,13.21584225,22.01967621
2023/5/18 12:39,100,22.71875,100,22.12731552,100,22.46006966,27.85551834,22.01967621
2023/5/18 12:40,100,22.71875,100,22.12731552,100,22.46006966,45.32313156,22.01967621
2023/5/18 12:41,100,22.71875,100,22.12731552,100,22.46006966,100,22.12094879
2023/5/18 12:42,100,22.71875,100,22.12731552,100,22.46006966,100,22.10648155
2023/5/18 12:43,100,22.82002258,100,22.02604294,100,22.35879707,100,22.10648155
2023/5/18 12:44,100,22.82002258,100,22.02604294,100,22.35879707,100,22.12094879
2023/5/18 12:45,100,22.71875,100,22.02604294,100,22.46006966,100,22.12094879
2023/5/18 12:46,100,22.71875,100,22.02604294,100,22.35879707,100,22.10648155
2023/5/18 12:47,100,22.70428276,100,22.02604294,100,22.35879707,100,22.12094879
2023/5/18 12:48,100,22.61747742,100,22.02604294,100,22.35879707,100,22.12094879
2023/5/18 12:49,100,22.61747742,100,22.02604294,100,22.35879707,100,22.12094879
2023/5/18 12:50,100,22.61747742,100,22.12731552,100,22.35879707,100,22.12094879
2023/5/18 12:51,100,22.61747742,100,22.02604294,100,22.34432793,100,22.12094879
2023/5/18 12:52,100,22.61747742,100,22.02604294,100,22.35879707,100,22.12094879
2023/5/18 12:53,100,22.61747742,100,22.02604294,100,22.35879707,100,22.10648155
2023/5/18 12:54,100,22.51620293,100,22.02604294,100,22.35879707,100,22.01967621
2023/5/18 12:55,100,22.51620293,100,22.02604294,100,22.25752258,100,22.01967621
2023/5/18 12:56,100,22.61747742,100,22.02604294,100,22.25752258,100,22.01967621
2023/5/18 12:57,100,22.51620293,100,22.02604294,100,22.25752258,100,22.01967621
2023/5/18 12:58,100,22.51620293,100,22.02604294,100,22.25752258,100,22.01967621
2023/5/18 12:59,100,22.61747742,100,22.02604294,100,22.25752258,62.12763214,21.91840172
2023/5/18 13:00,100,22.61747742,100,22.02604294,100,22.25752258,0,21.91840172
2023/5/18 13:01,100,22.71875,100,22.02604294,100,22.25752258,0,21.90393448
2023/5/18 13:02,100,22.71875,100,21.92476845,100,22.25752258,0,21.91840172
2023/5/18 13:03,100,22.71875,100,21.92476845,100,22.15625,0,21.91840172
2023/5/18 13:04,100,22.71875,100,21.92476845,100,22.25752258,0,21.90393448
2023/5/18 13:05,100,22.71875,100,22.02604294,100,22.35879707,0,21.91840172
2023/5/18 13:06,100,22.71875,100,22.02604294,100,22.35879707,0,21.91840172
2023/5/18 13:07,100,22.71875,100,22.02604294,100,22.35879707,0,21.91840172
2023/5/18 13:08,100,22.71875,100,22.02604294,100,22.46006966,0,22.01967621
2023/5/18 13:09,100,22.71875,100,22.12731552,100,22.46006966,13.93330669,22.01967621
2023/5/18 13:10,100,22.6464119,100,22.12731552,100,22.56134224,28.83043289,22.01967621
2023/5/18 13:11,100,22.71875,100,22.2285881,100,22.56134224,56.43009186,22.12094879
2023/5/18 13:12,100,22.82002258,100,22.32986069,100,22.56134224,100,22.12094879
2023/5/18 13:13,100,22.82002258,100,22.32986069,100,22.56134224,100,22.12094879
2023/5/18 13:14,100,22.82002258,100,22.32986069,100,22.46006966,100,22.12094879
2023/5/18 13:15,100,22.82002258,100,22.2285881,100,22.46006966,100,22.12094879
2023/5/18 13:16,100,22.92129707,100,22.2285881,100,22.46006966,100,22.20775414
2023/5/18 13:17,100,22.82002258,100,22.2285881,100,22.46006966,100,22.14988518
2023/5/18 13:18,100,22.82002258,100,22.12731552,100,22.56134224,100,22.12094879
2023/5/18 13:19,100,22.82002258,100,22.12731552,100,22.56134224,100,22.12094879
2023/5/18 13:20,100,22.82002258,100,22.12731552,100,22.46006966,100,22.12094879
2023/5/18 13:21,100,22.82002258,100,22.12731552,100,22.46006966,100,22.12094879
2023/5/18 13:22,100,22.82002258,100,22.11284828,100,22.46006966,100,22.03414345
2023/5/18 13:23,100,22.71875,100,22.2285881,100,22.56134224,100,22.01967621
2023/5/18 13:24,100,22.73321724,100,22.32986069,100,22.66261482,100,22.01967621
2023/5/18 13:25,100,22.82002258,100,22.43113518,100,22.66261482,83.50997162,21.91840172
2023/5/18 13:26,100,22.82002258,100,22.43113518,100,22.66261482,18.38809013,21.91840172
2023/5/18 13:27,100,22.71875,100,22.32986069,100,22.66261482,0,21.91840172
2023/5/18 13:28,100,22.71875,100,22.43113518,100,22.56134224,0,21.91840172
2023/5/18 13:29,100,22.61747742,100,22.43113518,100,22.66261482,0,21.91840172
2023/5/18 13:30,100,22.61747742,100,22.37326431,100,22.6192131,0,21.91840172
2023/5/18 13:31,100,22.61747742,100,22.32986069,100,22.64814758,0,21.91840172
2023/5/18 13:32,100,22.71875,100,22.32986069,100,22.66261482,0,21.91840172
2023/5/18 13:33,100,22.71875,100,22.32986069,100,22.66261482,0.213759273,21.91840172
2023/5/18 13:34,100,22.71875,100,22.2285881,100,22.56134224,12.51948929,22.00520706
2023/5/18 13:35,100,22.71875,100,22.2285881,100,22.56134224,26.97849083,22.01967621
2023/5/18 13:36,100,22.7910881,100,22.32986069,100,22.64814758,40.93946075,22.01967621
2023/5/18 13:37,100,22.71875,100,22.32986069,100,22.66261482,81.78357697,22.03414345
2023/5/18 13:38,100,22.82002258,100,22.32986069,100,22.66261482,100,22.12094879
2023/5/18 13:39,100,22.82002258,100,22.32986069,100,22.66261482,100,22.12094879
2023/5/18 13:40,100,22.82002258,100,22.40219879,100,22.76388931,100,22.12094879
2023/5/18 13:41,100,22.82002258,100,22.32986069,100,22.66261482,100,22.12094879
2023/5/18 13:42,100,22.89236069,100,22.32986069,100,22.66261482,100,22.12094879
2023/5/18 13:43,100,23.02256966,100,22.32986069,100,22.56134224,100,22.12094879
2023/5/18 13:44,100,22.83448982,100,22.32986069,100,22.66261482,100,22.12094879
2023/5/18 13:45,100,22.77662086,100,22.2285881,100,22.56134224,100,22.12094879
2023/5/18 13:46,100,22.82002258,100,22.2285881,100,22.56134224,100,22.12094879
2023/5/18 13:47,100,22.82002258,100,22.2285881,100,22.56134224,100,22.12094879
2023/5/18 13:48,100,22.92129707,100,22.2285881,100,22.546875,100,22.01967621
2023/5/18 13:49,100,22.82002258,100,22.2285881,100,22.56134224,100,22.01967621
2023/5/18 13:50,100,22.82002258,100,22.2285881,100,22.46006966,100,22.01967621
2023/5/18 13:51,100,22.82002258,100,22.12731552,100,22.46006966,100,22.01967621
2023/5/18 13:52,100,22.82002258,100,22.21412086,100,22.46006966,54.0767746,21.91840172
2023/5/18 13:53,100,22.82002258,100,22.21412086,100,22.46006966,0,21.91840172
2023/5/18 13:54,100,22.82002258,100,22.12731552,100,22.46006966,0,21.91840172
2023/5/18 13:55,100,22.71875,100,22.12731552,100,22.46006966,0,21.91840172
2023/5/18 13:56,100,22.71875,100,22.12731552,100,22.35879707,0,21.91840172
2023/5/18 13:57,100,22.71875,100,22.12731552,100,22.46006966,0,21.84606552
2023/5/18 13:58,100,22.82002258,100,22.12731552,100,22.46006966,0,21.91840172
2023/5/18 13:59,100,22.82002258,100,22.12731552,100,22.46006966,0,21.91840172
2023/5/18 14:00,100,22.82002258,100,22.12731552,100,22.46006966,0,21.91840172
2023/5/18 14:01,100,22.82002258,100,22.12731552,100,22.56134224,0,21.91840172
2023/5/18 14:02,100,22.82002258,100,22.12731552,100,22.46006966,0,21.91840172
2023/5/18 14:03,100,22.71875,100,22.12731552,100,22.56134224,11.37414837,22.01967621
2023/5/18 14:04,100,22.71875,100,22.12731552,100,22.56134224,26.21250534,22.01967621
2023/5/18 14:05,100,22.71875,100,22.12731552,100,22.56134224,40.73421097,22.01967621
2023/5/18 14:06,100,22.71875,100,22.2285881,100,22.56134224,55.76927185,22.10648155
2023/5/18 14:07,100,22.71875,100,22.2285881,100,22.66261482,100,22.12094879
2023/5/18 14:08,100,22.82002258,100,22.2285881,100,22.56134224,100,22.12094879
2023/5/18 14:09,100,22.82002258,100,22.12731552,100,22.56134224,100,22.12094879
2023/5/18 14:10,100,22.71875,100,22.12731552,100,22.56134224,100,22.12094879
2023/5/18 14:11,100,22.82002258,100,22.12731552,100,22.46006966,100,22.12094879
2023/5/18 14:12,100,22.82002258,100,22.12731552,100,22.46006966,100,22.10648155
2023/5/18 14:13,100,22.82002258,100,22.02604294,100,22.46006966,100,22.01967621
2023/5/18 14:14,100,22.71875,100,22.02604294,100,22.34432793,100,22.01967621
2023/5/18 14:15,100,22.71875,100,22.02604294,100,22.35879707,100,22.01967621
2023/5/18 14:16,100,22.71875,100,22.02604294,100,22.35879707,100,22.01967621
2023/5/18 14:17,100,22.71875,100,22.02604294,100,22.35879707,100,22.01967621
2023/5/18 14:18,100,22.71875,100,22.11284828,100,22.38773155,100,22.01967621
2023/5/18 14:19,100,22.82002258,100,22.02604294,100,22.35879707,70.08763885,21.91840172
2023/5/18 14:20,100,22.82002258,100,21.92476845,100,22.25752258,17.55285454,21.91840172
2023/5/18 14:21,100,22.82002258,100,22.02604294,100,22.35879707,0,21.91840172
2023/5/18 14:22,100,22.71875,100,22.02604294,100,22.25752258,0,21.91840172
2023/5/18 14:23,100,22.71875,100,22.02604294,100,22.25752258,0,21.91840172
2023/5/18 14:24,100,22.70428276,100,21.93923569,100,22.25752258,0,21.91840172
2023/5/18 14:25,100,22.71875,100,22.02604294,100,22.25752258,0,21.91840172
2023/5/18 14:26,100,22.71875,100,22.02604294,100,22.35879707,0,21.91840172
2023/5/18 14:27,100,22.82002258,100,22.02604294,100,22.35879707,0,21.90393448
2023/5/18 14:28,100,22.82002258,100,22.11284828,100,22.51794052,0.08832144,22.01967621
2023/5/18 14:29,100,22.82002258,100,22.12731552,100,22.56134224,10.87884998,22.01967621
2023/5/18 14:30,100,22.82002258,100,22.12731552,100,22.56134224,25.72722244,22.00520706
2023/5/18 14:31,100,22.82002258,100,22.12731552,100,22.56134224,40.16876984,22.01967621
2023/5/18 14:32,100,22.82002258,100,22.12731552,100,22.66261482,87.76329803,22.12094879
2023/5/18 14:33,100,22.82002258,100,22.12731552,100,22.66261482,100,22.12094879
2023/5/18 14:34,100,22.82002258,100,22.12731552,100,22.56134224,100,22.12094879
2023/5/18 14:35,100,22.92129707,100,22.12731552,100,22.56134224,100,22.12094879
2023/5/18 14:36,100,22.82002258,100,22.12731552,100,22.46006966,100,22.12094879
2023/5/18 14:37,100,22.92129707,100,22.02604294,100,22.35879707,100,22.01967621
2023/5/18 14:38,100,22.82002258,100,22.02604294,100,22.35879707,100,22.01967621
2023/5/18 14:39,100,22.82002258,100,22.02604294,100,22.25752258,100,22.01967621
2023/5/18 14:40,100,22.80555534,100,21.92476845,100,22.25752258,99.74730682,21.93287086
2023/5/18 14:41,100,22.82002258,100,21.92476845,100,22.25752258,53.2509079,21.91840172
2023/5/18 14:42,100,22.82002258,100,21.92476845,100,22.21412086,0,21.91840172
2023/5/18 14:43,100,22.80555534,100,21.92476845,100,22.25752258,0,21.91840172
2023/5/18 14:44,100,22.71875,100,21.92476845,100,22.25752258,0,21.84606552
2023/5/18 14:45,100,22.71875,100,21.92476845,100,22.25752258,0,21.8026619
2023/5/18 14:46,100,22.82002258,100,21.91030121,100,22.35879707,0,21.81712914
2023/5/18 14:47,100,22.82002258,100,22.02604294,100,22.46006966,0,21.81712914
2023/5/18 14:48,100,22.82002258,100,22.02604294,100,22.56134224,0,21.81712914
2023/5/18 14:49,100,22.92129707,100,22.02604294,100,22.56134224,0,21.91840172
2023/5/18 14:50,100,22.74768448,100,22.12731552,100,22.66261482,0,21.91840172
2023/5/18 14:51,100,22.82002258,100,22.12731552,100,22.66261482,0,21.91840172
2023/5/18 14:52,100,22.82002258,100,22.12731552,100,22.56134224,0,21.91840172
2023/5/18 14:53,100,22.82002258,100,22.12731552,100,22.56134224,0,21.91840172
2023/5/18 14:54,100,22.82002258,100,22.12731552,100,22.56134224,0,21.91840172
2023/5/18 14:55,100,22.82002258,100,22.12731552,100,22.66261482,0,21.91840172
2023/5/18 14:56,100,22.82002258,100,22.12731552,100,22.66261482,0,21.91840172
2023/5/18 14:57,100,22.82002258,100,22.2285881,100,22.66261482,0,21.91840172
2023/5/18 14:58,100,22.71875,100,22.2285881,100,22.66261482,0,21.91840172
2023/5/18 14:59,100,22.71875,100,22.2285881,100,22.76388931,10.1980257,22.01967621
2023/5/18 15:00,100,22.71875,100,22.2285881,100,22.74942207,24.61556816,22.00520706
2023/5/18 15:01,100,22.82002258,100,22.2285881,100,22.8651619,38.73360825,22.01967621
2023/5/18 15:02,100,22.92129707,100,22.32986069,100,22.95196724,54.00065231,22.01967621
2023/5/18 15:03,100,23.02256966,100,22.32986069,100,23.05323982,72.28174591,22.01967621
2023/5/18 15:04,100,23.02256966,100,22.31539345,100,23.06770706,100,22.12094879
2023/5/18 15:05,100,23.02256966,100,22.32986069,100,22.95196724,100,22.12094879
2023/5/18 15:06,100,23.02256966,100,22.32986069,100,22.8651619,100,22.12094879
2023/5/18 15:07,100,22.82002258,100,22.32986069,100,22.8651619,100,22.12094879
2023/5/18 15:08,100,22.82002258,100,22.32986069,100,22.74942207,100,22.01967621
2023/5/18 15:09,100,22.82002258,100,22.31539345,100,22.76388931,100,22.01967621
2023/5/18 15:10,100,22.82002258,100,22.2285881,100,22.66261482,90.7525177,21.91840172
2023/5/18 15:11,100,22.71875,100,22.12731552,100,22.66261482,26.52857208,21.91840172
2023/5/18 15:12,100,22.71875,100,22.12731552,100,22.66261482,0,21.91840172
2023/5/18 15:13,100,22.82002258,100,22.12731552,100,22.66261482,0,21.91840172
2023/5/18 15:14,100,22.82002258,100,22.12731552,100,22.63368034,0,21.91840172
2023/5/18 15:15,100,22.82002258,100,22.02604294,100,22.56134224,0,21.91840172
2023/5/18 15:16,100,22.82002258,100,22.12731552,100,22.56134224,0,21.91840172
2023/5/18 15:17,100,22.82002258,100,22.12731552,100,22.56134224,0,21.91840172
2023/5/18 15:18,100,22.80555534,100,22.12731552,100,22.66261482,0,21.91840172
2023/5/18 15:19,100,22.82002258,100,22.2285881,100,22.66261482,0,21.91840172
2023/5/18 15:20,100,22.71875,100,22.2285881,100,22.66261482,0,21.91840172
2023/5/18 15:21,100,22.82002258,100,22.2285881,100,22.76388931,8.062613487,22.01967621
2023/5/18 15:22,100,22.82002258,100,22.2285881,100,22.76388931,23.29397202,22.01967621
2023/5/18 15:23,100,22.92129707,100,22.2285881,100,22.85069466,38.61174393,22.01967621
2023/5/18 15:24,100,22.92129707,100,22.32986069,100,22.76388931,100,22.12094879
2023/5/18 15:25,100,22.92129707,100,22.2285881,100,22.76388931,100,22.12094879
2023/5/18 15:26,100,22.92129707,100,22.2285881,100,22.76388931,100,22.12094879
2023/5/18 15:27,100,22.92129707,100,22.2285881,100,22.76388931,100,22.12094879
2023/5/18 15:28,100,23.02256966,100,22.2285881,100,22.66261482,100,22.12094879
2023/5/18 15:29,100,23.02256966,100,22.2285881,100,22.66261482,100,22.12094879
2023/5/18 15:30,100,22.92129707,100,22.12731552,100,22.66261482,100,22.01967621
2023/5/18 15:31,100,22.92129707,100,22.2285881,100,22.56134224,100,22.01967621
2023/5/18 15:32,100,22.82002258,100,22.14178276,100,22.56134224,100,22.00520706
2023/5/18 15:33,100,22.83448982,100,22.2285881,100,22.66261482,100,22.01967621
2023/5/18 15:34,100,22.92129707,100,22.2285881,100,22.66261482,100,22.01967621
2023/5/18 15:35,100,22.92129707,100,22.2285881,100,22.66261482,97.57003784,21.91840172
2023/5/18 15:36,100,22.92129707,100,22.2285881,100,22.66261482,38.96090698,21.91840172
2023/5/18 15:37,100,22.92129707,100,22.21412086,100,22.66261482,0,21.91840172
2023/5/18 15:38,100,22.82002258,100,22.2285881,100,22.66261482,0,21.91840172
2023/5/18 15:39,100,22.82002258,100,22.2285881,100,22.66261482,0,21.91840172
2023/5/18 15:40,100,22.82002258,100,22.2285881,100,22.66261482,0,21.91840172
2023/5/18 15:41,100,22.82002258,100,22.31539345,100,22.66261482,0,21.91840172
2023/5/18 15:42,100,22.82002258,100,22.32986069,100,22.66261482,0,21.91840172
2023/5/18 15:43,100,22.82002258,100,22.21412086,100,22.66261482,0,21.99073982
2023/5/18 15:44,100,22.82002258,100,22.2285881,100,22.66261482,13.50329304,22.01967621
2023/5/18 15:45,100,23.02256966,100,22.2285881,100,22.76388931,28.3608036,22.01967621
2023/5/18 15:46,100,23.12384224,100,22.2285881,100,22.76388931,42.74939728,22.01967621
2023/5/18 15:47,100,23.02256966,100,22.31539345,100,22.76388931,64.50167084,22.01967621
2023/5/18 15:48,100,22.92129707,100,22.32986069,100,22.74942207,79.9453125,22.01967621
2023/5/18 15:49,100,23.02256966,100,22.32986069,100,22.66261482,95.73160553,22.01967621
2023/5/18 15:50,100,22.82002258,100,22.32986069,100,22.66261482,100,22.01967621
2023/5/18 15:51,100,22.86342621,100,22.2285881,100,22.56134224,100,22.01967621
2023/5/18 15:52,100,22.82002258,100,22.30092621,100,22.56134224,43.28044891,21.91840172
2023/5/18 15:53,100,22.82002258,100,22.28645706,100,22.66261482,0,21.90393448
2023/5/18 15:54,100,22.71875,100,22.2285881,100,22.76388931,0,21.81712914
2023/5/18 15:55,100,22.71875,100,22.32986069,100,22.8651619,0,21.81712914
2023/5/18 15:56,100,22.71875,100,22.32986069,100,22.8651619,0,21.81712914
2023/5/18 15:57,100,22.61747742,100,22.32986069,100,22.8651619,0,21.81712914
2023/5/18 15:58,100,22.61747742,100,22.32986069,100,22.8651619,0,21.81712914
2023/5/18 15:59,100,22.61747742,100,22.32986069,100,22.8651619,0,21.81712914
2023/5/18 16:00,100,22.61747742,100,22.24305534,100,22.8651619,0,21.81712914
2023/5/18 16:01,100,22.51620293,100,22.2285881,100,22.76388931,0,21.81712914
2023/5/18 16:02,100,22.61747742,100,22.2285881,100,22.74942207,0,21.81712914
2023/5/18 16:03,100,22.61747742,100,22.25752258,100,22.8651619,0,21.81712914
2023/5/18 16:04,100,22.61747742,100,22.2285881,100,22.8651619,0,21.81712914
2023/5/18 16:05,100,22.61747742,100,22.21412086,100,22.76388931,0,21.81712914
2023/5/18 16:06,100,22.61747742,100,22.32986069,100,22.76388931,0,21.91840172
2023/5/18 16:07,100,22.51620293,100,22.32986069,100,22.76388931,0,21.91840172
2023/5/18 16:08,100,22.51620293,100,22.32986069,100,22.66261482,0,21.91840172
2023/5/18 16:09,100,22.61747742,100,22.32986069,100,22.76388931,0,21.91840172
2023/5/18 16:10,100,22.61747742,100,22.32986069,100,22.76388931,2.446233988,22.01967621
2023/5/18 16:11,100,22.57407379,100,22.32986069,100,22.8651619,17.28520966,22.01967621
2023/5/18 16:12,100,22.61747742,100,22.32986069,100,22.8651619,31.76825523,22.01967621
2023/5/18 16:13,100,22.71875,100,22.43113518,100,22.95196724,46.25901031,22.01967621
2023/5/18 16:14,100,22.71875,100,22.43113518,100,22.96643448,98.32374573,22.12094879
2023/5/18 16:15,100,22.61747742,100,22.50347328,100,23.06770706,100,22.12094879
2023/5/18 16:16,100,22.61747742,100,22.41666794,100,23.06770706,100,22.12094879
2023/5/18 16:17,100,22.51620293,100,22.43113518,100,22.95196724,100,22.01967621
2023/5/18 16:18,100,22.61747742,100,22.32986069,100,22.95196724,100,22.01967621
2023/5/18 16:19,100,22.51620293,100,22.32986069,100,22.85069466,100,22.01967621
2023/5/18 16:20,100,22.51620293,100,22.2285881,100,22.76388931,100,22.01967621
2023/5/18 16:21,100,22.61747742,100,22.21412086,100,22.66261482,65.74415588,21.91840172
2023/5/18 16:22,100,22.61747742,100,22.2285881,100,22.56134224,1.768529534,21.91840172
2023/5/18 16:23,100,22.51620293,100,22.12731552,100,22.56134224,0,21.91840172
2023/5/18 16:24,100,22.61747742,100,22.12731552,100,22.546875,0,21.81712914
2023/5/18 16:25,100,22.82002258,100,22.12731552,100,22.56134224,0,21.81712914
2023/5/18 16:26,100,22.82002258,100,22.2285881,100,22.56134224,0,21.81712914
2023/5/18 16:27,100,22.82002258,100,22.14178276,100,22.56134224,0,21.81712914
2023/5/18 16:28,100,22.80555534,100,22.2285881,100,22.64814758,0,21.81712914
2023/5/18 16:29,100,22.82002258,100,22.2285881,100,22.66261482,0,21.81712914
2023/5/18 16:30,100,22.51620293,100,22.2285881,100,22.76388931,0,21.81712914
2023/5/18 16:31,100,22.82002258,100,22.32986069,100,22.74942207,0,21.91840172
2023/5/18 16:32,100,22.82002258,100,22.32986069,100,22.76388931,0,21.91840172
2023/5/18 16:33,100,22.51620293,100,22.2285881,100,22.74942207,0,21.91840172
2023/5/18 16:34,100,22.61747742,100,22.24305534,100,22.76388931,0,21.91840172
2023/5/18 16:35,100,22.61747742,100,22.32986069,100,22.76388931,3.846353769,22.01967621
2023/5/18 16:36,100,22.51620293,100,22.32986069,100,22.74942207,16.31014633,22.01967621
2023/5/18 16:37,100,22.51620293,100,22.32986069,100,22.76388931,31.01802254,22.01967621
2023/5/18 16:38,100,22.80555534,100,22.32986069,100,22.74942207,45.63208008,22.01967621
2023/5/18 16:39,100,22.82002258,100,22.32986069,100,22.76388931,60.2661438,22.01967621
2023/5/18 16:40,100,22.71875,100,22.32986069,100,22.82176018,100,22.10648155
2023/5/18 16:41,100,22.51620293,100,22.32986069,100,22.74942207,100,22.12094879
2023/5/18 16:42,100,22.80555534,100,22.32986069,100,22.76388931,100,22.10648155
2023/5/18 16:43,100,22.53067207,100,22.32986069,100,22.76388931,100,22.01967621
2023/5/18 16:44,100,22.58854294,100,22.43113518,100,22.8651619,100,22.01967621
2023/5/18 16:45,100,22.61747742,100,22.32986069,100,22.85069466,100,22.01967621
2023/5/18 16:46,100,22.61747742,100,22.38773155,100,22.8651619,100,22.01967621
2023/5/18 16:47,100,22.51620293,100,22.32986069,100,22.74942207,95.37089539,22.00520706
2023/5/18 16:48,100,22.51620293,100,22.32986069,100,22.66261482,40.80151367,21.91840172
2023/5/18 16:49,100,22.51620293,100,22.32986069,100,22.56134224,0,21.91840172
2023/5/18 16:50,100,22.51620293,100,22.32986069,100,22.56134224,0,21.91840172
2023/5/18 16:51,100,22.51620293,100,22.31539345,100,22.546875,0,21.91840172
2023/5/18 16:52,100,22.51620293,100,22.2285881,100,22.546875,0,21.81712914
2023/5/18 16:53,100,22.82002258,100,22.2285881,100,22.50347328,0,21.81712914
2023/5/18 16:54,100,22.82002258,100,22.2285881,100,22.46006966,0,21.81712914
2023/5/18 16:55,100,22.82002258,100,22.2285881,100,22.46006966,0,21.81712914
2023/5/18 16:56,100,22.51620293,100,22.32986069,100,22.546875,0,21.91840172
2023/5/18 16:57,100,22.61747742,100,22.32986069,100,22.66261482,0,21.91840172
2023/5/18 16:58,100,22.61747742,100,22.32986069,100,22.64814758,0,21.91840172
2023/5/18 16:59,100,22.51620293,100,22.32986069,100,22.66261482,0,21.91840172
2023/5/18 17:00,100,22.51620293,100,22.31539345,100,22.66261482,0,21.91840172
2023/5/18 17:01,100,22.82002258,100,22.32986069,100,22.74942207,8.060176849,22.01967621
2023/5/18 17:02,100,22.82002258,100,22.32986069,100,22.74942207,22.67913437,22.01967621
2023/5/18 17:03,100,22.71875,100,22.41666794,100,22.8651619,39.90333939,22.01967621
2023/5/18 17:04,100,22.82002258,100,22.32986069,100,22.85069466,100,22.12094879
2023/5/18 17:05,100,22.82002258,100,22.32986069,100,22.76388931,100,22.12094879
2023/5/18 17:06,100,22.82002258,100,22.31539345,100,22.76388931,100,22.10648155
2023/5/18 17:07,100,22.82002258,100,22.32986069,100,22.66261482,100,22.12094879
2023/5/18 17:08,100,22.71875,100,22.32986069,100,22.66261482,100,22.12094879
2023/5/18 17:09,100,22.82002258,100,22.2285881,100,22.56134224,100,22.10648155
2023/5/18 17:10,100,22.82002258,100,22.2285881,100,22.46006966,100,22.01967621
2023/5/18 17:11,100,22.71875,100,22.2285881,100,22.46006966,100,22.01967621
2023/5/18 17:12,100,22.71875,100,22.2285881,100,22.546875,83.39585114,21.91840172
2023/5/18 17:13,100,22.61747742,100,22.2285881,100,22.66261482,18.48606682,21.91840172
2023/5/18 17:14,100,22.61747742,100,22.2285881,100,22.56134224,0,21.91840172
2023/5/18 17:15,100,22.71875,100,22.21412086,100,22.56134224,0,21.91840172
2023/5/18 17:16,100,22.82002258,100,22.2285881,100,22.66261482,0,21.81712914
2023/5/18 17:17,100,22.82002258,100,22.2285881,100,22.66261482,0,21.81712914
2023/5/18 17:18,100,22.71875,100,22.2285881,100,22.64814758,0,21.81712914
2023/5/18 17:19,100,22.71875,100,22.32986069,100,22.66261482,0,21.91840172
2023/5/18 17:20,100,22.71875,100,22.32986069,100,22.56134224,0,21.91840172
2023/5/18 17:21,100,22.71875,100,22.32986069,100,22.64814758,0,21.91840172
2023/5/18 17:22,100,22.82002258,100,22.31539345,100,22.72048569,0,21.91840172
2023/5/18 17:23,100,22.82002258,100,22.32986069,100,22.66261482,2.273856878,22.01967621
2023/5/18 17:24,100,22.82002258,100,22.32986069,100,22.74942207,17.39782906,22.01967621
2023/5/18 17:25,100,22.82002258,100,22.31539345,100,22.76388931,31.47765732,22.01967621
2023/5/18 17:26,100,22.82002258,100,22.32986069,100,22.66261482,46.29319382,22.01967621
2023/5/18 17:27,100,22.82002258,100,22.32986069,100,22.56134224,61.25460815,22.00520706
2023/5/18 17:28,100,22.82002258,100,22.32986069,100,22.56134224,75.85464478,22.01967621
2023/5/18 17:29,100,22.82002258,100,22.32986069,100,22.56134224,91.19074249,22.01967621
2023/5/18 17:30,100,22.82002258,100,22.2285881,100,22.46006966,100,22.12094879
2023/5/18 17:31,100,22.82002258,100,22.2285881,100,22.46006966,100,22.01967621
2023/5/18 17:32,100,22.71875,100,22.2285881,100,22.46006966,100,22.01967621
2023/5/18 17:33,100,22.82002258,100,22.2285881,100,22.56134224,100,22.01967621
2023/5/18 17:34,100,22.80555534,100,22.32986069,100,22.56134224,100,22.01967621
2023/5/18 17:35,100,22.82002258,100,22.32986069,100,22.546875,42.02320862,21.90393448
2023/5/18 17:36,100,22.80555534,100,22.32986069,100,22.56134224,0,21.91840172
2023/5/18 17:37,100,22.82002258,100,22.32986069,100,22.546875,0,21.91840172
2023/5/18 17:38,100,22.82002258,100,22.32986069,100,22.66261482,0,21.91840172
2023/5/18 17:39,100,22.82002258,100,22.31539345,100,22.56134224,0,21.91840172
2023/5/18 17:40,100,22.82002258,100,22.32986069,100,22.56134224,0,21.91840172
2023/5/18 17:41,100,22.82002258,100,22.2285881,100,22.66261482,0,21.90393448
2023/5/18 17:42,100,22.82002258,100,22.32986069,100,22.56134224,0,21.91840172
2023/5/18 17:43,100,22.82002258,100,22.2285881,100,22.56134224,0,21.91840172
2023/5/18 17:44,100,22.82002258,100,22.2285881,100,22.546875,0,21.91840172
2023/5/18 17:45,100,22.82002258,100,22.31539345,100,22.56134224,1.555287242,22.01967621
2023/5/18 17:46,100,22.82002258,100,22.24305534,100,22.64814758,15.7053442,22.01967621
2023/5/18 17:47,100,22.71875,100,22.32986069,100,22.66261482,30.34788322,22.01967621
2023/5/18 17:48,100,22.82002258,100,22.31539345,100,22.66261482,45.36060333,22.01967621
2023/5/18 17:49,100,22.82002258,100,22.32986069,100,22.64814758,61.31551743,22.01967621
2023/5/18 17:50,100,22.82002258,100,22.32986069,100,22.66261482,97.07426453,22.01967621
2023/5/18 17:51,100,22.82002258,100,22.32986069,100,22.66261482,100,22.01967621
2023/5/18 17:52,100,22.51620293,100,22.32986069,100,22.66261482,100,22.06307793
2023/5/18 17:53,100,22.70428276,100,22.43113518,100,22.66261482,100,22.01967621
2023/5/18 17:54,100,22.82002258,100,22.32986069,100,22.64814758,100,22.01967621
2023/5/18 17:55,100,22.82002258,100,22.43113518,100,22.66261482,100,22.00520706
2023/5/18 17:56,100,22.80555534,100,22.41666794,100,22.66261482,99.0626297,22.01967621
2023/5/18 17:57,100,22.82002258,100,22.43113518,100,22.70601845,51.44545746,21.91840172
2023/5/18 17:58,100,22.82002258,100,22.35879707,100,22.74942207,0,21.91840172
2023/5/18 17:59,100,22.82002258,100,22.32986069,100,22.72048569,0,21.91840172
2023/5/18 18:00,100,22.51620293,100,22.43113518,100,22.64814758,0,21.91840172
2023/5/18 18:01,100,22.82002258,100,22.32986069,100,22.74942207,0,21.91840172
2023/5/18 18:02,100,22.82002258,100,22.32986069,100,22.66261482,0,21.91840172
2023/5/18 18:03,100,22.71875,100,22.32986069,100,22.66261482,0,21.91840172
2023/5/18 18:04,100,22.71875,100,22.32986069,100,22.64814758,0,21.91840172
2023/5/18 18:05,100,22.71875,100,22.31539345,100,22.56134224,0,21.91840172
2023/5/18 18:06,100,22.71875,100,22.32986069,100,22.64814758,0,21.91840172
2023/5/18 18:07,100,22.71875,100,22.32986069,100,22.66261482,0,22.01967621
2023/5/18 18:08,100,22.74768448,100,22.43113518,100,22.66261482,13.74196053,22.01967621
2023/5/18 18:09,100,22.82002258,100,22.43113518,100,22.66261482,28.40646744,22.01967621
2023/5/18 18:10,100,22.82002258,100,22.41666794,100,22.74942207,43.09143448,22.01967621
2023/5/18 18:11,100,22.80555534,100,22.43113518,100,22.76388931,57.71912766,22.00520706
2023/5/18 18:12,100,22.82002258,100,22.43113518,100,22.74942207,72.22437286,22.01967621
2023/5/18 18:13,100,22.82002258,100,22.53240776,100,22.76388931,94.06199646,22.01967621
2023/5/18 18:14,100,22.71875,100,22.43113518,100,22.76388931,100,22.12094879
2023/5/18 18:15,100,22.71875,100,22.32986069,100,22.74942207,100,22.12094879
2023/5/18 18:16,100,22.71875,100,22.32986069,100,22.66261482,100,22.12094879
2023/5/18 18:17,100,22.71875,100,22.32986069,100,22.66261482,100,22.01967621
2023/5/18 18:18,100,22.71875,100,22.32986069,100,22.66261482,100,22.01967621
2023/5/18 18:19,100,22.71875,100,22.32986069,100,22.64814758,100,22.01967621
2023/5/18 18:20,100,22.71875,100,22.43113518,100,22.66261482,100,22.01967621
2023/5/18 18:21,100,22.71875,100,22.43113518,100,22.66261482,100,22.01967621
2023/5/18 18:22,100,22.80555534,100,22.43113518,100,22.66261482,72.37568665,21.91840172
2023/5/18 18:23,100,22.71875,100,22.43113518,100,22.64814758,9.257538795,21.91840172
2023/5/18 18:24,100,22.82002258,100,22.32986069,100,22.56134224,0,21.91840172
2023/5/18 18:25,100,22.71875,100,22.32986069,100,22.56134224,0,21.90393448
2023/5/18 18:26,100,22.71875,100,22.30092621,100,22.56134224,0,21.91840172
2023/5/18 18:27,100,22.71875,100,22.2285881,100,22.56134224,0,21.91840172
2023/5/18 18:28,100,22.71875,100,22.2285881,100,22.56134224,0,21.90393448
2023/5/18 18:29,100,22.71875,100,22.2285881,100,22.56134224,0,21.91840172
2023/5/18 18:30,100,22.71875,100,22.21412086,100,22.56134224,0,21.91840172
2023/5/18 18:31,100,22.71875,100,22.2285881,100,22.56134224,0,21.91840172
2023/5/18 18:32,100,22.61747742,100,22.2285881,100,22.56134224,0,21.91840172
2023/5/18 18:33,100,22.71875,100,22.24305534,100,22.56134224,0,21.91840172
2023/5/18 18:34,100,22.71875,100,22.2285881,100,22.56134224,0,21.91840172
2023/5/18 18:35,100,22.67534828,100,22.32986069,100,22.66261482,0,21.91840172
2023/5/18 18:36,100,22.71875,100,22.32986069,100,22.6192131,0,21.91840172
2023/5/18 18:37,100,22.71875,100,22.32986069,100,22.66261482,0,21.91840172
2023/5/18 18:38,100,22.71875,100,22.43113518,100,22.66261482,7.405368805,22.01967621
2023/5/18 18:39,100,22.71875,100,22.43113518,100,22.66261482,22.15925217,22.01967621
2023/5/18 18:40,100,22.71875,100,22.43113518,100,22.66261482,36.72912598,22.01967621
2023/5/18 18:41,100,22.71875,100,22.43113518,100,22.66261482,72.69530487,22.12094879
2023/5/18 18:42,100,22.71875,100,22.51794052,100,22.76388931,100,22.12094879
2023/5/18 18:43,100,22.71875,100,22.53240776,100,22.8651619,100,22.10648155
2023/5/18 18:44,100,22.71875,100,22.43113518,100,22.8651619,100,22.12094879
2023/5/18 18:45,100,22.71875,100,22.43113518,100,22.76388931,100,22.13541794
2023/5/18 18:46,100,22.71875,100,22.43113518,100,22.76388931,100,22.12094879
2023/5/18 18:47,100,22.82002258,100,22.43113518,100,22.76388931,100,22.12094879
2023/5/18 18:48,100,22.71875,100,22.43113518,100,22.66261482,100,22.12094879
2023/5/18 18:49,100,22.71875,100,22.43113518,100,22.76388931,100,22.12094879
2023/5/18 18:50,100,22.82002258,100,22.43113518,100,22.76388931,100,22.01967621
2023/5/18 18:51,100,22.82002258,100,22.43113518,100,22.66261482,100,22.01967621
2023/5/18 18:52,100,22.82002258,100,22.43113518,100,22.66261482,99.38252258,21.99073982
2023/5/18 18:53,100,22.71875,100,22.43113518,100,22.66261482,47.3343811,21.91840172
2023/5/18 18:54,100,22.71875,100,22.43113518,100,22.66261482,0,21.91840172
2023/5/18 18:55,100,22.82002258,100,22.43113518,100,22.66261482,0,21.91840172
2023/5/18 18:56,100,22.71875,100,22.32986069,100,22.56134224,0,21.90393448
2023/5/18 18:57,100,22.70428276,100,22.32986069,100,22.56134224,0,21.91840172
2023/5/18 18:58,100,22.61747742,100,22.32986069,100,22.56134224,0,21.91840172
2023/5/18 18:59,100,22.71875,100,22.32986069,100,22.56134224,0,21.91840172
2023/5/18 19:00,100,22.71875,100,22.32986069,100,22.56134224,0,21.91840172
2023/5/18 19:01,100,22.82002258,100,22.32986069,100,22.56134224,0,21.91840172
2023/5/18 19:02,100,22.71875,100,22.31539345,100,22.56134224,0,21.91840172
2023/5/18 19:03,100,22.82002258,100,22.32986069,100,22.56134224,0,21.91840172
2023/5/18 19:04,100,22.82002258,100,22.28645706,100,22.46006966,0,21.91840172
2023/5/18 19:05,100,22.82002258,100,22.31539345,100,22.46006966,0,21.91840172
2023/5/18 19:06,100,22.71875,100,22.32986069,100,22.56134224,7.224380493,22.01967621
2023/5/18 19:07,100,22.71875,100,22.32986069,100,22.56134224,21.58140373,22.01967621
2023/5/18 19:08,100,22.71875,100,22.31539345,100,22.66261482,36.31676102,22.01967621
2023/5/18 19:09,100,22.80555534,100,22.32986069,100,22.76388931,79.86691284,22.12094879
2023/5/18 19:10,100,22.82002258,100,22.32986069,100,22.74942207,100,22.12094879
2023/5/18 19:11,100,22.82002258,100,22.32986069,100,22.74942207,100,22.12094879
2023/5/18 19:12,100,22.82002258,100,22.32986069,100,22.76388931,100,22.12094879
2023/5/18 19:13,100,22.71875,100,22.31539345,100,22.66261482,100,22.12094879
2023/5/18 19:14,100,22.71875,100,22.32986069,100,22.76388931,100,22.12094879
2023/5/18 19:15,100,22.71875,100,22.32986069,100,22.66261482,100,22.12094879
2023/5/18 19:16,100,22.71875,100,22.2285881,100,22.66261482,100,22.10648155
2023/5/18 19:17,100,22.73321724,100,22.28645706,100,22.56134224,100,22.01967621
2023/5/18 19:18,100,22.73321724,100,22.2285881,100,22.56134224,100,22.01967621
2023/5/18 19:19,100,22.82002258,100,22.2285881,100,22.56134224,100,22.01967621
2023/5/18 19:20,100,22.82002258,100,22.2285881,100,22.56134224,64.19039154,21.91840172
2023/5/18 19:21,100,22.82002258,100,22.2285881,100,22.46006966,0,21.91840172
2023/5/18 19:22,100,22.82002258,100,22.12731552,100,22.46006966,0,21.91840172
2023/5/18 19:23,100,22.82002258,100,22.12731552,100,22.46006966,0,21.91840172
2023/5/18 19:24,100,22.82002258,100,22.12731552,100,22.46006966,0,21.91840172
2023/5/18 19:25,100,22.82002258,100,22.12731552,100,22.46006966,0,21.91840172
2023/5/18 19:26,100,22.82002258,100,22.12731552,100,22.46006966,0,21.91840172
2023/5/18 19:27,100,22.82002258,100,22.12731552,100,22.46006966,0,21.91840172
2023/5/18 19:28,100,22.82002258,100,22.12731552,100,22.46006966,0,21.91840172
2023/5/18 19:29,100,22.71875,100,22.12731552,100,22.56134224,0,21.91840172
2023/5/18 19:30,100,22.82002258,100,22.2285881,100,22.56134224,0.301141977,21.99073982
2023/5/18 19:31,100,22.82002258,100,22.2285881,100,22.56134224,6.627588749,22.01967621
2023/5/18 19:32,100,22.82002258,100,22.32986069,100,22.56134224,21.33817482,22.01967621
2023/5/18 19:33,100,22.82002258,100,22.32986069,100,22.56134224,35.91260147,22.01967621
2023/5/18 19:34,100,22.82002258,100,22.2285881,100,22.56134224,61.04837799,22.12094879
2023/5/18 19:35,100,22.82002258,100,22.2285881,100,22.56134224,100,22.12094879
2023/5/18 19:36,100,22.82002258,100,22.30092621,100,22.56134224,100,22.12094879
2023/5/18 19:37,100,22.82002258,100,22.32986069,100,22.66261482,100,22.12094879
2023/5/18 19:38,100,22.82002258,100,22.32986069,100,22.66261482,100,22.12094879
2023/5/18 19:39,100,22.80555534,100,22.31539345,100,22.66261482,100,22.12094879
2023/5/18 19:40,100,22.82002258,100,22.32986069,100,22.56134224,100,22.12094879
2023/5/18 19:41,100,22.82002258,100,22.32986069,100,22.56134224,100,22.01967621
2023/5/18 19:42,100,22.82002258,100,22.32986069,100,22.66261482,100,22.01967621
2023/5/18 19:43,100,22.82002258,100,22.32986069,100,22.66261482,100,22.01967621
2023/5/18 19:44,100,22.82002258,100,22.32986069,100,22.56134224,44.88461304,21.90393448
2023/5/18 19:45,100,22.71875,100,22.21412086,100,22.46006966,0,21.91840172
2023/5/18 19:46,100,22.71875,100,22.2285881,100,22.35879707,0,21.91840172
2023/5/18 19:47,100,22.71875,100,22.2285881,100,22.46006966,0,21.91840172
2023/5/18 19:48,100,22.71875,100,22.2285881,100,22.56134224,0,21.91840172
2023/5/18 19:49,100,22.71875,100,22.2285881,100,22.56134224,0,21.81712914
2023/5/18 19:50,100,22.71875,100,22.12731552,100,22.46006966,0,21.81712914
2023/5/18 19:51,100,22.71875,100,22.2285881,100,22.53240776,0,21.81712914
2023/5/18 19:52,100,22.71875,100,22.2285881,100,22.56134224,0,21.875
2023/5/18 19:53,100,22.61747742,100,22.32986069,100,22.64814758,0,21.91840172
2023/5/18 19:54,100,22.71875,100,22.32986069,100,22.66261482,0,21.91840172
2023/5/18 19:55,100,22.71875,100,22.32986069,100,22.66261482,0,21.91840172
2023/5/18 19:56,100,22.71875,100,22.32986069,100,22.56134224,0,21.91840172
2023/5/18 19:57,100,22.71875,100,22.32986069,100,22.56134224,0,21.91840172
2023/5/18 19:58,100,22.71875,100,22.43113518,100,22.66261482,0,21.91840172
2023/5/18 19:59,100,22.71875,100,22.43113518,100,22.66261482,0,21.91840172
2023/5/18 20:00,100,22.71875,100,22.43113518,100,22.66261482,13.79056263,22.01967621
2023/5/18 20:01,100,22.71875,100,22.53240776,100,22.66261482,28.55617523,22.01967621
2023/5/18 20:02,100,22.71875,100,22.53240776,100,22.66261482,43.74687195,22.01967621
2023/5/18 20:03,100,22.82002258,100,22.46006966,100,22.66261482,64.67198944,22.01967621
2023/5/18 20:04,100,22.51620293,100,22.43113518,100,22.66261482,79.48822021,22.01967621
2023/5/18 20:05,100,22.82002258,100,22.53240776,100,22.64814758,99.02500153,22.01967621
2023/5/18 20:06,100,22.82002258,100,22.43113518,100,22.66261482,100,22.01967621
2023/5/18 20:07,100,22.82002258,100,22.53240776,100,22.64814758,100,22.01967621
2023/5/18 20:08,100,22.82002258,100,22.53240776,100,22.66261482,100,22.01967621
2023/5/18 20:09,100,22.82002258,100,22.51794052,100,22.66261482,100,22.01967621
2023/5/18 20:10,100,22.82002258,100,22.43113518,100,22.56134224,100,22.01967621
2023/5/18 20:11,100,22.71875,100,22.43113518,100,22.56134224,100,22.01967621
2023/5/18 20:12,100,22.82002258,100,22.43113518,100,22.66261482,50.41004181,21.91840172
2023/5/18 20:13,100,22.82002258,100,22.43113518,100,22.66261482,0,21.91840172
2023/5/18 20:14,100,22.82002258,100,22.32986069,100,22.56134224,0,21.91840172
2023/5/18 20:15,100,22.82002258,100,22.43113518,100,22.56134224,0,21.81712914
2023/5/18 20:16,100,22.82002258,100,22.43113518,100,22.56134224,0,21.91840172
2023/5/18 20:17,100,22.71875,100,22.43113518,100,22.56134224,0,21.81712914
2023/5/18 20:18,100,22.71875,100,22.43113518,100,22.56134224,0,21.875
2023/5/18 20:19,100,22.71875,100,22.43113518,100,22.66261482,0,21.91840172
2023/5/18 20:20,100,22.82002258,100,22.53240776,100,22.66261482,0,21.91840172
2023/5/18 20:21,100,22.82002258,100,22.53240776,100,22.66261482,0,21.91840172
2023/5/18 20:22,100,22.82002258,100,22.53240776,100,22.66261482,0,21.91840172
2023/5/18 20:23,100,22.82002258,100,22.51794052,100,22.66261482,0,21.91840172
2023/5/18 20:24,100,22.71875,100,22.53240776,100,22.76388931,0,21.91840172
2023/5/18 20:25,100,22.80555534,100,22.53240776,100,22.76388931,5.585561752,22.01967621
2023/5/18 20:26,100,22.82002258,100,22.53240776,100,22.76388931,20.25941849,22.01967621
2023/5/18 20:27,100,22.82002258,100,22.53240776,100,22.76388931,34.50321579,22.00520706
2023/5/18 20:28,100,22.82002258,100,22.53240776,100,22.76388931,49.18826294,22.06307793
2023/5/18 20:29,100,22.82002258,100,22.51794052,100,22.76388931,100,22.12094879
2023/5/18 20:30,100,22.51620293,100,22.53240776,100,22.74942207,100,22.10648155
2023/5/18 20:31,100,22.51620293,100,22.51794052,100,22.76388931,100,22.12094879
2023/5/18 20:32,100,22.51620293,100,22.53240776,100,22.66261482,100,22.12094879
2023/5/18 20:33,100,22.82002258,100,22.53240776,100,22.74942207,100,22.12094879
2023/5/18 20:34,100,22.82002258,100,22.53240776,100,22.66261482,100,22.12094879
2023/5/18 20:35,100,22.82002258,100,22.43113518,100,22.56134224,100,22.01967621
2023/5/18 20:36,100,22.82002258,100,22.32986069,100,22.56134224,100,22.01967621
2023/5/18 20:37,100,22.82002258,100,22.32986069,100,22.56134224,100,22.01967621
2023/5/18 20:38,100,22.82002258,100,22.31539345,100,22.56134224,100,22.01967621
2023/5/18 20:39,100,22.82002258,100,22.2285881,100,22.4745369,93.26473236,21.93287086
2023/5/18 20:40,100,22.82002258,100,22.21412086,100,22.56134224,28.64618492,21.91840172
2023/5/18 20:41,100,22.82002258,100,22.2285881,100,22.56134224,0,21.91840172
2023/5/18 20:42,100,22.54513931,100,22.2285881,100,22.53240776,0,21.91840172
2023/5/18 20:43,100,22.51620293,100,22.2285881,100,22.46006966,0,21.91840172
2023/5/18 20:44,100,22.51620293,100,22.2285881,100,22.46006966,0,21.90393448
2023/5/18 20:45,100,22.82002258,100,22.2285881,100,22.46006966,0,21.91840172
2023/5/18 20:46,100,22.82002258,100,22.2285881,100,22.35879707,0,21.91840172
2023/5/18 20:47,100,22.51620293,100,22.2285881,100,22.35879707,0,21.91840172
2023/5/18 20:48,100,22.51620293,100,22.2285881,100,22.46006966,0,21.91840172
2023/5/18 20:49,100,22.51620293,100,22.31539345,100,22.46006966,0,21.91840172
2023/5/18 20:50,100,22.51620293,100,22.21412086,100,22.46006966,0,21.91840172
2023/5/18 20:51,100,22.51620293,100,22.32986069,100,22.46006966,0,21.91840172
2023/5/18 20:52,100,22.60301018,100,22.32986069,100,22.46006966,0.823163629,22.01967621
2023/5/18 20:53,100,22.61747742,100,22.32986069,100,22.46006966,13.30363655,22.01967621
2023/5/18 20:54,100,22.61747742,100,22.32986069,100,22.46006966,27.87605667,22.01967621
2023/5/18 20:55,100,22.51620293,100,22.32986069,100,22.56134224,42.00553894,22.01967621
2023/5/18 20:56,100,22.61747742,100,22.34432793,100,22.56134224,57.54267883,22.00520706
2023/5/18 20:57,100,22.57407379,100,22.43113518,100,22.56134224,100,22.12094879
2023/5/18 20:58,100,22.61747742,100,22.32986069,100,22.46006966,100,22.10648155
2023/5/18 20:59,100,22.51620293,100,22.32986069,100,22.46006966,100,22.10648155
2023/5/18 21:00,100,22.51620293,100,22.31539345,100,22.46006966,100,22.12094879
2023/5/18 21:01,100,22.61747742,100,22.2285881,100,22.46006966,100,22.01967621
2023/5/18 21:02,100,22.51620293,100,22.2285881,100,22.46006966,100,22.01967621
2023/5/18 21:03,100,22.51620293,100,22.2285881,100,22.46006966,99.86363983,21.93287086
2023/5/18 21:04,100,22.51620293,100,22.2285881,100,22.35879707,43.48347473,21.91840172
2023/5/18 21:05,100,22.51620293,100,22.2285881,100,22.35879707,0,21.91840172
2023/5/18 21:06,100,22.51620293,100,22.2285881,100,22.35879707,0,21.91840172
2023/5/18 21:07,100,22.51620293,100,22.12731552,100,22.25752258,0,21.91840172
2023/5/18 21:08,100,22.51620293,100,22.12731552,100,22.35879707,0,21.91840172
2023/5/18 21:09,100,22.51620293,100,22.2285881,100,22.35879707,0,21.91840172
2023/5/18 21:10,100,22.51620293,100,22.2285881,100,22.46006966,0,21.91840172
2023/5/18 21:11,100,22.82002258,100,22.2285881,100,22.46006966,0,21.91840172
2023/5/18 21:12,100,22.82002258,100,22.21412086,100,22.46006966,0,21.91840172
2023/5/18 21:13,100,22.82002258,100,22.2285881,100,22.46006966,0,21.91840172
2023/5/18 21:14,100,22.73321724,100,22.32986069,100,22.46006966,0,21.91840172
2023/5/18 21:15,100,22.82002258,100,22.2285881,100,22.46006966,9.772001266,22.01967621
2023/5/18 21:16,100,22.82002258,100,22.32986069,100,22.56134224,24.50225258,22.00520706
2023/5/18 21:17,100,22.82002258,100,22.32986069,100,22.56134224,38.87303162,22.01967621
2023/5/18 21:18,100,22.51620293,100,22.32986069,100,22.56134224,88.28391266,22.12094879
2023/5/18 21:19,100,22.51620293,100,22.32986069,100,22.56134224,100,22.12094879
2023/5/18 21:20,100,22.51620293,100,22.32986069,100,22.56134224,100,22.12094879
2023/5/18 21:21,100,22.51620293,100,22.31539345,100,22.56134224,100,22.12094879
2023/5/18 21:22,100,22.51620293,100,22.43113518,100,22.56134224,100,22.12094879
2023/5/18 21:23,100,22.82002258,100,22.32986069,100,22.56134224,100,22.01967621
2023/5/18 21:24,100,22.51620293,100,22.32986069,100,22.56134224,100,22.01967621
2023/5/18 21:25,100,22.82002258,100,22.32986069,100,22.56134224,100,22.01967621
2023/5/18 21:26,100,22.51620293,100,22.32986069,100,22.46006966,100,22.01967621
2023/5/18 21:27,100,22.51620293,100,22.21412086,100,22.46006966,99.69168091,22.00520706
2023/5/18 21:28,100,22.82002258,100,22.12731552,100,22.46006966,50.89192963,21.91840172
2023/5/18 21:29,100,22.82002258,100,22.12731552,100,22.46006966,0,21.91840172
2023/5/18 21:30,100,22.82002258,100,22.2285881,100,22.46006966,0,21.86053276
2023/5/18 21:31,100,22.82002258,100,22.12731552,100,22.46006966,0,21.81712914
2023/5/18 21:32,100,22.82002258,100,22.12731552,100,22.46006966,0,21.81712914
2023/5/18 21:33,100,22.82002258,100,22.12731552,100,22.46006966,0,21.81712914
2023/5/18 21:34,100,22.82002258,100,22.2285881,100,22.46006966,0,21.81712914
2023/5/18 21:35,100,22.82002258,100,22.2285881,100,22.46006966,0,21.81712914
2023/5/18 21:36,100,22.51620293,100,22.2285881,100,22.56134224,0,21.81712914
2023/5/18 21:37,100,22.74768448,100,22.2285881,100,22.56134224,0,21.91840172
2023/5/18 21:38,100,22.82002258,100,22.2285881,100,22.56134224,0,21.91840172
2023/5/18 21:39,100,22.51620293,100,22.2285881,100,22.46006966,0,21.91840172
2023/5/18 21:40,100,22.77662086,100,22.2285881,100,22.46006966,0,21.91840172
2023/5/18 21:41,100,22.51620293,100,22.32986069,100,22.56134224,0.069614783,21.99073982
2023/5/18 21:42,100,22.51620293,100,22.32986069,100,22.546875,11.11031914,22.01967621
2023/5/18 21:43,100,22.61747742,100,22.32986069,100,22.56134224,25.83044434,22.01967621
2023/5/18 21:44,100,22.61747742,100,22.38773155,100,22.56134224,76.49781799,22.10648155
2023/5/18 21:45,100,22.60301018,100,22.43113518,100,22.66261482,100,22.12094879
2023/5/18 21:46,100,22.61747742,100,22.43113518,100,22.66261482,100,22.12094879
2023/5/18 21:47,100,22.61747742,100,22.43113518,100,22.56134224,100,22.12094879
2023/5/18 21:48,100,22.61747742,100,22.32986069,100,22.56134224,100,22.12094879
2023/5/18 21:49,100,22.51620293,100,22.31539345,100,22.46006966,100,22.12094879
2023/5/18 21:50,100,22.82002258,100,22.32986069,100,22.46006966,100,22.03414345
2023/5/18 21:51,100,22.82002258,100,22.32986069,100,22.38773155,100,22.01967621
2023/5/18 21:52,100,22.82002258,100,22.2285881,100,22.34432793,76.18551636,21.91840172
2023/5/18 21:53,100,22.80555534,100,22.2285881,100,22.35879707,12.5949049,21.91840172
2023/5/18 21:54,100,22.82002258,100,22.2285881,100,22.46006966,0,21.91840172
2023/5/18 21:55,100,22.82002258,100,22.2285881,100,22.46006966,0,21.91840172
2023/5/18 21:56,100,22.82002258,100,22.2285881,100,22.35879707,0,21.91840172
2023/5/18 21:57,100,22.71875,100,22.2285881,100,22.46006966,0,21.91840172
2023/5/18 21:58,100,22.71875,100,22.32986069,100,22.4745369,0,21.91840172
2023/5/18 21:59,100,22.71875,100,22.32986069,100,22.46006966,0,21.91840172
2023/5/18 22:00,100,22.82002258,100,22.32986069,100,22.46006966,0,21.91840172
2023/5/18 22:01,100,22.82002258,100,22.2285881,100,22.46006966,0,21.91840172
2023/5/18 22:02,100,22.82002258,100,22.2285881,100,22.56134224,0,21.91840172
2023/5/18 22:03,100,22.82002258,100,22.2285881,100,22.56134224,8.251891136,22.01967621
2023/5/18 22:04,100,22.71875,100,22.21412086,100,22.56134224,23.08020592,22.01967621
2023/5/18 22:05,100,22.61747742,100,22.2285881,100,22.56134224,37.80287933,22.01967621
2023/5/18 22:06,100,22.61747742,100,22.2285881,100,22.56134224,52.2057457,22.01967621
2023/5/18 22:07,100,22.61747742,100,22.32986069,100,22.66261482,100,22.12094879
2023/5/18 22:08,100,22.61747742,100,22.2285881,100,22.66261482,100,22.12094879
2023/5/18 22:09,100,22.71875,100,22.2285881,100,22.56134224,100,22.12094879
2023/5/18 22:10,100,22.61747742,100,22.2285881,100,22.56134224,100,22.12094879
2023/5/18 22:11,100,22.61747742,100,22.2285881,100,22.46006966,100,22.12094879
2023/5/18 22:12,100,22.61747742,100,22.2285881,100,22.56134224,100,22.01967621
2023/5/18 22:13,100,22.53067207,100,22.2285881,100,22.56134224,100,22.00520706
2023/5/18 22:14,100,22.61747742,100,22.21412086,100,22.46006966,100,22.01967621
2023/5/18 22:15,100,22.61747742,100,22.2285881,100,22.46006966,73.88837433,21.91840172
2023/5/18 22:16,100,22.61747742,100,22.2285881,100,22.46006966,9.71996212,21.91840172
2023/5/18 22:17,100,22.61747742,100,22.12731552,100,22.35879707,0,21.91840172
2023/5/18 22:18,100,22.51620293,100,22.2285881,100,22.35879707,0,21.83159828
2023/5/18 22:19,100,22.51620293,100,22.2285881,100,22.46006966,0,21.81712914
2023/5/18 22:20,100,22.41493034,100,22.2285881,100,22.46006966,0,21.81712914
2023/5/18 22:21,100,22.51620293,100,22.2285881,100,22.46006966,0,21.83159828
2023/5/18 22:22,100,22.51620293,100,22.2285881,100,22.46006966,0,21.81712914
2023/5/18 22:23,100,22.60301018,100,22.2285881,100,22.56134224,0,21.91840172
2023/5/18 22:24,100,22.51620293,100,22.2285881,100,22.56134224,0,21.91840172
2023/5/18 22:25,100,22.51620293,100,22.2285881,100,22.46006966,0,21.90393448
2023/5/18 22:26,100,22.51620293,100,22.2285881,100,22.46006966,0,21.91840172
2023/5/18 22:27,100,22.51620293,100,22.2285881,100,22.56134224,0,21.91840172
2023/5/18 22:28,100,22.51620293,100,22.32986069,100,22.56134224,0,21.90393448
2023/5/18 22:29,100,22.51620293,100,22.32986069,100,22.56134224,0,21.93287086
2023/5/18 22:30,100,22.51620293,100,22.32986069,100,22.56134224,7.450394154,22.01967621
2023/5/18 22:31,100,22.51620293,100,22.32986069,100,22.56134224,22.17008591,22.01967621
2023/5/18 22:32,100,22.51620293,100,22.32986069,100,22.56134224,42.12610626,22.01967621
2023/5/18 22:33,100,22.51620293,100,22.2285881,100,22.56134224,100,22.12094879
2023/5/18 22:34,100,22.42939758,100,22.2285881,100,22.46006966,100,22.12094879
2023/5/18 22:35,100,22.51620293,100,22.2285881,100,22.46006966,100,22.12094879
2023/5/18 22:36,100,22.51620293,100,22.21412086,100,22.46006966,100,22.12094879
2023/5/18 22:37,100,22.51620293,100,22.2285881,100,22.35879707,100,22.12094879
2023/5/18 22:38,100,22.41493034,100,22.2285881,100,22.35879707,100,22.12094879
2023/5/18 22:39,100,22.51620293,100,22.2285881,100,22.35879707,100,22.01967621
2023/5/18 22:40,100,22.51620293,100,22.2285881,100,22.46006966,100,22.01967621
2023/5/18 22:41,100,22.51620293,100,22.2285881,100,22.56134224,97.9263382,21.99073982
2023/5/18 22:42,100,22.41493034,100,22.21412086,100,22.56134224,35.76570129,21.91840172
2023/5/18 22:43,100,22.41493034,100,22.2285881,100,22.46006966,0,21.91840172
2023/5/18 22:44,100,22.41493034,100,22.12731552,100,22.43113518,0,21.91840172
2023/5/18 22:45,100,22.41493034,100,22.12731552,100,22.35879707,0,21.91840172
2023/5/18 22:46,100,22.41493034,100,22.12731552,100,22.35879707,0,21.91840172
2023/5/18 22:47,100,22.41493034,100,22.12731552,100,22.46006966,0,21.81712914
2023/5/18 22:48,100,22.41493034,100,22.12731552,100,22.46006966,0,21.81712914
2023/5/18 22:49,100,22.41493034,100,22.21412086,100,22.46006966,0,21.91840172
2023/5/18 22:50,100,22.41493034,100,22.2285881,100,22.44560242,0,21.91840172
2023/5/18 22:51,100,22.41493034,100,22.2285881,100,22.46006966,0,21.91840172
2023/5/18 22:52,100,22.41493034,100,22.2285881,100,22.46006966,0,21.91840172
2023/5/18 22:53,100,22.41493034,100,22.2285881,100,22.56134224,0,21.91840172
2023/5/18 22:54,100,22.42939758,100,22.2285881,100,22.48900414,13.07421875,22.01967621
2023/5/18 22:55,100,22.41493034,100,22.21412086,100,22.46006966,27.66010284,22.01967621
2023/5/18 22:56,100,22.41493034,100,22.2285881,100,22.46006966,42.26943207,22.01967621
2023/5/18 22:57,100,22.41493034,100,22.2285881,100,22.56134224,79.57489777,22.07754707
2023/5/18 22:58,100,22.42939758,100,22.2285881,100,22.56134224,100,22.12094879
2023/5/18 22:59,100,22.42939758,100,22.2285881,100,22.46006966,100,22.12094879
2023/5/18 23:00,100,22.41493034,100,22.2285881,100,22.46006966,100,22.10648155
2023/5/18 23:01,100,22.41493034,100,22.2285881,100,22.46006966,100,22.12094879
2023/5/18 23:02,100,22.41493034,100,22.2285881,100,22.46006966,100,22.01967621
2023/5/18 23:03,100,22.41493034,100,22.12731552,100,22.35879707,100,22.01967621
2023/5/18 23:04,100,22.41493034,100,22.12731552,100,22.35879707,100,22.01967621
2023/5/18 23:05,100,22.41493034,100,22.12731552,100,22.35879707,88.12915039,21.99073982
2023/5/18 23:06,100,22.41493034,100,22.12731552,100,22.34432793,24.44414902,21.91840172
2023/5/18 23:07,100,22.42939758,100,22.12731552,100,22.35879707,0,21.91840172
2023/5/18 23:08,100,22.41493034,100,22.12731552,100,22.35879707,0,21.91840172
2023/5/18 23:09,100,22.31365776,100,22.12731552,100,22.24305534,0,21.90393448
2023/5/18 23:10,100,22.328125,100,22.12731552,100,22.35879707,0,21.81712914
2023/5/18 23:11,100,22.328125,100,22.12731552,100,22.35879707,0,21.81712914
2023/5/18 23:12,100,22.41493034,100,22.12731552,100,22.25752258,0,21.81712914
2023/5/18 23:13,100,22.41493034,100,22.12731552,100,22.35879707,0,21.81712914
2023/5/18 23:14,100,22.22685242,100,22.12731552,100,22.46006966,0,21.91840172
2023/5/18 23:15,100,22.22685242,100,22.2285881,100,22.46006966,0,21.91840172
2023/5/18 23:16,100,22.21238518,100,22.12731552,100,22.46006966,0,21.91840172
2023/5/18 23:17,100,22.328125,100,22.17071724,100,22.46006966,0,21.91840172
2023/5/18 23:18,100,22.34259224,100,22.2285881,100,22.46006966,0,21.91840172
2023/5/18 23:19,100,22.328125,100,22.2285881,100,22.56134224,7.121152878,22.01967621
2023/5/18 23:20,100,22.31365776,100,22.2285881,100,22.56134224,21.92198944,22.01967621
2023/5/18 23:21,100,22.328125,100,22.2285881,100,22.56134224,36.59059906,22.01967621
2023/5/18 23:22,100,22.41493034,100,22.32986069,100,22.56134224,61.64681244,22.10648155
2023/5/18 23:23,100,22.328125,100,22.32986069,100,22.66261482,100,22.12094879
2023/5/18 23:24,100,22.31365776,100,22.32986069,100,22.546875,100,22.12094879
2023/5/18 23:25,100,22.41493034,100,22.32986069,100,22.56134224,100,22.12094879
2023/5/18 23:26,100,22.42939758,100,22.32986069,100,22.56134224,100,22.12094879
2023/5/18 23:27,100,22.328125,100,22.32986069,100,22.46006966,100,22.01967621
2023/5/18 23:28,100,22.31365776,100,22.2285881,100,22.46006966,100,22.00520706
2023/5/18 23:29,100,22.328125,100,22.2285881,100,22.44560242,100,22.01967621
2023/5/18 23:30,100,22.328125,100,22.12731552,100,22.46006966,100,22.01967621
2023/5/18 23:31,100,22.328125,100,22.12731552,100,22.35879707,53.5229187,21.91840172
2023/5/18 23:32,100,22.21238518,100,22.12731552,100,22.35879707,0,21.91840172
2023/5/18 23:33,100,22.27025414,100,22.11284828,100,22.35879707,0,21.84606552
2023/5/18 23:34,100,22.22685242,100,22.12731552,100,22.25752258,0,21.81712914
2023/5/18 23:35,100,22.24131966,100,22.12731552,100,22.35879707,0,21.81712914
2023/5/18 23:36,100,22.22685242,100,22.12731552,100,22.35879707,0,21.81712914
2023/5/18 23:37,100,22.22685242,100,22.2285881,100,22.46006966,0,21.81712914
2023/5/18 23:38,100,22.22685242,100,22.2285881,100,22.46006966,0,21.81712914
2023/5/18 23:39,100,22.328125,100,22.2285881,100,22.46006966,0,21.81712914
2023/5/18 23:40,100,22.328125,100,22.2285881,100,22.46006966,0,21.86053276
2023/5/18 23:41,100,22.328125,100,22.2285881,100,22.56134224,0,21.91840172
2023/5/18 23:42,100,22.328125,100,22.2285881,100,22.56134224,0,21.90393448
2023/5/18 23:43,100,22.31365776,100,22.2285881,100,22.56134224,0,21.91840172
2023/5/18 23:44,100,22.328125,100,22.2285881,100,22.46006966,0,21.91840172
2023/5/18 23:45,100,22.328125,100,22.2285881,100,22.56134224,0.949067116,22.01967621
2023/5/18 23:46,100,22.31365776,100,22.2285881,100,22.46006966,15.7844696,22.01967621
2023/5/18 23:47,100,22.31365776,100,22.2285881,100,22.56134224,30.8164444,22.01967621
2023/5/18 23:48,100,22.31365776,100,22.2285881,100,22.56134224,45.14557266,22.01967621
2023/5/18 23:49,100,22.22685242,100,22.2285881,100,22.56134224,62.82678223,22.03414345
2023/5/18 23:50,100,22.328125,100,22.2285881,100,22.56134224,100,22.12094879
2023/5/18 23:51,100,22.31365776,100,22.2285881,100,22.56134224,100,22.12094879
2023/5/18 23:52,100,22.328125,100,22.2285881,100,22.56134224,100,22.12094879
2023/5/18 23:53,100,22.328125,100,22.2285881,100,22.56134224,100,22.10648155
2023/5/18 23:54,100,22.24131966,100,22.21412086,100,22.56134224,100,22.12094879
2023/5/18 23:55,100,22.29919052,100,22.12731552,100,22.46006966,100,22.01967621
2023/5/18 23:56,100,22.31365776,100,22.11284828,100,22.35879707,100,22.00520706
2023/5/18 23:57,100,22.22685242,100,22.12731552,100,22.35879707,100,22.01967621
2023/5/18 23:58,100,22.22685242,100,22.12731552,100,22.35879707,96.81869507,21.91840172
2023/5/18 23:59,100,22.22685242,100,22.12731552,100,22.25752258,35.43617249,21.91840172
2023/5/19 0:00,100,22.22685242,100,22.12731552,100,22.35879707,0,21.91840172
2023/5/19 0:01,100,22.21238518,100,22.12731552,100,22.35879707,0,21.81712914
2023/5/19 0:02,100,22.22685242,100,22.12731552,100,22.27198982,0,21.81712914
2023/5/19 0:03,100,22.22685242,100,22.12731552,100,22.35879707,0,21.91840172
2023/5/19 0:04,100,22.22685242,100,22.12731552,100,22.25752258,0,21.91840172
2023/5/19 0:05,100,22.22685242,100,22.12731552,100,22.25752258,0,21.91840172
2023/5/19 0:06,100,22.22685242,100,22.12731552,100,22.35879707,0,21.91840172
2023/5/19 0:07,100,22.22685242,100,22.12731552,100,22.46006966,0,21.91840172
2023/5/19 0:08,100,22.22685242,100,22.12731552,100,22.35879707,0,21.91840172
2023/5/19 0:09,100,22.21238518,100,22.12731552,100,22.35879707,0.9249897,22.01967621
2023/5/19 0:10,100,22.22685242,100,22.12731552,100,22.46006966,9.455904007,22.01967621
2023/5/19 0:11,100,22.22685242,100,22.12731552,100,22.46006966,23.93562317,22.00520706
2023/5/19 0:12,100,22.21238518,100,22.12731552,100,22.46006966,38.46799469,22.01967621
2023/5/19 0:13,100,22.22685242,100,22.2285881,100,22.46006966,53.07756805,22.01967621
2023/5/19 0:14,100,22.21238518,100,22.2285881,100,22.46006966,67.71372986,22.01967621
2023/5/19 0:15,100,22.22685242,100,22.2285881,100,22.46006966,82.24427032,22.01967621
2023/5/19 0:16,100,22.21238518,100,22.12731552,100,22.35879707,96.82953644,22.01967621
2023/5/19 0:17,100,22.22685242,100,22.12731552,100,22.35879707,100,22.01967621
2023/5/19 0:18,100,22.22685242,100,22.12731552,100,22.25752258,100,22.01967621
2023/5/19 0:19,100,22.22685242,100,22.12731552,100,22.35879707,100,22.01967621
2023/5/19 0:20,100,22.21238518,100,22.02604294,100,22.35879707,65.71782684,21.91840172
2023/5/19 0:21,100,22.21238518,100,22.09837914,100,22.35879707,0.662255764,21.91840172
2023/5/19 0:22,100,22.22685242,100,22.02604294,100,22.25752258,0,21.91840172
2023/5/19 0:23,100,22.02430534,100,22.01157379,100,22.34432793,0,21.91840172
2023/5/19 0:24,100,22.02430534,100,21.93923569,100,22.35879707,0,21.8026619
2023/5/19 0:25,100,22.02430534,100,21.92476845,100,22.25752258,0,21.81712914
2023/5/19 0:26,100,22.22685242,100,21.92476845,100,22.25752258,0,21.81712914
2023/5/19 0:27,100,22.21238518,100,22.02604294,100,22.24305534,0,21.81712914
2023/5/19 0:28,100,22.02430534,100,22.02604294,100,22.25752258,0,21.81712914
2023/5/19 0:29,100,22.02430534,100,22.02604294,100,22.25752258,0,21.91840172
2023/5/19 0:30,100,22.02430534,100,22.02604294,100,22.25752258,0,21.91840172
2023/5/19 0:31,100,22.02430534,100,22.02604294,100,22.25752258,0,21.91840172
2023/5/19 0:32,100,22.02430534,100,22.02604294,100,22.25752258,0,21.91840172
2023/5/19 0:33,100,22.02430534,100,22.02604294,100,22.25752258,0,21.91840172
2023/5/19 0:34,100,22.02430534,100,22.02604294,100,22.25752258,0,21.91840172
2023/5/19 0:35,100,22.0098381,100,22.02604294,100,22.25752258,0,21.91840172
2023/5/19 0:36,100,22.02430534,100,22.02604294,100,22.35879707,0,21.91840172
2023/5/19 0:37,100,22.22685242,100,22.12731552,100,22.35879707,0,21.91840172
2023/5/19 0:38,100,22.21238518,100,22.12731552,100,22.35879707,13.21168423,22.01967621
2023/5/19 0:39,100,22.02430534,100,22.12731552,100,22.41666794,27.58161926,22.00520706
2023/5/19 0:40,100,22.02430534,100,22.12731552,100,22.46006966,42.29759216,22.01967621
2023/5/19 0:41,100,22.22685242,100,22.12731552,100,22.46006966,85.84671783,22.12094879
2023/5/19 0:42,100,22.02430534,100,22.12731552,100,22.35879707,100,22.10648155
2023/5/19 0:43,100,22.02430534,100,22.12731552,100,22.35879707,100,22.12094879
2023/5/19 0:44,100,22.22685242,100,22.12731552,100,22.25752258,100,22.12094879
2023/5/19 0:45,100,22.22685242,100,22.02604294,100,22.25752258,100,22.12094879
2023/5/19 0:46,100,22.22685242,100,22.02604294,100,22.25752258,100,22.09201431
2023/5/19 0:47,100,22.22685242,100,22.02604294,100,22.35879707,100,22.01967621
2023/5/19 0:48,100,22.22685242,100,22.02604294,100,22.35879707,100,22.01967621
2023/5/19 0:49,100,22.21238518,100,22.02604294,100,22.25752258,97.82808685,21.97627258
2023/5/19 0:50,100,22.21238518,100,22.02604294,100,22.25752258,36.29707336,21.91840172
2023/5/19 0:51,100,22.22685242,100,22.02604294,100,22.25752258,0,21.91840172
2023/5/19 0:52,100,22.22685242,100,22.02604294,100,22.25752258,0,21.81712914
2023/5/19 0:53,100,22.02430534,100,21.92476845,100,22.15625,0,21.81712914
2023/5/19 0:54,100,22.21238518,100,21.92476845,100,22.15625,0,21.81712914
2023/5/19 0:55,100,22.22685242,100,21.92476845,100,22.15625,0,21.81712914
2023/5/19 0:56,100,22.22685242,100,22.01157379,100,22.24305534,0,21.81712914
2023/5/19 0:57,100,22.21238518,100,22.02604294,100,22.25752258,0,21.81712914
2023/5/19 0:58,100,22.21238518,100,22.02604294,100,22.25752258,0,21.81712914
2023/5/19 0:59,100,22.22685242,100,22.02604294,100,22.25752258,0,21.91840172
2023/5/19 1:00,100,22.21238518,100,22.02604294,100,22.34432793,0,21.91840172
2023/5/19 1:01,100,22.21238518,100,22.02604294,100,22.35879707,0,21.91840172
2023/5/19 1:02,100,22.02430534,100,22.02604294,100,22.35879707,0,21.91840172
2023/5/19 1:03,100,22.02430534,100,22.02604294,100,22.35879707,0.764992118,21.99073982
2023/5/19 1:04,100,22.22685242,100,22.02604294,100,22.34432793,13.34986019,22.01967621
2023/5/19 1:05,100,22.21238518,100,22.02604294,100,22.35879707,27.65765572,22.01967621
2023/5/19 1:06,100,22.22685242,100,22.12731552,100,22.46006966,73.10599518,22.10648155
2023/5/19 1:07,100,22.22685242,100,22.12731552,100,22.46006966,100,22.12094879
2023/5/19 1:08,100,22.02430534,100,22.12731552,100,22.46006966,100,22.12094879
2023/5/19 1:09,100,22.02430534,100,22.12731552,100,22.46006966,100,22.12094879
2023/5/19 1:10,100,22.21238518,100,22.12731552,100,22.35879707,100,22.12094879
2023/5/19 1:11,100,22.02430534,100,22.12731552,100,22.25752258,100,22.12094879
2023/5/19 1:12,100,22.21238518,100,22.02604294,100,22.25752258,100,22.01967621
2023/5/19 1:13,100,22.21238518,100,22.02604294,100,22.25752258,100,22.01967621
2023/5/19 1:14,100,22.02430534,100,22.02604294,100,22.25752258,100,22.01967621
2023/5/19 1:15,100,22.02430534,100,22.02604294,100,22.25752258,76.60722351,21.91840172
2023/5/19 1:16,100,22.02430534,100,22.02604294,100,22.25752258,12.76073074,21.91840172
2023/5/19 1:17,100,22.02430534,100,22.02604294,100,22.25752258,0,21.91840172
2023/5/19 1:18,100,22.02430534,100,22.02604294,100,22.25752258,0,21.81712914
2023/5/19 1:19,100,22.02430534,100,22.02604294,100,22.25752258,0,21.81712914
2023/5/19 1:20,100,22.02430534,100,22.02604294,100,22.25752258,0,21.81712914
2023/5/19 1:21,100,22.02430534,100,22.02604294,100,22.25752258,0,21.8026619
2023/5/19 1:22,100,22.02430534,100,22.02604294,100,22.15625,0,21.81712914
2023/5/19 1:23,100,22.02430534,100,22.02604294,100,22.25752258,0,21.91840172
2023/5/19 1:24,100,22.02430534,100,22.02604294,100,22.25752258,0,21.91840172
2023/5/19 1:25,100,21.90856552,100,22.09837914,100,22.25752258,0,21.91840172
2023/5/19 1:26,100,22.02430534,100,22.12731552,100,22.25752258,0,21.91840172
2023/5/19 1:27,100,21.98090172,100,22.12731552,100,22.25752258,0,21.91840172
2023/5/19 1:28,100,22.02430534,100,22.12731552,100,22.25752258,0,21.91840172
2023/5/19 1:29,100,22.02430534,100,22.12731552,100,22.24305534,7.19407177,22.01967621
2023/5/19 1:30,100,22.02430534,100,22.12731552,100,22.25752258,21.95374298,22.01967621
2023/5/19 1:31,100,22.02430534,100,22.12731552,100,22.34432793,36.543396,22.01967621
2023/5/19 1:32,100,22.21238518,100,22.2285881,100,22.35879707,51.22574234,22.01967621
2023/5/19 1:33,100,22.02430534,100,22.2285881,100,22.35879707,65.90677643,22.01967621
2023/5/19 1:34,100,22.02430534,100,22.21412086,100,22.34432793,81.14675903,22.04861069
2023/5/19 1:35,100,22.02430534,100,22.2285881,100,22.35879707,100,22.00520706
2023/5/19 1:36,100,22.0098381,100,22.2285881,100,22.35879707,100,22.01967621
2023/5/19 1:37,100,22.02430534,100,22.12731552,100,22.35879707,100,22.01967621
2023/5/19 1:38,100,22.02430534,100,22.11284828,100,22.25752258,100,22.01967621
2023/5/19 1:39,100,22.02430534,100,22.06944466,100,22.25752258,100,22.01967621
2023/5/19 1:40,100,22.0098381,100,22.12731552,100,22.25752258,62.4161377,21.91840172
2023/5/19 1:41,100,22.02430534,100,22.12731552,100,22.25752258,0,21.91840172
2023/5/19 1:42,100,21.92303276,100,22.02604294,100,22.25752258,0,21.91840172
2023/5/19 1:43,100,21.92303276,100,22.02604294,100,22.25752258,0,21.81712914
2023/5/19 1:44,100,22.02430534,100,22.02604294,100,22.25752258,0,21.81712914
2023/5/19 1:45,100,22.02430534,100,22.02604294,100,22.25752258,0,21.81712914
2023/5/19 1:46,100,22.22685242,100,22.02604294,100,22.25752258,0,21.81712914
2023/5/19 1:47,100,22.22685242,100,22.12731552,100,22.35879707,0,21.81712914
2023/5/19 1:48,100,22.22685242,100,22.06944466,100,22.25752258,0,21.81712914
2023/5/19 1:49,100,22.22685242,100,22.02604294,100,22.15625,0,21.81712914
2023/5/19 1:50,100,22.22685242,100,22.02604294,100,22.2285881,0,21.81712914
2023/5/19 1:51,100,22.22685242,100,22.02604294,100,22.25752258,0,21.88946724
2023/5/19 1:52,100,22.328125,100,22.02604294,100,22.34432793,0,21.91840172
2023/5/19 1:53,100,22.328125,100,22.12731552,100,22.25752258,0,21.91840172
2023/5/19 1:54,100,22.328125,100,22.12731552,100,22.25752258,0,21.91840172
2023/5/19 1:55,100,22.41493034,100,22.2285881,100,22.35879707,0,21.91840172
2023/5/19 1:56,100,22.22685242,100,22.2285881,100,22.35879707,0,21.91840172
2023/5/19 1:57,100,22.328125,100,22.2285881,100,22.35879707,8.09723568,22.01967621
2023/5/19 1:58,100,22.328125,100,22.2285881,100,22.35879707,22.84822464,22.01967621
2023/5/19 1:59,100,22.21238518,100,22.2285881,100,22.46006966,37.52366638,22.01967621
2023/5/19 2:00,100,22.22685242,100,22.2285881,100,22.35879707,100,22.12094879
2023/5/19 2:01,100,22.328125,100,22.2285881,100,22.34432793,100,22.12094879
2023/5/19 2:02,100,22.42939758,100,22.11284828,100,22.35879707,100,22.12094879
2023/5/19 2:03,100,22.41493034,100,22.12731552,100,22.35879707,100,22.12094879
2023/5/19 2:04,100,22.42939758,100,22.12731552,100,22.34432793,100,22.01967621
2023/5/19 2:05,100,22.41493034,100,22.12731552,100,22.35879707,100,22.01967621
2023/5/19 2:06,100,22.41493034,100,22.12731552,100,22.35879707,98.82910919,21.91840172
2023/5/19 2:07,100,22.41493034,100,22.12731552,100,22.35879707,33.92031097,21.91840172
2023/5/19 2:08,100,22.41493034,100,22.12731552,100,22.35879707,0,21.91840172
2023/5/19 2:09,100,22.42939758,100,22.12731552,100,22.25752258,0,21.81712914
2023/5/19 2:10,100,22.42939758,100,22.02604294,100,22.15625,0,21.81712914
2023/5/19 2:11,100,22.41493034,100,22.02604294,100,22.15625,0,21.81712914
2023/5/19 2:12,100,22.42939758,100,22.02604294,100,22.25752258,0,21.81712914
2023/5/19 2:13,100,22.41493034,100,22.02604294,100,22.35879707,0,21.81712914
2023/5/19 2:14,100,22.42939758,100,22.12731552,100,22.35879707,0,21.81712914
2023/5/19 2:15,100,22.42939758,100,22.11284828,100,22.35879707,0,21.81712914
2023/5/19 2:16,100,22.41493034,100,22.12731552,100,22.35879707,0,21.91840172
2023/5/19 2:17,100,22.41493034,100,22.12731552,100,22.35879707,0,21.91840172
2023/5/19 2:18,100,22.41493034,100,22.12731552,100,22.35879707,0,21.91840172
2023/5/19 2:19,100,22.42939758,100,22.12731552,100,22.46006966,0,21.91840172
2023/5/19 2:20,100,22.51620293,100,22.12731552,100,22.46006966,0,21.91840172
2023/5/19 2:21,100,22.51620293,100,22.12731552,100,22.46006966,0,21.93287086
2023/5/19 2:22,100,22.51620293,100,22.2285881,100,22.51794052,12.28639221,22.01967621
2023/5/19 2:23,100,22.51620293,100,22.2285881,100,22.56134224,26.84901237,22.01967621
2023/5/19 2:24,100,22.51620293,100,22.12731552,100,22.56134224,41.40935516,22.01967621
2023/5/19 2:25,100,22.61747742,100,22.21412086,100,22.56134224,100,22.12094879
2023/5/19 2:26,100,22.60301018,100,22.12731552,100,22.56134224,100,22.12094879
2023/5/19 2:27,100,22.71875,100,22.2285881,100,22.56134224,100,22.12094879
2023/5/19 2:28,100,22.71875,100,22.2285881,100,22.46006966,100,22.12094879
2023/5/19 2:29,100,22.61747742,100,22.12731552,100,22.46006966,100,22.12094879
2023/5/19 2:30,100,22.61747742,100,22.12731552,100,22.35879707,100,22.01967621
2023/5/19 2:31,100,22.61747742,100,22.12731552,100,22.35879707,100,22.01967621
2023/5/19 2:32,100,22.54513931,100,22.01157379,100,22.25752258,100,22.01967621
2023/5/19 2:33,100,22.51620293,100,22.02604294,100,22.25752258,86.52749634,21.91840172
2023/5/19 2:34,100,22.53067207,100,22.02604294,100,22.25752258,21.5903244,21.91840172
2023/5/19 2:35,100,22.51620293,100,22.02604294,100,22.35879707,0,21.90393448
2023/5/19 2:36,100,22.51620293,100,22.12731552,100,22.35879707,0,21.81712914
2023/5/19 2:37,100,22.51620293,100,22.11284828,100,22.34432793,0,21.81712914
2023/5/19 2:38,100,22.51620293,100,22.02604294,100,22.35879707,0,21.81712914
2023/5/19 2:39,100,22.61747742,100,22.12731552,100,22.35879707,0,21.81712914
2023/5/19 2:40,100,22.61747742,100,22.12731552,100,22.34432793,0,21.81712914
2023/5/19 2:41,100,22.51620293,100,22.12731552,100,22.46006966,0,21.81712914
2023/5/19 2:42,100,22.51620293,100,22.12731552,100,22.44560242,0,21.81712914
2023/5/19 2:43,100,22.51620293,100,22.12731552,100,22.46006966,0,21.91840172
2023/5/19 2:44,100,22.51620293,100,22.12731552,100,22.46006966,0,21.91840172
2023/5/19 2:45,100,22.51620293,100,22.12731552,100,22.46006966,0,21.90393448
2023/5/19 2:46,100,22.61747742,100,22.12731552,100,22.34432793,0,21.91840172
2023/5/19 2:47,100,22.61747742,100,22.12731552,100,22.46006966,7.724218369,22.00520706
2023/5/19 2:48,100,22.60301018,100,22.12731552,100,22.46006966,22.07512856,22.01967621
2023/5/19 2:49,100,22.71875,100,22.12731552,100,22.46006966,36.87554169,22.01967621
2023/5/19 2:50,100,22.71875,100,22.12731552,100,22.46006966,51.6478653,22.01967621
2023/5/19 2:51,100,22.71875,100,22.18518448,100,22.44560242,68.46420288,22.04861069
2023/5/19 2:52,100,22.71875,100,22.2285881,100,22.546875,100,22.12094879
2023/5/19 2:53,100,22.61747742,100,22.2285881,100,22.56134224,100,22.12094879
2023/5/19 2:54,100,22.61747742,100,22.2285881,100,22.56134224,100,22.12094879
2023/5/19 2:55,100,22.61747742,100,22.2285881,100,22.56134224,100,22.04861069
2023/5/19 2:56,100,22.61747742,100,22.2285881,100,22.56134224,100,22.01967621
2023/5/19 2:57,100,22.61747742,100,22.2285881,100,22.56134224,100,22.01967621
2023/5/19 2:58,100,22.61747742,100,22.2285881,100,22.56134224,100,22.01967621
2023/5/19 2:59,100,22.61747742,100,22.2285881,100,22.56134224,45.08979034,21.91840172
2023/5/19 3:00,100,22.61747742,100,22.2285881,100,22.56134224,0,21.90393448
2023/5/19 3:01,100,22.61747742,100,22.2285881,100,22.56134224,0,21.81712914
2023/5/19 3:02,100,22.61747742,100,22.2285881,100,22.56134224,0,21.81712914
2023/5/19 3:03,100,22.61747742,100,22.2285881,100,22.51794052,0,21.81712914
2023/5/19 3:04,100,22.61747742,100,22.2285881,100,22.46006966,0,21.81712914
2023/5/19 3:05,100,22.61747742,100,22.19965172,100,22.46006966,0,21.81712914
2023/5/19 3:06,100,22.61747742,100,22.2285881,100,22.56134224,0,21.81712914
2023/5/19 3:07,100,22.61747742,100,22.2285881,100,22.546875,0,21.81712914
2023/5/19 3:08,100,22.61747742,100,22.12731552,100,22.56134224,0,21.81712914
2023/5/19 3:09,100,22.61747742,100,22.12731552,100,22.56134224,0,21.81712914
2023/5/19 3:10,100,22.71875,100,22.11284828,100,22.46006966,0,21.81712914
2023/5/19 3:11,100,22.61747742,100,22.12731552,100,22.44560242,0,21.90393448
2023/5/19 3:12,100,22.71875,100,22.12731552,100,22.46006966,0,21.91840172
2023/5/19 3:13,100,22.71875,100,22.12731552,100,22.46006966,0,21.91840172
2023/5/19 3:14,100,22.71875,100,22.12731552,100,22.56134224,1.960541487,22.01967621
2023/5/19 3:15,100,22.76215172,100,22.2285881,100,22.56134224,16.07317352,22.01967621
2023/5/19 3:16,100,22.82002258,100,22.21412086,100,22.56134224,30.55088806,22.01967621
2023/5/19 3:17,100,22.71875,100,22.2285881,100,22.44560242,60.01448441,22.12094879
2023/5/19 3:18,100,22.71875,100,22.2285881,100,22.46006966,100,22.12094879
2023/5/19 3:19,100,22.71875,100,22.12731552,100,22.46006966,100,22.12094879
2023/5/19 3:20,100,22.71875,100,22.12731552,100,22.46006966,100,22.12094879
2023/5/19 3:21,100,22.61747742,100,22.12731552,100,22.34432793,100,22.12094879
2023/5/19 3:22,100,22.71875,100,22.02604294,100,22.25752258,100,22.00520706
2023/5/19 3:23,100,22.71875,100,22.02604294,100,22.25752258,100,22.01967621
2023/5/19 3:24,100,22.71875,100,22.02604294,100,22.25752258,100,22.00520706
2023/5/19 3:25,100,22.71875,100,22.02604294,100,22.15625,50.99288177,21.91840172
2023/5/19 3:26,100,22.61747742,100,22.01157379,100,22.24305534,0,21.91840172
2023/5/19 3:27,100,22.61747742,100,21.92476845,100,22.15625,0,21.91840172
2023/5/19 3:28,100,22.66087914,100,21.92476845,100,22.15625,0,21.81712914
2023/5/19 3:29,100,22.71875,100,21.92476845,100,22.25752258,0,21.81712914
2023/5/19 3:30,100,22.61747742,100,21.92476845,100,22.15625,0,21.81712914
2023/5/19 3:31,100,22.71875,100,21.92476845,100,22.25752258,0,21.81712914
2023/5/19 3:32,100,22.71875,100,21.92476845,100,22.25752258,0,21.81712914
2023/5/19 3:33,100,22.61747742,100,22.02604294,100,22.35879707,0,21.81712914
2023/5/19 3:34,100,22.71875,100,22.02604294,100,22.35879707,0,21.81712914
2023/5/19 3:35,100,22.71875,100,22.12731552,100,22.25752258,0,21.81712914
2023/5/19 3:36,100,22.71875,100,22.12731552,100,22.25752258,0,21.91840172
2023/5/19 3:37,100,22.71875,100,22.12731552,100,22.35879707,0,21.91840172
2023/5/19 3:38,100,22.71875,100,22.11284828,100,22.35879707,0,21.90393448
2023/5/19 3:39,100,22.71875,100,22.12731552,100,22.35879707,0,21.91840172
2023/5/19 3:40,100,22.71875,100,22.12731552,100,22.35879707,0,21.91840172
2023/5/19 3:41,100,22.71875,100,22.12731552,100,22.35879707,0.47357887,22.01967621
2023/5/19 3:42,100,22.71875,100,22.11284828,100,22.35879707,6.988585472,22.01967621
2023/5/19 3:43,100,22.71875,100,22.12731552,100,22.41666794,21.76642799,22.01967621
2023/5/19 3:44,100,22.71875,100,22.12731552,100,22.46006966,36.40783691,22.01967621
2023/5/19 3:45,100,22.71875,100,22.12731552,100,22.35879707,50.7208786,22.01967621
2023/5/19 3:46,100,22.71875,100,22.12731552,100,22.46006966,65.60034943,22.01967621
2023/5/19 3:47,100,22.71875,100,22.12731552,100,22.44560242,100,22.12094879
2023/5/19 3:48,100,22.71875,100,22.12731552,100,22.35879707,100,22.12094879
2023/5/19 3:49,100,22.71875,100,22.02604294,100,22.25752258,100,22.12094879
2023/5/19 3:50,100,22.82002258,100,22.02604294,100,22.25752258,100,22.10648155
2023/5/19 3:51,100,22.82002258,100,22.02604294,100,22.34432793,100,22.01967621
2023/5/19 3:52,100,22.82002258,100,22.02604294,100,22.35879707,100,22.00520706
2023/5/19 3:53,100,22.82002258,100,22.02604294,100,22.25752258,100,22.01967621
2023/5/19 3:54,100,22.82002258,100,22.02604294,100,22.25752258,60.6089859,21.91840172
2023/5/19 3:55,100,22.71875,100,22.02604294,100,22.25752258,0,21.91840172
2023/5/19 3:56,100,22.71875,100,21.92476845,100,22.25752258,0,21.81712914
2023/5/19 3:57,100,22.71875,100,22.01157379,100,22.25752258,0,21.81712914
2023/5/19 3:58,100,22.71875,100,21.95370293,100,22.25752258,0,21.81712914
2023/5/19 3:59,100,22.71875,100,21.92476845,100,22.25752258,0,21.81712914
2023/5/19 4:00,100,22.71875,100,22.02604294,100,22.25752258,0,21.81712914
2023/5/19 4:01,100,22.71875,100,22.02604294,100,22.35879707,0,21.8026619
2023/5/19 4:02,100,22.71875,100,22.02604294,100,22.35879707,0,21.91840172
2023/5/19 4:03,100,22.82002258,100,22.12731552,100,22.35879707,0,21.81712914
2023/5/19 4:04,100,22.82002258,100,22.12731552,100,22.35879707,0,21.91840172
2023/5/19 4:05,100,22.82002258,100,22.12731552,100,22.35879707,0,21.91840172
2023/5/19 4:06,100,22.82002258,100,22.12731552,100,22.46006966,0,21.91840172
2023/5/19 4:07,100,22.82002258,100,22.12731552,100,22.46006966,0,21.91840172
2023/5/19 4:08,100,22.82002258,100,22.21412086,100,22.56134224,5.647044659,22.01967621
2023/5/19 4:09,100,22.82002258,100,22.2285881,100,22.46006966,20.49731255,22.01967621
2023/5/19 4:10,100,22.82002258,100,22.2285881,100,22.46006966,35.05862045,22.01967621
2023/5/19 4:11,100,22.82002258,100,22.12731552,100,22.46006966,51.43716049,22.01967621
2023/5/19 4:12,100,22.82002258,100,22.12731552,100,22.56134224,100,22.12094879
2023/5/19 4:13,100,22.82002258,100,22.12731552,100,22.56134224,100,22.12094879
2023/5/19 4:14,100,22.82002258,100,22.11284828,100,22.46006966,100,22.12094879
2023/5/19 4:15,100,22.82002258,100,22.12731552,100,22.46006966,100,22.12094879
2023/5/19 4:16,100,22.82002258,100,22.12731552,100,22.44560242,100,22.01967621
2023/5/19 4:17,100,22.82002258,100,22.02604294,100,22.35879707,100,22.01967621
2023/5/19 4:18,100,22.82002258,100,22.02604294,100,22.35879707,100,22.01967621
2023/5/19 4:19,100,22.82002258,100,22.02604294,100,22.35879707,100,22.01967621
2023/5/19 4:20,100,22.82002258,100,22.02604294,100,22.35879707,42.82762909,21.91840172
2023/5/19 4:21,100,22.82002258,100,22.02604294,100,22.25752258,0,21.91840172
2023/5/19 4:22,100,22.82002258,100,22.02604294,100,22.25752258,0,21.91840172
2023/5/19 4:23,100,22.82002258,100,22.02604294,100,22.25752258,0,21.81712914
2023/5/19 4:24,100,22.82002258,100,22.02604294,100,22.35879707,0,21.81712914
2023/5/19 4:25,100,22.82002258,100,22.12731552,100,22.35879707,0,21.81712914
2023/5/19 4:26,100,22.82002258,100,22.12731552,100,22.35879707,0,21.81712914
2023/5/19 4:27,100,22.82002258,100,22.12731552,100,22.35879707,0,21.81712914
2023/5/19 4:28,100,22.82002258,100,22.12731552,100,22.35879707,0,21.81712914
2023/5/19 4:29,100,22.82002258,100,22.12731552,100,22.35879707,0,21.81712914
2023/5/19 4:30,100,22.82002258,100,22.12731552,100,22.35879707,0,21.81712914
2023/5/19 4:31,100,22.71875,100,22.12731552,100,22.35879707,0,21.90393448
2023/5/19 4:32,100,22.71875,100,22.12731552,100,22.35879707,0,21.91840172
2023/5/19 4:33,100,22.82002258,100,22.12731552,100,22.46006966,0,21.91840172
2023/5/19 4:34,100,22.80555534,100,22.12731552,100,22.46006966,0,21.90393448
2023/5/19 4:35,100,22.82002258,100,22.12731552,100,22.56134224,0,21.91840172
2023/5/19 4:36,100,22.7910881,100,22.12731552,100,22.46006966,0,21.91840172
2023/5/19 4:37,100,22.82002258,100,22.12731552,100,22.46006966,8.192479134,22.01967621
2023/5/19 4:38,100,22.82002258,100,22.12731552,100,22.46006966,22.81230354,22.01967621
2023/5/19 4:39,100,22.80555534,100,22.12731552,100,22.46006966,37.57894897,22.01967621
2023/5/19 4:40,100,22.82002258,100,22.12731552,100,22.48900414,58.27528381,22.12094879
2023/5/19 4:41,100,22.82002258,100,22.2285881,100,22.53240776,100,22.12094879
2023/5/19 4:42,100,22.82002258,100,22.21412086,100,22.46006966,100,22.12094879
2023/5/19 4:43,100,22.82002258,100,22.12731552,100,22.46006966,100,22.12094879
2023/5/19 4:44,100,22.82002258,100,22.12731552,100,22.46006966,100,22.12094879
2023/5/19 4:45,100,22.82002258,100,22.12731552,100,22.40219879,100,22.10648155
2023/5/19 4:46,100,22.82002258,100,22.0839119,100,22.35879707,100,22.01967621
2023/5/19 4:47,100,22.82002258,100,22.02604294,100,22.35879707,100,22.01967621
2023/5/19 4:48,100,22.82002258,100,22.02604294,100,22.25752258,86.82817078,21.91840172
2023/5/19 4:49,100,22.82002258,100,22.02604294,100,22.25752258,21.98023033,21.91840172
2023/5/19 4:50,100,22.82002258,100,21.92476845,100,22.25752258,0,21.91840172
2023/5/19 4:51,100,22.82002258,100,22.02604294,100,22.18518448,0,21.90393448
2023/5/19 4:52,100,22.82002258,100,22.02604294,100,22.25752258,0,21.81712914
2023/5/19 4:53,100,22.82002258,100,22.02604294,100,22.32986069,0,21.81712914
2023/5/19 4:54,100,22.71875,100,22.02604294,100,22.24305534,0,21.81712914
2023/5/19 4:55,100,22.82002258,100,22.02604294,100,22.25752258,0,21.81712914
2023/5/19 4:56,100,22.77662086,100,22.02604294,100,22.35879707,0,21.81712914
2023/5/19 4:57,100,22.82002258,100,22.11284828,100,22.35879707,0,21.81712914
2023/5/19 4:58,100,22.82002258,100,22.12731552,100,22.34432793,0,21.81712914
2023/5/19 4:59,100,22.82002258,100,22.12731552,100,22.35879707,0,21.91840172
2023/5/19 5:00,100,22.82002258,100,22.12731552,100,22.35879707,0,21.91840172
2023/5/19 5:01,100,22.82002258,100,22.12731552,100,22.35879707,0,21.91840172
2023/5/19 5:02,100,22.82002258,100,22.12731552,100,22.43113518,0,21.91840172
2023/5/19 5:03,100,22.82002258,100,22.12731552,100,22.44560242,0,21.91840172
2023/5/19 5:04,100,22.53067207,100,22.12731552,100,22.46006966,3.817964554,22.01967621
2023/5/19 5:05,100,22.51620293,100,22.12731552,100,22.46006966,18.530056,22.01967621
2023/5/19 5:06,100,22.82002258,100,22.12731552,100,22.56134224,33.19438553,22.01967621
2023/5/19 5:07,100,22.82002258,100,22.14178276,100,22.546875,54.64839172,22.12094879
2023/5/19 5:08,100,22.82002258,100,22.2285881,100,22.56134224,100,22.12094879
2023/5/19 5:09,100,22.82002258,100,22.12731552,100,22.46006966,100,22.12094879
2023/5/19 5:10,100,22.82002258,100,22.11284828,100,22.35879707,100,22.12094879
2023/5/19 5:11,100,22.51620293,100,22.12731552,100,22.35879707,100,22.12094879
2023/5/19 5:12,100,22.82002258,100,22.12731552,100,22.35879707,100,22.01967621
2023/5/19 5:13,100,22.82002258,100,22.12731552,100,22.35879707,100,22.01967621
2023/5/19 5:14,100,22.80555534,100,22.02604294,100,22.25752258,100,22.00520706
2023/5/19 5:15,100,22.82002258,100,22.02604294,100,22.25752258,100,22.01967621
2023/5/19 5:16,100,22.82002258,100,22.02604294,100,22.25752258,76.09211731,21.90393448
2023/5/19 5:17,100,22.82002258,100,22.02604294,100,22.25752258,12.29914856,21.91840172
2023/5/19 5:18,100,22.71875,100,22.02604294,100,22.25752258,0,21.91840172
2023/5/19 5:19,100,22.71875,100,22.02604294,100,22.25752258,0,21.81712914
2023/5/19 5:20,100,22.82002258,100,22.02604294,100,22.25752258,0,21.81712914
2023/5/19 5:21,100,22.82002258,100,22.02604294,100,22.25752258,0,21.81712914
2023/5/19 5:22,100,22.82002258,100,22.02604294,100,22.35879707,0,21.81712914
2023/5/19 5:23,100,22.82002258,100,22.02604294,100,22.38773155,0,21.81712914
2023/5/19 5:24,100,22.71875,100,22.02604294,100,22.46006966,0,21.81712914
2023/5/19 5:25,100,22.71875,100,22.02604294,100,22.38773155,0,21.81712914
2023/5/19 5:26,100,22.82002258,100,22.02604294,100,22.46006966,0,21.81712914
2023/5/19 5:27,100,22.82002258,100,22.02604294,100,22.46006966,0,21.81712914
2023/5/19 5:28,100,22.82002258,100,22.02604294,100,22.37326431,0,21.875
2023/5/19 5:29,100,22.82002258,100,22.02604294,100,22.35879707,0,21.91840172
2023/5/19 5:30,100,22.82002258,100,22.02604294,100,22.35879707,0,21.91840172
2023/5/19 5:31,100,22.82002258,100,22.02604294,100,22.35879707,0,21.91840172
2023/5/19 5:32,100,22.82002258,100,22.12731552,100,22.35879707,8.034597397,22.01967621
2023/5/19 5:33,100,22.82002258,100,22.12731552,100,22.46006966,22.71073151,22.01967621
2023/5/19 5:34,100,22.82002258,100,22.11284828,100,22.46006966,37.38204193,22.01967621
2023/5/19 5:35,100,22.82002258,100,22.12731552,100,22.35879707,51.88440704,22.01967621
2023/5/19 5:36,100,22.51620293,100,22.12731552,100,22.46006966,66.54000092,22.01967621
2023/5/19 5:37,100,22.82002258,100,22.12731552,100,22.46006966,81.47828674,22.01967621
2023/5/19 5:38,100,22.82002258,100,22.12731552,100,22.46006966,99.45675659,22.01967621
2023/5/19 5:39,100,22.82002258,100,22.12731552,100,22.35879707,100,22.01967621
2023/5/19 5:40,100,22.73321724,100,22.02604294,100,22.35879707,100,22.01967621
2023/5/19 5:41,100,22.51620293,100,22.0839119,100,22.35879707,100,22.01967621
2023/5/19 5:42,100,22.82002258,100,22.02604294,100,22.35879707,49.30392456,21.91840172
2023/5/19 5:43,100,22.82002258,100,22.02604294,100,22.35879707,0,21.91840172
2023/5/19 5:44,100,22.82002258,100,22.02604294,100,22.25752258,0,21.91840172
2023/5/19 5:45,100,22.82002258,100,22.02604294,100,22.24305534,0,21.81712914
2023/5/19 5:46,100,22.82002258,100,22.02604294,100,22.35879707,0,21.81712914
2023/5/19 5:47,100,22.82002258,100,21.98263931,100,22.35879707,0,21.81712914
2023/5/19 5:48,100,22.82002258,100,21.92476845,100,22.35879707,0,21.81712914
2023/5/19 5:49,100,22.82002258,100,22.02604294,100,22.35879707,0,21.81712914
2023/5/19 5:50,100,22.82002258,100,22.02604294,100,22.35879707,0,21.81712914
2023/5/19 5:51,100,22.82002258,100,22.02604294,100,22.35879707,0,21.81712914
2023/5/19 5:52,100,22.82002258,100,22.02604294,100,22.44560242,0,21.81712914
2023/5/19 5:53,100,22.82002258,100,22.02604294,100,22.35879707,0,21.81712914
2023/5/19 5:54,100,22.82002258,100,22.01157379,100,22.46006966,0,21.91840172
2023/5/19 5:55,100,22.82002258,100,22.12731552,100,22.46006966,0,21.90393448
2023/5/19 5:56,100,22.82002258,100,22.12731552,100,22.46006966,0,21.91840172
2023/5/19 5:57,100,22.82002258,100,22.12731552,100,22.46006966,0,21.91840172
2023/5/19 5:58,100,22.82002258,100,22.18518448,100,22.46006966,0,21.91840172
2023/5/19 5:59,100,22.82002258,100,22.12731552,100,22.56134224,2.430123329,22.01967621
2023/5/19 6:00,100,22.73321724,100,22.12731552,100,22.56134224,15.53466511,22.01967621
2023/5/19 6:01,100,22.82002258,100,22.12731552,100,22.46006966,30.4616909,22.01967621
2023/5/19 6:02,100,22.82002258,100,22.12731552,100,22.46006966,45.28247452,22.01967621
2023/5/19 6:03,100,22.53067207,100,22.12731552,100,22.46006966,59.8455162,22.01967621
2023/5/19 6:04,100,22.51620293,100,22.12731552,100,22.46006966,74.45370483,22.01967621
2023/5/19 6:05,100,22.51620293,100,22.2285881,100,22.46006966,89.61920929,22.01967621
2023/5/19 6:06,100,22.82002258,100,22.12731552,100,22.46006966,100,22.01967621
2023/5/19 6:07,100,22.51620293,100,22.12731552,100,22.35879707,100,22.01967621
2023/5/19 6:08,100,22.82002258,100,22.12731552,100,22.46006966,100,22.01967621
2023/5/19 6:09,100,22.82002258,100,22.12731552,100,22.46006966,51.03797913,21.91840172
2023/5/19 6:10,100,22.80555534,100,22.12731552,100,22.35879707,0,21.91840172
2023/5/19 6:11,100,22.71875,100,22.12731552,100,22.44560242,0,21.91840172
2023/5/19 6:12,100,22.82002258,100,22.12731552,100,22.35879707,0,21.81712914
2023/5/19 6:13,100,22.82002258,100,22.02604294,100,22.35879707,0,21.81712914
2023/5/19 6:14,100,22.82002258,100,22.02604294,100,22.35879707,0,21.81712914
2023/5/19 6:15,100,22.82002258,100,22.12731552,100,22.46006966,0,21.81712914
2023/5/19 6:16,100,22.82002258,100,22.12731552,100,22.46006966,0,21.90393448
2023/5/19 6:17,100,22.82002258,100,22.11284828,100,22.56134224,0,21.91840172
2023/5/19 6:18,100,22.51620293,100,22.12731552,100,22.56134224,0,21.91840172
2023/5/19 6:19,100,22.51620293,100,22.2285881,100,22.56134224,0,21.91840172
2023/5/19 6:20,100,22.51620293,100,22.2285881,100,22.56134224,0,21.91840172
2023/5/19 6:21,100,22.61747742,100,22.21412086,100,22.56134224,0,21.91840172
2023/5/19 6:22,100,22.51620293,100,22.2285881,100,22.56134224,0.38021791,21.91840172
2023/5/19 6:23,100,22.51620293,100,22.14178276,100,22.56134224,13.66087055,22.01967621
2023/5/19 6:24,100,22.7910881,100,22.12731552,100,22.56134224,28.32064629,22.01967621
2023/5/19 6:25,100,22.82002258,100,22.2285881,100,22.56134224,42.72980118,22.01967621
2023/5/19 6:26,100,22.77662086,100,22.2285881,100,22.56134224,90.28062439,22.12094879
2023/5/19 6:27,100,22.82002258,100,22.2285881,100,22.66261482,100,22.12094879
2023/5/19 6:28,100,22.51620293,100,22.2285881,100,22.56134224,100,22.12094879
2023/5/19 6:29,100,22.51620293,100,22.2285881,100,22.46006966,100,22.12094879
2023/5/19 6:30,100,22.82002258,100,22.12731552,100,22.46006966,100,22.03414345
2023/5/19 6:31,100,22.82002258,100,22.12731552,100,22.46006966,100,22.01967621
2023/5/19 6:32,100,22.61747742,100,22.12731552,100,22.46006966,100,22.01967621
2023/5/19 6:33,100,22.82002258,100,22.12731552,100,22.35879707,100,22.01967621
2023/5/19 6:34,100,22.82002258,100,22.12731552,100,22.46006966,69.43611908,21.91840172
2023/5/19 6:35,100,22.82002258,100,22.12731552,100,22.37326431,4.496163368,21.91840172
2023/5/19 6:36,100,22.71875,100,22.12731552,100,22.46006966,0,21.91840172
2023/5/19 6:37,100,22.71875,100,22.12731552,100,22.46006966,0,21.91840172
2023/5/19 6:38,100,22.71875,100,22.11284828,100,22.46006966,0,21.81712914
2023/5/19 6:39,100,22.61747742,100,22.12731552,100,22.46006966,0,21.81712914
2023/5/19 6:40,100,22.61747742,100,22.12731552,100,22.56134224,0,21.81712914
2023/5/19 6:41,100,22.61747742,100,22.12731552,100,22.56134224,0,21.81712914
2023/5/19 6:42,100,22.61747742,100,22.02604294,100,22.56134224,0,21.81712914
2023/5/19 6:43,100,22.61747742,100,22.12731552,100,22.56134224,0,21.81712914
2023/5/19 6:44,100,22.61747742,100,22.12731552,100,22.546875,0,21.83159828
2023/5/19 6:45,100,22.61747742,100,22.12731552,100,22.56134224,0,21.91840172
2023/5/19 6:46,100,22.61747742,100,22.12731552,100,22.56134224,0,21.91840172
2023/5/19 6:47,100,22.61747742,100,22.12731552,100,22.56134224,0,21.91840172
2023/5/19 6:48,100,22.61747742,100,22.15625,100,22.66261482,6.449893475,22.01967621
2023/5/19 6:49,100,22.61747742,100,22.2285881,100,22.56134224,21.21619987,22.01967621
2023/5/19 6:50,100,22.70428276,100,22.2285881,100,22.56134224,35.96124649,22.01967621
2023/5/19 6:51,100,22.61747742,100,22.2285881,100,22.66261482,51.408638,22.10648155
2023/5/19 6:52,100,22.61747742,100,22.2285881,100,22.66261482,100,22.12094879
2023/5/19 6:53,100,22.61747742,100,22.2285881,100,22.76388931,100,22.12094879
2023/5/19 6:54,100,22.61747742,100,22.2285881,100,22.66261482,100,22.12094879
2023/5/19 6:55,100,22.61747742,100,22.2285881,100,22.66261482,100,22.12094879
2023/5/19 6:56,100,22.61747742,100,22.2285881,100,22.56134224,100,22.12094879
2023/5/19 6:57,100,22.61747742,100,22.21412086,100,22.56134224,100,22.01967621
2023/5/19 6:58,100,22.61747742,100,22.2285881,100,22.56134224,100,22.01967621
2023/5/19 6:59,100,22.61747742,100,22.2285881,100,22.56134224,69.69671631,21.91840172
2023/5/19 7:00,100,22.61747742,100,22.2285881,100,22.56134224,4.606990337,21.91840172
2023/5/19 7:01,100,22.61747742,100,22.2285881,100,22.56134224,0,21.91840172
2023/5/19 7:02,100,22.51620293,100,22.2285881,100,22.56134224,0,21.81712914
2023/5/19 7:03,100,22.51620293,100,22.2285881,100,22.57580948,0,21.81712914
2023/5/19 7:04,100,22.41493034,100,22.2285881,100,22.66261482,0,21.81712914
2023/5/19 7:05,100,22.41493034,100,22.2285881,100,22.56134224,0,21.81712914
2023/5/19 7:06,100,22.41493034,100,22.2285881,100,22.56134224,0,21.81712914
2023/5/19 7:07,100,22.51620293,100,22.32986069,100,22.56134224,0,21.81712914
2023/5/19 7:08,100,22.51620293,100,22.32986069,100,22.56134224,0,21.91840172
2023/5/19 7:09,100,22.51620293,100,22.32986069,100,22.66261482,0,21.91840172
2023/5/19 7:10,100,22.41493034,100,22.32986069,100,22.66261482,0,21.91840172
2023/5/19 7:11,100,22.51620293,100,22.32986069,100,22.66261482,0,21.91840172
2023/5/19 7:12,100,22.51620293,100,22.31539345,100,22.66261482,2.736099243,22.01967621
2023/5/19 7:13,100,22.51620293,100,22.32986069,100,22.56134224,17.42562103,22.01967621
2023/5/19 7:14,100,22.51620293,100,22.32986069,100,22.56134224,31.74645615,22.01967621
2023/5/19 7:15,100,22.51620293,100,22.32986069,100,22.66261482,46.24690247,22.01967621
2023/5/19 7:16,100,22.51620293,100,22.32986069,100,22.66261482,86.6396637,22.12094879
2023/5/19 7:17,100,22.51620293,100,22.32986069,100,22.66261482,100,22.10648155
2023/5/19 7:18,100,22.41493034,100,22.32986069,100,22.66261482,100,22.10648155
2023/5/19 7:19,100,22.41493034,100,22.32986069,100,22.66261482,100,22.12094879
2023/5/19 7:20,100,22.41493034,100,22.32986069,100,22.56134224,100,22.09201431
2023/5/19 7:21,100,22.41493034,100,22.2285881,100,22.546875,100,22.00520706
2023/5/19 7:22,100,22.41493034,100,22.2285881,100,22.46006966,100,22.01967621
2023/5/19 7:23,100,22.41493034,100,22.2285881,100,22.46006966,82.42690277,21.91840172
2023/5/19 7:24,100,22.41493034,100,22.12731552,100,22.46006966,18.31933784,21.91840172
2023/5/19 7:25,100,22.41493034,100,22.19965172,100,22.46006966,0,21.84606552
2023/5/19 7:26,100,22.41493034,100,22.12731552,100,22.46006966,0,21.81712914
2023/5/19 7:27,100,22.328125,100,22.12731552,100,22.46006966,0,21.81712914
2023/5/19 7:28,100,22.328125,100,22.12731552,100,22.46006966,0,21.81712914
2023/5/19 7:29,100,22.41493034,100,22.02604294,100,22.35879707,0,21.81712914
2023/5/19 7:30,100,22.41493034,100,22.02604294,100,22.35879707,0,21.81712914
2023/5/19 7:31,100,22.41493034,100,22.02604294,100,22.25752258,0,21.81712914
2023/5/19 7:32,100,22.328125,100,22.12731552,100,22.25752258,0,21.91840172
2023/5/19 7:33,100,22.41493034,100,22.12731552,100,22.35879707,0,21.91840172
2023/5/19 7:34,100,22.41493034,100,22.12731552,100,22.46006966,0,21.91840172
2023/5/19 7:35,100,22.41493034,100,22.2285881,100,22.46006966,0,21.91840172
2023/5/19 7:36,100,22.328125,100,22.2285881,100,22.56134224,0,21.91840172
2023/5/19 7:37,100,22.35705948,100,22.2285881,100,22.56134224,2.710410833,22.01967621
2023/5/19 7:38,100,22.328125,100,22.2285881,100,22.546875,17.31894302,22.01967621
2023/5/19 7:39,100,22.41493034,100,22.2285881,100,22.56134224,32.21843719,22.01967621
2023/5/19 7:40,100,22.41493034,100,22.31539345,100,22.56134224,46.78665161,22.01967621
2023/5/19 7:41,100,22.328125,100,22.32986069,100,22.66261482,61.00033951,22.01967621
2023/5/19 7:42,100,22.328125,100,22.32986069,100,22.56134224,100,22.12094879
2023/5/19 7:43,100,22.31365776,100,22.2285881,100,22.56134224,100,22.12094879
2023/5/19 7:44,100,22.37152672,100,22.2285881,100,22.46006966,100,22.12094879
2023/5/19 7:45,100,22.31365776,100,22.2285881,100,22.51794052,100,22.12094879
2023/5/19 7:46,100,22.328125,100,22.2285881,100,22.46006966,100,22.00520706
2023/5/19 7:47,100,22.31365776,100,22.12731552,100,22.46006966,100,22.01967621
2023/5/19 7:48,100,22.328125,100,22.12731552,100,22.46006966,79.31839752,21.91840172
2023/5/19 7:49,100,22.328125,100,22.12731552,100,22.35879707,15.40770245,21.91840172
2023/5/19 7:50,100,22.328125,100,22.12731552,100,22.35879707,0,21.83159828
2023/5/19 7:51,100,22.22685242,100,22.12731552,100,22.35879707,0,21.81712914
2023/5/19 7:52,100,22.328125,100,22.12731552,100,22.35879707,0,21.81712914
2023/5/19 7:53,100,22.31365776,100,22.12731552,100,22.34432793,0,21.81712914
2023/5/19 7:54,100,22.21238518,100,22.12731552,100,22.35879707,0,21.81712914
2023/5/19 7:55,100,22.22685242,100,22.11284828,100,22.46006966,0,21.81712914
2023/5/19 7:56,100,22.22685242,100,22.12731552,100,22.44560242,0,21.81712914
2023/5/19 7:57,100,22.21238518,100,22.12731552,100,22.46006966,0,21.81712914
2023/5/19 7:58,100,22.22685242,100,22.12731552,100,22.44560242,0,21.81712914
2023/5/19 7:59,100,22.22685242,100,22.12731552,100,22.46006966,0,21.90393448
2023/5/19 8:00,100,22.328125,100,22.12731552,100,22.46006966,0,21.91840172
2023/5/19 8:01,100,22.22685242,100,22.11284828,100,22.46006966,0,21.91840172
2023/5/19 8:02,100,22.328125,100,22.2285881,100,22.44560242,0,21.99073982
2023/5/19 8:03,100,22.328125,100,22.2285881,100,22.46006966,8.205379486,22.01967621
2023/5/19 8:04,100,22.328125,100,22.2285881,100,22.56134224,22.71894264,22.01967621
2023/5/19 8:05,100,22.31365776,100,22.2285881,100,22.56134224,64.43578339,22.12094879
2023/5/19 8:06,100,22.31365776,100,22.32986069,100,22.64814758,100,22.12094879
2023/5/19 8:07,100,22.22685242,100,22.32986069,100,22.66261482,100,22.12094879
2023/5/19 8:08,100,22.328125,100,22.32986069,100,22.64814758,100,22.12094879
2023/5/19 8:09,100,22.31365776,100,22.32986069,100,22.56134224,100,22.12094879
2023/5/19 8:10,100,22.31365776,100,22.2285881,100,22.56134224,100,22.10648155
2023/5/19 8:11,100,22.31365776,100,22.12731552,100,22.46006966,100,22.01967621
2023/5/19 8:12,100,22.41493034,100,22.12731552,100,22.35879707,100,22.01967621
2023/5/19 8:13,100,22.31365776,100,22.12731552,100,22.46006966,100,22.01967621
2023/5/19 8:14,100,22.328125,100,22.2285881,100,22.46006966,53.99035645,21.91840172
2023/5/19 8:15,100,22.21238518,100,22.2285881,100,22.56134224,0,21.91840172
2023/5/19 8:16,100,22.21238518,100,22.2285881,100,22.66261482,0,21.91840172
2023/5/19 8:17,100,22.22685242,100,22.2285881,100,22.66261482,0,21.91840172
2023/5/19 8:18,100,22.22685242,100,22.2285881,100,22.66261482,0,21.91840172
2023/5/19 8:19,100,22.21238518,100,22.2285881,100,22.66261482,0,21.91840172
2023/5/19 8:20,100,22.22685242,100,22.32986069,100,22.56134224,0,21.91840172
2023/5/19 8:21,100,22.22685242,100,22.32986069,100,22.56134224,0,21.91840172
2023/5/19 8:22,100,22.21238518,100,22.32986069,100,22.56134224,0,21.91840172
2023/5/19 8:23,100,22.22685242,100,22.32986069,100,22.56134224,0,21.91840172
2023/5/19 8:24,100,22.22685242,100,22.32986069,100,22.56134224,11.32409191,22.01967621
2023/5/19 8:25,100,22.21238518,100,22.2285881,100,22.56134224,25.89851761,22.01967621
2023/5/19 8:26,100,22.22685242,100,22.2285881,100,22.56134224,40.43596268,22.01967621
2023/5/19 8:27,100,22.21238518,100,22.2285881,100,22.56134224,100,22.12094879
2023/5/19 8:28,100,22.21238518,100,22.32986069,100,22.66261482,100,22.12094879
2023/5/19 8:29,100,22.22685242,100,22.32986069,100,22.66261482,100,22.12094879
2023/5/19 8:30,100,22.21238518,100,22.32986069,100,22.66261482,100,22.12094879
2023/5/19 8:31,100,22.21238518,100,22.32986069,100,22.66261482,100,22.10648155
2023/5/19 8:32,100,22.21238518,100,22.32986069,100,22.56134224,100,22.12094879
2023/5/19 8:33,100,22.21238518,100,22.32986069,100,22.56134224,100,22.10648155
2023/5/19 8:34,100,22.22685242,100,22.32986069,100,22.66261482,100,22.01967621
2023/5/19 8:35,100,22.21238518,100,22.32986069,100,22.63368034,100,22.01967621
2023/5/19 8:36,100,22.21238518,100,22.2285881,100,22.56134224,100,22.01967621
2023/5/19 8:37,100,22.22685242,100,22.2285881,100,22.56134224,41.30919647,21.91840172
2023/5/19 8:38,100,22.21238518,100,22.21412086,100,22.46006966,0,21.91840172
2023/5/19 8:39,100,22.21238518,100,22.2285881,100,22.46006966,0,21.91840172
2023/5/19 8:40,100,22.02430534,100,22.2285881,100,22.56134224,0,21.91840172
2023/5/19 8:41,100,22.02430534,100,22.2285881,100,22.56134224,0,21.91840172
2023/5/19 8:42,100,22.02430534,100,22.2285881,100,22.44560242,0,21.91840172
2023/5/19 8:43,100,22.02430534,100,22.2285881,100,22.4745369,0,21.90393448
2023/5/19 8:44,100,22.02430534,100,22.2285881,100,22.46006966,0,21.91840172
2023/5/19 8:45,100,22.22685242,100,22.2285881,100,22.56134224,0,21.91840172
2023/5/19 8:46,100,22.02430534,100,22.2285881,100,22.46006966,0,21.91840172
2023/5/19 8:47,100,22.02430534,100,22.21412086,100,22.44560242,0,21.91840172
2023/5/19 8:48,100,22.02430534,100,22.12731552,100,22.46006966,0,21.91840172
2023/5/19 8:49,100,22.21238518,100,22.12731552,100,22.56134224,0,21.91840172
2023/5/19 8:50,100,22.22685242,100,22.12731552,100,22.56134224,0,21.91840172
2023/5/19 8:51,100,22.21238518,100,22.12731552,100,22.56134224,0.798506021,21.96180534
2023/5/19 8:52,100,22.21238518,100,22.12731552,100,22.56134224,8.407800674,22.01967621
2023/5/19 8:53,100,22.22685242,100,22.12731552,100,22.66261482,22.93893814,22.01967621
2023/5/19 8:54,100,22.22685242,100,22.2285881,100,22.66261482,37.8016777,22.01967621
2023/5/19 8:55,100,22.21238518,100,22.12731552,100,22.64814758,53.95770645,22.01967621
2023/5/19 8:56,100,22.21238518,100,22.12731552,100,22.66261482,100,22.12094879
2023/5/19 8:57,100,22.22685242,100,22.12731552,100,22.56134224,100,22.12094879
2023/5/19 8:58,100,22.22685242,100,22.12731552,100,22.56134224,100,22.12094879
2023/5/19 8:59,100,22.21238518,100,22.21412086,100,22.64814758,100,22.12094879
2023/5/19 9:00,100,22.21238518,100,22.2285881,100,22.66261482,100,22.10648155
2023/5/19 9:01,100,22.22685242,100,22.12731552,100,22.66261482,100,22.01967621
2023/5/19 9:02,100,22.328125,100,22.12731552,100,22.64814758,100,22.01967621
2023/5/19 9:03,100,22.328125,100,22.12731552,100,22.66261482,100,22.01967621
2023/5/19 9:04,100,22.22685242,100,22.2285881,100,22.66261482,100,22.01967621
2023/5/19 9:05,100,22.22685242,100,22.12731552,100,22.66261482,78.11975861,21.91840172
2023/5/19 9:06,100,22.22685242,100,22.2285881,100,22.57580948,12.22740555,21.91840172
2023/5/19 9:07,100,22.22685242,100,22.2285881,100,22.56134224,0,21.91840172
2023/5/19 9:08,100,22.328125,100,22.2285881,100,22.546875,0,21.91840172
2023/5/19 9:09,100,22.21238518,100,22.15625,100,22.64814758,0,21.91840172
2023/5/19 9:10,100,22.22685242,100,22.2285881,100,22.66261482,0,21.91840172
2023/5/19 9:11,100,22.22685242,100,22.2285881,100,22.66261482,0,21.91840172
2023/5/19 9:12,100,22.22685242,100,22.2285881,100,22.66261482,0,21.91840172
2023/5/19 9:13,100,22.22685242,100,22.2285881,100,22.66261482,0,21.96180534
2023/5/19 9:14,100,22.22685242,100,22.2285881,100,22.64814758,11.48683548,22.00520706
2023/5/19 9:15,100,22.22685242,100,22.2285881,100,22.66261482,25.85896873,22.01967621
2023/5/19 9:16,100,22.22685242,100,22.2285881,100,22.56134224,40.51316071,22.01967621
2023/5/19 9:17,100,22.22685242,100,22.2285881,100,22.56134224,55.1693306,22.01967621
2023/5/19 9:18,100,22.22685242,100,22.12731552,100,22.66261482,70.36278534,22.01967621
2023/5/19 9:19,100,22.22685242,100,22.12731552,100,22.66261482,93.62220764,22.01967621
2023/5/19 9:20,100,22.22685242,100,22.12731552,100,22.56134224,100,22.12094879
2023/5/19 9:21,100,22.22685242,100,22.2285881,100,22.56134224,100,22.04861069
2023/5/19 9:22,100,22.22685242,100,22.2285881,100,22.56134224,100,22.01967621
2023/5/19 9:23,100,22.21238518,100,22.2285881,100,22.66261482,100,22.01967621
2023/5/19 9:24,100,22.21238518,100,22.2285881,100,22.64814758,99.96683502,22.01967621
2023/5/19 9:25,100,22.22685242,100,22.2285881,100,22.64814758,40.65842438,21.91840172
2023/5/19 9:26,100,22.22685242,100,22.2285881,100,22.56134224,0,21.91840172
2023/5/19 9:27,100,22.21238518,100,22.32986069,100,22.56134224,0,21.91840172
2023/5/19 9:28,100,22.22685242,100,22.2285881,100,22.546875,0,21.91840172
2023/5/19 9:29,100,22.21238518,100,22.2285881,100,22.56134224,0,21.91840172
2023/5/19 9:30,100,22.21238518,100,22.2285881,100,22.56134224,0,21.91840172
2023/5/19 9:31,100,22.21238518,100,22.32986069,100,22.66261482,0,21.91840172
2023/5/19 9:32,100,22.22685242,100,22.32986069,100,22.76388931,0,21.91840172
2023/5/19 9:33,100,22.22685242,100,22.32986069,100,22.74942207,0.057892933,21.93287086
2023/5/19 9:34,100,22.21238518,100,22.43113518,100,22.85069466,11.17073441,22.01967621
2023/5/19 9:35,100,22.22685242,100,22.43113518,100,22.8651619,25.21818542,22.01967621
2023/5/19 9:36,100,22.22685242,100,22.43113518,100,22.8651619,40.15921402,22.01967621
2023/5/19 9:37,100,22.328125,100,22.50347328,100,22.8651619,58.50380707,22.01967621
2023/5/19 9:38,100,22.328125,100,22.53240776,100,22.85069466,100,22.12094879
2023/5/19 9:39,100,22.41493034,100,22.43113518,100,22.76388931,100,22.12094879
2023/5/19 9:40,100,22.31365776,100,22.43113518,100,22.76388931,100,22.12094879
2023/5/19 9:41,100,22.328125,100,22.43113518,100,22.74942207,100,22.12094879
2023/5/19 9:42,100,22.21238518,100,22.43113518,100,22.73495293,100,22.12094879
2023/5/19 9:43,100,22.02430534,100,22.43113518,100,22.74942207,100,22.12094879
2023/5/19 9:44,100,21.92303276,100,22.43113518,100,22.85069466,100,22.10648155
2023/5/19 9:45,100,21.82176018,100,22.43113518,100,22.8651619,100,22.01967621
2023/5/19 9:46,100,22.02430534,100,22.43113518,100,22.8651619,100,22.01967621
2023/5/19 9:47,100,22.22685242,100,22.43113518,100,22.8651619,88.94995117,21.91840172
2023/5/19 9:48,100,22.21238518,100,22.43113518,100,22.8651619,23.61389351,21.91840172
2023/5/19 9:49,100,22.21238518,100,22.31539345,100,22.76388931,0,21.91840172
2023/5/19 9:50,100,22.21238518,100,22.43113518,100,22.85069466,0,21.91840172
2023/5/19 9:51,100,22.21238518,100,22.43113518,100,22.76388931,0,21.91840172
2023/5/19 9:52,100,22.21238518,100,22.32986069,100,22.76388931,0,21.81712914
2023/5/19 9:53,100,22.22685242,100,22.43113518,100,22.76388931,0,21.84606552
2023/5/19 9:54,100,22.328125,100,22.43113518,100,22.82176018,0,21.91840172
2023/5/19 9:55,100,22.21238518,100,22.43113518,100,22.8651619,0,21.91840172
2023/5/19 9:56,100,22.21238518,100,22.43113518,100,22.8651619,0,21.91840172
2023/5/19 9:57,100,22.31365776,100,22.44560242,100,22.8651619,0,21.91840172
2023/5/19 9:58,100,22.41493034,100,22.53240776,100,22.8651619,7.417709827,22.01967621
2023/5/19 9:59,100,22.41493034,100,22.53240776,100,22.8651619,22.05032349,22.01967621
2023/5/19 10:00,100,22.328125,100,22.51794052,100,22.8651619,36.48046494,22.01967621
2023/5/19 10:01,100,22.31365776,100,22.53240776,100,22.85069466,66.20497131,22.12094879
2023/5/19 10:02,100,22.328125,100,22.53240776,100,22.95196724,100,22.10648155
2023/5/19 10:03,100,22.31365776,100,22.53240776,100,22.8651619,100,22.12094879
2023/5/19 10:04,100,22.41493034,100,22.4745369,100,22.8651619,100,22.12094879
2023/5/19 10:05,100,22.41493034,100,22.53240776,100,22.85069466,100,22.12094879
2023/5/19 10:06,100,22.51620293,100,22.43113518,100,22.8651619,100,22.12094879
2023/5/19 10:07,100,22.61747742,100,22.43113518,100,22.74942207,100,22.12094879
2023/5/19 10:08,100,22.57407379,100,22.32986069,100,22.74942207,100,22.10648155
2023/5/19 10:09,100,22.61747742,100,22.32986069,100,22.66261482,100,22.01967621
2023/5/19 10:10,100,22.61747742,100,22.32986069,100,22.66261482,100,22.01967621
2023/5/19 10:11,100,22.71875,100,22.32986069,100,22.546875,100,22.01967621
2023/5/19 10:12,100,22.71875,100,22.32986069,100,22.56134224,93.02441406,21.9473381
2023/5/19 10:13,100,22.71875,100,22.32986069,100,22.56134224,30.72345543,21.91840172
2023/5/19 10:14,100,22.61747742,100,22.32986069,100,22.64814758,0,21.91840172
2023/5/19 10:15,100,22.61747742,100,22.32986069,100,22.56134224,0,21.91840172
2023/5/19 10:16,100,22.61747742,100,22.2285881,100,22.546875,0,21.91840172
2023/5/19 10:17,100,22.61747742,100,22.2285881,100,22.46006966,0,21.81712914
2023/5/19 10:18,100,22.61747742,100,22.2285881,100,22.56134224,0,21.91840172
2023/5/19 10:19,100,22.61747742,100,22.32986069,100,22.56134224,0,21.91840172
2023/5/19 10:20,100,22.61747742,100,22.32986069,100,22.64814758,0,21.91840172
2023/5/19 10:21,100,22.70428276,100,22.32986069,100,22.74942207,0,21.91840172
2023/5/19 10:22,100,22.71875,100,22.32986069,100,22.74942207,0,21.91840172
2023/5/19 10:23,100,22.71875,100,22.43113518,100,22.74942207,0,21.91840172
2023/5/19 10:24,100,22.61747742,100,22.43113518,100,22.74942207,0,21.90393448
2023/5/19 10:25,100,22.61747742,100,22.50347328,100,22.8651619,3.154837608,22.01967621
2023/5/19 10:26,100,22.61747742,100,22.53240776,100,22.85069466,17.42726326,22.00520706
2023/5/19 10:27,100,22.71875,100,22.43113518,100,22.95196724,48.53147125,22.06307793
2023/5/19 10:28,100,22.71875,100,22.43113518,100,22.95196724,100,22.12094879
2023/5/19 10:29,100,22.71875,100,22.43113518,100,22.85069466,100,22.10648155
2023/5/19 10:30,100,22.71875,100,22.43113518,100,22.8651619,100,22.12094879
2023/5/19 10:31,100,22.71875,100,22.44560242,100,22.8651619,100,22.14988518
2023/5/19 10:32,100,22.61747742,100,22.43113518,100,22.74942207,100,22.1932869
2023/5/19 10:33,100,22.61747742,100,22.53240776,100,22.74942207,100,22.10648155
2023/5/19 10:34,100,22.61747742,100,22.43113518,100,22.76388931,100,22.12094879
2023/5/19 10:35,100,22.54513931,100,22.43113518,100,22.66261482,100,22.12094879
2023/5/19 10:36,100,22.41493034,100,22.43113518,100,22.66261482,100,22.12094879
2023/5/19 10:37,100,22.41493034,100,22.41666794,100,22.76388931,100,22.12094879
2023/5/19 10:38,100,22.61747742,100,22.43113518,100,22.66261482,100,22.12094879
2023/5/19 10:39,100,22.51620293,100,22.32986069,100,22.56134224,100,22.01967621
2023/5/19 10:40,100,22.51620293,100,22.32986069,100,22.56134224,100,22.01967621
2023/5/19 10:41,100,22.41493034,100,22.32986069,100,22.56134224,100,22.01967621
2023/5/19 10:42,100,22.41493034,100,22.32986069,100,22.64814758,78.9263916,21.91840172
2023/5/19 10:43,100,22.41493034,100,22.32986069,100,22.66261482,26.7802887,21.90393448
2023/5/19 10:44,100,22.51620293,100,22.32986069,100,22.64814758,0,21.91840172
2023/5/19 10:45,100,22.41493034,100,22.41666794,100,22.66261482,0,21.91840172
2023/5/19 10:46,100,22.41493034,100,22.43113518,100,22.66261482,0,21.91840172
2023/5/19 10:47,100,22.41493034,100,22.53240776,100,22.74942207,0,21.91840172
2023/5/19 10:48,100,22.41493034,100,22.53240776,100,22.74942207,0,21.91840172
2023/5/19 10:49,100,22.41493034,100,22.53240776,100,22.80729294,0,21.91840172
2023/5/19 10:50,100,22.41493034,100,22.43113518,100,22.74942207,0,21.91840172
2023/5/19 10:51,100,22.41493034,100,22.32986069,100,22.74942207,0,21.91840172
2023/5/19 10:52,100,22.41493034,100,22.43113518,100,22.74942207,0,21.91840172
2023/5/19 10:53,100,22.41493034,100,22.43113518,100,22.76388931,3.591990471,22.01967621
2023/5/19 10:54,100,22.41493034,100,22.43113518,100,22.74942207,18.12373734,22.01967621
2023/5/19 10:55,100,22.41493034,100,22.43113518,100,22.66261482,12.17117786,21.91840172
2023/5/19 10:56,100,22.41493034,100,22.43113518,100,22.64814758,5.510530472,22.01967621
2023/5/19 10:57,100,22.41493034,100,22.43113518,100,22.64814758,35.1607132,22.12094879
2023/5/19 10:58,100,22.41493034,100,22.46006966,100,22.74942207,100,22.12094879
2023/5/19 10:59,100,22.41493034,100,22.53240776,100,22.66261482,100,22.12094879
2023/5/19 11:00,100,22.41493034,100,22.43113518,100,22.66261482,100,22.20775414
2023/5/19 11:01,100,22.41493034,100,22.43113518,100,22.66261482,100,22.12094879
2023/5/19 11:02,100,22.41493034,100,22.43113518,100,22.56134224,100,22.12094879
2023/5/19 11:03,100,22.41493034,100,22.32986069,100,22.56134224,100,22.12094879
2023/5/19 11:04,100,22.41493034,100,22.43113518,100,22.66261482,100,22.00520706
2023/5/19 11:05,100,22.41493034,100,22.32986069,100,22.56134224,100,22.01967621
2023/5/19 11:06,100,22.41493034,100,22.32986069,100,22.46006966,100,22.01967621
2023/5/19 11:07,100,22.31365776,100,22.31539345,100,22.46006966,100,22.01967621
2023/5/19 11:08,100,22.41493034,100,22.32986069,100,22.56134224,62.17965698,21.91840172
2023/5/19 11:09,100,22.328125,100,22.32986069,100,22.546875,0,21.91840172
2023/5/19 11:10,100,22.41493034,100,22.32986069,100,22.56134224,0,21.91840172
2023/5/19 11:11,100,22.41493034,100,22.32986069,100,22.56134224,0,21.83159828
2023/5/19 11:12,100,22.41493034,100,22.32986069,100,22.56134224,0,21.81712914
2023/5/19 11:13,100,22.41493034,100,22.32986069,100,22.56134224,0,21.81712914
2023/5/19 11:14,100,22.41493034,100,22.32986069,100,22.56134224,0,21.81712914
2023/5/19 11:15,100,22.41493034,100,22.32986069,100,22.56134224,0,21.8026619
2023/5/19 11:16,100,22.41493034,100,22.31539345,100,22.56134224,0,21.91840172
2023/5/19 11:17,100,22.41493034,100,22.32986069,100,22.66261482,0,21.91840172
2023/5/19 11:18,100,22.328125,100,22.43113518,100,22.64814758,0,21.90393448
2023/5/19 11:19,100,22.41493034,100,22.43113518,100,22.74942207,0,21.90393448
2023/5/19 11:20,100,22.41493034,100,22.43113518,100,22.66261482,2.159142971,22.01967621
2023/5/19 11:21,100,22.4004631,100,22.41666794,100,22.66261482,16.80212784,22.01967621
2023/5/19 11:22,100,22.41493034,100,22.43113518,100,22.74942207,31.33833504,22.00520706
2023/5/19 11:23,100,22.51620293,100,22.51794052,100,22.74942207,96.27642822,22.12094879
2023/5/19 11:24,100,22.61747742,100,22.53240776,100,22.85069466,100,22.12094879
2023/5/19 11:25,100,22.51620293,100,22.53240776,100,22.85069466,100,22.12094879
2023/5/19 11:26,100,22.51620293,100,22.53240776,100,22.8651619,100,22.12094879
2023/5/19 11:27,100,22.51620293,100,22.4745369,100,22.74942207,100,22.12094879
2023/5/19 11:28,100,22.41493034,100,22.43113518,100,22.76388931,100,22.12094879
2023/5/19 11:29,100,22.41493034,100,22.51794052,100,22.74942207,100,22.12094879
2023/5/19 11:30,100,22.41493034,100,22.43113518,100,22.66261482,100,22.12094879
2023/5/19 11:31,100,22.41493034,100,22.43113518,100,22.66261482,100,22.12094879
2023/5/19 11:32,100,22.41493034,100,22.32986069,100,22.56134224,100,22.10648155
2023/5/19 11:33,100,22.41493034,100,22.32986069,100,22.56134224,100,22.01967621
2023/5/19 11:34,100,22.41493034,100,22.32986069,100,22.546875,100,22.01967621
2023/5/19 11:35,100,22.41493034,100,22.2285881,100,22.44560242,65.17404938,21.91840172
2023/5/19 11:36,100,22.328125,100,22.2285881,100,22.35879707,0.43043071,21.91840172
2023/5/19 11:37,100,22.31365776,100,22.14178276,100,22.35879707,0,21.81712914
2023/5/19 11:38,100,22.41493034,100,22.12731552,100,22.35879707,0,21.81712914
2023/5/19 11:39,100,22.41493034,100,22.12731552,100,22.35879707,0,21.81712914
2023/5/19 11:40,100,22.38599586,100,22.12731552,100,22.34432793,0,21.81712914
2023/5/19 11:41,100,22.328125,100,22.12731552,100,22.35879707,0,21.81712914
2023/5/19 11:42,100,22.328125,100,22.12731552,100,22.35879707,0,21.81712914
2023/5/19 11:43,100,22.31365776,100,22.12731552,100,22.46006966,0,21.81712914
2023/5/19 11:44,100,22.31365776,100,22.11284828,100,22.46006966,0,21.81712914
2023/5/19 11:45,100,22.31365776,100,22.12731552,100,22.44560242,0,21.81712914
2023/5/19 11:46,100,22.328125,100,22.2285881,100,22.46006966,0,21.81712914
2023/5/19 11:47,100,22.328125,100,22.2285881,100,22.46006966,0,21.81712914
2023/5/19 11:48,100,22.31365776,100,22.2285881,100,22.46006966,0,21.81712914
2023/5/19 11:49,100,22.31365776,100,22.2285881,100,22.46006966,0,21.81712914
2023/5/19 11:50,100,22.31365776,100,22.2285881,100,22.546875,0,21.90393448
2023/5/19 11:51,100,22.328125,100,22.2285881,100,22.56134224,0,21.91840172
2023/5/19 11:52,100,22.328125,100,22.2285881,100,22.56134224,0,21.91840172
2023/5/19 11:53,100,22.31365776,100,22.32986069,100,22.56134224,0,21.91840172
2023/5/19 11:54,100,22.22685242,100,22.30092621,100,22.56134224,0,21.91840172
2023/5/19 11:55,100,22.21238518,100,22.32986069,100,22.56134224,0,21.9473381
2023/5/19 11:56,100,22.22685242,100,22.32986069,100,22.66261482,12.32692719,22.01967621
2023/5/19 11:57,100,22.31365776,100,22.32986069,100,22.76388931,26.94586754,22.01967621
2023/5/19 11:58,100,22.328125,100,22.32986069,100,22.66261482,41.35012054,22.01967621
2023/5/19 11:59,100,22.328125,100,22.32986069,100,22.66261482,56.97327423,22.01967621
2023/5/19 12:00,100,22.328125,100,22.32986069,100,22.66261482,100,22.12094879
2023/5/19 12:01,100,22.328125,100,22.32986069,100,22.66261482,100,22.12094879
2023/5/19 12:02,100,22.31365776,100,22.32986069,100,22.56134224,100,22.12094879
2023/5/19 12:03,100,22.41493034,100,22.32986069,100,22.56134224,100,22.01967621
2023/5/19 12:04,100,22.42939758,100,22.2285881,100,22.46006966,100,22.01967621
2023/5/19 12:05,100,22.328125,100,22.2285881,100,22.46006966,100,22.00520706
2023/5/19 12:06,100,22.34259224,100,22.2285881,100,22.35879707,100,22.01967621
2023/5/19 12:07,100,22.328125,100,22.12731552,100,22.35879707,98.42360687,21.91840172
2023/5/19 12:08,100,22.328125,100,22.2285881,100,22.35879707,44.39913177,21.91840172
2023/5/19 12:09,100,22.21238518,100,22.2285881,100,22.46006966,0,21.91840172
2023/5/19 12:10,100,22.22685242,100,22.2285881,100,22.44560242,0,21.91840172
2023/5/19 12:11,100,22.21238518,100,22.19965172,100,22.46006966,0,21.91840172
2023/5/19 12:12,100,22.22685242,100,22.12731552,100,22.46006966,0,21.91840172
2023/5/19 12:13,100,22.22685242,100,22.12731552,100,22.56134224,0,21.91840172
2023/5/19 12:14,100,22.22685242,100,22.15625,100,22.56134224,0,21.91840172
2023/5/19 12:15,100,22.21238518,100,22.2285881,100,22.56134224,0,21.91840172
2023/5/19 12:16,100,22.328125,100,22.21412086,100,22.56134224,0,21.91840172
2023/5/19 12:17,100,22.22685242,100,22.2285881,100,22.546875,0,21.91840172
2023/5/19 12:18,100,22.22685242,100,22.2285881,100,22.56134224,0,21.91840172
2023/5/19 12:19,100,22.22685242,100,22.2285881,100,22.66261482,0,21.99073982
2023/5/19 12:20,100,22.22685242,100,22.2285881,100,22.56134224,8.145545006,22.01967621
2023/5/19 12:21,100,22.328125,100,22.2285881,100,22.546875,22.87774658,22.01967621
2023/5/19 12:22,100,22.328125,100,22.32986069,100,22.56134224,37.27544403,22.01967621
2023/5/19 12:23,100,22.22685242,100,22.32986069,100,22.66261482,51.90593719,22.01967621
2023/5/19 12:24,100,22.21238518,100,22.32986069,100,22.70601845,96.89667511,22.12094879
2023/5/19 12:25,100,22.328125,100,22.32986069,100,22.66261482,100,22.12094879
2023/5/19 12:26,100,22.22685242,100,22.32986069,100,22.546875,100,22.12094879
2023/5/19 12:27,100,22.22685242,100,22.32986069,100,22.56134224,100,22.12094879
2023/5/19 12:28,100,22.22685242,100,22.32986069,100,22.56134224,100,22.01967621
2023/5/19 12:29,100,22.22685242,100,22.32986069,100,22.56134224,100,22.01967621
2023/5/19 12:30,100,22.328125,100,22.32986069,100,22.56134224,100,22.01967621
2023/5/19 12:31,100,22.22685242,100,22.32986069,100,22.546875,100,22.01967621
2023/5/19 12:32,100,22.328125,100,22.2285881,100,22.56134224,100,22.01967621
2023/5/19 12:33,100,22.2557869,100,22.2285881,100,22.46006966,100,22.01967621
2023/5/19 12:34,100,22.22685242,100,22.2285881,100,22.46006966,58.02753448,21.91840172
2023/5/19 12:35,100,22.22685242,100,22.2285881,100,22.46006966,0,21.91840172
2023/5/19 12:36,100,22.21238518,100,22.2285881,100,22.46006966,0,21.91840172
2023/5/19 12:37,100,22.22685242,100,22.2285881,100,22.46006966,0,21.81712914
2023/5/19 12:38,100,22.22685242,100,22.2285881,100,22.46006966,0,21.81712914
2023/5/19 12:39,100,22.21238518,100,22.2285881,100,22.46006966,0,21.81712914
2023/5/19 12:40,100,22.22685242,100,22.2285881,100,22.46006966,0,21.91840172
2023/5/19 12:41,100,22.22685242,100,22.2285881,100,22.46006966,0,21.81712914
2023/5/19 12:42,100,22.22685242,100,22.2285881,100,22.56134224,0,21.875
2023/5/19 12:43,100,22.22685242,100,22.2285881,100,22.46006966,0,21.91840172
2023/5/19 12:44,100,22.21238518,100,22.2285881,100,22.46006966,0,21.91840172
2023/5/19 12:45,100,22.22685242,100,22.2285881,100,22.56134224,0,21.91840172
2023/5/19 12:46,100,22.328125,100,22.2285881,100,22.56134224,0,21.91840172
2023/5/19 12:47,100,22.328125,100,22.32986069,100,22.546875,0,21.91840172
2023/5/19 12:48,100,22.22685242,100,22.32986069,100,22.56134224,8.718898773,22.01967621
2023/5/19 12:49,100,22.328125,100,22.32986069,100,22.56134224,23.08275986,22.01967621
2023/5/19 12:50,100,22.328125,100,22.32986069,100,22.56134224,37.61339951,22.01967621
2023/5/19 12:51,100,22.328125,100,22.32986069,100,22.57580948,52.25866699,22.01967621
2023/5/19 12:52,100,22.22685242,100,22.32986069,100,22.64814758,100,22.12094879
2023/5/19 12:53,100,22.328125,100,22.32986069,100,22.66261482,100,22.12094879
2023/5/19 12:54,100,22.328125,100,22.32986069,100,22.66261482,100,22.12094879
2023/5/19 12:55,100,22.328125,100,22.32986069,100,22.56134224,100,22.12094879
2023/5/19 12:56,100,22.31365776,100,22.32986069,100,22.56134224,100,22.01967621
2023/5/19 12:57,100,22.328125,100,22.32986069,100,22.56134224,100,22.01967621
2023/5/19 12:58,100,22.328125,100,22.2285881,100,22.56134224,99.35636139,21.97627258
2023/5/19 12:59,100,22.328125,100,22.2285881,100,22.46006966,35.77783203,21.91840172
2023/5/19 13:00,100,22.328125,100,22.2285881,100,22.46006966,0,21.91840172
2023/5/19 13:01,100,22.328125,100,22.2285881,100,22.46006966,0,21.90393448
2023/5/19 13:02,100,22.328125,100,22.2285881,100,22.35879707,0,21.81712914
2023/5/19 13:03,100,22.328125,100,22.2285881,100,22.35879707,0,21.81712914
2023/5/19 13:04,100,22.31365776,100,22.2285881,100,22.46006966,0,21.81712914
2023/5/19 13:05,100,22.328125,100,22.32986069,100,22.46006966,0,21.81712914
2023/5/19 13:06,100,22.328125,100,22.32986069,100,22.56134224,0,21.81712914
2023/5/19 13:07,100,22.328125,100,22.32986069,100,22.56134224,0,21.81712914
2023/5/19 13:08,100,22.328125,100,22.32986069,100,22.56134224,0,21.81712914
2023/5/19 13:09,100,22.328125,100,22.32986069,100,22.64814758,0,21.81712914
2023/5/19 13:10,100,22.328125,100,22.35879707,100,22.66261482,0,21.81712914
2023/5/19 13:11,100,22.328125,100,22.32986069,100,22.66261482,0,21.81712914
2023/5/19 13:12,100,22.328125,100,22.43113518,100,22.66261482,0,21.81712914
2023/5/19 13:13,100,22.31365776,100,22.43113518,100,22.64814758,0,21.81712914
2023/5/19 13:14,100,22.328125,100,22.43113518,100,22.66261482,0,21.81712914
2023/5/19 13:15,100,22.4004631,100,22.43113518,100,22.64814758,0,21.81712914
2023/5/19 13:16,100,22.31365776,100,22.32986069,100,22.56134224,0,21.91840172
2023/5/19 13:17,100,22.328125,100,22.32986069,100,22.66261482,0,21.83159828
2023/5/19 13:18,100,22.41493034,100,22.32986069,100,22.66261482,0,21.91840172
2023/5/19 13:19,100,22.41493034,100,22.43113518,100,22.64814758,0,21.90393448
2023/5/19 13:20,100,22.41493034,100,22.43113518,100,22.66261482,0,21.91840172
2023/5/19 13:21,100,22.41493034,100,22.43113518,100,22.66261482,0,21.91840172
2023/5/19 13:22,100,22.41493034,100,22.43113518,100,22.66261482,0,21.91840172
2023/5/19 13:23,100,22.41493034,100,22.43113518,100,22.66261482,0,21.91840172
2023/5/19 13:24,100,22.41493034,100,22.43113518,100,22.74942207,0,21.91840172
2023/5/19 13:25,100,22.41493034,100,22.43113518,100,22.74942207,0,21.91840172
2023/5/19 13:26,100,22.41493034,100,22.43113518,100,22.74942207,0,21.91840172
2023/5/19 13:27,100,22.328125,100,22.43113518,100,22.73495293,0,21.91840172
2023/5/19 13:28,100,22.31365776,100,22.43113518,100,22.74942207,6.907771587,22.01967621
2023/5/19 13:29,100,22.41493034,100,22.53240776,100,22.76388931,20.97755051,22.01967621
2023/5/19 13:30,100,22.41493034,100,22.41666794,100,22.74942207,30.40378952,21.97627258
2023/5/19 13:31,100,22.41493034,100,22.43113518,100,22.76388931,0,21.9473381
2023/5/19 13:32,100,22.41493034,100,22.43113518,100,22.74942207,1.204772234,22.01967621
2023/5/19 13:33,100,22.41493034,100,22.51794052,100,22.8651619,3.454131365,22.01967621
2023/5/19 13:34,100,22.41493034,100,22.53240776,100,22.80729294,12.37200642,22.01967621
2023/5/19 13:35,100,22.41493034,100,22.53240776,100,22.76388931,25.25255585,22.01967621
2023/5/19 13:36,100,22.41493034,100,22.53240776,100,22.76388931,39.83329773,22.01967621
2023/5/19 13:37,100,22.41493034,100,22.43113518,100,22.76388931,54.4306488,22.01967621
2023/5/19 13:38,100,22.41493034,100,22.43113518,100,22.8651619,69.33433533,22.01967621
2023/5/19 13:39,100,22.41493034,100,22.53240776,100,22.85069466,87.76065063,22.04861069
2023/5/19 13:40,100,22.41493034,100,22.53240776,100,22.8651619,100,22.12094879
2023/5/19 13:41,100,22.41493034,100,22.53240776,100,22.8651619,100,22.12094879
2023/5/19 13:42,100,22.41493034,100,22.46006966,100,22.8651619,100,22.00520706
2023/5/19 13:43,100,22.31365776,100,22.43113518,100,22.8651619,100,22.01967621
2023/5/19 13:44,100,22.41493034,100,22.43113518,100,22.76388931,100,22.01967621
2023/5/19 13:45,100,22.42939758,100,22.43113518,100,22.74942207,53.83153534,21.91840172
2023/5/19 13:46,100,22.42939758,100,22.43113518,100,22.74942207,0,21.91840172
2023/5/19 13:47,100,22.41493034,100,22.43113518,100,22.8651619,0,21.91840172
2023/5/19 13:48,100,22.41493034,100,22.51794052,100,22.8651619,0,21.91840172
2023/5/19 13:49,100,22.41493034,100,22.63368034,100,22.8651619,0,21.91840172
2023/5/19 13:50,100,22.328125,100,22.6192131,100,22.85069466,0,21.91840172
2023/5/19 13:51,100,22.328125,100,22.73495293,100,22.8651619,0,21.91840172
2023/5/19 13:52,100,22.4004631,100,22.73495293,100,22.8651619,0,21.91840172
2023/5/19 13:53,100,22.41493034,100,22.72048569,100,22.8651619,0,21.91840172
2023/5/19 13:54,100,22.42939758,100,22.63368034,100,22.76388931,0,21.91840172
2023/5/19 13:55,100,22.41493034,100,22.63368034,100,22.8651619,0,21.91840172
2023/5/19 13:56,100,22.41493034,100,22.63368034,100,22.85069466,0.682468653,22.01967621
2023/5/19 13:57,100,22.41493034,100,22.63368034,100,22.8651619,13.94016838,22.01967621
2023/5/19 13:58,100,22.51620293,100,22.73495293,100,22.95196724,28.59820747,22.01967621
2023/5/19 13:59,100,22.51620293,100,22.73495293,100,22.96643448,57.76271057,22.10648155
2023/5/19 14:00,100,22.41493034,100,22.73495293,100,22.95196724,100,22.12094879
2023/5/19 14:01,100,22.41493034,100,22.73495293,100,22.8651619,100,22.10648155
2023/5/19 14:02,100,22.41493034,100,22.63368034,100,22.8651619,100,22.12094879
2023/5/19 14:03,100,22.51620293,100,22.63368034,100,22.76388931,100,22.12094879
2023/5/19 14:04,100,22.41493034,100,22.53240776,100,22.85069466,100,22.12094879
2023/5/19 14:05,100,22.41493034,100,22.63368034,100,22.89409828,100,22.01967621
2023/5/19 14:06,100,22.47280121,100,22.53240776,100,22.8651619,100,22.01967621
2023/5/19 14:07,100,22.41493034,100,22.43113518,100,22.76388931,100,22.01967621
2023/5/19 14:08,100,22.41493034,100,22.43113518,100,22.74942207,68.72506714,21.91840172
2023/5/19 14:09,100,22.41493034,100,22.43113518,100,22.66261482,4.756482124,21.91840172
2023/5/19 14:10,100,22.41493034,100,22.44560242,100,22.66261482,0,21.91840172
2023/5/19 14:11,100,22.41493034,100,22.53240776,100,22.66261482,0,21.81712914
2023/5/19 14:12,100,22.41493034,100,22.43113518,100,22.64814758,0,21.90393448
2023/5/19 14:13,100,22.41493034,100,22.32986069,100,22.66261482,0,21.91840172
2023/5/19 14:14,100,22.41493034,100,22.32986069,100,22.66261482,0,21.91840172
2023/5/19 14:15,100,22.41493034,100,22.32986069,100,22.66261482,0,21.91840172
2023/5/19 14:16,100,22.41493034,100,22.32986069,100,22.66261482,0,21.91840172
2023/5/19 14:17,100,22.41493034,100,22.32986069,100,22.66261482,0,21.91840172
2023/5/19 14:18,100,22.41493034,100,22.32986069,100,22.66261482,0.412501693,22.01967621
2023/5/19 14:19,100,22.41493034,100,22.41666794,100,22.66261482,9.692702293,22.01967621
2023/5/19 14:20,100,22.41493034,100,22.38773155,100,22.66261482,23.90012741,22.01967621
2023/5/19 14:21,100,22.41493034,100,22.32986069,100,22.74942207,38.59051895,22.01967621
2023/5/19 14:22,100,22.41493034,100,22.32986069,100,22.76388931,53.14588547,22.01967621
2023/5/19 14:23,100,22.41493034,100,22.37326431,100,22.76388931,100,22.12094879
2023/5/19 14:24,100,22.42939758,100,22.32986069,100,22.74942207,100,22.12094879
2023/5/19 14:25,100,22.41493034,100,22.32986069,100,22.76388931,100,22.12094879
2023/5/19 14:26,100,22.41493034,100,22.32986069,100,22.66261482,100,22.12094879
2023/5/19 14:27,100,22.41493034,100,22.32986069,100,22.56134224,100,22.12094879
2023/5/19 14:28,100,22.41493034,100,22.31539345,100,22.56134224,100,22.12094879
2023/5/19 14:29,100,22.41493034,100,22.32986069,100,22.56134224,100,22.01967621
2023/5/19 14:30,100,22.31365776,100,22.32986069,100,22.56134224,100,22.00520706
2023/5/19 14:31,100,22.41493034,100,22.32986069,100,22.56134224,100,22.01967621
2023/5/19 14:32,100,22.41493034,100,22.32986069,100,22.56134224,80.54415894,21.91840172
2023/5/19 14:33,100,22.328125,100,22.32986069,100,22.56134224,16.66888237,21.91840172
2023/5/19 14:34,100,22.328125,100,22.32986069,100,22.56134224,0,21.81712914
2023/5/19 14:35,100,22.328125,100,22.2285881,100,22.56134224,0,21.81712914
2023/5/19 14:36,100,22.328125,100,22.2285881,100,22.56134224,0,21.81712914
2023/5/19 14:37,100,22.328125,100,22.2285881,100,22.56134224,0,21.81712914
2023/5/19 14:38,100,22.31365776,100,22.30092621,100,22.56134224,0,21.81712914
2023/5/19 14:39,100,22.328125,100,22.24305534,100,22.66261482,0,21.81712914
2023/5/19 14:40,100,22.328125,100,22.30092621,100,22.66261482,0,21.81712914
2023/5/19 14:41,100,22.328125,100,22.32986069,100,22.66261482,0,21.83159828
2023/5/19 14:42,100,22.328125,100,22.32986069,100,22.66261482,0,21.91840172
2023/5/19 14:43,100,22.21238518,100,22.32986069,100,22.66261482,0,21.91840172
2023/5/19 14:44,100,22.328125,100,22.32986069,100,22.66261482,0,21.91840172
2023/5/19 14:45,100,22.41493034,100,22.32986069,100,22.66261482,0,21.91840172
2023/5/19 14:46,100,22.328125,100,22.31539345,100,22.76388931,0,21.91840172
2023/5/19 14:47,100,22.328125,100,22.43113518,100,22.76388931,0,21.91840172
2023/5/19 14:48,100,22.42939758,100,22.53240776,100,22.8651619,0,21.91840172
2023/5/19 14:49,100,22.41493034,100,22.53240776,100,22.76388931,0,21.91840172
2023/5/19 14:50,100,22.41493034,100,22.48900414,100,22.76388931,0,21.91840172
2023/5/19 14:51,100,22.41493034,100,22.53240776,100,22.76388931,0,21.93287086
2023/5/19 14:52,100,22.41493034,100,22.53240776,100,22.76388931,0,21.91840172
2023/5/19 14:53,100,22.41493034,100,22.51794052,100,22.76388931,7.764451027,22.01967621
2023/5/19 14:54,100,22.41493034,100,22.53240776,100,22.8651619,22.46944427,22.01967621
2023/5/19 14:55,100,22.41493034,100,22.53240776,100,22.8651619,36.8237648,22.01967621
2023/5/19 14:56,100,22.41493034,100,22.53240776,100,22.96643448,51.42321014,22.01967621
2023/5/19 14:57,100,22.41493034,100,22.53240776,100,22.8651619,100,22.12094879
2023/5/19 14:58,100,22.41493034,100,22.53240776,100,22.76388931,100,22.12094879
2023/5/19 14:59,100,22.41493034,100,22.53240776,100,22.76388931,100,22.12094879
2023/5/19 15:00,100,22.41493034,100,22.53240776,100,22.76388931,100,22.12094879
2023/5/19 15:01,100,22.41493034,100,22.53240776,100,22.74942207,100,22.12094879
2023/5/19 15:02,100,22.41493034,100,22.53240776,100,22.66261482,100,22.01967621
2023/5/19 15:03,100,22.41493034,100,22.53240776,100,22.64814758,100,22.00520706
2023/5/19 15:04,100,22.34259224,100,22.53240776,100,22.76388931,90.52964783,21.93287086
2023/5/19 15:05,100,22.41493034,100,22.60474586,100,22.46389008,25.30153084,21.91840172
2023/5/19 15:06,100,22.41493034,100,22.63368034,100,22.46389008,0,21.875
2023/5/19 15:07,100,22.41493034,100,22.53240776,100,22.52176094,0,21.81712914
2023/5/19 15:08,100,22.328125,100,22.53240776,100,22.46389008,0,21.81712914
2023/5/19 15:09,100,22.31365776,100,22.53240776,100,22.46389008,0,21.81712914
2023/5/19 15:10,100,22.328125,100,22.63368034,100,22.46389008,0,21.81712914
2023/5/19 15:11,100,22.41493034,100,22.56134224,100,22.46389008,0,21.81712914
2023/5/19 15:12,100,22.41493034,100,22.53240776,100,22.36261559,0,21.81712914
2023/5/19 15:13,100,22.37152672,100,22.53240776,100,22.36261559,0,21.81712914
2023/5/19 15:14,100,22.41493034,100,22.53240776,100,22.44942284,0,21.91840172
2023/5/19 15:15,100,22.41493034,100,22.51794052,100,22.44942284,0,21.91840172
2023/5/19 15:16,100,22.41493034,100,22.63368034,100,22.42048645,0,21.91840172
2023/5/19 15:17,100,22.41493034,100,22.63368034,100,22.46389008,0,21.91840172
2023/5/19 15:18,100,22.41493034,100,22.63368034,100,22.46389008,4.223493576,22.00520706
2023/5/19 15:19,100,22.41493034,100,22.63368034,100,22.46389008,18.68715286,22.01967621
2023/5/19 15:20,100,22.41493034,100,22.63368034,100,22.46389008,45.31951523,22.09201431
2023/5/19 15:21,100,22.41493034,100,22.63368034,100,22.44942284,100,22.10648155
2023/5/19 15:22,100,22.41493034,100,22.63368034,100,22.56516266,100,22.12094879
2023/5/19 15:23,100,22.51620293,100,22.53240776,100,22.46389008,100,22.12094879
2023/5/19 15:24,100,22.41493034,100,22.53240776,100,22.34814835,100,22.12094879
2023/5/19 15:25,100,22.41493034,100,22.53240776,100,22.36261559,100,22.12094879
2023/5/19 15:26,100,22.41493034,100,22.51794052,100,22.36261559,100,22.01967621
2023/5/19 15:27,100,22.31365776,100,22.63368034,100,22.36261559,100,22.01967621
2023/5/19 15:28,100,22.328125,100,22.63368034,100,22.36261559,100,22.01967621
2023/5/19 15:29,100,22.31365776,100,22.63368034,100,22.34814835,71.07811737,21.91840172
2023/5/19 15:30,100,22.328125,100,22.63368034,100,22.36261559,7.34632349,21.91840172
2023/5/19 15:31,100,22.21238518,100,22.63368034,100,22.44942284,0,21.91840172
2023/5/19 15:32,100,22.21238518,100,22.6192131,100,22.46389008,0,21.81712914
2023/5/19 15:33,100,22.22685242,100,22.63368034,100,22.46389008,0,21.81712914
2023/5/19 15:34,100,22.22685242,100,22.63368034,100,22.46389008,0,21.81712914
2023/5/19 15:35,100,22.22685242,100,22.63368034,100,22.56516266,0,21.81712914
2023/5/19 15:36,100,22.22685242,100,22.53240776,100,22.44942284,0,21.81712914
2023/5/19 15:37,100,22.22685242,100,22.53240776,100,22.46389008,0,21.81712914
2023/5/19 15:38,100,22.21238518,100,22.51794052,100,22.46389008,0,21.81712914
2023/5/19 15:39,100,22.22685242,100,22.63368034,100,22.55069542,0,21.90393448
2023/5/19 15:40,100,22.22685242,100,22.63368034,100,22.47835732,0,21.91840172
2023/5/19 15:41,100,22.22685242,100,22.63368034,100,22.46389008,0,21.91840172
2023/5/19 15:42,100,22.328125,100,22.63368034,100,22.49282455,0,21.91840172
2023/5/19 15:43,100,22.328125,100,22.51794052,100,22.46389008,0.646415174,22.01967621
2023/5/19 15:44,100,22.328125,100,22.53240776,100,22.46389008,11.06567001,22.01967621
2023/5/19 15:45,100,22.328125,100,22.53240776,100,22.46389008,25.6811924,22.01967621
2023/5/19 15:46,100,22.328125,100,22.53240776,100,22.56516266,68.54080963,22.12094879
2023/5/19 15:47,100,22.31365776,100,22.53240776,100,22.56516266,100,22.12094879
2023/5/19 15:48,100,22.34259224,100,22.53240776,100,22.46389008,100,22.12094879
2023/5/19 15:49,100,22.41493034,100,22.51794052,100,22.46389008,100,22.10648155
2023/5/19 15:50,100,22.38599586,100,22.43113518,100,22.36261559,100,22.12094879
2023/5/19 15:51,100,22.41493034,100,22.41666794,100,22.36261559,100,22.12094879
2023/5/19 15:52,100,22.31365776,100,22.43113518,100,22.36261559,100,22.12094879
2023/5/19 15:53,100,22.328125,100,22.41666794,100,22.261343,100,22.12094879
2023/5/19 15:54,100,22.328125,100,22.43113518,100,22.261343,100,22.01967621
2023/5/19 15:55,100,22.31365776,100,22.43113518,100,22.261343,100,22.01967621
2023/5/19 15:56,100,22.328125,100,22.43113518,100,22.34814835,100,22.01967621
2023/5/19 15:57,100,22.328125,100,22.32986069,100,22.261343,100,22.01967621
2023/5/19 15:58,100,22.328125,100,22.31539345,100,22.20347404,100,22.01967621
2023/5/19 15:59,100,22.31365776,100,22.32986069,100,22.261343,79.31425476,21.91840172
2023/5/19 16:00,100,22.328125,100,22.32986069,100,22.261343,14.60084438,21.91840172
2023/5/19 16:01,100,22.328125,100,22.32986069,100,22.16007042,0,21.91840172
2023/5/19 16:02,100,22.328125,100,22.32986069,100,22.16007042,0,21.91840172
2023/5/19 16:03,100,22.328125,100,22.32986069,100,22.261343,0,21.81712914
2023/5/19 16:04,100,22.328125,100,22.32986069,100,22.261343,0,21.83159828
2023/5/19 16:05,100,22.328125,100,22.32986069,100,22.261343,0,21.81712914
2023/5/19 16:06,100,22.31365776,100,22.43113518,100,22.261343,0,21.81712914
2023/5/19 16:07,100,22.41493034,100,22.43113518,100,22.261343,0,21.91840172
2023/5/19 16:08,100,22.328125,100,22.43113518,100,22.261343,0,21.91840172
2023/5/19 16:09,100,22.328125,100,22.43113518,100,22.261343,0,21.91840172
2023/5/19 16:10,100,22.22685242,100,22.50347328,100,22.36261559,0,21.91840172
2023/5/19 16:11,100,22.328125,100,22.43113518,100,22.36261559,0,21.91840172
2023/5/19 16:12,100,22.328125,100,22.32986069,100,22.261343,0,21.91840172
2023/5/19 16:13,100,22.328125,100,22.43113518,100,22.34814835,0,21.91840172
2023/5/19 16:14,100,22.41493034,100,22.43113518,100,22.261343,6.168501377,22.01967621
2023/5/19 16:15,100,22.41493034,100,22.43113518,100,22.36261559,20.84256172,22.01967621
2023/5/19 16:16,100,22.41493034,100,22.43113518,100,22.36261559,35.12937164,22.01967621
2023/5/19 16:17,100,22.51620293,100,22.43113518,100,22.36261559,79.48899078,22.12094879
2023/5/19 16:18,100,22.61747742,100,22.43113518,100,22.36261559,100,22.12094879
2023/5/19 16:19,100,22.61747742,100,22.43113518,100,22.36261559,100,22.12094879
2023/5/19 16:20,100,22.61747742,100,22.43113518,100,22.36261559,100,22.12094879
2023/5/19 16:21,100,22.61747742,100,22.43113518,100,22.261343,100,22.12094879
2023/5/19 16:22,100,22.61747742,100,22.32986069,100,22.261343,100,22.10648155
2023/5/19 16:23,100,22.61747742,100,22.32986069,100,22.261343,100,22.01967621
2023/5/19 16:24,100,22.61747742,100,22.32986069,100,22.16007042,100,22.01967621
2023/5/19 16:25,100,22.61747742,100,22.32986069,100,22.16007042,100,22.01967621
2023/5/19 16:26,100,22.61747742,100,22.32986069,100,22.261343,100,22.01967621
2023/5/19 16:27,100,22.61747742,100,22.32986069,100,22.16007042,58.2134552,21.91840172
2023/5/19 16:28,100,22.67534828,100,22.2285881,100,22.16007042,0,21.91840172
2023/5/19 16:29,100,22.71875,100,22.32986069,100,22.1890049,0,21.91840172
2023/5/19 16:30,100,22.71875,100,22.32986069,100,22.261343,0,21.91840172
2023/5/19 16:31,100,22.71875,100,22.43113518,100,22.261343,0,21.91840172
2023/5/19 16:32,100,22.61747742,100,22.43113518,100,22.261343,0,21.81712914
2023/5/19 16:33,100,22.71875,100,22.43113518,100,22.261343,0,21.81712914
2023/5/19 16:34,100,22.71875,100,22.43113518,100,22.261343,0,21.81712914
2023/5/19 16:35,100,22.71875,100,22.53240776,100,22.36261559,0,21.81712914
2023/5/19 16:36,100,22.71875,100,22.53240776,100,22.36261559,0,21.86053276
2023/5/19 16:37,100,22.71875,100,22.41666794,100,22.261343,0,21.90393448
2023/5/19 16:38,100,22.82002258,100,22.43113518,100,22.261343,0,21.91840172
2023/5/19 16:39,100,22.80555534,100,22.43113518,100,22.36261559,0,21.91840172
2023/5/19 16:40,100,22.71875,100,22.43113518,100,22.36261559,0,21.91840172
2023/5/19 16:41,100,22.71875,100,22.43113518,100,22.261343,5.488660336,22.01967621
2023/5/19 16:42,100,22.71875,100,22.43113518,100,22.261343,20.28741264,22.01967621
2023/5/19 16:43,100,22.71875,100,22.43113518,100,22.36261559,34.48080444,22.01967621
2023/5/19 16:44,100,22.71875,100,22.43113518,100,22.36261559,83.04118347,22.12094879
2023/5/19 16:45,100,22.71875,100,22.43113518,100,22.44942284,100,22.12094879
2023/5/19 16:46,100,22.71875,100,22.43113518,100,22.36261559,100,22.12094879
2023/5/19 16:47,100,22.71875,100,22.41666794,100,22.36261559,100,22.12094879
2023/5/19 16:48,100,22.71875,100,22.43113518,100,22.261343,100,22.12094879
2023/5/19 16:49,100,22.71875,100,22.43113518,100,22.261343,100,22.12094879
2023/5/19 16:50,100,22.71875,100,22.40219879,100,22.261343,100,22.01967621
2023/5/19 16:51,100,22.71875,100,22.43113518,100,22.36261559,100,22.01967621
2023/5/19 16:52,100,22.71875,100,22.41666794,100,22.34814835,100,22.01967621
2023/5/19 16:53,100,22.71875,100,22.32986069,100,22.261343,72.17995453,21.91840172
2023/5/19 16:54,100,22.71875,100,22.32986069,100,22.16007042,8.461932182,21.91840172
2023/5/19 16:55,100,22.71875,100,22.32986069,100,22.16007042,0,21.91840172
2023/5/19 16:56,100,22.71875,100,22.32986069,100,22.16007042,0,21.91840172
2023/5/19 16:57,100,22.71875,100,22.32986069,100,22.261343,0,21.81712914
2023/5/19 16:58,100,22.71875,100,22.32986069,100,22.261343,0,21.90393448
2023/5/19 16:59,100,22.71875,100,22.32986069,100,22.261343,0,21.91840172
2023/5/19 17:00,100,22.82002258,100,22.41666794,100,22.261343,0,21.91840172
2023/5/19 17:01,100,22.82002258,100,22.43113518,100,22.36261559,0,21.91840172
2023/5/19 17:02,100,22.80555534,100,22.43113518,100,22.261343,0,21.91840172
2023/5/19 17:03,100,22.82002258,100,22.43113518,100,22.36261559,0,21.91840172
2023/5/19 17:04,100,22.82002258,100,22.41666794,100,22.36261559,0.075558357,22.00520706
2023/5/19 17:05,100,22.82002258,100,22.43113518,100,22.36261559,12.42115688,22.01967621
2023/5/19 17:06,100,22.74768448,100,22.43113518,100,22.36261559,26.72719765,22.00520706
2023/5/19 17:07,100,22.82002258,100,22.43113518,100,22.36261559,59.51445389,22.12094879
2023/5/19 17:08,100,22.82002258,100,22.53240776,100,22.36261559,100,22.12094879
2023/5/19 17:09,100,22.82002258,100,22.53240776,100,22.46389008,100,22.10648155
2023/5/19 17:10,100,22.82002258,100,22.53240776,100,22.36261559,100,22.12094879
2023/5/19 17:11,100,22.82002258,100,22.44560242,100,22.36261559,100,22.10648155
2023/5/19 17:12,100,22.80555534,100,22.43113518,100,22.261343,100,22.12094879
2023/5/19 17:13,100,22.82002258,100,22.43113518,100,22.261343,100,22.12094879
2023/5/19 17:14,100,22.82002258,100,22.43113518,100,22.261343,100,22.01967621
2023/5/19 17:15,100,22.82002258,100,22.32986069,100,22.24687576,100,22.01967621
2023/5/19 17:16,100,22.82002258,100,22.43113518,100,22.261343,100,22.01967621
2023/5/19 17:17,100,22.82002258,100,22.43113518,100,22.261343,97.64282227,21.91840172
2023/5/19 17:18,100,22.80555534,100,22.43113518,100,22.261343,43.78528595,21.91840172
2023/5/19 17:19,100,22.82002258,100,22.43113518,100,22.261343,0,21.91840172
2023/5/19 17:20,100,22.82002258,100,22.53240776,100,22.31921387,0,21.91840172
2023/5/19 17:21,100,22.82002258,100,22.46006966,100,22.261343,0,21.91840172
2023/5/19 17:22,100,22.82002258,100,22.41666794,100,22.261343,0,21.81712914
2023/5/19 17:23,100,22.82002258,100,22.43113518,100,22.261343,0,21.83159828
2023/5/19 17:24,100,22.82002258,100,22.43113518,100,22.261343,0,21.81712914
2023/5/19 17:25,100,22.82002258,100,22.43113518,100,22.261343,0,21.81712914
2023/5/19 17:26,100,22.82002258,100,22.43113518,100,22.261343,0,21.91840172
2023/5/19 17:27,100,22.82002258,100,22.53240776,100,22.34814835,0,21.91840172
2023/5/19 17:28,100,22.51620293,100,22.53240776,100,22.261343,0,21.91840172
2023/5/19 17:29,100,22.82002258,100,22.53240776,100,22.261343,0,21.91840172
2023/5/19 17:30,100,22.82002258,100,22.43113518,100,22.36261559,0,21.91840172
2023/5/19 17:31,100,22.82002258,100,22.43113518,100,22.36261559,9.134131432,22.01967621
2023/5/19 17:32,100,22.51620293,100,22.43113518,100,22.36261559,23.66947556,22.01967621
2023/5/19 17:33,100,22.51620293,100,22.43113518,100,22.36261559,45.49475861,22.09201431
2023/5/19 17:34,100,22.82002258,100,22.53240776,100,22.36261559,100,22.12094879
2023/5/19 17:35,100,22.51620293,100,22.53240776,100,22.36261559,100,22.12094879
2023/5/19 17:36,100,22.61747742,100,22.53240776,100,22.36261559,100,22.12094879
2023/5/19 17:37,100,22.61747742,100,22.43113518,100,22.36261559,100,22.12094879
2023/5/19 17:38,100,22.54513931,100,22.43113518,100,22.261343,100,22.12094879
2023/5/19 17:39,100,22.51620293,100,22.43113518,100,22.261343,100,22.10648155
2023/5/19 17:40,100,22.51620293,100,22.53240776,100,22.36261559,100,22.01967621
2023/5/19 17:41,100,22.51620293,100,22.53240776,100,22.36261559,100,22.01967621
2023/5/19 17:42,100,22.51620293,100,22.53240776,100,22.36261559,100,22.01967621
2023/5/19 17:43,100,22.51620293,100,22.43113518,100,22.36261559,90.68127441,21.90393448
2023/5/19 17:44,100,22.51620293,100,22.43113518,100,22.36261559,25.97453308,21.91840172
2023/5/19 17:45,100,22.51620293,100,22.31539345,100,22.36261559,0,21.91840172
2023/5/19 17:46,100,22.51620293,100,22.32986069,100,22.261343,0,21.81712914
2023/5/19 17:47,100,22.51620293,100,22.32986069,100,22.34814835,0,21.81712914
2023/5/19 17:48,100,22.82002258,100,22.43113518,100,22.36261559,0,21.81712914
2023/5/19 17:49,100,22.51620293,100,22.43113518,100,22.36261559,0,21.81712914
2023/5/19 17:50,100,22.51620293,100,22.32986069,100,22.36261559,0,21.81712914
2023/5/19 17:51,100,22.51620293,100,22.32986069,100,22.36261559,0,21.91840172
2023/5/19 17:52,100,22.82002258,100,22.32986069,100,22.34814835,0,21.91840172
2023/5/19 17:53,100,22.82002258,100,22.32986069,100,22.261343,0,21.91840172
2023/5/19 17:54,100,22.82002258,100,22.32986069,100,22.261343,0,21.91840172
2023/5/19 17:55,100,22.51620293,100,22.32986069,100,22.261343,0,21.91840172
2023/5/19 17:56,100,22.51620293,100,22.43113518,100,22.261343,5.873149872,22.01967621
2023/5/19 17:57,100,22.51620293,100,22.43113518,100,22.36261559,20.64989853,22.00520706
2023/5/19 17:58,100,22.51620293,100,22.43113518,100,22.36261559,35.16885757,22.01967621
2023/5/19 17:59,100,22.51620293,100,22.43113518,100,22.36261559,100,22.12094879
2023/5/19 18:00,100,22.51620293,100,22.43113518,100,22.36261559,100,22.10648155
2023/5/19 18:01,100,22.51620293,100,22.43113518,100,22.261343,100,22.12094879
2023/5/19 18:02,100,22.61747742,100,22.43113518,100,22.261343,100,22.10648155
2023/5/19 18:03,100,22.61747742,100,22.32986069,100,22.261343,100,22.12094879
2023/5/19 18:04,100,22.61747742,100,22.32986069,100,22.261343,100,22.12094879
2023/5/19 18:05,100,22.51620293,100,22.32986069,100,22.261343,100,22.12094879
2023/5/19 18:06,100,22.51620293,100,22.32986069,100,22.16007042,100,22.12094879
2023/5/19 18:07,100,22.61747742,100,22.32986069,100,22.16007042,100,22.01967621
2023/5/19 18:08,100,22.58854294,100,22.32986069,100,22.16007042,100,22.01967621
2023/5/19 18:09,100,22.54513931,100,22.32986069,100,22.16007042,100,22.01967621
2023/5/19 18:10,100,22.61747742,100,22.2285881,100,22.16007042,64.90161133,21.91840172
2023/5/19 18:11,100,22.51620293,100,22.2285881,100,22.05879784,0.021032773,21.91840172
2023/5/19 18:12,100,22.51620293,100,22.2285881,100,22.05879784,0,21.91840172
2023/5/19 18:13,100,22.51620293,100,22.21412086,100,22.05879784,0,21.81712914
2023/5/19 18:14,100,22.51620293,100,22.32986069,100,22.16007042,0,21.81712914
2023/5/19 18:15,100,22.51620293,100,22.32986069,100,22.261343,0,21.81712914
2023/5/19 18:16,100,22.51620293,100,22.32986069,100,22.261343,0,21.81712914
2023/5/19 18:17,100,22.51620293,100,22.32986069,100,22.261343,0,21.81712914
2023/5/19 18:18,100,22.51620293,100,22.31539345,100,22.261343,0,21.88946724
2023/5/19 18:19,100,22.51620293,100,22.32986069,100,22.261343,0,21.91840172
2023/5/19 18:20,100,22.51620293,100,22.43113518,100,22.261343,0,21.91840172
2023/5/19 18:21,100,22.51620293,100,22.43113518,100,22.261343,0,21.91840172
2023/5/19 18:22,100,22.60301018,100,22.43113518,100,22.24687576,0,21.91840172
2023/5/19 18:23,100,22.61747742,100,22.43113518,100,22.261343,1.026296496,22.01967621
2023/5/19 18:24,100,22.61747742,100,22.32986069,100,22.261343,15.57240486,22.01967621
2023/5/19 18:25,100,22.61747742,100,22.31539345,100,22.261343,29.947649,22.01967621
2023/5/19 18:26,100,22.61747742,100,22.32986069,100,22.24687576,61.5744133,22.12094879
2023/5/19 18:27,100,22.61747742,100,22.32986069,100,22.261343,100,22.12094879
2023/5/19 18:28,100,22.61747742,100,22.32986069,100,22.261343,100,22.12094879
2023/5/19 18:29,100,22.61747742,100,22.32986069,100,22.16007042,100,22.14988518
2023/5/19 18:30,100,22.61747742,100,22.32986069,100,22.16007042,100,22.12094879
2023/5/19 18:31,100,22.61747742,100,22.27198982,100,22.14560318,100,22.12094879
2023/5/19 18:32,100,22.61747742,100,22.32986069,100,22.16007042,100,22.12094879
2023/5/19 18:33,100,22.61747742,100,22.2285881,100,22.13113594,100,22.10648155
2023/5/19 18:34,100,22.61747742,100,22.21412086,100,22.16007042,100,22.01967621
2023/5/19 18:35,100,22.61747742,100,22.32986069,100,22.16007042,100,22.01967621
2023/5/19 18:36,100,22.51620293,100,22.32986069,100,22.16007042,100,22.01967621
2023/5/19 18:37,100,22.61747742,100,22.32986069,100,22.16007042,69.04814148,21.91840172
2023/5/19 18:38,100,22.51620293,100,22.32986069,100,22.24687576,5.348987579,21.91840172
2023/5/19 18:39,100,22.61747742,100,22.43113518,100,22.261343,0,21.81712914
2023/5/19 18:40,100,22.51620293,100,22.43113518,100,22.16007042,0,21.81712914
2023/5/19 18:41,100,22.51620293,100,22.38773155,100,22.16007042,0,21.81712914
2023/5/19 18:42,100,22.51620293,100,22.43113518,100,22.24687576,0,21.81712914
2023/5/19 18:43,100,22.51620293,100,22.43113518,100,22.261343,0,21.81712914
2023/5/19 18:44,100,22.51620293,100,22.43113518,100,22.261343,0,21.81712914
2023/5/19 18:45,100,22.51620293,100,22.32986069,100,22.24687576,0,21.81712914
2023/5/19 18:46,100,22.51620293,100,22.32986069,100,22.16007042,0,21.81712914
2023/5/19 18:47,100,22.61747742,100,22.32986069,100,22.24687576,0,21.91840172
2023/5/19 18:48,100,22.61747742,100,22.40219879,100,22.261343,0,21.91840172
2023/5/19 18:49,100,22.61747742,100,22.43113518,100,22.261343,0,21.91840172
2023/5/19 18:50,100,22.61747742,100,22.43113518,100,22.261343,0,21.91840172
2023/5/19 18:51,100,22.61747742,100,22.43113518,100,22.34814835,9.77754879,22.01967621
2023/5/19 18:52,100,22.61747742,100,22.43113518,100,22.36261559,24.14928055,22.01967621
2023/5/19 18:53,100,22.61747742,100,22.43113518,100,22.34814835,68.63700104,22.12094879
2023/5/19 18:54,100,22.61747742,100,22.43113518,100,22.36261559,100,22.12094879
2023/5/19 18:55,100,22.61747742,100,22.41666794,100,22.36261559,100,22.12094879
2023/5/19 18:56,100,22.61747742,100,22.32986069,100,22.261343,100,22.12094879
2023/5/19 18:57,100,22.61747742,100,22.32986069,100,22.24687576,100,22.12094879
2023/5/19 18:58,100,22.61747742,100,22.32986069,100,22.16007042,100,22.12094879
2023/5/19 18:59,100,22.61747742,100,22.32986069,100,22.14560318,100,22.10648155
2023/5/19 19:00,100,22.60301018,100,22.2285881,100,22.16007042,100,22.12094879
2023/5/19 19:01,100,22.61747742,100,22.2285881,100,22.16007042,100,22.01967621
2023/5/19 19:02,100,22.61747742,100,22.2285881,100,22.16007042,100,22.01967621
2023/5/19 19:03,100,22.51620293,100,22.2285881,100,22.14560318,100,22.00520706
2023/5/19 19:04,100,22.61747742,100,22.21412086,100,22.14560318,73.15045166,21.91840172
2023/5/19 19:05,100,22.61747742,100,22.32986069,100,22.261343,8.352440834,21.91840172
2023/5/19 19:06,100,22.61747742,100,22.30092621,100,22.261343,0,21.91840172
2023/5/19 19:07,100,22.51620293,100,22.2285881,100,22.261343,0,21.90393448
2023/5/19 19:08,100,22.51620293,100,22.2285881,100,22.24687576,0,21.83159828
2023/5/19 19:09,100,22.51620293,100,22.21412086,100,22.16007042,0,21.91840172
2023/5/19 19:10,100,22.60301018,100,22.32986069,100,22.24687576,0,21.91840172
2023/5/19 19:11,100,22.51620293,100,22.32986069,100,22.261343,0,21.91840172
2023/5/19 19:12,100,22.51620293,100,22.32986069,100,22.24687576,0,21.91840172
2023/5/19 19:13,100,22.51620293,100,22.43113518,100,22.261343,0,21.91840172
2023/5/19 19:14,100,22.51620293,100,22.43113518,100,22.24687576,0,21.91840172
2023/5/19 19:15,100,22.51620293,100,22.43113518,100,22.261343,0,21.91840172
2023/5/19 19:16,100,22.61747742,100,22.43113518,100,22.261343,3.327857256,22.01967621
2023/5/19 19:17,100,22.61747742,100,22.43113518,100,22.261343,17.79832649,22.01967621
2023/5/19 19:18,100,22.61747742,100,22.43113518,100,22.261343,32.45229721,22.00520706
2023/5/19 19:19,100,22.61747742,100,22.43113518,100,22.24687576,49.41792297,22.10648155
2023/5/19 19:20,100,22.51620293,100,22.53240776,100,22.36261559,100,22.10648155
2023/5/19 19:21,100,22.51620293,100,22.53240776,100,22.36261559,100,22.10648155
2023/5/19 19:22,100,22.61747742,100,22.53240776,100,22.36261559,100,22.10648155
2023/5/19 19:23,100,22.61747742,100,22.53240776,100,22.34814835,100,22.12094879
2023/5/19 19:24,100,22.51620293,100,22.43113518,100,22.261343,100,22.01967621
2023/5/19 19:25,100,22.61747742,100,22.43113518,100,22.261343,100,22.01967621
2023/5/19 19:26,100,22.61747742,100,22.43113518,100,22.261343,100,22.01967621
2023/5/19 19:27,100,22.61747742,100,22.43113518,100,22.261343,84.57704163,21.91840172
2023/5/19 19:28,100,22.54513931,100,22.43113518,100,22.24687576,20.53058815,21.91840172
2023/5/19 19:29,100,22.61747742,100,22.43113518,100,22.24687576,0,21.91840172
2023/5/19 19:30,100,22.61747742,100,22.43113518,100,22.261343,0,21.91840172
2023/5/19 19:31,100,22.51620293,100,22.43113518,100,22.261343,0,21.91840172
2023/5/19 19:32,100,22.51620293,100,22.46006966,100,22.261343,0,21.91840172
2023/5/19 19:33,100,22.51620293,100,22.43113518,100,22.24687576,0,21.91840172
2023/5/19 19:34,100,22.60301018,100,22.48900414,100,22.34814835,0,21.91840172
2023/5/19 19:35,100,22.61747742,100,22.53240776,100,22.36261559,0,21.91840172
2023/5/19 19:36,100,22.51620293,100,22.51794052,100,22.36261559,0,21.91840172
2023/5/19 19:37,100,22.51620293,100,22.43113518,100,22.36261559,0,21.90393448
2023/5/19 19:38,100,22.51620293,100,22.43113518,100,22.261343,0,21.91840172
2023/5/19 19:39,100,22.51620293,100,22.43113518,100,22.34814835,0,21.91840172
2023/5/19 19:40,100,22.61747742,100,22.43113518,100,22.261343,11.2530632,22.00520706
2023/5/19 19:41,100,22.61747742,100,22.43113518,100,22.30474663,25.72185516,22.01967621
2023/5/19 19:42,100,22.60301018,100,22.53240776,100,22.36261559,42.96937561,22.01967621
2023/5/19 19:43,100,22.61747742,100,22.53240776,100,22.34814835,100,22.12094879
2023/5/19 19:44,100,22.61747742,100,22.53240776,100,22.36261559,100,22.12094879
2023/5/19 19:45,100,22.61747742,100,22.41666794,100,22.24687576,100,22.12094879
2023/5/19 19:46,100,22.61747742,100,22.43113518,100,22.261343,100,22.12094879
2023/5/19 19:47,100,22.61747742,100,22.32986069,100,22.16007042,100,22.12094879
2023/5/19 19:48,100,22.61747742,100,22.43113518,100,22.261343,100,22.01967621
2023/5/19 19:49,100,22.61747742,100,22.43113518,100,22.16007042,100,22.01967621
2023/5/19 19:50,100,22.61747742,100,22.32986069,100,22.14560318,95.67930603,22.00520706
2023/5/19 19:51,100,22.71875,100,22.43113518,100,22.16007042,35.51940918,21.91840172
2023/5/19 19:52,100,22.71875,100,22.32986069,100,22.16007042,0,21.91840172
2023/5/19 19:53,100,22.61747742,100,22.32986069,100,22.261343,0,21.81712914
2023/5/19 19:54,100,22.61747742,100,22.32986069,100,22.261343,0,21.81712914
2023/5/19 19:55,100,22.51620293,100,22.43113518,100,22.24687576,0,21.81712914
2023/5/19 19:56,100,22.51620293,100,22.43113518,100,22.261343,0,21.81712914
2023/5/19 19:57,100,22.51620293,100,22.32986069,100,22.261343,0,21.81712914
2023/5/19 19:58,100,22.51620293,100,22.32986069,100,22.261343,0,21.81712914
2023/5/19 19:59,100,22.61747742,100,22.32986069,100,22.261343,0,21.81712914
2023/5/19 20:00,100,22.61747742,100,22.32986069,100,22.16007042,0,21.81712914
2023/5/19 20:01,100,22.61747742,100,22.32986069,100,22.17453766,0,21.91840172
2023/5/19 20:02,100,22.61747742,100,22.32986069,100,22.16007042,0,21.91840172
2023/5/19 20:03,100,22.61747742,100,22.43113518,100,22.261343,0,21.91840172
2023/5/19 20:04,100,22.57407379,100,22.43113518,100,22.261343,0,21.91840172
2023/5/19 20:05,100,22.61747742,100,22.43113518,100,22.261343,0,21.91840172
2023/5/19 20:06,100,22.51620293,100,22.53240776,100,22.36261559,5.987392902,22.01967621
2023/5/19 20:07,100,22.51620293,100,22.53240776,100,22.36261559,20.89825249,22.01967621
2023/5/19 20:08,100,22.61747742,100,22.53240776,100,22.36261559,35.5344429,22.01967621
2023/5/19 20:09,100,22.61747742,100,22.53240776,100,22.36261559,100,22.12094879
2023/5/19 20:10,100,22.61747742,100,22.53240776,100,22.36261559,100,22.12094879
2023/5/19 20:11,100,22.61747742,100,22.53240776,100,22.36261559,100,22.12094879
2023/5/19 20:12,100,22.61747742,100,22.43113518,100,22.261343,100,22.12094879
2023/5/19 20:13,100,22.61747742,100,22.43113518,100,22.261343,100,22.12094879
2023/5/19 20:14,100,22.60301018,100,22.43113518,100,22.261343,100,22.01967621
2023/5/19 20:15,100,22.61747742,100,22.43113518,100,22.36261559,100,22.01967621
2023/5/19 20:16,100,22.61747742,100,22.43113518,100,22.261343,89.12850189,21.91840172
2023/5/19 20:17,100,22.61747742,100,22.41666794,100,22.261343,28.57869339,21.91840172
2023/5/19 20:18,100,22.61747742,100,22.43113518,100,22.261343,0,21.91840172
2023/5/19 20:19,100,22.51620293,100,22.43113518,100,22.261343,0,21.91840172
2023/5/19 20:20,100,22.61747742,100,22.43113518,100,22.261343,0,21.91840172
2023/5/19 20:21,100,22.61747742,100,22.43113518,100,22.261343,0,21.91840172
2023/5/19 20:22,100,22.51620293,100,22.53240776,100,22.261343,0,21.91840172
2023/5/19 20:23,100,22.61747742,100,22.53240776,100,22.261343,0,21.90393448
2023/5/19 20:24,100,22.61747742,100,22.53240776,100,22.261343,0,21.91840172
2023/5/19 20:25,100,22.61747742,100,22.53240776,100,22.261343,0,21.91840172
2023/5/19 20:26,100,22.51620293,100,22.53240776,100,22.36261559,0,21.91840172
2023/5/19 20:27,100,22.51620293,100,22.53240776,100,22.36261559,0,21.91840172
2023/5/19 20:28,100,22.61747742,100,22.53240776,100,22.36261559,0,21.91840172
2023/5/19 20:29,100,22.51620293,100,22.53240776,100,22.36261559,0.033987302,22.00520706
2023/5/19 20:30,100,22.51620293,100,22.53240776,100,22.36261559,12.50290871,22.01967621
2023/5/19 20:31,100,22.51620293,100,22.53240776,100,22.44942284,27.26196289,22.01967621
2023/5/19 20:32,100,22.61747742,100,22.53240776,100,22.36261559,48.59897995,22.09201431
2023/5/19 20:33,100,22.61747742,100,22.53240776,100,22.43495369,100,22.12094879
2023/5/19 20:34,100,22.61747742,100,22.53240776,100,22.36261559,100,22.12094879
2023/5/19 20:35,100,22.61747742,100,22.43113518,100,22.261343,100,22.12094879
2023/5/19 20:36,100,22.58854294,100,22.43113518,100,22.261343,100,22.12094879
2023/5/19 20:37,100,22.60301018,100,22.53240776,100,22.261343,100,22.10648155
2023/5/19 20:38,100,22.58854294,100,22.53240776,100,22.261343,100,22.01967621
2023/5/19 20:39,100,22.51620293,100,22.53240776,100,22.261343,100,22.01967621
2023/5/19 20:40,100,22.51620293,100,22.53240776,100,22.36261559,100,22.01967621
2023/5/19 20:41,100,22.61747742,100,22.53240776,100,22.261343,40.68343353,21.91840172
2023/5/19 20:42,100,22.51620293,100,22.53240776,100,22.261343,0,21.91840172
2023/5/19 20:43,100,22.51620293,100,22.50347328,100,22.261343,0,21.81712914
2023/5/19 20:44,100,22.51620293,100,22.43113518,100,22.261343,0,21.81712914
2023/5/19 20:45,100,22.51620293,100,22.43113518,100,22.261343,0,21.81712914
2023/5/19 20:46,100,22.51620293,100,22.32986069,100,22.261343,0,21.81712914
2023/5/19 20:47,100,22.51620293,100,22.32986069,100,22.261343,0,21.81712914
2023/5/19 20:48,100,22.51620293,100,22.38773155,100,22.261343,0,21.81712914
2023/5/19 20:49,100,22.61747742,100,22.43113518,100,22.261343,0,21.81712914
2023/5/19 20:50,100,22.61747742,100,22.43113518,100,22.261343,0,21.91840172
2023/5/19 20:51,100,22.61747742,100,22.43113518,100,22.261343,0,21.91840172
2023/5/19 20:52,100,22.61747742,100,22.43113518,100,22.24687576,0,21.91840172
2023/5/19 20:53,100,22.61747742,100,22.43113518,100,22.261343,0,21.91840172
2023/5/19 20:54,100,22.61747742,100,22.43113518,100,22.261343,0,21.91840172
2023/5/19 20:55,100,22.61747742,100,22.43113518,100,22.261343,4.979241848,22.01967621
2023/5/19 20:56,100,22.61747742,100,22.43113518,100,22.261343,19.6163578,22.00520706
2023/5/19 20:57,100,22.61747742,100,22.43113518,100,22.36261559,34.16056061,22.01967621
2023/5/19 20:58,100,22.61747742,100,22.32986069,100,22.261343,77.40791321,22.12094879
2023/5/19 20:59,100,22.61747742,100,22.32986069,100,22.261343,100,22.10648155
2023/5/19 21:00,100,22.61747742,100,22.32986069,100,22.261343,100,22.12094879
2023/5/19 21:01,100,22.61747742,100,22.32986069,100,22.261343,100,22.12094879
2023/5/19 21:02,100,22.61747742,100,22.32986069,100,22.261343,100,22.12094879
2023/5/19 21:03,100,22.61747742,100,22.32986069,100,22.261343,100,22.03414345
2023/5/19 21:04,100,22.61747742,100,22.32986069,100,22.261343,100,22.01967621
2023/5/19 21:05,100,22.61747742,100,22.43113518,100,22.261343,100,22.01967621
2023/5/19 21:06,100,22.61747742,100,22.43113518,100,22.261343,99.35273743,22.01967621
2023/5/19 21:07,100,22.61747742,100,22.51794052,100,22.34814835,43.89169312,21.91840172
2023/5/19 21:08,100,22.61747742,100,22.53240776,100,22.36261559,0,21.91840172
2023/5/19 21:09,100,22.61747742,100,22.53240776,100,22.261343,0,21.91840172
2023/5/19 21:10,100,22.51620293,100,22.53240776,100,22.34814835,0,21.81712914
2023/5/19 21:11,100,22.61747742,100,22.51794052,100,22.36261559,0,21.81712914
2023/5/19 21:12,100,22.61747742,100,22.43113518,100,22.36261559,0,21.81712914
2023/5/19 21:13,100,22.61747742,100,22.43113518,100,22.261343,0,21.81712914
2023/5/19 21:14,100,22.61747742,100,22.43113518,100,22.34814835,0,21.81712914
2023/5/19 21:15,100,22.61747742,100,22.43113518,100,22.36261559,0,21.8026619
2023/5/19 21:16,100,22.61747742,100,22.41666794,100,22.36261559,0,21.81712914
2023/5/19 21:17,100,22.61747742,100,22.53240776,100,22.36261559,0,21.81712914
2023/5/19 21:18,100,22.61747742,100,22.53240776,100,22.36261559,0,21.81712914
2023/5/19 21:19,100,22.71875,100,22.53240776,100,22.36261559,0,21.91840172
2023/5/19 21:20,100,22.61747742,100,22.51794052,100,22.34814835,0,21.91840172
2023/5/19 21:21,100,22.61747742,100,22.53240776,100,22.36261559,0,21.91840172
2023/5/19 21:22,100,22.61747742,100,22.53240776,100,22.46389008,0,21.91840172
2023/5/19 21:23,100,22.61747742,100,22.53240776,100,22.36261559,0,21.91840172
2023/5/19 21:24,100,22.61747742,100,22.53240776,100,22.34814835,0,21.91840172
2023/5/19 21:25,100,22.61747742,100,22.53240776,100,22.36261559,0,21.91840172
2023/5/19 21:26,100,22.61747742,100,22.53240776,100,22.46389008,0,21.97627258
2023/5/19 21:27,100,22.61747742,100,22.53240776,100,22.46389008,2.25046277,22.01967621
2023/5/19 21:28,100,22.61747742,100,22.53240776,100,22.44942284,13.68871212,22.01967621
2023/5/19 21:29,100,22.61747742,100,22.53240776,100,22.46389008,28.39425468,22.01967621
2023/5/19 21:30,100,22.61747742,100,22.53240776,100,22.46389008,42.67417526,22.00520706
2023/5/19 21:31,100,22.68981552,100,22.63368034,100,22.36261559,57.25727081,22.01967621
2023/5/19 21:32,100,22.61747742,100,22.63368034,100,22.46389008,75.98551941,22.09201431
2023/5/19 21:33,100,22.51620293,100,22.53240776,100,22.44942284,100,22.12094879
2023/5/19 21:34,100,22.82002258,100,22.53240776,100,22.46389008,100,22.12094879
2023/5/19 21:35,100,22.51620293,100,22.53240776,100,22.36261559,100,22.01967621
2023/5/19 21:36,100,22.61747742,100,22.53240776,100,22.36261559,100,22.01967621
2023/5/19 21:37,100,22.71875,100,22.53240776,100,22.36261559,79.65024567,21.91840172
2023/5/19 21:38,100,22.71875,100,22.43113518,100,22.36261559,14.92194176,21.91840172
2023/5/19 21:39,100,22.71875,100,22.43113518,100,22.36261559,0,21.91840172
2023/5/19 21:40,100,22.71875,100,22.53240776,100,22.34814835,0,21.81712914
2023/5/19 21:41,100,22.63194466,100,22.43113518,100,22.36261559,0,21.81712914
2023/5/19 21:42,100,22.61747742,100,22.43113518,100,22.36261559,0,21.81712914
2023/5/19 21:43,100,22.61747742,100,22.43113518,100,22.36261559,0,21.81712914
2023/5/19 21:44,100,22.61747742,100,22.43113518,100,22.36261559,0,21.81712914
2023/5/19 21:45,100,22.71875,100,22.43113518,100,22.36261559,0,21.81712914
2023/5/19 21:46,100,22.71875,100,22.43113518,100,22.36261559,0,21.81712914
2023/5/19 21:47,100,22.61747742,100,22.43113518,100,22.36261559,0,21.81712914
2023/5/19 21:48,100,22.61747742,100,22.43113518,100,22.36261559,0,21.81712914
2023/5/19 21:49,100,22.61747742,100,22.53240776,100,22.44942284,0,21.81712914
2023/5/19 21:50,100,22.61747742,100,22.53240776,100,22.44942284,0,21.81712914
2023/5/19 21:51,100,22.61747742,100,22.53240776,100,22.56516266,0,21.91840172
2023/5/19 21:52,100,22.61747742,100,22.53240776,100,22.56516266,0,21.91840172
2023/5/19 21:53,100,22.71875,100,22.51794052,100,22.46389008,0,21.91840172
2023/5/19 21:54,100,22.71875,100,22.53240776,100,22.46389008,0,21.91840172
2023/5/19 21:55,100,22.71875,100,22.53240776,100,22.44942284,0,21.91840172
2023/5/19 21:56,100,22.71875,100,22.53240776,100,22.46389008,0,21.91840172
2023/5/19 21:57,100,22.71875,100,22.53240776,100,22.46389008,8.856850624,22.01967621
2023/5/19 21:58,100,22.71875,100,22.53240776,100,22.46389008,23.29417801,22.01967621
2023/5/19 21:59,100,22.71875,100,22.63368034,100,22.56516266,38.10019302,22.01967621
2023/5/19 22:00,100,22.71875,100,22.63368034,100,22.56516266,52.79497147,22.01967621
2023/5/19 22:01,100,22.71875,100,22.63368034,100,22.56516266,68.85945892,22.01967621
2023/5/19 22:02,100,22.68981552,100,22.63368034,100,22.56516266,100,22.06307793
2023/5/19 22:03,100,22.71875,100,22.51794052,100,22.46389008,100,22.01967621
2023/5/19 22:04,100,22.6464119,100,22.53240776,100,22.46389008,100,22.01967621
2023/5/19 22:05,100,22.71875,100,22.51794052,100,22.46389008,100,22.01967621
2023/5/19 22:06,100,22.61747742,100,22.53240776,100,22.44942284,99.89942932,22.01967621
2023/5/19 22:07,100,22.61747742,100,22.53240776,100,22.34814835,46.92346191,21.91840172
2023/5/19 22:08,100,22.71875,100,22.53240776,100,22.36261559,0,21.91840172
2023/5/19 22:09,100,22.71875,100,22.41666794,100,22.36261559,0,21.91840172
2023/5/19 22:10,100,22.61747742,100,22.43113518,100,22.36261559,0,21.81712914
2023/5/19 22:11,100,22.61747742,100,22.53240776,100,22.36261559,0,21.81712914
2023/5/19 22:12,100,22.61747742,100,22.53240776,100,22.44942284,0,21.81712914
2023/5/19 22:13,100,22.61747742,100,22.53240776,100,22.44942284,0,21.81712914
2023/5/19 22:14,100,22.61747742,100,22.53240776,100,22.46389008,0,21.81712914
2023/5/19 22:15,100,22.71875,100,22.53240776,100,22.44942284,0,21.81712914
2023/5/19 22:16,100,22.71875,100,22.53240776,100,22.46389008,0,21.81712914
2023/5/19 22:17,100,22.71875,100,22.53240776,100,22.44942284,0,21.875
2023/5/19 22:18,100,22.71875,100,22.53240776,100,22.44942284,0,21.91840172
2023/5/19 22:19,100,22.71875,100,22.63368034,100,22.55069542,0,21.91840172
2023/5/19 22:20,100,22.70428276,100,22.6192131,100,22.56516266,0,21.91840172
2023/5/19 22:21,100,22.71875,100,22.63368034,100,22.56516266,0,21.91840172
2023/5/19 22:22,100,22.71875,100,22.63368034,100,22.56516266,0,21.91840172
2023/5/19 22:23,100,22.70428276,100,22.63368034,100,22.56516266,0,21.91840172
2023/5/19 22:24,100,22.71875,100,22.63368034,100,22.651968,0,21.91840172
2023/5/19 22:25,100,22.71875,100,22.63368034,100,22.56516266,0,21.91840172
2023/5/19 22:26,100,22.70428276,100,22.63368034,100,22.56516266,0,21.91840172
2023/5/19 22:27,100,22.71875,100,22.63368034,100,22.55069542,0,21.91840172
2023/5/19 22:28,100,22.71875,100,22.63368034,100,22.55069542,0,21.91840172
2023/5/19 22:29,100,22.71875,100,22.67708206,100,22.56516266,0,21.91840172
2023/5/19 22:30,100,22.71875,100,22.63368034,100,22.56516266,0,21.91840172
2023/5/19 22:31,100,22.71875,100,22.73495293,100,22.56516266,0,21.90393448
2023/5/19 22:32,100,22.71875,100,22.73495293,100,22.56516266,0,21.91840172
2023/5/19 22:33,100,22.74768448,100,22.72048569,100,22.651968,0,21.99073982
2023/5/19 22:34,100,22.71875,100,22.73495293,100,22.651968,1.779549479,22.01967621
2023/5/19 22:35,100,22.71875,100,22.72048569,100,22.66643524,16.47853279,22.01967621
2023/5/19 22:36,100,22.60301018,100,22.63368034,100,22.651968,31.27204895,22.01967621
2023/5/19 22:37,100,22.71875,100,22.63368034,100,22.66643524,45.8972168,22.01967621
2023/5/19 22:38,100,22.71875,100,22.73495293,100,22.651968,60.26454926,22.00520706
2023/5/19 22:39,100,22.71875,100,22.73495293,100,22.651968,77.93668365,22.01967621
2023/5/19 22:40,100,22.82002258,100,22.72048569,100,22.56516266,100,22.01967621
2023/5/19 22:41,100,22.82002258,100,22.73495293,100,22.56516266,100,22.01967621
2023/5/19 22:42,100,22.71875,100,22.63368034,100,22.56516266,100,22.01967621
2023/5/19 22:43,100,22.71875,100,22.63368034,100,22.56516266,99.48047638,21.91840172
2023/5/19 22:44,100,22.71875,100,22.63368034,100,22.46389008,48.14458466,21.91840172
2023/5/19 22:45,100,22.71875,100,22.63368034,100,22.44942284,0,21.81712914
2023/5/19 22:46,100,22.71875,100,22.53240776,100,22.46389008,0,21.81712914
2023/5/19 22:47,100,22.71875,100,22.53240776,100,22.46389008,0,21.81712914
2023/5/19 22:48,100,22.71875,100,22.53240776,100,22.56516266,0,21.81712914
2023/5/19 22:49,100,22.71875,100,22.546875,100,22.66643524,0,21.8026619
2023/5/19 22:50,100,22.82002258,100,22.63368034,100,22.56516266,0,21.81712914
2023/5/19 22:51,100,22.82002258,100,22.63368034,100,22.56516266,0,21.81712914
2023/5/19 22:52,100,22.71875,100,22.53240776,100,22.56516266,0,21.81712914
2023/5/19 22:53,100,22.82002258,100,22.63368034,100,22.651968,0,21.81712914
2023/5/19 22:54,100,22.82002258,100,22.53240776,100,22.56516266,0,21.91840172
2023/5/19 22:55,100,22.80555534,100,22.53240776,100,22.55069542,0,21.91840172
2023/5/19 22:56,100,22.82002258,100,22.53240776,100,22.46389008,0,21.91840172
2023/5/19 22:57,100,22.82002258,100,22.53240776,100,22.44942284,0,21.91840172
2023/5/19 22:58,100,22.80555534,100,22.53240776,100,22.46389008,0,21.91840172
2023/5/19 22:59,100,22.82002258,100,22.53240776,100,22.44942284,0.243619829,21.93287086
2023/5/19 23:00,100,22.82002258,100,22.63368034,100,22.56516266,13.26193905,22.01967621
2023/5/19 23:01,100,22.82002258,100,22.63368034,100,22.56516266,27.85197639,22.01967621
2023/5/19 23:02,100,22.82002258,100,22.63368034,100,22.56516266,42.49751663,22.01967621
2023/5/19 23:03,100,22.70428276,100,22.6192131,100,22.55069542,57.04511261,22.00520706
2023/5/19 23:04,100,22.82002258,100,22.63368034,100,22.56516266,82.24169922,22.12094879
2023/5/19 23:05,100,22.82002258,100,22.63368034,100,22.55069542,100,22.12094879
2023/5/19 23:06,100,22.71875,100,22.63368034,100,22.46389008,100,22.12094879
2023/5/19 23:07,100,22.71875,100,22.53240776,100,22.46389008,100,22.12094879
2023/5/19 23:08,100,22.82002258,100,22.53240776,100,22.46389008,100,22.01967621
2023/5/19 23:09,100,22.82002258,100,22.53240776,100,22.46389008,100,22.01967621
2023/5/19 23:10,100,22.71875,100,22.53240776,100,22.43495369,77.51810455,21.91840172
2023/5/19 23:11,100,22.76215172,100,22.43113518,100,22.36261559,12.98274231,21.91840172
2023/5/19 23:12,100,22.71875,100,22.43113518,100,22.36261559,0,21.83159828
2023/5/19 23:13,100,22.71875,100,22.43113518,100,22.36261559,0,21.81712914
2023/5/19 23:14,100,22.71875,100,22.43113518,100,22.36261559,0,21.81712914
2023/5/19 23:15,100,22.61747742,100,22.43113518,100,22.46389008,0,21.81712914
2023/5/19 23:16,100,22.71875,100,22.43113518,100,22.46389008,0,21.81712914
2023/5/19 23:17,100,22.61747742,100,22.53240776,100,22.46389008,0,21.81712914
2023/5/19 23:18,100,22.61747742,100,22.51794052,100,22.44942284,0,21.81712914
2023/5/19 23:19,100,22.61747742,100,22.53240776,100,22.46389008,0,21.875
2023/5/19 23:20,100,22.61747742,100,22.53240776,100,22.56516266,0,21.91840172
2023/5/19 23:21,100,22.61747742,100,22.63368034,100,22.56516266,0,21.91840172
2023/5/19 23:22,100,22.61747742,100,22.63368034,100,22.66643524,0,21.91840172
2023/5/19 23:23,100,22.71875,100,22.63368034,100,22.56516266,0,21.91840172
2023/5/19 23:24,100,22.61747742,100,22.63368034,100,22.56516266,0,21.91840172
2023/5/19 23:25,100,22.61747742,100,22.63368034,100,22.56516266,2.974938869,22.01967621
2023/5/19 23:26,100,22.61747742,100,22.63368034,100,22.56516266,17.91658592,22.01967621
2023/5/19 23:27,100,22.71875,100,22.63368034,100,22.56516266,32.4201889,22.01967621
2023/5/19 23:28,100,22.61747742,100,22.63368034,100,22.56516266,47.73151398,22.01967621
2023/5/19 23:29,100,22.61747742,100,22.63368034,100,22.56516266,100,22.12094879
2023/5/19 23:30,100,22.71875,100,22.63368034,100,22.55069542,100,22.12094879
2023/5/19 23:31,100,22.71875,100,22.6192131,100,22.56516266,100,22.12094879
2023/5/19 23:32,100,22.61747742,100,22.63368034,100,22.56516266,100,22.01967621
2023/5/19 23:33,100,22.71875,100,22.53240776,100,22.44942284,100,22.01967621
2023/5/19 23:34,100,22.71875,100,22.53240776,100,22.36261559,100,22.01967621
2023/5/19 23:35,100,22.71875,100,22.43113518,100,22.24687576,85.09721375,21.91840172
2023/5/19 23:36,100,22.70428276,100,22.43113518,100,22.261343,20.41100311,21.91840172
2023/5/19 23:37,100,22.61747742,100,22.43113518,100,22.36261559,0,21.91840172
2023/5/19 23:38,100,22.61747742,100,22.41666794,100,22.261343,0,21.91840172
2023/5/19 23:39,100,22.61747742,100,22.43113518,100,22.36261559,0,21.81712914
2023/5/19 23:40,100,22.61747742,100,22.43113518,100,22.34814835,0,21.81712914
2023/5/19 23:41,100,22.61747742,100,22.43113518,100,22.36261559,0,21.81712914
2023/5/19 23:42,100,22.61747742,100,22.43113518,100,22.36261559,0,21.91840172
2023/5/19 23:43,100,22.61747742,100,22.51794052,100,22.34814835,0,21.91840172
2023/5/19 23:44,100,22.61747742,100,22.53240776,100,22.36261559,0,21.91840172
2023/5/19 23:45,100,22.61747742,100,22.4745369,100,22.34814835,0,21.91840172
2023/5/19 23:46,100,22.61747742,100,22.51794052,100,22.36261559,0,21.91840172
2023/5/19 23:47,100,22.60301018,100,22.53240776,100,22.36261559,0,21.91840172
2023/5/19 23:48,100,22.67534828,100,22.43113518,100,22.261343,3.438684702,22.01967621
2023/5/19 23:49,100,22.71875,100,22.41666794,100,22.34814835,18.15182686,22.01967621
2023/5/19 23:50,100,22.61747742,100,22.43113518,100,22.34814835,32.72875214,22.00520706
2023/5/19 23:51,100,22.71875,100,22.53240776,100,22.46389008,47.41526031,22.01967621
2023/5/19 23:52,100,22.60301018,100,22.63368034,100,22.44942284,63.02817154,22.01967621
2023/5/19 23:53,100,22.61747742,100,22.6192131,100,22.46389008,100,22.07754707
2023/5/19 23:54,100,22.71875,100,22.63368034,100,22.46389008,100,22.01967621
2023/5/19 23:55,100,22.61747742,100,22.63368034,100,22.44942284,100,22.01967621
2023/5/19 23:56,100,22.61747742,100,22.53240776,100,22.34814835,100,22.01967621
2023/5/19 23:57,100,22.61747742,100,22.53240776,100,22.36261559,100,22.01967621
2023/5/19 23:58,100,22.71875,100,22.53240776,100,22.261343,96.70846558,22.00520706
2023/5/19 23:59,100,22.71875,100,22.53240776,100,22.36261559,45.39074707,21.91840172
2023/5/20 0:00,100,22.61747742,100,22.53240776,100,22.36261559,0,21.91840172
2023/5/20 0:01,100,22.61747742,100,22.53240776,100,22.261343,0,21.91840172
2023/5/20 0:02,100,22.61747742,100,22.53240776,100,22.34814835,0,21.81712914
2023/5/20 0:03,100,22.61747742,100,22.53240776,100,22.36261559,0,21.81712914
2023/5/20 0:04,100,22.61747742,100,22.51794052,100,22.36261559,0,21.81712914
2023/5/20 0:05,100,22.61747742,100,22.63368034,100,22.36261559,0,21.81712914
2023/5/20 0:06,100,22.61747742,100,22.63368034,100,22.34814835,0,21.81712914
2023/5/20 0:07,100,22.61747742,100,22.63368034,100,22.34814835,0,21.81712914
2023/5/20 0:08,100,22.61747742,100,22.73495293,100,22.46389008,0,21.81712914
2023/5/20 0:09,100,22.61747742,100,22.73495293,100,22.44942284,0,21.81712914
2023/5/20 0:10,100,22.61747742,100,22.73495293,100,22.46389008,0,21.81712914
2023/5/20 0:11,100,22.61747742,100,22.73495293,100,22.34814835,0,21.91840172
2023/5/20 0:12,100,22.61747742,100,22.72048569,100,22.46389008,0,21.91840172
2023/5/20 0:13,100,22.61747742,100,22.73495293,100,22.46389008,0,21.91840172
2023/5/20 0:14,100,22.61747742,100,22.73495293,100,22.56516266,0,21.93287086
2023/5/20 0:15,100,22.61747742,100,22.73495293,100,22.56516266,11.5043354,22.01967621
2023/5/20 0:16,100,22.61747742,100,22.73495293,100,22.55069542,26.02062035,22.01967621
2023/5/20 0:17,100,22.71875,100,22.73495293,100,22.46389008,41.32971191,22.01967621
2023/5/20 0:18,100,22.61747742,100,22.74942207,100,22.53622818,100,22.12094879
2023/5/20 0:19,100,22.60301018,100,22.73495293,100,22.56516266,100,22.12094879
2023/5/20 0:20,100,22.71875,100,22.63368034,100,22.44942284,100,22.12094879
2023/5/20 0:21,100,22.61747742,100,22.53240776,100,22.36261559,100,22.12094879
2023/5/20 0:22,100,22.68981552,100,22.53240776,100,22.36261559,100,22.12094879
2023/5/20 0:23,100,22.71875,100,22.53240776,100,22.261343,100,22.10648155
2023/5/20 0:24,100,22.61747742,100,22.43113518,100,22.24687576,100,22.12094879
2023/5/20 0:25,100,22.61747742,100,22.46006966,100,22.261343,100,22.12094879
2023/5/20 0:26,100,22.71875,100,22.53240776,100,22.261343,100,22.01967621
2023/5/20 0:27,100,22.61747742,100,22.51794052,100,22.34814835,87.92721558,21.91840172
2023/5/20 0:28,100,22.61747742,100,22.53240776,100,22.36261559,23.54116631,21.91840172
2023/5/20 0:29,100,22.61747742,100,22.53240776,100,22.36261559,0,21.81712914
2023/5/20 0:30,100,22.61747742,100,22.43113518,100,22.36261559,0,21.81712914
2023/5/20 0:31,100,22.61747742,100,22.43113518,100,22.261343,0,21.81712914
2023/5/20 0:32,100,22.61747742,100,22.43113518,100,22.24687576,0,21.81712914
2023/5/20 0:33,100,22.61747742,100,22.43113518,100,22.261343,0,21.81712914
2023/5/20 0:34,100,22.71875,100,22.53240776,100,22.36261559,0,21.81712914
2023/5/20 0:35,100,22.61747742,100,22.53240776,100,22.36261559,0,21.81712914
2023/5/20 0:36,100,22.61747742,100,22.53240776,100,22.36261559,0,21.81712914
2023/5/20 0:37,100,22.61747742,100,22.53240776,100,22.36261559,0,21.81712914
2023/5/20 0:38,100,22.61747742,100,22.51794052,100,22.36261559,0,21.81712914
2023/5/20 0:39,100,22.61747742,100,22.53240776,100,22.36261559,0,21.81712914
2023/5/20 0:40,100,22.71875,100,22.53240776,100,22.36261559,0,21.81712914
2023/5/20 0:41,100,22.71875,100,22.53240776,100,22.36261559,0,21.81712914
2023/5/20 0:42,100,22.61747742,100,22.63368034,100,22.37708282,0,21.91840172
2023/5/20 0:43,100,22.61747742,100,22.63368034,100,22.36261559,0,21.91840172
2023/5/20 0:44,100,22.61747742,100,22.63368034,100,22.36261559,0,21.91840172
2023/5/20 0:45,100,22.71875,100,22.63368034,100,22.36261559,0,21.91840172
2023/5/20 0:46,100,22.61747742,100,22.63368034,100,22.46389008,0,21.91840172
2023/5/20 0:47,100,22.61747742,100,22.63368034,100,22.46389008,0.081103228,22.00520706
2023/5/20 0:48,100,22.71875,100,22.63368034,100,22.46389008,11.83355999,22.01967621
2023/5/20 0:49,100,22.61747742,100,22.63368034,100,22.46389008,26.54373169,22.01967621
2023/5/20 0:50,100,22.61747742,100,22.63368034,100,22.46389008,40.89377975,22.01967621
2023/5/20 0:51,100,22.71875,100,22.63368034,100,22.46389008,55.69114685,22.01967621
2023/5/20 0:52,100,22.71875,100,22.63368034,100,22.46389008,91.8768158,22.10648155
2023/5/20 0:53,100,22.63194466,100,22.6192131,100,22.56516266,100,22.12094879
2023/5/20 0:54,100,22.61747742,100,22.63368034,100,22.46389008,100,22.12094879
2023/5/20 0:55,100,22.61747742,100,22.6192131,100,22.46389008,100,22.01967621
2023/5/20 0:56,100,22.61747742,100,22.6192131,100,22.36261559,100,22.00520706
2023/5/20 0:57,100,22.61747742,100,22.63368034,100,22.36261559,68.05303192,21.91840172
2023/5/20 0:58,100,22.61747742,100,22.53240776,100,22.36261559,3.499418974,21.91840172
2023/5/20 0:59,100,22.61747742,100,22.41666794,100,22.261343,0,21.91840172
2023/5/20 1:00,100,22.61747742,100,22.43113518,100,22.16007042,0,21.81712914
2023/5/20 1:01,100,22.61747742,100,22.43113518,100,22.261343,0,21.81712914
2023/5/20 1:02,100,22.71875,100,22.43113518,100,22.261343,0,21.81712914
2023/5/20 1:03,100,22.71875,100,22.53240776,100,22.36261559,0,21.81712914
2023/5/20 1:04,100,22.71875,100,22.51794052,100,22.36261559,0,21.81712914
2023/5/20 1:05,100,22.71875,100,22.53240776,100,22.36261559,0,21.83159828
2023/5/20 1:06,100,22.71875,100,22.53240776,100,22.36261559,0,21.91840172
2023/5/20 1:07,100,22.63194466,100,22.53240776,100,22.36261559,0,21.91840172
2023/5/20 1:08,100,22.61747742,100,22.53240776,100,22.44942284,0,21.91840172
2023/5/20 1:09,100,22.63194466,100,22.546875,100,22.46389008,0,21.91840172
2023/5/20 1:10,100,22.71875,100,22.63368034,100,22.46389008,0,21.91840172
2023/5/20 1:11,100,22.61747742,100,22.63368034,100,22.46389008,0,21.90393448
2023/5/20 1:12,100,22.71875,100,22.63368034,100,22.46389008,8.743325233,22.01967621
2023/5/20 1:13,100,22.71875,100,22.63368034,100,22.46389008,23.31995964,22.01967621
2023/5/20 1:14,100,22.71875,100,22.63368034,100,22.46389008,37.819561,22.00520706
2023/5/20 1:15,100,22.71875,100,22.73495293,100,22.46389008,52.30672455,22.01967621
2023/5/20 1:16,100,22.71875,100,22.73495293,100,22.46389008,67.02939606,22.01967621
2023/5/20 1:17,100,22.61747742,100,22.73495293,100,22.44942284,81.73466492,22.01967621
2023/5/20 1:18,100,22.70428276,100,22.73495293,100,22.40601921,96.15984344,22.01967621
2023/5/20 1:19,100,22.61747742,100,22.63368034,100,22.36261559,100,22.01967621
2023/5/20 1:20,100,22.71875,100,22.63368034,100,22.36261559,100,22.01967621
2023/5/20 1:21,100,22.71875,100,22.63368034,100,22.261343,100,22.01967621
2023/5/20 1:22,100,22.71875,100,22.51794052,100,22.261343,57.83770752,21.91840172
2023/5/20 1:23,100,22.71875,100,22.43113518,100,22.16007042,0,21.91840172
2023/5/20 1:24,100,22.71875,100,22.32986069,100,22.05879784,0,21.91840172
2023/5/20 1:25,100,22.71875,100,22.32986069,100,22.05879784,0,21.875
2023/5/20 1:26,100,22.71875,100,22.32986069,100,22.05879784,0,21.81712914
2023/5/20 1:27,100,22.71875,100,22.32986069,100,22.05879784,0,21.81712914
2023/5/20 1:28,100,22.71875,100,22.32986069,100,22.05879784,0,21.81712914
2023/5/20 1:29,100,22.71875,100,22.43113518,100,22.16007042,0,21.81712914
2023/5/20 1:30,100,22.71875,100,22.43113518,100,22.14560318,0,21.91840172
2023/5/20 1:31,100,22.61747742,100,22.43113518,100,22.05879784,0,21.91840172
2023/5/20 1:32,100,22.63194466,100,22.53240776,100,22.16007042,0,21.91840172
2023/5/20 1:33,100,22.61747742,100,22.546875,100,22.261343,0,21.91840172
2023/5/20 1:34,100,22.61747742,100,22.53240776,100,22.261343,11.94105816,22.01967621
2023/5/20 1:35,100,22.61747742,100,22.63368034,100,22.261343,26.42088509,22.01967621
2023/5/20 1:36,100,22.61747742,100,22.51794052,100,22.261343,55.36911011,22.09201431
2023/5/20 1:37,100,22.71875,100,22.53240776,100,22.261343,100,22.12094879
2023/5/20 1:38,100,22.71875,100,22.53240776,100,22.261343,100,22.12094879
2023/5/20 1:39,100,22.71875,100,22.53240776,100,22.16007042,100,22.12094879
2023/5/20 1:40,100,22.71875,100,22.43113518,100,22.05879784,100,22.12094879
2023/5/20 1:41,100,22.71875,100,22.37326431,100,22.05879784,100,22.12094879
2023/5/20 1:42,100,22.71875,100,22.32986069,100,22.05879784,100,22.01967621
2023/5/20 1:43,100,22.71875,100,22.2285881,100,21.95752335,100,22.00520706
2023/5/20 1:44,100,22.71875,100,22.2285881,100,21.95752335,89.65207672,21.91840172
2023/5/20 1:45,100,22.71875,100,22.2285881,100,21.85625076,26.1670742,21.91840172
2023/5/20 1:46,100,22.66087914,100,22.2285881,100,21.85625076,0,21.91840172
2023/5/20 1:47,100,22.71875,100,22.2285881,100,21.85625076,0,21.81712914
2023/5/20 1:48,100,22.61747742,100,22.2285881,100,21.85625076,0,21.81712914
2023/5/20 1:49,100,22.61747742,100,22.32986069,100,21.95752335,0,21.81712914
2023/5/20 1:50,100,22.71875,100,22.32986069,100,21.95752335,0,21.81712914
2023/5/20 1:51,100,22.61747742,100,22.32986069,100,21.95752335,0,21.81712914
2023/5/20 1:52,100,22.61747742,100,22.31539345,100,21.95752335,0,21.81712914
2023/5/20 1:53,100,22.61747742,100,22.43113518,100,22.05879784,0,21.81712914
2023/5/20 1:54,100,22.61747742,100,22.53240776,100,22.05879784,0,21.81712914
2023/5/20 1:55,100,22.61747742,100,22.43113518,100,22.05879784,0,21.81712914
2023/5/20 1:56,100,22.61747742,100,22.43113518,100,22.16007042,0,21.81712914
2023/5/20 1:57,100,22.61747742,100,22.41666794,100,22.16007042,0,21.91840172
2023/5/20 1:58,100,22.67534828,100,22.43113518,100,22.16007042,0,21.91840172
2023/5/20 1:59,100,22.71875,100,22.43113518,100,22.261343,0,21.91840172
2023/5/20 2:00,100,22.61747742,100,22.43113518,100,22.261343,0,21.91840172
2023/5/20 2:01,100,22.71875,100,22.43113518,100,22.261343,10.92933178,22.01967621
2023/5/20 2:02,100,22.71875,100,22.32986069,100,22.261343,25.42148209,22.01967621
2023/5/20 2:03,100,22.71875,100,22.34432793,100,22.261343,47.3853035,22.01967621
2023/5/20 2:04,100,22.71875,100,22.41666794,100,22.16007042,100,22.12094879
2023/5/20 2:05,100,22.82002258,100,22.43113518,100,22.16007042,100,22.12094879
2023/5/20 2:06,100,22.82002258,100,22.41666794,100,22.16007042,100,22.12094879
2023/5/20 2:07,100,22.82002258,100,22.43113518,100,22.261343,100,22.12094879
2023/5/20 2:08,100,22.82002258,100,22.43113518,100,22.17453766,100,22.12094879
2023/5/20 2:09,100,22.82002258,100,22.32986069,100,22.16007042,100,22.01967621
2023/5/20 2:10,100,22.71875,100,22.32986069,100,22.16007042,100,22.01967621
2023/5/20 2:11,100,22.71875,100,22.32986069,100,22.16007042,49.28141022,21.91840172
2023/5/20 2:12,100,22.71875,100,22.32986069,100,22.05879784,0,21.91840172
2023/5/20 2:13,100,22.71875,100,22.32986069,100,22.05879784,0,21.81712914
2023/5/20 2:14,100,22.61747742,100,22.32986069,100,22.05879784,0,21.81712914
2023/5/20 2:15,100,22.61747742,100,22.32986069,100,22.05879784,0,21.81712914
2023/5/20 2:16,100,22.61747742,100,22.32986069,100,22.14560318,0,21.81712914
2023/5/20 2:17,100,22.61747742,100,22.32986069,100,22.16007042,0,21.81712914
2023/5/20 2:18,100,22.61747742,100,22.32986069,100,22.16007042,0,21.81712914
2023/5/20 2:19,100,22.51620293,100,22.32986069,100,22.16007042,0,21.81712914
2023/5/20 2:20,100,22.51620293,100,22.32986069,100,22.16007042,0,21.81712914
2023/5/20 2:21,100,22.61747742,100,22.32986069,100,22.23240852,0,21.83159828
2023/5/20 2:22,100,22.60301018,100,22.32986069,100,22.16007042,0,21.91840172
2023/5/20 2:23,100,22.61747742,100,22.32986069,100,22.16007042,0,21.91840172
2023/5/20 2:24,100,22.61747742,100,22.32986069,100,22.16007042,0,21.91840172
2023/5/20 2:25,100,22.61747742,100,22.32986069,100,22.16007042,0,21.91840172
2023/5/20 2:26,100,22.61747742,100,22.32986069,100,22.261343,6.467638969,22.01967621
2023/5/20 2:27,100,22.61747742,100,22.32986069,100,22.16007042,20.85285378,22.01967621
2023/5/20 2:28,100,22.61747742,100,22.32986069,100,22.261343,35.53101349,22.01967621
2023/5/20 2:29,100,22.61747742,100,22.32986069,100,22.261343,64.70067596,22.12094879
2023/5/20 2:30,100,22.61747742,100,22.43113518,100,22.261343,100,22.12094879
2023/5/20 2:31,100,22.51620293,100,22.43113518,100,22.261343,100,22.12094879
2023/5/20 2:32,100,22.51620293,100,22.41666794,100,22.261343,100,22.12094879
2023/5/20 2:33,100,22.51620293,100,22.32986069,100,22.16007042,100,22.12094879
2023/5/20 2:34,100,22.51620293,100,22.32986069,100,22.16007042,100,22.01967621
2023/5/20 2:35,100,22.54513931,100,22.2285881,100,22.05879784,100,22.01967621
2023/5/20 2:36,100,22.51620293,100,22.2285881,100,21.95752335,100,22.01967621
2023/5/20 2:37,100,22.51620293,100,22.2285881,100,21.95752335,58.6703186,21.91840172
2023/5/20 2:38,100,22.51620293,100,22.2285881,100,22.05879784,0,21.91840172
2023/5/20 2:39,100,22.82002258,100,22.12731552,100,22.05879784,0,21.81712914
2023/5/20 2:40,100,22.82002258,100,22.12731552,100,22.05879784,0,21.81712914
2023/5/20 2:41,100,22.82002258,100,22.2285881,100,22.05879784,0,21.81712914
2023/5/20 2:42,100,22.82002258,100,22.32986069,100,22.05879784,0,21.81712914
2023/5/20 2:43,100,22.82002258,100,22.32986069,100,22.16007042,0,21.81712914
2023/5/20 2:44,100,22.82002258,100,22.32986069,100,22.16007042,0,21.81712914
2023/5/20 2:45,100,22.82002258,100,22.25752258,100,22.16007042,0,21.81712914
2023/5/20 2:46,100,22.82002258,100,22.32986069,100,22.16007042,0,21.81712914
2023/5/20 2:47,100,22.73321724,100,22.32986069,100,22.16007042,0,21.81712914
2023/5/20 2:48,100,22.82002258,100,22.31539345,100,22.261343,0,21.81712914
2023/5/20 2:49,100,22.71875,100,22.32986069,100,22.16007042,0,21.90393448
2023/5/20 2:50,100,22.71875,100,22.32986069,100,22.16007042,0,21.91840172
2023/5/20 2:51,100,22.82002258,100,22.32986069,100,22.261343,0,21.91840172
2023/5/20 2:52,100,22.82002258,100,22.2285881,100,22.261343,0,21.91840172
2023/5/20 2:53,100,22.82002258,100,22.2285881,100,22.261343,0,21.91840172
2023/5/20 2:54,100,22.82002258,100,22.32986069,100,22.261343,6.771047592,22.01967621
2023/5/20 2:55,100,22.82002258,100,22.32986069,100,22.261343,21.28996468,22.01967621
2023/5/20 2:56,100,22.82002258,100,22.32986069,100,22.261343,35.96638107,22.01967621
2023/5/20 2:57,100,22.82002258,100,22.32986069,100,22.16007042,73.01747894,22.12094879
2023/5/20 2:58,100,22.82002258,100,22.32986069,100,22.16007042,100,22.12094879
2023/5/20 2:59,100,22.82002258,100,22.32986069,100,22.16007042,100,22.12094879
2023/5/20 3:00,100,22.82002258,100,22.2285881,100,22.05879784,100,22.12094879
2023/5/20 3:01,100,22.82002258,100,22.32986069,100,22.16007042,100,22.12094879
2023/5/20 3:02,100,22.82002258,100,22.2285881,100,22.16007042,100,22.01967621
2023/5/20 3:03,100,22.71875,100,22.2285881,100,22.05879784,100,22.01967621
2023/5/20 3:04,100,22.61747742,100,22.2285881,100,22.05879784,80.85717773,21.90393448
2023/5/20 3:05,100,22.61747742,100,22.2285881,100,22.05879784,17.04615593,21.91840172
2023/5/20 3:06,100,22.61747742,100,22.2285881,100,22.04432869,0,21.91840172
2023/5/20 3:07,100,22.61747742,100,22.2285881,100,22.05879784,0,21.91840172
2023/5/20 3:08,100,22.61747742,100,22.15625,100,22.05879784,0,21.81712914
2023/5/20 3:09,100,22.61747742,100,22.12731552,100,21.95752335,0,21.81712914
2023/5/20 3:10,100,22.61747742,100,22.12731552,100,21.94305611,0,21.81712914
2023/5/20 3:11,100,22.61747742,100,22.2285881,100,22.04432869,0,21.81712914
2023/5/20 3:12,100,22.61747742,100,22.2285881,100,22.05879784,0,21.81712914
2023/5/20 3:13,100,22.61747742,100,22.2285881,100,22.05879784,0,21.88946724
2023/5/20 3:14,100,22.51620293,100,22.2285881,100,22.16007042,0,21.91840172
2023/5/20 3:15,100,22.61747742,100,22.31539345,100,22.14560318,0,21.91840172
2023/5/20 3:16,100,22.61747742,100,22.32986069,100,22.16007042,0,21.91840172
2023/5/20 3:17,100,22.60301018,100,22.2285881,100,22.16007042,0,21.91840172
2023/5/20 3:18,100,22.61747742,100,22.2285881,100,22.13113594,12.03396416,22.00520706
2023/5/20 3:19,100,22.71875,100,22.2285881,100,22.05879784,26.54151154,22.01967621
2023/5/20 3:20,100,22.71875,100,22.2285881,100,22.04432869,41.31045151,22.01967621
2023/5/20 3:21,100,22.71875,100,22.2285881,100,22.16007042,56.31427765,22.01967621
2023/5/20 3:22,100,22.71875,100,22.32986069,100,22.16007042,100,22.12094879
2023/5/20 3:23,100,22.71875,100,22.32986069,100,22.16007042,100,22.12094879
2023/5/20 3:24,100,22.71875,100,22.32986069,100,22.05879784,100,22.12094879
2023/5/20 3:25,100,22.76215172,100,22.32986069,100,22.04432869,100,22.12094879
2023/5/20 3:26,100,22.82002258,100,22.32986069,100,22.05879784,100,22.01967621
2023/5/20 3:27,100,22.82002258,100,22.2285881,100,22.05879784,100,22.01967621
2023/5/20 3:28,100,22.71875,100,22.12731552,100,21.95752335,99.40270233,22.01967621
2023/5/20 3:29,100,22.74768448,100,22.12731552,100,22.05879784,67.17304993,21.91840172
2023/5/20 3:30,100,22.73321724,100,22.2285881,100,22.04432869,2.876471281,21.91840172
2023/5/20 3:31,100,22.71875,100,22.12731552,100,21.95752335,0,21.91840172
2023/5/20 3:32,100,22.82002258,100,22.12731552,100,21.95752335,0,21.91840172
2023/5/20 3:33,100,22.82002258,100,22.12731552,100,21.95752335,0,21.81712914
2023/5/20 3:34,100,22.71875,100,22.2285881,100,22.04432869,0,21.81712914
2023/5/20 3:35,100,22.61747742,100,22.32986069,100,22.05879784,0,21.88946724
2023/5/20 3:36,100,22.71875,100,22.32986069,100,22.05879784,0,21.90393448
2023/5/20 3:37,100,22.82002258,100,22.32986069,100,22.05879784,0,21.91840172
2023/5/20 3:38,100,22.74768448,100,22.31539345,100,22.05879784,0,21.91840172
2023/5/20 3:39,100,22.82002258,100,22.32986069,100,22.05879784,0,21.91840172
2023/5/20 3:40,100,22.51620293,100,22.32986069,100,22.04432869,0,21.91840172
2023/5/20 3:41,100,22.51620293,100,22.2285881,100,22.05879784,5.473544121,22.01967621
2023/5/20 3:42,100,22.51620293,100,22.2285881,100,22.16007042,20.42638016,22.01967621
2023/5/20 3:43,100,22.82002258,100,22.21412086,100,22.16007042,35.04935837,22.01967621
2023/5/20 3:44,100,22.51620293,100,22.2285881,100,22.16007042,49.34431458,22.01967621
2023/5/20 3:45,100,22.61747742,100,22.2285881,100,22.16007042,100,22.12094879
2023/5/20 3:46,100,22.61747742,100,22.25752258,100,22.16007042,100,22.12094879
2023/5/20 3:47,100,22.51620293,100,22.2285881,100,22.05879784,100,22.12094879
2023/5/20 3:48,100,22.61747742,100,22.2285881,100,22.05879784,100,22.04861069
2023/5/20 3:49,100,22.61747742,100,22.2285881,100,22.16007042,100,22.01967621
2023/5/20 3:50,100,22.51620293,100,22.2285881,100,22.16007042,100,22.01967621
2023/5/20 3:51,100,22.51620293,100,22.2285881,100,22.05879784,100,22.01967621
2023/5/20 3:52,100,22.51620293,100,22.21412086,100,22.05879784,100,22.01967621
2023/5/20 3:53,100,22.51620293,100,22.12731552,100,22.05879784,80.13601685,21.91840172
2023/5/20 3:54,100,22.51620293,100,22.12731552,100,22.04432869,16.94963455,21.91840172
2023/5/20 3:55,100,22.58854294,100,22.2285881,100,22.00092697,0,21.91840172
2023/5/20 3:56,100,22.51620293,100,22.2285881,100,21.95752335,0,21.81712914
2023/5/20 3:57,100,22.51620293,100,22.2285881,100,21.95752335,0,21.81712914
2023/5/20 3:58,100,22.51620293,100,22.12731552,100,21.95752335,0,21.81712914
2023/5/20 3:59,100,22.51620293,100,22.12731552,100,21.95752335,0,21.81712914
2023/5/20 4:00,100,22.51620293,100,22.12731552,100,21.95752335,0,21.81712914
2023/5/20 4:01,100,22.51620293,100,22.2285881,100,22.05879784,0,21.91840172
2023/5/20 4:02,100,22.73321724,100,22.2285881,100,22.05879784,0,21.90393448
2023/5/20 4:03,100,22.51620293,100,22.2285881,100,22.05879784,0,21.91840172
2023/5/20 4:04,100,22.61747742,100,22.2285881,100,22.05879784,0,21.91840172
2023/5/20 4:05,100,22.51620293,100,22.2285881,100,22.05879784,0,21.91840172
2023/5/20 4:06,100,22.51620293,100,22.2285881,100,22.05879784,0,21.91840172
2023/5/20 4:07,100,22.61747742,100,22.2285881,100,22.16007042,3.363111258,22.01967621
2023/5/20 4:08,100,22.61747742,100,22.32986069,100,22.16007042,18.17367935,22.01967621
2023/5/20 4:09,100,22.61747742,100,22.32986069,100,22.16007042,32.69582748,22.01967621
2023/5/20 4:10,100,22.61747742,100,22.32986069,100,22.16007042,71.9985199,22.12094879
2023/5/20 4:11,100,22.61747742,100,22.32986069,100,22.16007042,100,22.12094879
2023/5/20 4:12,100,22.61747742,100,22.32986069,100,22.16007042,100,22.12094879
2023/5/20 4:13,100,22.61747742,100,22.32986069,100,22.16007042,100,22.12094879
2023/5/20 4:14,100,22.61747742,100,22.21412086,100,22.05879784,100,22.12094879
2023/5/20 4:15,100,22.61747742,100,22.2285881,100,22.05879784,100,22.12094879
2023/5/20 4:16,100,22.51620293,100,22.2285881,100,22.05879784,100,22.01967621
2023/5/20 4:17,100,22.61747742,100,22.2285881,100,22.05879784,100,22.01967621
2023/5/20 4:18,100,22.61747742,100,22.32986069,100,22.05879784,100,22.01967621
2023/5/20 4:19,100,22.51620293,100,22.2285881,100,22.05879784,53.03613281,21.91840172
2023/5/20 4:20,100,22.51620293,100,22.2285881,100,22.05879784,0,21.90393448
2023/5/20 4:21,100,22.60301018,100,22.12731552,100,22.05879784,0,21.81712914
2023/5/20 4:22,100,22.51620293,100,22.12731552,100,21.95752335,0,21.81712914
2023/5/20 4:23,100,22.61747742,100,22.11284828,100,22.05879784,0,21.81712914
2023/5/20 4:24,100,22.53067207,100,22.12731552,100,22.05879784,0,21.81712914
2023/5/20 4:25,100,22.61747742,100,22.2285881,100,22.05879784,0,21.81712914
2023/5/20 4:26,100,22.61747742,100,22.2285881,100,22.05879784,0,21.81712914
2023/5/20 4:27,100,22.61747742,100,22.2285881,100,22.05879784,0,21.91840172
2023/5/20 4:28,100,22.61747742,100,22.2285881,100,22.05879784,0,21.91840172
2023/5/20 4:29,100,22.51620293,100,22.25752258,100,22.05879784,0,21.91840172
2023/5/20 4:30,100,22.61747742,100,22.32986069,100,22.16007042,0,21.91840172
2023/5/20 4:31,100,22.61747742,100,22.32986069,100,22.16007042,4.290542603,22.01967621
2023/5/20 4:32,100,22.61747742,100,22.31539345,100,22.261343,18.76381111,22.01967621
2023/5/20 4:33,100,22.51620293,100,22.32986069,100,22.261343,33.34306717,22.01967621
2023/5/20 4:34,100,22.60301018,100,22.43113518,100,22.261343,48.22617722,22.01967621
2023/5/20 4:35,100,22.61747742,100,22.43113518,100,22.261343,100,22.12094879
2023/5/20 4:36,100,22.60301018,100,22.43113518,100,22.261343,100,22.12094879
2023/5/20 4:37,100,22.61747742,100,22.41666794,100,22.261343,100,22.10648155
2023/5/20 4:38,100,22.6464119,100,22.43113518,100,22.261343,100,22.12094879
2023/5/20 4:39,100,22.61747742,100,22.43113518,100,22.261343,100,22.12094879
2023/5/20 4:40,100,22.61747742,100,22.32986069,100,22.16007042,100,22.01967621
2023/5/20 4:41,100,22.61747742,100,22.32986069,100,22.16007042,100,22.01967621
2023/5/20 4:42,100,22.61747742,100,22.25752258,100,22.16007042,95.01611328,22.01967621
2023/5/20 4:43,100,22.61747742,100,22.24305534,100,22.16007042,37.76583862,21.91840172
2023/5/20 4:44,100,22.61747742,100,22.28645706,100,22.16007042,0,21.91840172
2023/5/20 4:45,100,22.61747742,100,22.2285881,100,22.16007042,0,21.91840172
2023/5/20 4:46,100,22.61747742,100,22.2285881,100,22.16007042,0,21.91840172
2023/5/20 4:47,100,22.61747742,100,22.32986069,100,22.16007042,0,21.91840172
2023/5/20 4:48,100,22.61747742,100,22.32986069,100,22.24687576,0,21.91840172
2023/5/20 4:49,100,22.61747742,100,22.32986069,100,22.1890049,0,21.91840172
2023/5/20 4:50,100,22.61747742,100,22.32986069,100,22.261343,0,21.91840172
2023/5/20 4:51,100,22.61747742,100,22.43113518,100,22.261343,0,21.93287086
2023/5/20 4:52,100,22.61747742,100,22.43113518,100,22.24687576,10.80203533,22.01967621
2023/5/20 4:53,100,22.61747742,100,22.41666794,100,22.261343,25.23135757,22.00520706
2023/5/20 4:54,100,22.61747742,100,22.43113518,100,22.261343,40.00444412,22.01967621
2023/5/20 4:55,100,22.61747742,100,22.53240776,100,22.261343,54.66214752,22.01967621
2023/5/20 4:56,100,22.61747742,100,22.53240776,100,22.24687576,69.15516663,22.01967621
2023/5/20 4:57,100,22.61747742,100,22.53240776,100,22.36261559,100,22.12094879
2023/5/20 4:58,100,22.61747742,100,22.51794052,100,22.24687576,100,22.01967621
2023/5/20 4:59,100,22.61747742,100,22.43113518,100,22.261343,100,22.01967621
2023/5/20 5:00,100,22.61747742,100,22.43113518,100,22.16007042,100,22.01967621
2023/5/20 5:01,100,22.61747742,100,22.32986069,100,22.16007042,100,22.01967621
2023/5/20 5:02,100,22.61747742,100,22.32986069,100,22.16007042,77.4682312,21.91840172
2023/5/20 5:03,100,22.61747742,100,22.32986069,100,22.14560318,12.97881889,21.91840172
2023/5/20 5:04,100,22.61747742,100,22.32986069,100,22.1166687,0,21.91840172
2023/5/20 5:05,100,22.55960655,100,22.32986069,100,22.05879784,0,21.91840172
2023/5/20 5:06,100,22.61747742,100,22.32986069,100,22.16007042,0,21.81712914
2023/5/20 5:07,100,22.51620293,100,22.32986069,100,22.16007042,0,21.81712914
2023/5/20 5:08,100,22.61747742,100,22.43113518,100,22.261343,0,21.81712914
2023/5/20 5:09,100,22.61747742,100,22.32986069,100,22.261343,0,21.81712914
2023/5/20 5:10,100,22.61747742,100,22.43113518,100,22.261343,0,21.81712914
2023/5/20 5:11,100,22.61747742,100,22.43113518,100,22.261343,0,21.81712914
2023/5/20 5:12,100,22.61747742,100,22.43113518,100,22.16007042,0,21.81712914
2023/5/20 5:13,100,22.61747742,100,22.43113518,100,22.16007042,0,21.91840172
2023/5/20 5:14,100,22.61747742,100,22.43113518,100,22.261343,0,21.91840172
2023/5/20 5:15,100,22.61747742,100,22.43113518,100,22.261343,0,21.91840172
2023/5/20 5:16,100,22.61747742,100,22.53240776,100,22.36261559,0,21.91840172
2023/5/20 5:17,100,22.61747742,100,22.53240776,100,22.36261559,0.05865448,21.97627258
2023/5/20 5:18,100,22.61747742,100,22.53240776,100,22.36261559,12.14769077,22.01967621
2023/5/20 5:19,100,22.61747742,100,22.53240776,100,22.261343,26.69747353,22.01967621
2023/5/20 5:20,100,22.61747742,100,22.53240776,100,22.36261559,41.25967789,22.01967621
2023/5/20 5:21,100,22.61747742,100,22.43113518,100,22.34814835,87.28449249,22.12094879
2023/5/20 5:22,100,22.61747742,100,22.43113518,100,22.261343,100,22.12094879
2023/5/20 5:23,100,22.61747742,100,22.53240776,100,22.36261559,100,22.12094879
2023/5/20 5:24,100,22.61747742,100,22.43113518,100,22.261343,100,22.12094879
2023/5/20 5:25,100,22.61747742,100,22.41666794,100,22.261343,100,22.12094879
2023/5/20 5:26,100,22.61747742,100,22.32986069,100,22.261343,100,22.12094879
2023/5/20 5:27,100,22.61747742,100,22.43113518,100,22.261343,100,22.12094879
2023/5/20 5:28,100,22.61747742,100,22.41666794,100,22.261343,100,22.12094879
2023/5/20 5:29,100,22.61747742,100,22.43113518,100,22.16007042,100,22.00520706
2023/5/20 5:30,100,22.61747742,100,22.32986069,100,22.16007042,100,22.01967621
2023/5/20 5:31,100,22.61747742,100,22.32986069,100,22.16007042,96.65559387,21.91840172
2023/5/20 5:32,100,22.61747742,100,22.32986069,100,22.16007042,32.04157257,21.91840172
2023/5/20 5:33,100,22.61747742,100,22.31539345,100,22.04432869,0,21.81712914
2023/5/20 5:34,100,22.61747742,100,22.32986069,100,22.05879784,0,21.81712914
2023/5/20 5:35,100,22.61747742,100,22.32986069,100,22.05879784,0,21.81712914
2023/5/20 5:36,100,22.61747742,100,22.32986069,100,22.05879784,0,21.81712914
2023/5/20 5:37,100,22.61747742,100,22.32986069,100,22.05879784,0,21.81712914
2023/5/20 5:38,100,22.61747742,100,22.32986069,100,22.16007042,0,21.81712914
2023/5/20 5:39,100,22.61747742,100,22.32986069,100,22.16007042,0,21.81712914
2023/5/20 5:40,100,22.61747742,100,22.32986069,100,22.16007042,0,21.81712914
2023/5/20 5:41,100,22.61747742,100,22.32986069,100,22.16007042,0,21.81712914
2023/5/20 5:42,100,22.61747742,100,22.32986069,100,22.16007042,0,21.81712914
2023/5/20 5:43,100,22.61747742,100,22.32986069,100,22.16007042,0,21.81712914
2023/5/20 5:44,100,22.61747742,100,22.38773155,100,22.16007042,0,21.91840172
2023/5/20 5:45,100,22.61747742,100,22.43113518,100,22.16007042,0,21.91840172
2023/5/20 5:46,100,22.61747742,100,22.32986069,100,22.261343,0,21.91840172
2023/5/20 5:47,100,22.61747742,100,22.32986069,100,22.261343,0,21.93287086
2023/5/20 5:48,100,22.61747742,100,22.32986069,100,22.261343,9.788350105,22.01967621
2023/5/20 5:49,100,22.61747742,100,22.43113518,100,22.261343,24.33421516,22.01967621
2023/5/20 5:50,100,22.61747742,100,22.43113518,100,22.261343,39.01815033,22.01967621
2023/5/20 5:51,100,22.61747742,100,22.43113518,100,22.261343,100,22.12094879
2023/5/20 5:52,100,22.61747742,100,22.43113518,100,22.261343,100,22.12094879
2023/5/20 5:53,100,22.61747742,100,22.41666794,100,22.261343,100,22.12094879
2023/5/20 5:54,100,22.61747742,100,22.32986069,100,22.16007042,100,22.12094879
2023/5/20 5:55,100,22.61747742,100,22.32986069,100,22.16007042,100,22.12094879
2023/5/20 5:56,100,22.61747742,100,22.43113518,100,22.261343,100,22.12094879
2023/5/20 5:57,100,22.61747742,100,22.43113518,100,22.261343,100,22.01967621
2023/5/20 5:58,100,22.61747742,100,22.31539345,100,22.261343,100,22.01967621
2023/5/20 5:59,100,22.61747742,100,22.32986069,100,22.16007042,77.31393433,21.91840172
2023/5/20 6:00,100,22.61747742,100,22.32986069,100,22.16007042,13.81849003,21.91840172
2023/5/20 6:01,100,22.61747742,100,22.32986069,100,22.16007042,0,21.91840172
2023/5/20 6:02,100,22.61747742,100,22.32986069,100,22.16007042,0,21.81712914
2023/5/20 6:03,100,22.61747742,100,22.40219879,100,22.16007042,0,21.81712914
2023/5/20 6:04,100,22.61747742,100,22.32986069,100,22.16007042,0,21.81712914
2023/5/20 6:05,100,22.61747742,100,22.32986069,100,22.16007042,0,21.81712914
2023/5/20 6:06,100,22.61747742,100,22.32986069,100,22.261343,0,21.81712914
2023/5/20 6:07,100,22.61747742,100,22.41666794,100,22.261343,0,21.81712914
2023/5/20 6:08,100,22.61747742,100,22.32986069,100,22.16007042,0,21.91840172
2023/5/20 6:09,100,22.61747742,100,22.32986069,100,22.16007042,0,21.91840172
2023/5/20 6:10,100,22.61747742,100,22.32986069,100,22.16007042,0,21.91840172
2023/5/20 6:11,100,22.61747742,100,22.43113518,100,22.261343,0,21.91840172
2023/5/20 6:12,100,22.61747742,100,22.43113518,100,22.261343,6.960284233,22.01967621
2023/5/20 6:13,100,22.61747742,100,22.32986069,100,22.261343,21.6216507,22.01967621
2023/5/20 6:14,100,22.61747742,100,22.41666794,100,22.261343,35.93096161,22.01967621
2023/5/20 6:15,100,22.61747742,100,22.43113518,100,22.31921387,54.1400528,22.01967621
2023/5/20 6:16,100,22.61747742,100,22.53240776,100,22.36261559,100,22.12094879
2023/5/20 6:17,100,22.61747742,100,22.53240776,100,22.36261559,100,22.12094879
2023/5/20 6:18,100,22.61747742,100,22.43113518,100,22.261343,100,22.12094879
2023/5/20 6:19,100,22.71875,100,22.43113518,100,22.261343,100,22.12094879
2023/5/20 6:20,100,22.71875,100,22.43113518,100,22.261343,100,22.12094879
2023/5/20 6:21,100,22.61747742,100,22.43113518,100,22.261343,100,22.12094879
2023/5/20 6:22,100,22.61747742,100,22.32986069,100,22.16007042,100,22.12094879
2023/5/20 6:23,100,22.61747742,100,22.32986069,100,22.16007042,100,22.01967621
2023/5/20 6:24,100,22.61747742,100,22.32986069,100,22.16007042,100,22.01967621
2023/5/20 6:25,100,22.61747742,100,22.43113518,100,22.16007042,75.71984863,21.91840172
2023/5/20 6:26,100,22.61747742,100,22.43113518,100,22.261343,11.21893787,21.91840172
2023/5/20 6:27,100,22.61747742,100,22.43113518,100,22.16007042,0,21.86053276
2023/5/20 6:28,100,22.61747742,100,22.32986069,100,22.05879784,0,21.81712914
2023/5/20 6:29,100,22.61747742,100,22.32986069,100,22.05879784,0,21.81712914
2023/5/20 6:30,100,22.61747742,100,22.30092621,100,22.05879784,0,21.81712914
2023/5/20 6:31,100,22.61747742,100,22.32986069,100,22.16007042,0,21.81712914
2023/5/20 6:32,100,22.61747742,100,22.32986069,100,22.16007042,0,21.81712914
2023/5/20 6:33,100,22.60301018,100,22.32986069,100,22.16007042,0,21.81712914
2023/5/20 6:34,100,22.61747742,100,22.32986069,100,22.16007042,0,21.81712914
2023/5/20 6:35,100,22.60301018,100,22.43113518,100,22.16007042,0,21.81712914
2023/5/20 6:36,100,22.61747742,100,22.44560242,100,22.261343,0,21.81712914
2023/5/20 6:37,100,22.61747742,100,22.43113518,100,22.261343,0,21.81712914
2023/5/20 6:38,100,22.61747742,100,22.43113518,100,22.261343,0,21.81712914
2023/5/20 6:39,100,22.61747742,100,22.43113518,100,22.261343,0,21.81712914
2023/5/20 6:40,100,22.61747742,100,22.43113518,100,22.261343,0,21.91840172
2023/5/20 6:41,100,22.71875,100,22.43113518,100,22.36261559,0,21.91840172
2023/5/20 6:42,100,22.71875,100,22.43113518,100,22.36261559,0,21.91840172
2023/5/20 6:43,100,22.71875,100,22.53240776,100,22.46389008,0,21.91840172
2023/5/20 6:44,100,22.71875,100,22.53240776,100,22.36261559,0,21.91840172
2023/5/20 6:45,100,22.71875,100,22.53240776,100,22.46389008,0,21.91840172
2023/5/20 6:46,100,22.71875,100,22.51794052,100,22.44942284,0,21.91840172
2023/5/20 6:47,100,22.71875,100,22.53240776,100,22.46389008,0,21.91840172
2023/5/20 6:48,100,22.76215172,100,22.53240776,100,22.46389008,0,21.91840172
2023/5/20 6:49,100,22.73321724,100,22.53240776,100,22.46389008,1.179084659,22.01967621
2023/5/20 6:50,100,22.82002258,100,22.53240776,100,22.46389008,14.42760944,22.00520706
2023/5/20 6:51,100,22.71875,100,22.53240776,100,22.46389008,28.92457581,22.01967621
2023/5/20 6:52,100,22.82002258,100,22.53240776,100,22.46389008,43.59041595,22.01967621
2023/5/20 6:53,100,22.82002258,100,22.51794052,100,22.46389008,58.40143204,22.01967621
2023/5/20 6:54,100,22.82002258,100,22.53240776,100,22.46389008,85.20033264,22.12094879
2023/5/20 6:55,100,22.82002258,100,22.53240776,100,22.44942284,100,22.12094879
2023/5/20 6:56,100,22.82002258,100,22.43113518,100,22.36261559,100,22.12094879
2023/5/20 6:57,100,22.82002258,100,22.43113518,100,22.36261559,100,22.06307793
2023/5/20 6:58,100,22.82002258,100,22.53240776,100,22.36261559,100,22.01967621
2023/5/20 6:59,100,22.82002258,100,22.53240776,100,22.36261559,100,22.01967621
2023/5/20 7:00,100,22.82002258,100,23.35705948,100,22.261343,85.80361938,21.91840172
2023/5/20 7:01,100,22.82002258,100,22.41666794,100,22.261343,22.32398224,21.91840172
2023/5/20 7:02,100,22.71875,100,22.53240776,100,22.261343,0,21.91840172
2023/5/20 7:03,100,22.71875,100,22.43113518,100,22.261343,0,21.81712914
2023/5/20 7:04,100,22.71875,100,22.43113518,100,22.261343,0,21.81712914
2023/5/20 7:05,100,22.71875,100,22.53240776,100,22.29027748,0,21.81712914
2023/5/20 7:06,100,22.71875,100,22.41666794,100,22.36261559,0,21.81712914
2023/5/20 7:07,100,22.71875,100,22.43113518,100,22.261343,0,21.81712914
2023/5/20 7:08,100,22.71875,100,22.43113518,100,22.261343,0,21.81712914
2023/5/20 7:09,100,22.71875,100,22.43113518,100,22.261343,0,21.84606552
2023/5/20 7:10,100,22.71875,100,22.43113518,100,22.261343,0,21.91840172
2023/5/20 7:11,100,22.71875,100,22.43113518,100,22.36261559,0,21.91840172
2023/5/20 7:12,100,22.82002258,100,22.43113518,100,22.36261559,0,21.91840172
2023/5/20 7:13,100,22.71875,100,22.43113518,100,22.36261559,0,21.91840172
2023/5/20 7:14,100,22.82002258,100,22.53240776,100,22.36261559,6.184744358,22.01967621
2023/5/20 7:15,100,22.82002258,100,22.53240776,100,22.36261559,20.76076126,22.01967621
2023/5/20 7:16,100,22.82002258,100,22.53240776,100,22.36261559,36.8806572,22.01967621
2023/5/20 7:17,100,22.82002258,100,22.53240776,100,22.36261559,100,22.12094879
2023/5/20 7:18,100,22.82002258,100,22.53240776,100,22.36261559,100,22.12094879
2023/5/20 7:19,100,22.82002258,100,22.63368034,100,22.44942284,100,22.12094879
2023/5/20 7:20,100,22.82002258,100,22.6192131,100,22.56516266,100,22.12094879
2023/5/20 7:21,100,22.82002258,100,22.63368034,100,22.46389008,100,22.12094879
2023/5/20 7:22,100,22.82002258,100,22.63368034,100,22.46389008,100,22.10648155
2023/5/20 7:23,100,22.82002258,100,22.53240776,100,22.36261559,100,22.12094879
2023/5/20 7:24,100,22.82002258,100,22.43113518,100,22.36261559,100,22.01967621
2023/5/20 7:25,100,22.82002258,100,22.53240776,100,22.36261559,100,22.01967621
2023/5/20 7:26,100,22.82002258,100,22.41666794,100,22.36261559,100,22.01967621
2023/5/20 7:27,100,22.82002258,100,22.37326431,100,22.16007042,80.53751373,21.91840172
2023/5/20 7:28,100,22.82002258,100,22.32986069,100,22.16007042,17.17404556,21.91840172
2023/5/20 7:29,100,22.82002258,100,22.43113518,100,22.261343,0,21.91840172
2023/5/20 7:30,100,22.82002258,100,22.43113518,100,22.261343,0,21.91840172
2023/5/20 7:31,100,22.71875,100,22.43113518,100,22.261343,0,21.91840172
2023/5/20 7:32,100,22.82002258,100,22.43113518,100,22.261343,0,21.81712914
2023/5/20 7:33,100,22.82002258,100,22.43113518,100,22.261343,0,21.81712914
2023/5/20 7:34,100,22.71875,100,22.43113518,100,22.261343,0,21.83159828
2023/5/20 7:35,100,22.71875,100,22.43113518,100,22.261343,0,21.91840172
2023/5/20 7:36,100,22.71875,100,22.43113518,100,22.261343,0,21.91840172
2023/5/20 7:37,100,22.71875,100,22.43113518,100,22.261343,0,21.91840172
2023/5/20 7:38,100,22.71875,100,22.41666794,100,22.261343,0,21.91840172
2023/5/20 7:39,100,22.71875,100,22.43113518,100,22.36261559,1.733750224,22.01967621
2023/5/20 7:40,100,22.82002258,100,22.53240776,100,22.36261559,16.28607941,22.01967621
2023/5/20 7:41,100,22.80555534,100,22.53240776,100,22.46389008,30.84994316,22.01967621
2023/5/20 7:42,100,22.82002258,100,22.63368034,100,22.46389008,57.1357193,22.03414345
2023/5/20 7:43,100,22.82002258,100,22.63368034,100,22.46389008,100,22.12094879
2023/5/20 7:44,100,22.82002258,100,22.53240776,100,22.46389008,100,22.12094879
2023/5/20 7:45,100,22.82002258,100,22.53240776,100,22.36261559,100,22.12094879
2023/5/20 7:46,100,22.82002258,100,22.53240776,100,22.36261559,100,22.12094879
2023/5/20 7:47,100,22.80555534,100,22.53240776,100,22.36261559,100,22.12094879
2023/5/20 7:48,100,22.82002258,100,22.53240776,100,22.36261559,100,22.01967621
2023/5/20 7:49,100,22.82002258,100,22.53240776,100,22.36261559,100,22.01967621
2023/5/20 7:50,100,22.82002258,100,22.53240776,100,22.36261559,100,22.01967621
2023/5/20 7:51,100,22.71875,100,22.53240776,100,22.36261559,99.3584137,21.9473381
2023/5/20 7:52,100,22.71875,100,22.53240776,100,22.36261559,46.65170288,21.91840172
2023/5/20 7:53,100,22.71875,100,22.41666794,100,22.36261559,0,21.91840172
2023/5/20 7:54,100,22.71875,100,22.32986069,100,22.261343,0,21.91840172
2023/5/20 7:55,100,22.61747742,100,22.32986069,100,22.16007042,0,21.81712914
2023/5/20 7:56,100,22.63194466,100,22.32986069,100,22.261343,0,21.81712914
2023/5/20 7:57,100,22.61747742,100,22.32986069,100,22.261343,0,21.81712914
2023/5/20 7:58,100,22.71875,100,22.31539345,100,22.261343,0,21.81712914
2023/5/20 7:59,100,22.71875,100,22.43113518,100,22.261343,0,21.81712914
2023/5/20 8:00,100,22.71875,100,22.43113518,100,22.36261559,0,21.91840172
2023/5/20 8:01,100,22.71875,100,22.53240776,100,22.36261559,0,21.91840172
2023/5/20 8:02,100,22.71875,100,22.43113518,100,22.36261559,0,21.91840172
2023/5/20 8:03,100,22.71875,100,22.43113518,100,22.261343,0,21.91840172
2023/5/20 8:04,100,22.71875,100,22.53240776,100,22.36261559,0,21.91840172
2023/5/20 8:05,100,22.82002258,100,22.53240776,100,22.36261559,0,21.96180534
2023/5/20 8:06,100,22.71875,100,22.53240776,100,22.36261559,10.81850719,22.01967621
2023/5/20 8:07,100,22.82002258,100,22.50347328,100,22.42048645,25.64900398,22.01967621
2023/5/20 8:08,100,22.71875,100,22.53240776,100,22.36261559,42.54581833,22.00520706
2023/5/20 8:09,100,22.71875,100,22.43113518,100,22.36261559,100,22.12094879
2023/5/20 8:10,100,22.82002258,100,22.43113518,100,22.261343,100,22.10648155
2023/5/20 8:11,100,22.61747742,100,22.43113518,100,22.16007042,100,22.12094879
2023/5/20 8:12,100,22.71875,100,22.34432793,100,22.16007042,100,22.10648155
2023/5/20 8:13,100,22.71875,100,22.32986069,100,22.16007042,100,22.12094879
2023/5/20 8:14,100,22.71875,100,22.32986069,100,22.16007042,100,22.01967621
2023/5/20 8:15,100,22.60301018,100,22.32986069,100,22.05879784,100,22.01967621
2023/5/20 8:16,100,22.61747742,100,22.40219879,100,22.16007042,94.04477692,21.91840172
2023/5/20 8:17,100,22.61747742,100,22.32986069,100,22.16007042,31.0853653,21.91840172
2023/5/20 8:18,100,22.71875,100,22.32986069,100,22.05879784,0,21.91840172
2023/5/20 8:19,100,22.61747742,100,22.43113518,100,22.16007042,0,21.91840172
2023/5/20 8:20,100,22.61747742,100,22.43113518,100,22.261343,0,21.81712914
2023/5/20 8:21,100,22.71875,100,22.53240776,100,22.261343,0,21.81712914
2023/5/20 8:22,100,22.71875,100,22.53240776,100,22.261343,0,21.81712914
2023/5/20 8:23,100,22.61747742,100,22.43113518,100,22.16007042,0,21.81712914
2023/5/20 8:24,100,22.61747742,100,22.43113518,100,22.261343,0,21.90393448
2023/5/20 8:25,100,22.71875,100,22.53240776,100,22.261343,0,21.91840172
2023/5/20 8:26,100,22.71875,100,22.53240776,100,22.36261559,0,21.91840172
2023/5/20 8:27,100,22.71875,100,22.43113518,100,22.261343,0,21.91840172
2023/5/20 8:28,100,22.71875,100,22.43113518,100,22.261343,0,21.91840172
2023/5/20 8:29,100,22.71875,100,22.43113518,100,22.36261559,0,21.91840172
2023/5/20 8:30,100,22.71875,100,22.53240776,100,22.36261559,11.98270607,22.01967621
2023/5/20 8:31,100,22.71875,100,22.53240776,100,22.36261559,26.28684425,22.01967621
2023/5/20 8:32,100,22.71875,100,22.53240776,100,22.36261559,54.561306,22.12094879
2023/5/20 8:33,100,22.71875,100,22.53240776,100,22.46389008,100,22.12094879
2023/5/20 8:34,100,22.82002258,100,22.6192131,100,22.36261559,100,22.12094879
2023/5/20 8:35,100,22.7910881,100,22.63368034,100,22.36261559,100,22.12094879
2023/5/20 8:36,100,22.71875,100,22.63368034,100,22.36261559,100,22.12094879
2023/5/20 8:37,100,22.71875,100,22.53240776,100,22.261343,100,22.12094879
2023/5/20 8:38,100,22.82002258,100,22.53240776,100,22.261343,100,22.12094879
2023/5/20 8:39,100,22.71875,100,22.43113518,100,22.16007042,100,22.12094879
2023/5/20 8:40,100,22.71875,100,22.43113518,100,22.16007042,100,22.01967621
2023/5/20 8:41,100,22.71875,100,22.43113518,100,22.261343,100,22.01967621
2023/5/20 8:42,100,22.71875,100,22.53240776,100,22.261343,97.86180878,22.01967621
2023/5/20 8:43,100,22.71875,100,22.43113518,100,22.261343,46.56663513,21.91840172
2023/5/20 8:44,100,22.71875,100,22.43113518,100,22.261343,0,21.91840172
2023/5/20 8:45,100,22.66087914,100,22.43113518,100,22.261343,0,21.81712914
2023/5/20 8:46,100,22.71875,100,22.43113518,100,22.16007042,0,21.81712914
2023/5/20 8:47,100,22.61747742,100,22.32986069,100,22.16007042,0,21.81712914
2023/5/20 8:48,100,22.61747742,100,22.32986069,100,22.16007042,0,21.81712914
2023/5/20 8:49,100,22.61747742,100,22.32986069,100,22.16007042,0,21.81712914
2023/5/20 8:50,100,22.61747742,100,22.32986069,100,22.16007042,0,21.81712914
2023/5/20 8:51,100,22.61747742,100,22.32986069,100,22.16007042,0,21.81712914
2023/5/20 8:52,100,22.61747742,100,22.43113518,100,22.16007042,0,21.8026619
2023/5/20 8:53,100,22.71875,100,22.43113518,100,22.16007042,0,21.91840172
2023/5/20 8:54,100,22.67534828,100,22.43113518,100,22.23240852,0,21.91840172
2023/5/20 8:55,100,22.61747742,100,22.43113518,100,22.261343,0.210863873,21.96180534
2023/5/20 8:56,100,22.61747742,100,22.43113518,100,22.261343,14.05572605,22.01967621
2023/5/20 8:57,100,22.82002258,100,22.43113518,100,22.261343,29.30765915,22.01967621
2023/5/20 8:58,100,22.71875,100,22.53240776,100,22.36261559,48.47915268,22.12094879
2023/5/20 8:59,100,22.71875,100,22.53240776,100,22.36261559,100,22.12094879
2023/5/20 9:00,100,22.71875,100,22.53240776,100,22.261343,100,22.12094879
2023/5/20 9:01,100,22.71875,100,22.53240776,100,22.261343,100,22.12094879
2023/5/20 9:02,100,22.71875,100,22.53240776,100,22.261343,100,22.12094879
2023/5/20 9:03,100,22.71875,100,22.50347328,100,22.261343,100,22.12094879
2023/5/20 9:04,100,22.71875,100,22.53240776,100,22.261343,100,22.12094879
2023/5/20 9:05,100,22.61747742,100,22.43113518,100,22.16007042,100,22.01967621
2023/5/20 9:06,100,22.61747742,100,22.32986069,100,22.05879784,93.50488281,21.91840172
2023/5/20 9:07,100,22.61747742,100,22.43113518,100,22.16007042,29.16914368,21.91840172
2023/5/20 9:08,100,22.61747742,100,22.43113518,100,22.16007042,0,21.91840172
2023/5/20 9:09,100,22.61747742,100,22.32986069,100,22.05879784,0,21.91840172
2023/5/20 9:10,100,22.51620293,100,22.32986069,100,22.05879784,0,21.81712914
2023/5/20 9:11,100,22.51620293,100,22.32986069,100,22.16007042,0,21.81712914
2023/5/20 9:12,100,22.51620293,100,22.43113518,100,22.16007042,0,21.81712914
2023/5/20 9:13,100,22.53067207,100,22.43113518,100,22.16007042,0,21.91840172
2023/5/20 9:14,100,22.61747742,100,22.43113518,100,22.16007042,0,21.91840172
2023/5/20 9:15,100,22.61747742,100,22.43113518,100,22.16007042,0,21.91840172
2023/5/20 9:16,100,22.61747742,100,22.43113518,100,22.16007042,0,21.91840172
2023/5/20 9:17,100,22.71875,100,22.43113518,100,22.261343,0,21.91840172
2023/5/20 9:18,100,22.61747742,100,22.53240776,100,22.261343,11.3164444,22.01967621
2023/5/20 9:19,100,22.61747742,100,22.53240776,100,22.36261559,26.29022026,22.01967621
2023/5/20 9:20,100,22.61747742,100,22.53240776,100,22.43495369,100,22.10648155
2023/5/20 9:21,100,22.61747742,100,22.63368034,100,22.46389008,100,22.12094879
2023/5/20 9:22,100,22.61747742,100,22.63368034,100,22.46389008,100,22.22222328
2023/5/20 9:23,100,22.71875,100,22.53240776,100,22.36261559,100,22.22222328
2023/5/20 9:24,100,22.71875,100,22.51794052,100,22.36261559,100,22.20775414
2023/5/20 9:25,100,22.71875,100,22.53240776,100,22.36261559,100,22.12094879
2023/5/20 9:26,100,22.71875,100,22.63368034,100,22.36261559,100,22.12094879
2023/5/20 9:27,100,22.61747742,100,22.63368034,100,22.36261559,100,22.12094879
2023/5/20 9:28,100,22.61747742,100,22.63368034,100,22.36261559,100,22.01967621
2023/5/20 9:29,100,22.61747742,100,22.53240776,100,22.36261559,100,22.01967621
2023/5/20 9:30,100,22.61747742,100,22.53240776,100,22.36261559,100,22.01967621
2023/5/20 9:31,100,22.61747742,100,22.53240776,100,22.36261559,54.86081696,21.91840172
2023/5/20 9:32,100,22.61747742,100,22.53240776,100,22.36261559,0,21.91840172
2023/5/20 9:33,100,22.71875,100,22.53240776,100,22.36261559,0,21.91840172
2023/5/20 9:34,100,22.71875,100,22.53240776,100,22.36261559,0,21.81712914
2023/5/20 9:35,100,22.61747742,100,22.53240776,100,22.46389008,0,21.91840172
2023/5/20 9:36,100,22.71875,100,22.53240776,100,22.46389008,0,21.91840172
2023/5/20 9:37,100,22.71875,100,22.63368034,100,22.46389008,0,21.91840172
2023/5/20 9:38,100,22.71875,100,22.63368034,100,22.46389008,0,21.91840172
2023/5/20 9:39,100,22.71875,100,22.73495293,100,22.46389008,7.496346474,22.01967621
2023/5/20 9:40,100,22.71875,100,22.76388931,100,22.56516266,22.08802795,22.01967621
2023/5/20 9:41,100,22.71875,100,22.82176018,100,22.56516266,54.76869202,22.12094879
2023/5/20 9:42,100,22.71875,100,22.92303276,100,22.66643524,100,22.12094879
2023/5/20 9:43,100,22.82002258,100,22.9375,100,22.66643524,100,22.12094879
2023/5/20 9:44,100,22.82002258,100,22.85069466,100,22.66643524,100,22.10648155
2023/5/20 9:45,100,22.71875,100,22.83622742,100,22.56516266,100,22.10648155
2023/5/20 9:46,100,22.71875,100,22.73495293,100,22.56516266,100,22.12094879
2023/5/20 9:47,100,22.67534828,100,22.73495293,100,22.46389008,100,22.04861069
2023/5/20 9:48,100,22.61747742,100,22.73495293,100,22.46389008,100,22.00520706
2023/5/20 9:49,100,22.61747742,100,22.73495293,100,22.49282455,100,22.01967621
2023/5/20 9:50,100,22.61747742,100,22.73495293,100,22.46389008,67.17697906,21.91840172
2023/5/20 9:51,100,22.61747742,100,22.73495293,100,22.46389008,2.841816425,21.91840172
2023/5/20 9:52,100,22.61747742,100,22.64814758,100,22.46389008,0,21.81712914
2023/5/20 9:53,100,22.61747742,100,22.63368034,100,22.36261559,0,21.81712914
2023/5/20 9:54,,22.61747742,,22.53240776,,22.33368111,,21.81712914
2023/5/20 9:55,,22.61747742,,22.51794052,,22.36261559,,21.81712914
2023/5/20 9:56,,22.51620293,,22.53240776,,22.36261559,,
2023/5/20 9:57,,,,,,,,
2023/5/20 9:58,,,,,,,,
2023/5/20 9:59,,,,,,,,
2023/5/20 10:00,,,,,,,,
2023/5/20 10:01,,,,,,,,
2023/5/20 10:02,,,,,,,,
2023/5/20 10:03,100,22.51620293,100,22.43113518,100,22.261343,7.495666981,22.01967621
2023/5/20 10:04,100,22.82002258,100,22.53240776,100,22.36261559,21.94988251,22.00520706
2023/5/20 10:05,100,22.82002258,100,22.43113518,100,22.36261559,36.51585007,22.01967621
2023/5/20 10:06,100,22.51620293,100,22.46006966,100,22.36261559,85.53377533,22.12094879
2023/5/20 10:07,100,22.51620293,100,22.43113518,100,22.261343,100,22.10648155
2023/5/20 10:08,100,22.73321724,100,22.43113518,100,22.261343,100,22.12094879
2023/5/20 10:09,100,22.51620293,100,22.32986069,100,22.16007042,100,22.01967621
2023/5/20 10:10,100,22.82002258,100,22.43113518,100,22.16007042,100,22.01967621
2023/5/20 10:11,100,22.82002258,100,22.32986069,100,22.16007042,100,22.01967621
2023/5/20 10:12,100,22.82002258,100,22.32986069,100,22.16007042,54.29110718,21.91840172
2023/5/20 10:13,100,22.82002258,100,22.32986069,100,22.16007042,0,21.91840172
2023/5/20 10:14,100,22.71875,100,22.32986069,100,22.16007042,0,21.81712914
2023/5/20 10:15,100,22.71875,100,22.32986069,100,22.16007042,0,21.81712914
2023/5/20 10:16,100,22.82002258,100,22.32986069,100,22.16007042,0,21.81712914
2023/5/20 10:17,100,22.82002258,100,22.43113518,100,22.16007042,0,21.81712914
2023/5/20 10:18,100,22.51620293,100,22.43113518,100,22.16007042,0,21.81712914
2023/5/20 10:19,100,22.51620293,100,22.41666794,100,22.16007042,0,21.81712914
2023/5/20 10:20,100,22.51620293,100,22.43113518,100,22.36261559,0,21.81712914
2023/5/20 10:21,100,22.51620293,100,22.43113518,100,22.261343,0,21.81712914
2023/5/20 10:22,100,22.51620293,100,22.43113518,100,22.24687576,0,21.91840172
2023/5/20 10:23,100,22.51620293,100,22.43113518,100,22.36261559,0,21.91840172
2023/5/20 10:24,100,22.82002258,100,22.43113518,100,22.36261559,0,21.91840172
2023/5/20 10:25,100,22.82002258,100,22.35879707,100,22.36261559,4.241859913,22.01967621
2023/5/20 10:26,100,22.71875,100,22.32986069,100,22.36261559,19.04200172,22.01967621
2023/5/20 10:27,100,22.71875,100,22.32986069,100,22.34814835,33.77461624,22.01967621
2023/5/20 10:28,100,22.71875,100,22.41666794,100,22.36261559,49.28290939,22.01967621
2023/5/20 10:29,100,22.71875,100,22.43113518,100,22.34814835,100,22.10648155
2023/5/20 10:30,100,22.80555534,100,22.43113518,100,22.36261559,100,22.12094879
2023/5/20 10:31,100,22.61747742,100,22.43113518,100,22.261343,100,22.12094879
2023/5/20 10:32,100,22.71875,100,22.43113518,100,22.261343,100,22.01967621
2023/5/20 10:33,100,22.71875,100,22.32986069,100,22.24687576,100,22.01967621
2023/5/20 10:34,100,22.71875,100,22.32986069,100,22.16007042,100,22.01967621
2023/5/20 10:35,100,22.61747742,100,22.32986069,100,22.16007042,100,22.01967621
2023/5/20 10:36,100,22.61747742,100,22.32986069,100,22.24687576,60.16876221,21.91840172
2023/5/20 10:37,100,22.71875,100,22.32986069,100,22.261343,0,21.91840172
2023/5/20 10:38,100,22.82002258,100,22.32986069,100,22.16007042,0,21.81712914
2023/5/20 10:39,100,22.82002258,100,22.32986069,100,22.05879784,0,21.81712914
2023/5/20 10:40,100,22.53067207,100,22.32986069,100,22.16007042,0,21.81712914
2023/5/20 10:41,100,22.82002258,100,22.32986069,100,22.261343,0,21.81712914
2023/5/20 10:42,100,22.82002258,100,22.32986069,100,22.261343,0,21.81712914
2023/5/20 10:43,100,22.82002258,100,22.43113518,100,22.261343,0,21.81712914
2023/5/20 10:44,100,22.80555534,100,22.43113518,100,22.34814835,0,21.81712914
2023/5/20 10:45,100,22.82002258,100,22.43113518,100,22.36261559,0,21.91840172
2023/5/20 10:46,100,22.82002258,100,22.43113518,100,22.36261559,0,21.91840172
2023/5/20 10:47,100,22.53067207,100,22.32986069,100,22.24687576,0,21.91840172
2023/5/20 10:48,100,22.61747742,100,22.32986069,100,22.261343,0,21.91840172
2023/5/20 10:49,100,22.61747742,100,22.32986069,100,22.34814835,0,21.91840172
2023/5/20 10:50,100,22.61747742,100,22.43113518,100,22.36261559,5.415808201,22.01967621
2023/5/20 10:51,100,22.61747742,100,22.43113518,100,22.36261559,20.71126747,22.01967621
2023/5/20 10:52,100,22.61747742,100,22.43113518,100,22.44942284,35.24653244,22.01967621
2023/5/20 10:53,100,22.51620293,100,22.53240776,100,22.34814835,50.34023666,22.01967621
2023/5/20 10:54,100,22.51620293,100,22.46006966,100,22.36261559,100,22.12094879
2023/5/20 10:55,100,22.61747742,100,22.43113518,100,22.34814835,100,22.12094879
2023/5/20 10:56,100,22.51620293,100,22.51794052,100,22.36261559,100,22.12094879
2023/5/20 10:57,100,22.61747742,100,22.53240776,100,22.36261559,100,22.12094879
2023/5/20 10:58,100,22.51620293,100,22.53240776,100,22.36261559,100,22.12094879
2023/5/20 10:59,100,22.61747742,100,22.43113518,100,22.36261559,100,22.12094879
2023/5/20 11:00,100,22.61747742,100,22.43113518,100,22.36261559,100,22.01967621
2023/5/20 11:01,100,22.71875,100,22.43113518,100,22.24687576,100,22.01967621
2023/5/20 11:02,100,22.71875,100,22.43113518,100,22.261343,100,22.01967621
2023/5/20 11:03,100,22.61747742,100,22.43113518,100,22.24687576,100,22.01967621
2023/5/20 11:04,100,22.61747742,100,22.43113518,100,22.261343,98.62621307,21.91840172
2023/5/20 11:05,100,22.61747742,100,22.32986069,100,22.14560318,33.33860779,21.91840172
2023/5/20 11:06,100,22.60301018,100,22.32986069,100,22.16007042,0,21.91840172
2023/5/20 11:07,100,22.61747742,100,22.32986069,100,22.16007042,0,21.81712914
2023/5/20 11:08,100,22.61747742,100,22.2285881,100,22.05879784,0,21.81712914
2023/5/20 11:09,100,22.51620293,100,22.2285881,100,22.16007042,0,21.81712914
2023/5/20 11:10,100,22.61747742,100,22.32986069,100,22.16007042,0,21.81712914
2023/5/20 11:11,100,22.61747742,100,22.2285881,100,22.16007042,0,21.81712914
2023/5/20 11:12,100,22.51620293,100,22.2285881,100,22.16007042,0,21.81712914
2023/5/20 11:13,100,22.51620293,100,22.2285881,100,22.16007042,0,21.91840172
2023/5/20 11:14,100,22.51620293,100,22.32986069,100,22.261343,0,21.91840172
2023/5/20 11:15,100,22.58854294,100,22.43113518,100,22.36261559,0,21.91840172
2023/5/20 11:16,100,22.61747742,100,22.43113518,100,22.34814835,0,21.91840172
2023/5/20 11:17,100,22.61747742,100,22.43113518,100,22.261343,0,21.91840172
2023/5/20 11:18,100,22.61747742,100,22.43113518,100,22.261343,2.205063581,22.01967621
2023/5/20 11:19,100,22.71875,100,22.43113518,100,22.261343,17.2079277,22.01967621
2023/5/20 11:20,100,22.71875,100,22.43113518,100,22.261343,31.50960541,22.01967621
2023/5/20 11:21,100,22.71875,100,22.43113518,100,22.261343,56.62496948,22.12094879
2023/5/20 11:22,100,22.6464119,100,22.43113518,100,22.261343,100,22.12094879
2023/5/20 11:23,100,22.61747742,100,22.43113518,100,22.261343,100,22.12094879
2023/5/20 11:24,100,22.61747742,100,22.41666794,100,22.24687576,100,22.12094879
2023/5/20 11:25,100,22.51620293,100,22.41666794,100,22.261343,100,22.01967621
2023/5/20 11:26,100,22.51620293,100,22.41666794,100,22.261343,100,22.01967621
2023/5/20 11:27,100,22.60301018,100,22.41666794,100,22.261343,100,22.01967621
2023/5/20 11:28,100,22.61747742,100,22.32986069,100,22.16007042,100,22.01967621
2023/5/20 11:29,100,22.61747742,100,22.32986069,100,22.261343,72.32384491,21.91840172
2023/5/20 11:30,100,22.61747742,100,22.32986069,100,22.16007042,7.790474415,21.91840172
2023/5/20 11:31,100,22.61747742,100,22.32986069,100,22.16007042,0,21.91840172
2023/5/20 11:32,100,22.61747742,100,22.32986069,100,22.16007042,0,21.91840172
2023/5/20 11:33,100,22.51620293,100,22.32986069,100,22.261343,0,21.81712914
2023/5/20 11:34,100,22.51620293,100,22.32986069,100,22.36261559,0,21.84606552
2023/5/20 11:35,100,22.51620293,100,22.32986069,100,22.261343,0,21.91840172
2023/5/20 11:36,100,22.53067207,100,22.32986069,100,22.16007042,0,21.91840172
2023/5/20 11:37,100,22.51620293,100,22.32986069,100,22.16007042,0,21.91840172
2023/5/20 11:38,100,22.51620293,100,22.32986069,100,22.16007042,0,21.91840172
2023/5/20 11:39,100,22.51620293,100,22.32986069,100,22.261343,0,21.91840172
2023/5/20 11:40,100,22.82002258,100,22.32986069,100,22.1890049,0,21.91840172
2023/5/20 11:41,100,22.82002258,100,22.32986069,100,22.261343,2.687338114,22.00520706
2023/5/20 11:42,100,22.82002258,100,22.32986069,100,22.261343,17.60876656,22.01967621
2023/5/20 11:43,100,22.51620293,100,22.32986069,100,22.261343,32.34009933,22.01967621
2023/5/20 11:44,100,22.53067207,100,22.32986069,100,22.261343,47.37181854,22.01967621
2023/5/20 11:45,100,22.61747742,100,22.37326431,100,22.36261559,65.99474335,22.01967621
2023/5/20 11:46,100,22.61747742,100,22.43113518,100,22.36261559,100,22.12094879
2023/5/20 11:47,100,22.51620293,100,22.32986069,100,22.36261559,100,22.12094879
2023/5/20 11:48,100,22.51620293,100,22.32986069,100,22.261343,100,22.12094879
2023/5/20 11:49,100,22.53067207,100,22.43113518,100,22.36261559,100,22.06307793
2023/5/20 11:50,100,22.82002258,100,22.43113518,100,22.36261559,100,22.01967621
2023/5/20 11:51,100,22.82002258,100,22.43113518,100,22.36261559,100,22.01967621
2023/5/20 11:52,100,22.51620293,100,22.37326431,100,22.261343,100,22.01967621
2023/5/20 11:53,100,22.51620293,100,22.32986069,100,22.261343,50.01371002,21.91840172
2023/5/20 11:54,100,22.61747742,100,22.43113518,100,22.261343,0,21.91840172
2023/5/20 11:55,100,22.51620293,100,22.32986069,100,22.16007042,0,21.81712914
2023/5/20 11:56,100,22.53067207,100,22.32986069,100,22.16007042,0,21.81712914
2023/5/20 11:57,100,22.53067207,100,22.32986069,100,22.261343,0,21.81712914
2023/5/20 11:58,100,22.82002258,100,22.32986069,100,22.261343,0,21.81712914
2023/5/20 11:59,100,22.82002258,100,22.32986069,100,22.16007042,0,21.81712914
2023/5/20 12:00,100,22.53067207,100,22.32986069,100,22.16007042,0,21.81712914
2023/5/20 12:01,100,22.51620293,100,22.32986069,100,22.05879784,0,21.81712914
2023/5/20 12:02,100,22.61747742,100,22.32986069,100,22.16007042,0,21.91840172
2023/5/20 12:03,100,22.61747742,100,22.32986069,100,22.16007042,0,21.91840172
2023/5/20 12:04,100,22.61747742,100,22.32986069,100,22.261343,0,21.91840172
2023/5/20 12:05,100,22.61747742,100,22.32986069,100,22.24687576,0,21.97627258
2023/5/20 12:06,100,22.61747742,100,22.32986069,100,22.261343,14.11534977,22.01967621
2023/5/20 12:07,100,22.61747742,100,22.32986069,100,22.261343,28.89363289,22.01967621
2023/5/20 12:08,100,22.61747742,100,22.32986069,100,22.261343,43.88496017,22.01967621
2023/5/20 12:09,100,22.61747742,100,22.43113518,100,22.261343,100,22.12094879
2023/5/20 12:10,100,22.61747742,100,22.41666794,100,22.261343,100,22.12094879
2023/5/20 12:11,100,22.55960655,100,22.32986069,100,22.261343,100,22.12094879
2023/5/20 12:12,100,22.51620293,100,22.32986069,100,22.261343,100,22.12094879
2023/5/20 12:13,100,22.61747742,100,22.32986069,100,22.16007042,100,22.01967621
2023/5/20 12:14,100,22.51620293,100,22.2285881,100,22.16007042,100,22.01967621
2023/5/20 12:15,100,22.61747742,100,22.2285881,100,22.05879784,98.46220398,22.01967621
2023/5/20 12:16,100,22.61747742,100,22.12731552,100,21.95752335,42.32024384,21.91840172
2023/5/20 12:17,100,22.61747742,100,22.12731552,100,21.95752335,0,21.91840172
2023/5/20 12:18,100,22.51620293,100,22.12731552,100,21.95752335,0,21.875
2023/5/20 12:19,100,22.51620293,100,22.12731552,100,21.85625076,0,21.81712914
2023/5/20 12:20,100,22.51620293,100,22.12731552,100,21.95752335,0,21.81712914
2023/5/20 12:21,100,22.51620293,100,22.12731552,100,21.95752335,0,21.81712914
2023/5/20 12:22,100,22.61747742,100,22.12731552,100,21.95752335,0,21.81712914
2023/5/20 12:23,100,22.61747742,100,22.12731552,100,22.05879784,0,21.84606552
2023/5/20 12:24,100,22.51620293,100,22.12731552,100,22.05879784,0,21.91840172
2023/5/20 12:25,100,22.61747742,100,22.14178276,100,22.05879784,0,21.91840172
2023/5/20 12:26,100,22.61747742,100,22.12731552,100,22.05879784,0,21.91840172
2023/5/20 12:27,100,22.51620293,100,22.14178276,100,22.16007042,0,21.91840172
2023/5/20 12:28,100,22.61747742,100,22.12731552,100,22.16007042,6.992460728,22.01967621
2023/5/20 12:29,100,22.51620293,100,22.12731552,100,22.05879784,21.77407265,22.01967621
2023/5/20 12:30,100,22.61747742,100,22.15625,100,22.16007042,36.76941299,22.01967621
2023/5/20 12:31,100,22.51620293,100,22.2285881,100,22.05879784,51.83559418,22.01967621
2023/5/20 12:32,100,22.51620293,100,22.2285881,100,22.16007042,86.40735626,22.12094879
2023/5/20 12:33,100,22.51620293,100,22.2285881,100,22.16007042,100,22.12094879
2023/5/20 12:34,100,22.51620293,100,22.2285881,100,22.07326508,100,22.12094879
2023/5/20 12:35,100,22.61747742,100,22.2285881,100,22.16007042,100,22.04861069
2023/5/20 12:36,100,22.61747742,100,22.2285881,100,22.16007042,100,22.01967621
2023/5/20 12:37,100,22.53067207,100,22.2285881,100,22.16007042,100,22.01967621
2023/5/20 12:38,100,22.51620293,100,22.24305534,100,22.261343,100,22.01967621
2023/5/20 12:39,100,22.61747742,100,22.32986069,100,22.24687576,98.9196701,21.93287086
2023/5/20 12:40,100,22.61747742,100,22.2285881,100,22.261343,36.40765381,21.91840172
2023/5/20 12:41,100,22.53067207,100,22.2285881,100,22.16007042,0,21.91840172
2023/5/20 12:42,100,22.51620293,100,22.2285881,100,22.05879784,0,21.91840172
2023/5/20 12:43,100,22.53067207,100,22.12731552,100,22.05879784,0,21.90393448
2023/5/20 12:44,100,22.53067207,100,22.12731552,100,21.95752335,0,21.81712914
2023/5/20 12:45,100,22.53067207,100,22.12731552,100,21.95752335,0,21.83159828
2023/5/20 12:46,100,22.51620293,100,22.12731552,100,21.95752335,0,21.81712914
2023/5/20 12:47,100,22.51620293,100,22.12731552,100,21.95752335,0,21.81712914
2023/5/20 12:48,100,22.80555534,100,22.12731552,100,22.05879784,0,21.83159828
2023/5/20 12:49,100,22.53067207,100,22.12731552,100,22.05879784,0,21.91840172
2023/5/20 12:50,100,22.53067207,100,22.12731552,100,22.05879784,0,21.91840172
2023/5/20 12:51,100,22.82002258,100,22.12731552,100,22.05879784,0,21.91840172
2023/5/20 12:52,100,22.51620293,100,22.2285881,100,22.05879784,0,21.91840172
2023/5/20 12:53,100,22.51620293,100,22.2285881,100,22.05879784,0,21.91840172
2023/5/20 12:54,100,22.61747742,100,22.2285881,100,22.16007042,1.276092768,22.01967621
2023/5/20 12:55,100,22.61747742,100,22.2285881,100,22.16007042,16.43646049,22.01967621
2023/5/20 12:56,100,22.61747742,100,22.2285881,100,22.16007042,31.36237335,22.01967621
2023/5/20 12:57,100,22.51620293,100,22.24305534,100,22.16007042,96.87361145,22.12094879
2023/5/20 12:58,100,22.51620293,100,22.2285881,100,22.16007042,100,22.12094879
2023/5/20 12:59,100,22.51620293,100,22.2285881,100,22.16007042,100,22.12094879
2023/5/20 13:00,100,22.51620293,100,22.2285881,100,22.16007042,100,22.12094879
2023/5/20 13:01,100,22.51620293,100,22.24305534,100,22.16007042,100,22.10648155
2023/5/20 13:02,100,22.53067207,100,22.24305534,100,22.16007042,100,22.01967621
2023/5/20 13:03,100,22.51620293,100,22.2285881,100,22.16007042,100,22.01967621
2023/5/20 13:04,100,22.51620293,100,22.2285881,100,22.16007042,88.30895996,21.91840172
2023/5/20 13:05,100,22.51620293,100,22.12731552,100,22.05879784,22.61740112,21.91840172
2023/5/20 13:06,100,22.82002258,100,22.12731552,100,21.95752335,0,21.91840172
2023/5/20 13:07,100,22.61747742,100,22.12731552,100,21.95752335,0,21.86053276
2023/5/20 13:08,100,22.53067207,100,22.12731552,100,21.95752335,0,21.81712914
2023/5/20 13:09,100,22.51620293,100,22.12731552,100,21.95752335,0,21.81712914
2023/5/20 13:10,100,22.51620293,100,22.12731552,100,22.05879784,0,21.81712914
2023/5/20 13:11,100,22.61747742,100,22.12731552,100,22.05879784,0,21.91840172
2023/5/20 13:12,100,22.61747742,100,22.12731552,100,21.95752335,0,21.91840172
2023/5/20 13:13,100,22.61747742,100,22.12731552,100,22.05879784,0,21.91840172
2023/5/20 13:14,100,22.51620293,100,22.18518448,100,22.05879784,0,21.91840172
2023/5/20 13:15,100,22.51620293,100,22.12731552,100,22.05879784,0,21.91840172
2023/5/20 13:16,100,22.53067207,100,22.2285881,100,22.05879784,10.23222923,22.01967621
2023/5/20 13:17,100,22.61747742,100,22.12731552,100,22.05879784,25.32727051,22.01967621
2023/5/20 13:18,100,22.61747742,100,22.2285881,100,22.05879784,40.42231369,22.01967621
2023/5/20 13:19,100,22.61747742,100,22.2285881,100,22.16007042,54.89191437,22.01967621
2023/5/20 13:20,100,22.61747742,100,22.32986069,100,22.16007042,78.39592743,22.01967621
2023/5/20 13:21,100,22.61747742,100,22.43113518,100,22.16007042,100,22.12094879
2023/5/20 13:22,100,22.61747742,100,22.43113518,100,22.16007042,100,22.12094879
2023/5/20 13:23,100,22.53067207,100,22.43113518,100,22.16007042,100,22.12094879
2023/5/20 13:24,100,22.61747742,100,22.32986069,100,22.05879784,100,22.01967621
2023/5/20 13:25,100,22.60301018,100,22.32986069,100,22.05879784,99.027771,22.00520706
2023/5/20 13:26,100,22.51620293,100,22.32986069,100,22.05879784,48.47966766,21.91840172
2023/5/20 13:27,100,22.61747742,100,22.38773155,100,22.16007042,0,21.91840172
2023/5/20 13:28,100,22.61747742,100,22.32986069,100,22.05879784,0,21.91840172
2023/5/20 13:29,100,22.54513931,100,22.32986069,100,22.05879784,0,21.91840172
2023/5/20 13:30,100,22.60301018,100,22.32986069,100,22.05879784,0,21.91840172
2023/5/20 13:31,100,22.51620293,100,22.32986069,100,22.05879784,0,21.81712914
2023/5/20 13:32,100,22.82002258,100,22.32986069,100,22.16007042,0,21.91840172
2023/5/20 13:33,100,22.51620293,100,22.32986069,100,22.14560318,0,21.91840172
2023/5/20 13:34,100,22.53067207,100,22.2285881,100,22.05879784,0,21.91840172
2023/5/20 13:35,100,22.53067207,100,22.24305534,100,22.05879784,0,21.91840172
2023/5/20 13:36,100,22.51620293,100,22.32986069,100,22.14560318,0,21.91840172
2023/5/20 13:37,100,22.51620293,100,22.32986069,100,22.261343,0,21.91840172
2023/5/20 13:38,100,22.51620293,100,22.32986069,100,22.261343,0.030225258,21.99073982
2023/5/20 13:39,100,22.61747742,100,22.41666794,100,22.34814835,15.01324463,22.01967621
2023/5/20 13:40,100,22.61747742,100,22.35879707,100,22.261343,30.12009239,22.01967621
2023/5/20 13:41,100,22.61747742,100,22.43113518,100,22.261343,44.92706299,22.01967621
2023/5/20 13:42,100,22.61747742,100,22.43113518,100,22.36261559,100,22.12094879
2023/5/20 13:43,100,22.61747742,100,22.43113518,100,22.36261559,100,22.12094879
2023/5/20 13:44,100,22.63194466,100,22.43113518,100,22.36261559,100,22.12094879
2023/5/20 13:45,100,22.61747742,100,22.43113518,100,22.36261559,100,22.12094879
2023/5/20 13:46,100,22.61747742,100,22.43113518,100,22.36261559,100,22.12094879
2023/5/20 13:47,100,22.61747742,100,22.43113518,100,22.261343,100,22.01967621
2023/5/20 13:48,100,22.61747742,100,22.32986069,100,22.16007042,100,22.01967621
2023/5/20 13:49,100,22.61747742,100,22.32986069,100,22.16007042,99.33338928,21.99073982
2023/5/20 13:50,100,22.51620293,100,22.32986069,100,22.16007042,42.00686646,21.91840172
2023/5/20 13:51,100,22.82002258,100,22.32986069,100,22.05879784,0,21.91840172
2023/5/20 13:52,100,22.51620293,100,22.32986069,100,22.05879784,0,21.81712914
2023/5/20 13:53,100,22.53067207,100,22.2285881,100,22.05879784,0,21.81712914
2023/5/20 13:54,100,22.61747742,100,22.24305534,100,22.05879784,0,21.81712914
2023/5/20 13:55,100,22.63194466,100,22.2285881,100,22.05879784,0,21.81712914
2023/5/20 13:56,100,22.61747742,100,22.2285881,100,22.16007042,0,21.81712914
2023/5/20 13:57,100,22.61747742,100,22.32986069,100,22.261343,0,21.81712914
2023/5/20 13:58,100,22.61747742,100,22.32986069,100,22.261343,0,21.81712914
2023/5/20 13:59,100,22.61747742,100,22.32986069,100,22.261343,0,21.83159828
2023/5/20 14:00,100,22.71875,100,22.41666794,100,22.261343,0,21.91840172
2023/5/20 14:01,100,22.61747742,100,22.32986069,100,22.24687576,0,21.91840172
2023/5/20 14:02,100,22.61747742,100,22.32986069,100,22.36261559,0,21.91840172
2023/5/20 14:03,100,22.61747742,100,22.32986069,100,22.261343,6.129462719,22.01967621
2023/5/20 14:04,100,22.61747742,100,22.43113518,100,22.36261559,21.41129112,22.01967621
2023/5/20 14:05,100,22.63194466,100,22.43113518,100,22.46389008,36.34148788,22.01967621
2023/5/20 14:06,100,22.61747742,100,22.43113518,100,22.36261559,60.84857941,22.10648155
2023/5/20 14:07,100,22.61747742,100,22.43113518,100,22.36261559,97.23355865,22.12094879
2023/5/20 14:08,100,22.61747742,100,22.43113518,100,22.261343,100,22.12094879
2023/5/20 14:09,100,22.57407379,100,22.31539345,100,22.261343,100,22.12094879
2023/5/20 14:10,100,22.58854294,100,22.31539345,100,22.261343,100,22.03414345
2023/5/20 14:11,100,22.61747742,100,22.31539345,100,22.261343,100,22.01967621
2023/5/20 14:12,100,22.61747742,100,22.32986069,100,22.261343,100,22.01967621
2023/5/20 14:13,100,22.61747742,100,22.32986069,100,22.261343,100,22.01967621
2023/5/20 14:14,100,22.61747742,100,22.32986069,100,22.16007042,66.64074707,21.91840172
2023/5/20 14:15,100,22.61747742,100,22.32986069,100,22.16007042,1.830448508,21.91840172
2023/5/20 14:16,100,22.61747742,100,22.32986069,100,22.261343,0,21.91840172
2023/5/20 14:17,100,22.54513931,100,22.32986069,100,22.16007042,0,21.91840172
2023/5/20 14:18,100,22.53067207,100,22.32986069,100,22.16007042,0,21.91840172
2023/5/20 14:19,100,22.53067207,100,22.32986069,100,22.13113594,0,21.91840172
2023/5/20 14:20,100,22.51620293,100,22.24305534,100,22.16007042,0,21.91840172
2023/5/20 14:21,100,22.61747742,100,22.32986069,100,22.16007042,0,21.91840172
2023/5/20 14:22,100,22.61747742,100,22.32986069,100,22.16007042,0,21.91840172
2023/5/20 14:23,100,22.61747742,100,22.43113518,100,22.261343,0,21.91840172
2023/5/20 14:24,100,22.61747742,100,22.43113518,100,22.261343,4.52387619,22.01967621
2023/5/20 14:25,100,22.63194466,100,22.43113518,100,22.29027748,19.41496086,22.01967621
2023/5/20 14:26,100,22.61747742,100,22.43113518,100,22.36261559,37.05705261,22.06307793
2023/5/20 14:27,100,22.61747742,100,22.43113518,100,22.36261559,100,22.12094879
2023/5/20 14:28,100,22.71875,100,22.43113518,100,22.36261559,100,22.12094879
2023/5/20 14:29,100,22.73321724,100,22.32986069,100,22.261343,100,22.12094879
2023/5/20 14:30,100,22.61747742,100,22.32986069,100,22.261343,100,22.12094879
2023/5/20 14:31,100,22.61747742,100,22.32986069,100,22.261343,100,22.12094879
2023/5/20 14:32,100,22.61747742,100,22.32986069,100,22.261343,100,22.04861069
2023/5/20 14:33,100,22.61747742,100,22.32986069,100,22.16007042,100,22.01967621
2023/5/20 14:34,100,22.51620293,100,22.32986069,100,22.16007042,100,22.01967621
2023/5/20 14:35,100,22.61747742,100,22.32986069,100,22.16007042,92.84112549,21.91840172
2023/5/20 14:36,100,22.61747742,100,22.32986069,100,22.16007042,26.78920746,21.91840172
2023/5/20 14:37,100,22.61747742,100,22.32986069,100,22.16007042,0,21.91840172
2023/5/20 14:38,100,22.61747742,100,22.32986069,100,22.21794128,0,21.91840172
2023/5/20 14:39,100,22.61747742,100,22.31539345,100,22.261343,0,21.84606552
2023/5/20 14:40,100,22.61747742,100,22.32986069,100,22.16007042,0,21.81712914
2023/5/20 14:41,100,22.61747742,100,22.32986069,100,22.16007042,0,21.81712914
2023/5/20 14:42,100,22.51620293,100,22.32986069,100,22.16007042,0,21.83159828
2023/5/20 14:43,100,22.61747742,100,22.32986069,100,22.16007042,0,21.91840172
2023/5/20 14:44,100,22.61747742,100,22.32986069,100,22.16007042,0,21.91840172
2023/5/20 14:45,100,22.61747742,100,22.43113518,100,22.261343,0,21.91840172
2023/5/20 14:46,100,22.61747742,100,22.43113518,100,22.34814835,0,21.91840172
2023/5/20 14:47,100,22.61747742,100,22.43113518,100,22.36261559,0,21.91840172
2023/5/20 14:48,100,22.61747742,100,22.43113518,100,22.36261559,7.368846893,22.01967621
2023/5/20 14:49,100,22.61747742,100,22.43113518,100,22.36261559,22.32440186,22.01967621
2023/5/20 14:50,100,22.61747742,100,22.53240776,100,22.36261559,37.11314392,22.00520706
2023/5/20 14:51,100,22.61747742,100,22.53240776,100,22.36261559,67.30214691,22.10648155
2023/5/20 14:52,100,22.61747742,100,22.53240776,100,22.34814835,100,22.12094879
2023/5/20 14:53,100,22.61747742,100,22.53240776,100,22.34814835,100,22.12094879
2023/5/20 14:54,100,22.61747742,100,22.43113518,100,22.36261559,100,22.10648155
2023/5/20 14:55,100,22.61747742,100,22.43113518,100,22.261343,100,22.12094879
2023/5/20 14:56,100,22.61747742,100,22.32986069,100,22.261343,100,22.12094879
2023/5/20 14:57,100,22.61747742,100,22.31539345,100,22.14560318,100,22.01967621
2023/5/20 14:58,100,22.61747742,100,22.43113518,100,22.261343,100,22.01967621
2023/5/20 14:59,100,22.61747742,100,22.43113518,100,22.24687576,100,22.01967621
2023/5/20 15:00,100,22.61747742,100,22.43113518,100,22.261343,51.89369202,21.91840172
2023/5/20 15:01,100,22.61747742,100,22.43113518,100,22.261343,0,21.91840172
2023/5/20 15:02,100,22.61747742,100,22.32986069,100,22.16007042,0,21.81712914
2023/5/20 15:03,100,22.61747742,100,22.32986069,100,22.14560318,0,21.81712914
2023/5/20 15:04,100,22.61747742,100,22.32986069,100,22.16007042,0,21.81712914
2023/5/20 15:05,100,22.61747742,100,22.32986069,100,22.16007042,0,21.81712914
2023/5/20 15:06,100,22.61747742,100,22.32986069,100,22.261343,0,21.81712914
2023/5/20 15:07,100,22.61747742,100,22.32986069,100,22.261343,0,21.81712914
2023/5/20 15:08,100,22.61747742,100,22.35879707,100,22.34814835,0,21.81712914
2023/5/20 15:09,100,22.60301018,100,22.34432793,100,22.36261559,0,21.91840172
2023/5/20 15:10,100,22.51620293,100,22.43113518,100,22.36261559,0,21.91840172
2023/5/20 15:11,100,22.82002258,100,22.43113518,100,22.36261559,0,21.91840172
2023/5/20 15:12,100,22.80555534,100,22.51794052,100,22.36261559,0,21.91840172
2023/5/20 15:13,100,22.51620293,100,22.53240776,100,22.36261559,0,21.91840172
2023/5/20 15:14,100,22.51620293,100,22.53240776,100,22.34814835,0,21.91840172
2023/5/20 15:15,100,22.61747742,100,22.53240776,100,22.36261559,10.00614548,22.01967621
2023/5/20 15:16,100,22.61747742,100,22.51794052,100,22.36261559,24.56220055,22.00520706
2023/5/20 15:17,100,22.61747742,100,22.43113518,100,22.36261559,50.25463104,22.07754707
2023/5/20 15:18,100,22.51620293,100,22.43113518,100,22.36261559,100,22.12094879
2023/5/20 15:19,100,22.51620293,100,22.53240776,100,22.36261559,100,22.10648155
2023/5/20 15:20,100,22.61747742,100,22.53240776,100,22.36261559,100,22.12094879
2023/5/20 15:21,100,22.51620293,100,22.43113518,100,22.261343,100,22.12094879
2023/5/20 15:22,100,22.51620293,100,22.43113518,100,22.261343,100,22.12094879
2023/5/20 15:23,100,22.51620293,100,22.43113518,100,22.261343,100,22.01967621
2023/5/20 15:24,100,22.61747742,100,22.43113518,100,22.261343,100,22.00520706
2023/5/20 15:25,100,22.61747742,100,22.41666794,100,22.24687576,89.91906738,22.00520706
2023/5/20 15:26,100,22.71875,100,22.43113518,100,22.16007042,24.95825386,21.91840172
2023/5/20 15:27,100,22.61747742,100,22.43113518,100,22.261343,0,21.91840172
2023/5/20 15:28,100,22.61747742,100,22.43113518,100,22.261343,0,21.81712914
2023/5/20 15:29,100,22.61747742,100,22.32986069,100,22.261343,0,21.81712914
2023/5/20 15:30,100,22.61747742,100,22.43113518,100,22.261343,0,21.81712914
2023/5/20 15:31,100,22.61747742,100,22.43113518,100,22.36261559,0,21.81712914
2023/5/20 15:32,100,22.61747742,100,22.43113518,100,22.36261559,0,21.81712914
2023/5/20 15:33,100,22.61747742,100,22.43113518,100,22.36261559,0,21.91840172
2023/5/20 15:34,100,22.61747742,100,22.53240776,100,22.36261559,0,21.91840172
2023/5/20 15:35,100,22.61747742,100,22.53240776,100,22.46389008,0,21.91840172
2023/5/20 15:36,100,22.61747742,100,22.63368034,100,22.46389008,0,21.91840172
2023/5/20 15:37,100,22.61747742,100,22.63368034,100,22.46389008,0,21.91840172
2023/5/20 15:38,100,22.61747742,100,22.53240776,100,22.36261559,0,21.91840172
2023/5/20 15:39,100,22.61747742,100,22.51794052,100,22.36261559,12.73303604,22.01967621
2023/5/20 15:40,100,22.51620293,100,22.53240776,100,22.36261559,27.54463577,22.01967621
2023/5/20 15:41,100,22.51620293,100,22.53240776,100,22.46389008,42.41089249,22.01967621
2023/5/20 15:42,100,22.82002258,100,22.53240776,100,22.46389008,57.14447403,22.01967621
2023/5/20 15:43,100,22.61747742,100,22.53240776,100,22.46389008,86.21199036,22.10648155
2023/5/20 15:44,100,22.71875,100,22.53240776,100,22.46389008,100,22.12094879
2023/5/20 15:45,100,22.61747742,100,22.51794052,100,22.36261559,100,22.12094879
2023/5/20 15:46,100,22.71875,100,22.53240776,100,22.46389008,100,22.12094879
2023/5/20 15:47,100,22.71875,100,22.51794052,100,22.36261559,100,22.12094879
2023/5/20 15:48,100,22.71875,100,22.43113518,100,22.36261559,100,22.01967621
2023/5/20 15:49,100,22.63194466,100,22.43113518,100,22.261343,100,22.01967621
2023/5/20 15:50,100,22.61747742,100,22.43113518,100,22.261343,100,22.01967621
2023/5/20 15:51,100,22.61747742,100,22.32986069,100,22.261343,50.87820435,21.91840172
2023/5/20 15:52,100,22.71875,100,22.2285881,100,22.16007042,0,21.91840172
2023/5/20 15:53,100,22.63194466,100,22.32986069,100,22.261343,0,21.91840172
2023/5/20 15:54,100,22.60301018,100,22.32986069,100,22.16007042,0,21.81712914
2023/5/20 15:55,100,22.61747742,100,22.32986069,100,22.16007042,0,21.81712914
2023/5/20 15:56,100,22.61747742,100,22.32986069,100,22.16007042,0,21.81712914
2023/5/20 15:57,100,22.61747742,100,22.32986069,100,22.16007042,0,21.81712914
2023/5/20 15:58,100,22.61747742,100,22.32986069,100,22.16007042,0,21.81712914
2023/5/20 15:59,100,22.61747742,100,22.31539345,100,22.261343,0,21.8026619
2023/5/20 16:00,100,22.61747742,100,22.43113518,100,22.261343,0,21.81712914
2023/5/20 16:01,100,22.71875,100,22.43113518,100,22.24687576,0,21.81712914
2023/5/20 16:02,100,22.61747742,100,22.43113518,100,22.34814835,0,21.91840172
2023/5/20 16:03,100,22.61747742,100,22.43113518,100,22.36261559,0,21.91840172
2023/5/20 16:04,100,22.61747742,100,22.43113518,100,22.46389008,0,21.91840172
2023/5/20 16:05,100,22.71875,100,22.53240776,100,22.46389008,0,21.91840172
2023/5/20 16:06,100,22.71875,100,22.53240776,100,22.46389008,9.708702087,22.01967621
2023/5/20 16:07,100,22.61747742,100,22.53240776,100,22.36261559,24.41963577,22.01967621
2023/5/20 16:08,100,22.61747742,100,22.53240776,100,22.36261559,39.32079315,22.01967621
2023/5/20 16:09,100,22.61747742,100,22.53240776,100,22.36261559,54.23085785,22.01967621
2023/5/20 16:10,100,22.71875,100,22.53240776,100,22.34814835,69.62669373,22.01967621
2023/5/20 16:11,100,22.71875,100,22.53240776,100,22.36261559,85.04673004,22.01967621
2023/5/20 16:12,100,22.61747742,100,22.53240776,100,22.261343,100,22.01967621
2023/5/20 16:13,100,22.61747742,100,22.53240776,100,22.24687576,100,22.01967621
2023/5/20 16:14,100,22.61747742,100,22.43113518,100,22.261343,92.7660141,21.96180534
2023/5/20 16:15,100,22.61747742,100,22.43113518,100,22.16007042,35.24241638,21.91840172
2023/5/20 16:16,100,22.61747742,100,22.43113518,100,22.23240852,0,21.91840172
2023/5/20 16:17,100,22.61747742,100,22.32986069,100,22.16007042,0,21.91840172
2023/5/20 16:18,100,22.61747742,100,22.32986069,100,22.16007042,0,21.91840172
2023/5/20 16:19,100,22.70428276,100,22.32986069,100,22.261343,0,21.91840172
2023/5/20 16:20,100,22.71875,100,22.32986069,100,22.21794128,0,21.91840172
2023/5/20 16:21,100,22.61747742,100,22.43113518,100,22.16007042,0,21.91840172
2023/5/20 16:22,100,22.61747742,100,22.43113518,100,22.261343,0,21.91840172
2023/5/20 16:23,100,22.61747742,100,22.43113518,100,22.261343,0.768707335,22.01967621
2023/5/20 16:24,100,22.61747742,100,22.43113518,100,22.261343,14.99028873,22.01967621
2023/5/20 16:25,100,22.61747742,100,22.43113518,100,22.261343,30.0007515,22.01967621
2023/5/20 16:26,100,22.61747742,100,22.43113518,100,22.24687576,44.75996017,22.01967621
2023/5/20 16:27,100,22.61747742,100,22.35879707,100,22.261343,100,22.09201431
2023/5/20 16:28,100,22.61747742,100,22.32986069,100,22.16007042,100,22.12094879
2023/5/20 16:29,100,22.61747742,100,22.43113518,100,22.261343,100,22.12094879
2023/5/20 16:30,100,22.63194466,100,22.43113518,100,22.261343,100,22.12094879
2023/5/20 16:31,100,22.61747742,100,22.43113518,100,22.261343,100,22.06307793
2023/5/20 16:32,100,22.61747742,100,22.43113518,100,22.16007042,100,22.01967621
2023/5/20 16:33,100,22.61747742,100,22.41666794,100,22.261343,100,22.01967621
2023/5/20 16:34,100,22.61747742,100,22.41666794,100,22.261343,57.52293396,21.91840172
2023/5/20 16:35,100,22.63194466,100,22.43113518,100,22.36261559,0,21.91840172
2023/5/20 16:36,100,22.61747742,100,22.37326431,100,22.261343,0,21.91840172
2023/5/20 16:37,100,22.61747742,100,22.32986069,100,22.16007042,0,21.91840172
2023/5/20 16:38,100,22.71875,100,22.32986069,100,22.16007042,0,21.81712914
2023/5/20 16:39,100,22.71875,100,22.32986069,100,22.16007042,0,21.83159828
2023/5/20 16:40,100,22.71875,100,22.32986069,100,22.16007042,0,21.91840172
2023/5/20 16:41,100,22.61747742,100,22.32986069,100,22.16007042,0,21.91840172
2023/5/20 16:42,100,22.61747742,100,22.32986069,100,22.261343,0,21.91840172
2023/5/20 16:43,100,22.51620293,100,22.32986069,100,22.261343,0,21.91840172
2023/5/20 16:44,100,22.61747742,100,22.32986069,100,22.261343,12.19493771,22.01967621
2023/5/20 16:45,100,22.61747742,100,22.2285881,100,22.16007042,26.79194069,22.01967621
2023/5/20 16:46,100,22.61747742,100,22.32986069,100,22.16007042,41.7784462,22.01967621
2023/5/20 16:47,100,22.61747742,100,22.32986069,100,22.261343,69.22644806,22.10648155
2023/5/20 16:48,100,22.61747742,100,22.32986069,100,22.261343,100,22.12094879
2023/5/20 16:49,100,22.61747742,100,22.43113518,100,22.261343,100,22.12094879
2023/5/20 16:50,100,22.61747742,100,22.32986069,100,22.261343,100,22.12094879
2023/5/20 16:51,100,22.61747742,100,22.34432793,100,22.261343,100,22.12094879
2023/5/20 16:52,100,22.71875,100,22.32986069,100,22.16007042,100,22.10648155
2023/5/20 16:53,100,22.61747742,100,22.32986069,100,22.16007042,100,22.01967621
2023/5/20 16:54,100,22.61747742,100,22.37326431,100,22.261343,100,22.01967621
2023/5/20 16:55,100,22.53067207,100,22.32986069,100,22.16007042,92.63309479,21.91840172
2023/5/20 16:56,100,22.51620293,100,22.32986069,100,22.16007042,28.52397537,21.91840172
2023/5/20 16:57,100,22.51620293,100,22.2285881,100,22.16007042,0,21.91840172
2023/5/20 16:58,100,22.51620293,100,22.32986069,100,22.16007042,0,21.84606552
2023/5/20 16:59,100,22.51620293,100,22.2285881,100,22.05879784,0,21.81712914
2023/5/20 17:00,100,22.53067207,100,22.2285881,100,21.95752335,0,21.81712914
2023/5/20 17:01,100,22.51620293,100,22.2285881,100,22.05879784,0,21.81712914
2023/5/20 17:02,100,22.61747742,100,22.32986069,100,22.16007042,0,21.81712914
2023/5/20 17:03,100,22.61747742,100,22.43113518,100,22.261343,0,21.86053276
2023/5/20 17:04,100,22.61747742,100,22.43113518,100,22.261343,0,21.91840172
2023/5/20 17:05,100,22.60301018,100,22.53240776,100,22.36261559,0,21.91840172
2023/5/20 17:06,100,22.61747742,100,22.43113518,100,22.36261559,0,21.91840172
2023/5/20 17:07,100,22.61747742,100,22.43113518,100,22.261343,0,21.91840172
2023/5/20 17:08,100,22.61747742,100,22.43113518,100,22.36261559,0.388217717,22.01967621
2023/5/20 17:09,100,22.71875,100,22.43113518,100,22.36261559,14.13104248,22.01967621
2023/5/20 17:10,100,22.71875,100,22.43113518,100,22.34814835,29.84572029,22.04861069
2023/5/20 17:11,100,22.61747742,100,22.53240776,100,22.36261559,100,22.12094879
2023/5/20 17:12,100,22.61747742,100,22.53240776,100,22.34814835,100,22.12094879
2023/5/20 17:13,100,22.61747742,100,22.53240776,100,22.36261559,100,22.12094879
2023/5/20 17:14,100,22.71875,100,22.43113518,100,22.29027748,100,22.10648155
2023/5/20 17:15,100,22.71875,100,22.43113518,100,22.261343,100,22.12094879
2023/5/20 17:16,100,22.61747742,100,22.32986069,100,22.16007042,100,22.12094879
2023/5/20 17:17,100,22.61747742,100,22.32986069,100,22.16007042,100,22.10648155
2023/5/20 17:18,100,22.61747742,100,22.32986069,100,22.05879784,100,22.00520706
2023/5/20 17:19,100,22.61747742,100,22.32986069,100,22.07326508,100,22.01967621
2023/5/20 17:20,100,22.61747742,100,22.32986069,100,22.16007042,68.95572662,21.91840172
2023/5/20 17:21,100,22.61747742,100,22.2285881,100,22.05879784,3.836365223,21.91840172
2023/5/20 17:22,100,22.61747742,100,22.2285881,100,22.05879784,0,21.81712914
2023/5/20 17:23,100,22.61747742,100,22.32986069,100,22.05879784,0,21.81712914
2023/5/20 17:24,100,22.61747742,100,22.32986069,100,22.16007042,0,21.81712914
2023/5/20 17:25,100,22.61747742,100,22.43113518,100,22.261343,0,21.81712914
2023/5/20 17:26,100,22.61747742,100,22.43113518,100,22.261343,0,21.81712914
2023/5/20 17:27,100,22.61747742,100,22.43113518,100,22.261343,0,21.81712914
2023/5/20 17:28,100,22.61747742,100,22.43113518,100,22.261343,0,21.84606552
2023/5/20 17:29,100,22.61747742,100,22.43113518,100,22.16007042,0,21.91840172
2023/5/20 17:30,100,22.61747742,100,22.43113518,100,22.16007042,0,21.91840172
2023/5/20 17:31,100,22.61747742,100,22.43113518,100,22.16007042,0,21.91840172
2023/5/20 17:32,100,22.61747742,100,22.32986069,100,22.16007042,0,21.9473381
2023/5/20 17:33,100,22.61747742,100,22.32986069,100,22.16007042,12.89949799,22.01967621
2023/5/20 17:34,100,22.61747742,100,22.31539345,100,22.16007042,27.8223362,22.01967621
2023/5/20 17:35,100,22.61747742,100,22.2285881,100,22.16007042,43.23293304,22.01967621
2023/5/20 17:36,100,22.61747742,100,22.32986069,100,22.261343,83.6967392,22.12094879
2023/5/20 17:37,100,22.61747742,100,22.32986069,100,22.261343,100,22.10648155
2023/5/20 17:38,100,22.61747742,100,22.32986069,100,22.261343,100,22.12094879
2023/5/20 17:39,100,22.61747742,100,22.32986069,100,22.261343,100,22.12094879
2023/5/20 17:40,100,22.61747742,100,22.32986069,100,22.16007042,100,22.12094879
2023/5/20 17:41,100,22.61747742,100,22.32986069,100,22.16007042,100,22.12094879
2023/5/20 17:42,100,22.61747742,100,22.32986069,100,22.16007042,100,22.01967621
2023/5/20 17:43,100,22.71875,100,22.32986069,100,22.16007042,100,22.01967621
2023/5/20 17:44,100,22.61747742,100,22.32986069,100,22.16007042,100,22.01967621
2023/5/20 17:45,100,22.61747742,100,22.32986069,100,22.16007042,98.31040192,21.91840172
2023/5/20 17:46,100,22.61747742,100,22.32986069,100,22.16007042,60.91088104,21.91840172
2023/5/20 17:47,100,22.61747742,100,22.32986069,100,22.16007042,0,21.91840172
2023/5/20 17:48,100,22.61747742,100,22.32986069,100,22.05879784,0,21.91840172
2023/5/20 17:49,100,22.61747742,100,22.2285881,100,22.05879784,0,21.91840172
2023/5/20 17:50,100,22.61747742,100,22.2285881,100,22.05879784,0,21.91840172
2023/5/20 17:51,100,22.61747742,100,22.2285881,100,22.05879784,0,21.91840172
2023/5/20 17:52,100,22.61747742,100,22.2285881,100,22.16007042,0,21.88946724
2023/5/20 17:53,100,22.61747742,100,22.32986069,100,22.16007042,0,21.91840172
2023/5/20 17:54,100,22.61747742,100,22.2285881,100,22.16007042,0,21.91840172
2023/5/20 17:55,100,22.61747742,100,22.2285881,100,22.261343,0,21.91840172
2023/5/20 17:56,100,22.61747742,100,22.32986069,100,22.261343,0,21.91840172
2023/5/20 17:57,100,22.61747742,100,22.31539345,100,22.36261559,0,21.91840172
2023/5/20 17:58,100,22.71875,100,22.32986069,100,22.36261559,3.902716398,22.01967621
2023/5/20 17:59,100,22.61747742,100,22.32986069,100,22.36261559,18.55174637,22.01967621
2023/5/20 18:00,100,22.61747742,100,22.43113518,100,22.36261559,57.26164627,22.12094879
2023/5/20 18:01,100,22.61747742,100,22.43113518,100,22.36261559,100,22.10648155
2023/5/20 18:02,100,22.71875,100,22.43113518,100,22.36261559,100,22.12094879
2023/5/20 18:03,100,22.71875,100,22.43113518,100,22.36261559,100,22.12094879
2023/5/20 18:04,100,22.71875,100,22.43113518,100,22.36261559,100,22.12094879
2023/5/20 18:05,100,22.71875,100,22.43113518,100,22.261343,100,22.12094879
2023/5/20 18:06,100,22.71875,100,22.41666794,100,22.261343,100,22.12094879
2023/5/20 18:07,100,22.71875,100,22.32986069,100,22.16007042,100,22.01967621
2023/5/20 18:08,100,22.71875,100,22.32986069,100,22.16007042,100,22.01967621
2023/5/20 18:09,100,22.61747742,100,22.32986069,100,22.16007042,100,22.01967621
2023/5/20 18:10,100,22.61747742,100,22.32986069,100,22.16007042,60.98197174,21.91840172
2023/5/20 18:11,100,22.61747742,100,22.2285881,100,22.05879784,0,21.91840172
2023/5/20 18:12,100,22.61747742,100,22.31539345,100,22.16007042,0,21.91840172
2023/5/20 18:13,100,22.61747742,100,22.31539345,100,22.16007042,0,21.91840172
2023/5/20 18:14,100,22.61747742,100,22.32986069,100,22.16007042,0,21.81712914
2023/5/20 18:15,100,22.61747742,100,22.32986069,100,22.16007042,0,21.81712914
2023/5/20 18:16,100,22.61747742,100,22.32986069,100,22.16007042,0,21.91840172
2023/5/20 18:17,100,22.61747742,100,22.32986069,100,22.16007042,0,21.91840172
2023/5/20 18:18,100,22.61747742,100,22.31539345,100,22.261343,0,21.91840172
2023/5/20 18:19,100,22.71875,100,22.32986069,100,22.261343,0,21.91840172
2023/5/20 18:20,100,22.71875,100,22.43113518,100,22.36261559,0,21.91840172
2023/5/20 18:21,100,22.61747742,100,22.43113518,100,22.36261559,7.319648743,22.01967621
2023/5/20 18:22,100,22.61747742,100,22.43113518,100,22.261343,22.12241364,22.01967621
2023/5/20 18:23,100,22.61747742,100,22.43113518,100,22.261343,56.23075104,22.12094879
2023/5/20 18:24,100,22.61747742,100,22.43113518,100,22.261343,100,22.12094879
2023/5/20 18:25,100,22.61747742,100,22.43113518,100,22.36261559,100,22.12094879
2023/5/20 18:26,100,22.51620293,100,22.43113518,100,22.36261559,100,22.12094879
2023/5/20 18:27,100,22.61747742,100,22.32986069,100,22.261343,100,22.12094879
2023/5/20 18:28,100,22.61747742,100,22.32986069,100,22.16007042,100,22.12094879
2023/5/20 18:29,100,22.71875,100,22.32986069,100,22.16007042,100,22.12094879
2023/5/20 18:30,100,22.71875,100,22.31539345,100,22.05879784,100,22.00520706
2023/5/20 18:31,100,22.71875,100,22.24305534,100,22.05879784,100,22.01967621
2023/5/20 18:32,100,22.61747742,100,22.32986069,100,22.16007042,100,22.01967621
2023/5/20 18:33,100,22.61747742,100,22.32986069,100,22.16007042,53.87104034,21.91840172
2023/5/20 18:34,100,22.61747742,100,22.2285881,100,22.05879784,0,21.90393448
2023/5/20 18:35,100,22.61747742,100,22.32986069,100,22.05879784,0,21.90393448
2023/5/20 18:36,100,22.6464119,100,22.32986069,100,22.16007042,0,21.81712914
2023/5/20 18:37,100,22.71875,100,22.32986069,100,22.16007042,0,21.81712914
2023/5/20 18:38,100,22.71875,100,22.32986069,100,22.16007042,0,21.81712914
2023/5/20 18:39,100,22.71875,100,22.32986069,100,22.16007042,0,21.81712914
2023/5/20 18:40,100,22.71875,100,22.32986069,100,22.16007042,0,21.81712914
2023/5/20 18:41,100,22.71875,100,22.32986069,100,22.16007042,0,21.81712914
2023/5/20 18:42,100,22.71875,100,22.2285881,100,22.05879784,0,21.88946724
2023/5/20 18:43,100,22.71875,100,22.32986069,100,22.13113594,0,21.91840172
2023/5/20 18:44,100,22.71875,100,22.32986069,100,22.04432869,0,21.91840172
2023/5/20 18:45,100,22.71875,100,22.2285881,100,22.05879784,0,21.91840172
2023/5/20 18:46,100,22.73321724,100,22.2285881,100,22.05879784,0,21.91840172
2023/5/20 18:47,100,22.71875,100,22.2285881,100,22.05879784,2.153882265,22.01967621
2023/5/20 18:48,100,22.71875,100,22.2285881,100,22.04432869,16.9815712,22.01967621
2023/5/20 18:49,100,22.61747742,100,22.2285881,100,22.04432869,31.56221771,22.01967621
2023/5/20 18:50,100,22.71875,100,22.2285881,100,22.05879784,64.61222076,22.12094879
2023/5/20 18:51,100,22.80555534,100,22.32986069,100,22.16007042,100,22.10648155
2023/5/20 18:52,100,22.71875,100,22.32986069,100,22.261343,100,22.12094879
2023/5/20 18:53,100,22.71875,100,22.43113518,100,22.36261559,100,22.12094879
2023/5/20 18:54,100,22.82002258,100,22.41666794,100,22.34814835,100,22.12094879
2023/5/20 18:55,100,22.71875,100,22.43113518,100,22.36261559,100,22.12094879
2023/5/20 18:56,100,22.80555534,100,22.43113518,100,22.261343,100,22.00520706
2023/5/20 18:57,100,22.82002258,100,22.43113518,100,22.261343,100,22.01967621
2023/5/20 18:58,100,22.82002258,100,22.31539345,100,22.261343,100,22.01967621
2023/5/20 18:59,100,22.82002258,100,22.32986069,100,22.16007042,54.58061218,21.91840172
2023/5/20 19:00,100,22.82002258,100,22.32986069,100,22.16007042,0,21.91840172
2023/5/20 19:01,100,22.71875,100,22.2285881,100,22.05879784,0,21.91840172
2023/5/20 19:02,100,22.71875,100,22.32986069,100,22.16007042,0,21.81712914
2023/5/20 19:03,100,22.61747742,100,22.32986069,100,22.261343,0,21.81712914
2023/5/20 19:04,100,22.61747742,100,22.43113518,100,22.261343,0,21.81712914
2023/5/20 19:05,100,22.61747742,100,22.43113518,100,22.34814835,0,21.81712914
2023/5/20 19:06,100,22.61747742,100,22.43113518,100,22.36261559,0,21.81712914
2023/5/20 19:07,100,22.61747742,100,22.51794052,100,22.261343,0,21.81712914
2023/5/20 19:08,100,22.61747742,100,22.53240776,100,22.261343,0,21.81712914
2023/5/20 19:09,100,22.61747742,100,22.43113518,100,22.261343,0,21.81712914
2023/5/20 19:10,100,22.61747742,100,22.41666794,100,22.261343,0,21.91840172
2023/5/20 19:11,100,22.61747742,100,22.40219879,100,22.24687576,0,21.91840172
2023/5/20 19:12,100,22.60301018,100,22.31539345,100,22.261343,0,21.91840172
2023/5/20 19:13,100,22.61747742,100,22.32986069,100,22.261343,0,21.91840172
2023/5/20 19:14,100,22.61747742,100,22.32986069,100,22.30474663,11.97684765,22.01967621
2023/5/20 19:15,100,22.61747742,100,22.43113518,100,22.36261559,28.59866714,22.01967621
2023/5/20 19:16,100,22.61747742,100,22.43113518,100,22.34814835,100,22.12094879
2023/5/20 19:17,100,22.61747742,100,22.43113518,100,22.36261559,100,22.12094879
2023/5/20 19:18,100,22.61747742,100,22.43113518,100,22.34814835,100,22.22222328
2023/5/20 19:19,100,22.71875,100,22.41666794,100,22.36261559,100,22.22222328
2023/5/20 19:20,100,22.71875,100,22.43113518,100,22.34814835,100,22.22222328
2023/5/20 19:21,100,22.71875,100,22.43113518,100,22.261343,100,22.22222328
2023/5/20 19:22,100,22.71875,100,22.32986069,100,22.24687576,100,22.12094879
2023/5/20 19:23,100,22.71875,100,22.32986069,100,22.23240852,100,22.10648155
2023/5/20 19:24,100,22.71875,100,22.32986069,100,22.16007042,100,22.12094879
2023/5/20 19:25,100,22.61747742,100,22.2285881,100,22.16007042,100,22.10648155
2023/5/20 19:26,100,22.71875,100,22.2285881,100,22.16007042,100,22.01967621
2023/5/20 19:27,100,22.71875,100,22.32986069,100,22.16007042,100,22.01967621
2023/5/20 19:28,100,22.71875,100,22.2285881,100,22.05879784,48.64764404,21.91840172
2023/5/20 19:29,100,22.71875,100,22.2285881,100,22.05879784,0,21.91840172
2023/5/20 19:30,100,22.61747742,100,22.2285881,100,22.05879784,0,21.81712914
2023/5/20 19:31,100,22.61747742,100,22.2285881,100,22.05879784,0,21.81712914
2023/5/20 19:32,100,22.61747742,100,22.32986069,100,22.14560318,0,21.81712914
2023/5/20 19:33,100,22.61747742,100,22.31539345,100,22.16007042,0,21.81712914
2023/5/20 19:34,100,22.61747742,100,22.2285881,100,22.16007042,0,21.81712914
2023/5/20 19:35,100,22.61747742,100,22.2285881,100,22.16007042,0,21.81712914
2023/5/20 19:36,100,22.61747742,100,22.32986069,100,22.23240852,0,21.81712914
2023/5/20 19:37,100,22.61747742,100,22.32986069,100,22.261343,0,21.81712914
2023/5/20 19:38,100,22.71875,100,22.32986069,100,22.261343,0,21.91840172
2023/5/20 19:39,100,22.71875,100,22.32986069,100,22.261343,0,21.91840172
2023/5/20 19:40,100,22.71875,100,22.32986069,100,22.16007042,0,21.91840172
2023/5/20 19:41,100,22.61747742,100,22.32986069,100,22.261343,4.543330669,22.01967621
2023/5/20 19:42,100,22.71875,100,22.32986069,100,22.24687576,19.15352058,22.01967621
2023/5/20 19:43,100,22.71875,100,22.32986069,100,22.261343,35.04999161,22.01967621
2023/5/20 19:44,100,22.71875,100,22.32986069,100,22.261343,100,22.12094879
2023/5/20 19:45,100,22.71875,100,22.32986069,100,22.261343,100,22.12094879
2023/5/20 19:46,100,22.21875,100,22.2285881,100,22.16007042,100,22.12094879
2023/5/20 19:47,100,22.21875,100,22.2285881,100,22.04432869,100,22.12094879
2023/5/20 19:48,100,22.21875,100,22.2285881,100,22.04432869,100,22.12094879
2023/5/20 19:49,100,22.11747742,100,22.12731552,100,22.05879784,100,22.01967621
2023/5/20 19:50,100,22.11747742,100,22.12731552,100,21.95752335,100,22.01967621
2023/5/20 19:51,100,22.11747742,100,22.21412086,100,22.05879784,100,22.01967621
2023/5/20 19:52,100,22.11747742,100,22.2285881,100,22.05879784,48.91940308,21.91840172
2023/5/20 19:53,100,22.11747742,100,22.2285881,100,22.05879784,0,21.91840172
2023/5/20 19:54,100,22.11747742,100,22.2285881,100,22.04432869,0,21.8026619
2023/5/20 19:55,100,22.11747742,100,22.12731552,100,22.05879784,0,21.81712914
2023/5/20 19:56,100,22.11747742,100,22.12731552,100,22.05879784,0,21.81712914
2023/5/20 19:57,100,22.11747742,100,22.12731552,100,22.05879784,0,21.81712914
2023/5/20 19:58,100,22.11747742,100,22.12731552,100,22.04432869,0,21.81712914
2023/5/20 19:59,100,22.11747742,100,22.2285881,100,22.16007042,0,21.81712914
2023/5/20 20:00,100,22.11747742,100,22.2285881,100,22.16007042,0,21.81712914
2023/5/20 20:01,100,22.10301018,100,22.21412086,100,22.16007042,0,21.91840172
2023/5/20 20:02,100,22.11747742,100,22.2285881,100,22.16007042,0,21.91840172
2023/5/20 20:03,100,22.21875,100,22.2285881,100,22.14560318,0.328564465,22.01967621
2023/5/20 20:04,100,22.21875,100,22.2285881,100,22.16007042,12.92863655,22.01967621
2023/5/20 20:05,100,22.21875,100,22.32986069,100,22.16007042,27.62322044,22.01967621
2023/5/20 20:06,100,22.16087914,100,22.31539345,100,22.16007042,66.16208649,22.12094879
2023/5/20 20:07,100,22.11747742,100,22.27198982,100,22.261343,100,22.12094879
2023/5/20 20:08,100,22.11747742,100,22.2285881,100,22.16007042,100,22.12094879
2023/5/20 20:09,100,22.11747742,100,22.2285881,100,22.05879784,100,22.10648155
2023/5/20 20:10,100,22.11747742,100,22.2285881,100,22.05879784,100,22.12094879
2023/5/20 20:11,100,22.11747742,100,22.2285881,100,22.05879784,100,22.12094879
2023/5/20 20:12,100,22.11747742,100,22.12731552,100,21.95752335,100,22.01967621
2023/5/20 20:13,100,22.11747742,100,22.2285881,100,22.05879784,100,22.00520706
2023/5/20 20:14,100,22.11747742,100,22.2285881,100,22.05879784,100,22.01967621
2023/5/20 20:15,100,22.11747742,100,22.2285881,100,22.05879784,100,22.01967621
2023/5/20 20:16,100,22.11747742,100,22.2285881,100,22.16007042,66.70279694,21.91840172
2023/5/20 20:17,100,22.11747742,100,22.2285881,100,22.16007042,1.954374075,21.90393448
2023/5/20 20:18,100,22.11747742,100,22.2285881,100,22.05879784,0,21.81712914
2023/5/20 20:19,100,22.11747742,100,22.21412086,100,22.05879784,0,21.81712914
2023/5/20 20:20,100,22.11747742,100,22.12731552,100,21.95752335,0,21.81712914
2023/5/20 20:21,100,22.11747742,100,22.12731552,100,21.95752335,0,21.81712914
2023/5/20 20:22,100,22.11747742,100,22.12731552,100,21.95752335,0,21.81712914
2023/5/20 20:23,100,22.01620293,100,22.12731552,100,22.05879784,0,21.81712914
2023/5/20 20:24,100,22.01620293,100,22.12731552,100,21.98645782,0,21.81712914
2023/5/20 20:25,100,22.11747742,100,22.15625,100,22.04432869,0,21.81712914
2023/5/20 20:26,100,22.01620293,100,22.12731552,100,22.05879784,0,21.81712914
2023/5/20 20:27,100,22.11747742,100,22.2285881,100,22.05879784,0,21.91840172
2023/5/20 20:28,100,22.11747742,100,22.2285881,100,22.05879784,0,21.91840172
2023/5/20 20:29,100,22.11747742,100,22.2285881,100,22.16007042,0,21.91840172
2023/5/20 20:30,100,22.01620293,100,22.2285881,100,22.05879784,5.866368294,22.01967621
2023/5/20 20:31,100,22.01620293,100,22.12731552,100,22.05879784,20.05330658,22.01967621
2023/5/20 20:32,100,22.11747742,100,22.2285881,100,22.05879784,36.2448616,22.01967621
2023/5/20 20:33,100,22.11747742,100,22.2285881,100,22.05879784,100,22.12094879
2023/5/20 20:34,100,22.11747742,100,22.2285881,100,22.16007042,100,22.12094879
2023/5/20 20:35,100,22.11747742,100,22.12731552,100,22.05879784,100,22.12094879
2023/5/20 20:36,100,22.11747742,100,22.12731552,100,22.05879784,100,22.12094879
2023/5/20 20:37,100,22.11747742,100,22.12731552,100,22.05879784,100,22.12094879
2023/5/20 20:38,100,22.01620293,100,22.02604294,100,21.95752335,100,22.01967621
2023/5/20 20:39,100,22.01620293,100,22.02604294,100,21.95752335,100,22.01967621
2023/5/20 20:40,100,22.11747742,100,22.02604294,100,21.95752335,49.91519928,21.91840172
2023/5/20 20:41,100,22.21875,100,22.12731552,100,21.95752335,0,21.91840172
2023/5/20 20:42,100,22.10301018,100,22.12731552,100,22.05879784,0,21.83159828
2023/5/20 20:43,100,22.11747742,100,22.2285881,100,22.05879784,0,21.81712914
2023/5/20 20:44,100,22.11747742,100,22.2285881,100,22.16007042,0,21.81712914
2023/5/20 20:45,100,22.11747742,100,22.2285881,100,22.05879784,0,21.81712914
2023/5/20 20:46,100,22.11747742,100,22.2285881,100,22.05879784,0,21.81712914
2023/5/20 20:47,100,22.11747742,100,22.12731552,100,22.05879784,0,21.91840172
2023/5/20 20:48,100,22.11747742,100,22.2285881,100,22.05879784,0,21.91840172
2023/5/20 20:49,100,22.11747742,100,22.12731552,100,22.14560318,0,21.91840172
2023/5/20 20:50,100,22.11747742,100,22.2285881,100,22.14560318,5.218101501,22.01967621
2023/5/20 20:51,100,22.11747742,100,22.2285881,100,22.261343,19.76022911,22.01967621
2023/5/20 20:52,100,22.11747742,100,22.2285881,100,22.16007042,100,22.10648155
2023/5/20 20:53,100,22.11747742,100,22.2285881,100,22.16007042,100,22.12094879
2023/5/20 20:54,100,22.01620293,100,22.32986069,100,22.16007042,100,22.12094879
2023/5/20 20:55,100,22.01620293,100,22.32986069,100,22.16007042,100,22.12094879
2023/5/20 20:56,100,22.01620293,100,22.32986069,100,22.16007042,100,22.12094879
2023/5/20 20:57,100,22.11747742,100,22.2285881,100,22.05879784,100,22.12094879
2023/5/20 20:58,100,22.01620293,100,22.12731552,100,21.95752335,100,22.01967621
2023/5/20 20:59,100,22.32002258,100,22.02604294,100,21.85625076,100,22.01967621
2023/5/20 21:00,100,22.01620293,100,21.92476845,100,21.75497818,99.88619995,22.01967621
2023/5/20 21:01,100,22.01620293,100,21.92476845,100,21.75497818,43.11375427,21.91840172
2023/5/20 21:02,100,22.01620293,100,22.02604294,100,21.75497818,0,21.91840172
2023/5/20 21:03,100,22.32002258,100,22.02604294,100,21.75497818,0,21.91840172
2023/5/20 21:04,100,22.32002258,100,21.99710655,100,21.75497818,0,21.81712914
2023/5/20 21:05,100,22.01620293,100,22.02604294,100,21.85625076,0,21.81712914
2023/5/20 21:06,100,22.01620293,100,22.02604294,100,21.85625076,0,21.81712914
2023/5/20 21:07,100,22.01620293,100,22.11284828,100,21.85625076,0,21.81712914
2023/5/20 21:08,100,22.01620293,100,22.12731552,100,21.95752335,0,21.81712914
2023/5/20 21:09,100,22.32002258,100,22.12731552,100,22.05879784,0,21.83159828
2023/5/20 21:10,100,22.32002258,100,22.12731552,100,22.04432869,0,21.91840172
2023/5/20 21:11,100,22.01620293,100,22.2285881,100,22.05879784,0,21.91840172
2023/5/20 21:12,100,22.01620293,100,22.2285881,100,22.05879784,0,21.91840172
2023/5/20 21:13,100,22.11747742,100,22.2285881,100,22.05879784,0,21.91840172
2023/5/20 21:14,100,22.11747742,100,22.2285881,100,22.05879784,4.799087524,22.00520706
2023/5/20 21:15,100,22.11747742,100,22.2285881,100,22.05879784,19.37695122,22.01967621
2023/5/20 21:16,100,22.01620293,100,22.2285881,100,22.16007042,69.01519012,22.12094879
2023/5/20 21:17,100,22.01620293,100,22.32986069,100,22.16007042,100,22.12094879
2023/5/20 21:18,100,22.11747742,100,22.32986069,100,22.16007042,100,22.12094879
2023/5/20 21:19,100,22.11747742,100,22.31539345,100,22.05879784,100,22.12094879
2023/5/20 21:20,100,22.01620293,100,22.2285881,100,21.95752335,100,22.12094879
2023/5/20 21:21,100,22.01620293,100,22.2285881,100,21.95752335,100,22.12094879
2023/5/20 21:22,100,22.01620293,100,22.2285881,100,21.95752335,100,22.12094879
2023/5/20 21:23,100,22.11747742,100,22.12731552,100,21.95752335,100,22.01967621
2023/5/20 21:24,100,22.11747742,100,22.21412086,100,21.95752335,100,22.01967621
2023/5/20 21:25,100,22.01620293,100,22.2285881,100,21.95752335,62.0500946,21.91840172
2023/5/20 21:26,100,22.11747742,100,22.11284828,100,21.85625076,0,21.91840172
2023/5/20 21:27,100,22.01620293,100,22.02604294,100,21.75497818,0,21.81712914
2023/5/20 21:28,100,22.32002258,100,22.02604294,100,21.75497818,0,21.81712914
2023/5/20 21:29,100,22.01620293,100,22.02604294,100,21.85625076,0,21.81712914
2023/5/20 21:30,100,22.32002258,100,22.02604294,100,21.85625076,0,21.81712914
2023/5/20 21:31,100,22.01620293,100,22.02604294,100,21.85625076,0,21.81712914
2023/5/20 21:32,100,22.11747742,100,22.06944466,100,21.85625076,0,21.81712914
2023/5/20 21:33,100,22.11747742,100,22.12731552,100,21.85625076,0,21.81712914
2023/5/20 21:34,100,22.01620293,100,22.12731552,100,21.95752335,0,21.81712914
2023/5/20 21:35,100,22.01620293,100,22.12731552,100,21.95752335,0,21.81712914
2023/5/20 21:36,100,22.11747742,100,22.12731552,100,21.95752335,0,21.83159828
2023/5/20 21:37,100,22.11747742,100,22.12731552,100,21.95752335,0,21.91840172
2023/5/20 21:38,100,22.01620293,100,22.12731552,100,21.95752335,0,21.91840172
2023/5/20 21:39,100,22.11747742,100,22.12731552,100,22.05879784,0,21.91840172
2023/5/20 21:40,100,22.11747742,100,22.2285881,100,22.05879784,8.624469757,22.01967621
2023/5/20 21:41,100,22.11747742,100,22.2285881,100,22.05879784,23.1202774,22.01967621
2023/5/20 21:42,100,22.11747742,100,22.2285881,100,22.16007042,40.49577332,22.03414345
2023/5/20 21:43,100,22.11747742,100,22.32986069,100,22.16007042,100,22.12094879
2023/5/20 21:44,100,22.01620293,100,22.32986069,100,22.16007042,100,22.12094879
2023/5/20 21:45,100,22.11747742,100,22.32986069,100,22.261343,100,22.12094879
2023/5/20 21:46,100,22.11747742,100,22.30092621,100,22.261343,100,22.12094879
2023/5/20 21:47,100,22.11747742,100,22.21412086,100,22.261343,100,22.10648155
2023/5/20 21:48,100,22.11747742,100,22.2285881,100,22.23240852,100,22.10648155
2023/5/20 21:49,100,22.11747742,100,22.12731552,100,22.05879784,100,22.12094879
2023/5/20 21:50,100,22.11747742,100,22.02604294,100,21.85625076,100,22.01967621
2023/5/20 21:51,100,22.03067207,100,22.02604294,100,21.85625076,100,22.01967621
2023/5/20 21:52,100,22.08854294,100,21.92476845,100,21.85625076,70.23423004,21.91840172
2023/5/20 21:53,100,22.01620293,100,21.92476845,100,21.85625076,5.001528263,21.91840172
2023/5/20 21:54,100,22.23321724,100,21.92476845,100,21.85625076,0,21.91840172
2023/5/20 21:55,100,22.30555534,100,21.92476845,100,21.85625076,0,21.91840172
2023/5/20 21:56,100,22.32002258,100,21.92476845,100,21.75497818,0,21.91840172
2023/5/20 21:57,100,22.32002258,100,21.92476845,100,21.75497818,0,21.83159828
2023/5/20 21:58,100,22.32002258,100,21.92476845,100,21.82731628,0,21.81712914
2023/5/20 21:59,100,22.01620293,100,21.92476845,100,21.85625076,0,21.81712914
2023/5/20 22:00,100,22.01620293,100,22.02604294,100,21.95752335,0,21.81712914
2023/5/20 22:01,100,22.01620293,100,22.02604294,100,21.95752335,0,21.81712914
2023/5/20 22:02,100,22.32002258,100,22.02604294,100,21.95752335,0,21.91840172
2023/5/20 22:03,100,22.01620293,100,22.02604294,100,21.95752335,0,21.91840172
2023/5/20 22:04,100,22.32002258,100,22.12731552,100,22.05879784,0,21.91840172
2023/5/20 22:05,100,22.01620293,100,22.12731552,100,22.05879784,0,21.91840172
2023/5/20 22:06,100,22.32002258,100,22.12731552,100,22.05879784,0,21.91840172
2023/5/20 22:07,100,22.01620293,100,22.12731552,100,22.05879784,0,21.91840172
2023/5/20 22:08,100,22.01620293,100,22.12731552,100,22.16007042,0,21.91840172
2023/5/20 22:09,100,22.11747742,100,22.2285881,100,22.16007042,0.382288665,22.01967621
2023/5/20 22:10,100,22.11747742,100,22.2285881,100,22.16007042,15.13361645,22.01967621
2023/5/20 22:11,100,22.01620293,100,22.21412086,100,22.21794128,29.73934937,22.01967621
2023/5/20 22:12,100,22.11747742,100,22.12731552,100,22.16007042,98.41283417,22.12094879
2023/5/20 22:13,100,22.11747742,100,22.12731552,100,22.16007042,100,22.12094879
2023/5/20 22:14,100,22.01620293,100,22.12731552,100,22.16007042,100,22.12094879
2023/5/20 22:15,100,22.01620293,100,22.12731552,100,22.05879784,100,22.10648155
2023/5/20 22:16,100,22.11747742,100,22.02604294,100,21.95752335,100,22.12094879
2023/5/20 22:17,100,22.01620293,100,22.02604294,100,21.85625076,100,22.01967621
2023/5/20 22:18,100,22.01620293,100,22.02604294,100,21.85625076,100,22.01967621
2023/5/20 22:19,100,22.01620293,100,21.92476845,100,21.85625076,100,22.01967621
2023/5/20 22:20,100,22.01620293,100,21.92476845,100,21.85625076,75.47546387,21.91840172
2023/5/20 22:21,100,22.01620293,100,21.92476845,100,21.75497818,11.23787117,21.91840172
2023/5/20 22:22,100,22.10301018,100,21.92476845,100,21.75497818,0,21.91840172
2023/5/20 22:23,100,22.01620293,100,21.82349586,100,21.75497818,0,21.81712914
2023/5/20 22:24,100,22.32002258,100,21.82349586,100,21.75497818,0,21.81712914
2023/5/20 22:25,100,22.01620293,100,21.82349586,100,21.75497818,0,21.81712914
2023/5/20 22:26,100,22.01620293,100,21.88136482,100,21.7983799,0,21.81712914
2023/5/20 22:27,100,22.01620293,100,21.82349586,100,21.75497818,0,21.81712914
2023/5/20 22:28,100,22.01620293,100,21.82349586,100,21.75497818,0,21.81712914
2023/5/20 22:29,100,22.01620293,100,21.82349586,100,21.76944542,0,21.81712914
2023/5/20 22:30,100,22.01620293,100,21.82349586,100,21.85625076,0,21.81712914
2023/5/20 22:31,100,22.01620293,100,21.92476845,100,21.85625076,0,21.81712914
2023/5/20 22:32,100,22.01620293,100,21.92476845,100,21.95752335,0,21.81712914
2023/5/20 22:33,100,22.11747742,100,21.92476845,100,21.95752335,0,21.81712914
2023/5/20 22:34,100,22.01620293,100,21.92476845,100,21.85625076,0,21.90393448
2023/5/20 22:35,100,22.32002258,100,21.92476845,100,21.95752335,0,21.91840172
2023/5/20 22:36,100,22.01620293,100,22.02604294,100,21.95752335,0,21.91840172
2023/5/20 22:37,100,22.01620293,100,22.02604294,100,22.05879784,0,21.91840172
2023/5/20 22:38,100,22.01620293,100,22.12731552,100,22.05879784,0,21.91840172
2023/5/20 22:39,100,22.11747742,100,22.12731552,100,22.16007042,0,21.93287086
2023/5/20 22:40,100,22.01620293,100,22.12731552,100,22.16007042,12.38941288,22.01967621
2023/5/20 22:41,100,22.01620293,100,22.12731552,100,22.16007042,26.9482708,22.01967621
2023/5/20 22:42,100,22.32002258,100,22.12731552,100,22.16007042,42.02053452,22.01967621
2023/5/20 22:43,100,22.01620293,100,22.12731552,100,22.16007042,62.11843491,22.12094879
2023/5/20 22:44,100,22.01620293,100,22.12731552,100,22.14560318,100,22.10648155
2023/5/20 22:45,100,22.01620293,100,22.12731552,100,22.14560318,100,22.12094879
2023/5/20 22:46,100,22.11747742,100,22.11284828,100,22.05879784,100,22.06307793
2023/5/20 22:47,100,22.11747742,100,22.02604294,100,22.05879784,100,22.01967621
2023/5/20 22:48,100,22.11747742,100,22.02604294,100,21.94305611,100,22.00520706
2023/5/20 22:49,100,22.11747742,100,22.02604294,100,21.94305611,100,22.01967621
2023/5/20 22:50,100,22.11747742,100,21.92476845,100,21.85625076,99.69616699,21.99073982
2023/5/20 22:51,100,22.10301018,100,21.92476845,100,21.85625076,39.58886719,21.91840172
2023/5/20 22:52,100,22.01620293,100,21.92476845,100,21.78391266,0,21.91840172
2023/5/20 22:53,100,22.01620293,100,21.89583206,100,21.75497818,0,21.81712914
2023/5/20 22:54,100,22.32002258,100,21.82349586,100,21.75497818,0,21.81712914
2023/5/20 22:55,100,22.32002258,100,21.82349586,100,21.75497818,0,21.81712914
2023/5/20 22:56,100,22.21875,100,21.92476845,100,21.85625076,0,21.81712914
2023/5/20 22:57,100,22.32002258,100,21.92476845,100,21.85625076,0,21.81712914
2023/5/20 22:58,100,22.32002258,100,21.93923569,100,21.85625076,0,21.81712914
2023/5/20 22:59,100,22.32002258,100,21.92476845,100,21.85625076,0,21.81712914
2023/5/20 23:00,100,22.32002258,100,21.92476845,100,21.85625076,0,21.81712914
2023/5/20 23:01,100,22.32002258,100,21.92476845,100,21.91412163,0,21.81712914
2023/5/20 23:02,100,22.32002258,100,21.92476845,100,21.85625076,0,21.81712914
2023/5/20 23:03,100,22.32002258,100,21.92476845,100,21.870718,0,21.81712914
2023/5/20 23:04,100,22.32002258,100,22.02604294,100,21.95752335,0,21.81712914
2023/5/20 23:05,100,22.32002258,100,22.02604294,100,21.95752335,0,21.81712914
2023/5/20 23:06,100,22.32002258,100,22.12731552,100,22.05879784,0,21.91840172
2023/5/20 23:07,100,22.32002258,100,22.12731552,100,22.05879784,0,21.91840172
2023/5/20 23:08,100,22.32002258,100,22.12731552,100,22.05879784,0,21.91840172
2023/5/20 23:09,100,22.32002258,100,22.12731552,100,22.05879784,0,21.91840172
2023/5/20 23:10,100,22.32002258,100,22.12731552,100,22.05879784,0,21.91840172
2023/5/20 23:11,100,22.01620293,100,22.12731552,100,22.05879784,0,21.91840172
2023/5/20 23:12,100,22.32002258,100,22.19965172,100,22.16007042,3.343922853,22.01967621
2023/5/20 23:13,100,22.32002258,100,22.2285881,100,22.16007042,17.69143486,22.00520706
2023/5/20 23:14,100,22.32002258,100,22.2285881,100,22.16007042,32.32807159,22.01967621
2023/5/20 23:15,100,22.32002258,100,22.2285881,100,22.16007042,46.92034149,22.01967621
2023/5/20 23:16,100,22.32002258,100,22.2285881,100,22.16007042,61.89252472,22.00520706
2023/5/20 23:17,100,22.21875,100,22.2285881,100,22.16007042,99.89054871,22.10648155
2023/5/20 23:18,100,22.32002258,100,22.2285881,100,22.16007042,100,22.01967621
2023/5/20 23:19,100,22.32002258,100,22.2285881,100,22.16007042,100,22.01967621
2023/5/20 23:20,100,22.01620293,100,22.2285881,100,22.16007042,100,22.01967621
2023/5/20 23:21,100,22.32002258,100,22.2285881,100,22.16007042,100,22.01967621
2023/5/20 23:22,100,22.32002258,100,22.12731552,100,22.05879784,100,22.01967621
2023/5/20 23:23,100,22.32002258,100,22.12731552,100,21.97199059,51.337883,21.91840172
2023/5/20 23:24,100,22.32002258,100,22.12731552,100,21.98645782,0,21.91840172
2023/5/20 23:25,100,22.32002258,100,22.12731552,100,22.05879784,0,21.91840172
2023/5/20 23:26,100,22.21875,100,22.12731552,100,21.95752335,0,21.91840172
2023/5/20 23:27,100,22.32002258,100,22.12731552,100,22.05879784,0,21.81712914
2023/5/20 23:28,100,22.32002258,100,22.12731552,100,22.16007042,0,21.81712914
2023/5/20 23:29,100,22.32002258,100,22.21412086,100,22.14560318,0,21.81712914
2023/5/20 23:30,100,22.32002258,100,22.12731552,100,22.16007042,0,21.81712914
2023/5/20 23:31,100,22.2910881,100,22.12731552,100,22.16007042,0,21.81712914
2023/5/20 23:32,100,22.32002258,100,22.12731552,100,22.16007042,0,21.81712914
2023/5/20 23:33,100,22.32002258,100,22.12731552,100,22.04432869,0,21.81712914
2023/5/20 23:34,100,22.32002258,100,22.12731552,100,22.05879784,0,21.81712914
2023/5/20 23:35,100,22.21875,100,22.11284828,100,22.05879784,0,21.81712914
2023/5/20 23:36,100,22.32002258,100,22.02604294,100,22.05879784,0,21.81712914
2023/5/20 23:37,100,22.32002258,100,22.12731552,100,22.14560318,0,21.91840172
2023/5/20 23:38,100,22.32002258,100,22.12731552,100,22.10219955,0,21.91840172
2023/5/20 23:39,100,22.01620293,100,22.17071724,100,22.16007042,0,21.91840172
2023/5/20 23:40,100,22.01620293,100,22.12731552,100,22.16007042,0.062665187,21.99073982
2023/5/20 23:41,100,22.01620293,100,22.12731552,100,22.16007042,13.71793175,22.01967621
2023/5/20 23:42,100,22.32002258,100,22.19965172,100,22.261343,28.44633293,22.01967621
2023/5/20 23:43,100,22.32002258,100,22.2285881,100,22.24687576,64.42707062,22.12094879
2023/5/20 23:44,100,22.32002258,100,22.2285881,100,22.261343,100,22.12094879
2023/5/20 23:45,100,22.01620293,100,22.2285881,100,22.16007042,100,22.10648155
2023/5/20 23:46,100,22.01620293,100,22.11284828,100,22.1166687,100,22.12094879
2023/5/20 23:47,100,22.01620293,100,22.12731552,100,22.05879784,100,22.12094879
2023/5/20 23:48,100,22.01620293,100,22.12731552,100,21.94305611,100,22.10648155
2023/5/20 23:49,100,22.32002258,100,22.02604294,100,21.94305611,100,22.10648155
2023/5/20 23:50,100,22.32002258,100,22.02604294,100,21.85625076,100,22.01967621
2023/5/20 23:51,100,22.32002258,100,21.92476845,100,21.85625076,99.18264008,21.91840172
2023/5/20 23:52,100,22.32002258,100,21.92476845,100,21.84178352,33.68400574,21.91840172
2023/5/20 23:53,100,22.32002258,100,21.93923569,100,21.85625076,0,21.91840172
2023/5/20 23:54,100,22.32002258,100,21.92476845,100,21.85625076,0,21.81712914
2023/5/20 23:55,100,22.32002258,100,21.92476845,100,21.85625076,0,21.81712914
2023/5/20 23:56,100,22.01620293,100,21.92476845,100,21.85625076,0,21.81712914
2023/5/20 23:57,100,22.32002258,100,21.92476845,100,21.85625076,0,21.81712914
2023/5/20 23:58,100,22.32002258,100,21.92476845,100,21.94305611,0,21.81712914
2023/5/20 23:59,100,22.32002258,100,21.92476845,100,21.85625076,0,21.81712914
2023/5/21 0:00,100,22.30555534,100,21.82349586,100,21.870718,0,21.81712914
2023/5/21 0:01,100,22.32002258,100,21.92476845,100,21.85625076,0,21.81712914
2023/5/21 0:02,100,22.01620293,100,21.92476845,100,21.95752335,0,21.81712914
2023/5/21 0:03,100,22.32002258,100,21.92476845,100,21.85625076,0,21.81712914
2023/5/21 0:04,100,22.01620293,100,21.93923569,100,21.85625076,0,21.81712914
2023/5/21 0:05,100,22.01620293,100,21.92476845,100,21.95752335,0,21.83159828
2023/5/21 0:06,100,22.32002258,100,21.93923569,100,21.95752335,0,21.91840172
2023/5/21 0:07,100,22.32002258,100,21.92476845,100,21.95752335,0,21.91840172
2023/5/21 0:08,100,22.32002258,100,21.92476845,100,21.95752335,0,21.91840172
2023/5/21 0:09,100,22.32002258,100,22.02604294,100,22.05879784,0.112745196,22.01967621
2023/5/21 0:10,100,22.32002258,100,22.02604294,100,22.05879784,11.82893562,22.01967621
2023/5/21 0:11,100,22.32002258,100,22.02604294,100,22.05879784,26.69736481,22.01967621
2023/5/21 0:12,100,22.32002258,100,22.02604294,100,22.05879784,41.13448334,22.01967621
2023/5/21 0:13,100,22.32002258,100,22.02604294,100,22.05879784,56.0675354,22.01967621
2023/5/21 0:14,100,22.32002258,100,22.02604294,100,21.95752335,93.6799469,22.12094879
2023/5/21 0:15,100,22.32002258,100,22.02604294,100,21.95752335,100,22.12094879
2023/5/21 0:16,100,22.32002258,100,22.02604294,100,21.95752335,100,22.09201431
2023/5/21 0:17,100,22.32002258,100,21.93923569,100,22.05879784,100,22.01967621
2023/5/21 0:18,100,22.32002258,100,21.92476845,100,21.95752335,100,22.01967621
2023/5/21 0:19,100,22.32002258,100,21.92476845,100,21.85625076,97.31452179,22.01967621
2023/5/21 0:20,100,22.32002258,100,21.92476845,100,21.85625076,40.0925827,21.91840172
2023/5/21 0:21,100,22.32002258,100,21.92476845,100,21.85625076,0,21.91840172
2023/5/21 0:22,100,22.32002258,100,21.92476845,100,21.85625076,0,21.91840172
2023/5/21 0:23,100,22.32002258,100,21.82349586,100,21.75497818,0,21.81712914
2023/5/21 0:24,100,22.30555534,100,21.82349586,100,21.75497818,0,21.81712914
2023/5/21 0:25,100,22.32002258,100,21.82349586,100,21.85625076,0,21.81712914
2023/5/21 0:26,100,22.32002258,100,21.92476845,100,21.85625076,0,21.81712914
2023/5/21 0:27,100,22.32002258,100,21.92476845,100,21.85625076,0,21.81712914
2023/5/21 0:28,100,22.32002258,100,21.82349586,100,21.95752335,0,21.81712914
2023/5/21 0:29,100,22.32002258,100,21.92476845,100,21.95752335,0,21.81712914
2023/5/21 0:30,100,22.32002258,100,21.92476845,100,21.95752335,0,21.81712914
2023/5/21 0:31,100,22.32002258,100,21.92476845,100,21.85625076,0,21.91840172
2023/5/21 0:32,100,22.32002258,100,21.92476845,100,21.85625076,0,21.91840172
2023/5/21 0:33,100,22.32002258,100,21.92476845,100,21.85625076,0,21.91840172
2023/5/21 0:34,100,22.32002258,100,22.02604294,100,21.95752335,0,21.91840172
2023/5/21 0:35,100,22.32002258,100,22.02604294,100,21.94305611,0,21.91840172
2023/5/21 0:36,100,22.32002258,100,22.02604294,100,21.95752335,0,21.91840172
2023/5/21 0:37,100,22.32002258,100,22.02604294,100,21.95752335,1.430409193,22.01967621
2023/5/21 0:38,100,22.32002258,100,22.02604294,100,21.95752335,14.68924904,22.01967621
2023/5/21 0:39,100,22.32002258,100,22.02604294,100,21.95752335,29.37505722,22.01967621
2023/5/21 0:40,100,22.01620293,100,22.12731552,100,21.95752335,44.25074005,22.01967621
2023/5/21 0:41,100,22.01620293,100,22.09837914,100,21.95752335,62.05995941,22.07754707
2023/5/21 0:42,100,22.01620293,100,22.02604294,100,21.95752335,100,22.12094879
2023/5/21 0:43,100,22.32002258,100,22.02604294,100,21.95752335,100,22.12094879
2023/5/21 0:44,100,22.32002258,100,22.02604294,100,21.85625076,100,22.12094879
2023/5/21 0:45,100,22.32002258,100,22.02604294,100,21.85625076,100,22.10648155
2023/5/21 0:46,100,22.01620293,100,21.92476845,100,21.75497818,100,22.01967621
2023/5/21 0:47,100,22.32002258,100,22.02604294,100,21.7983799,99.48812866,22.01967621
2023/5/21 0:48,100,22.11747742,100,21.99710655,100,21.85625076,39.31030273,21.91840172
2023/5/21 0:49,100,22.03067207,100,21.92476845,100,21.75497818,0,21.91840172
2023/5/21 0:50,100,22.32002258,100,21.93923569,100,21.75497818,0,21.81712914
2023/5/21 0:51,100,22.01620293,100,21.92476845,100,21.66817284,0,21.8026619
2023/5/21 0:52,100,22.01620293,100,21.93923569,100,21.65370369,0,21.81712914
2023/5/21 0:53,100,22.27662086,100,21.92476845,100,21.75497818,0,21.81712914
2023/5/21 0:54,100,22.32002258,100,21.92476845,100,21.75497818,0,21.81712914
2023/5/21 0:55,100,22.01620293,100,21.92476845,100,21.85625076,0,21.81712914
2023/5/21 0:56,100,22.27662086,100,22.01157379,100,21.85625076,0,21.81712914
2023/5/21 0:57,100,22.01620293,100,21.92476845,100,21.75497818,0,21.81712914
2023/5/21 0:58,100,22.04513931,100,21.92476845,100,21.75497818,0,21.91840172
2023/5/21 0:59,100,22.01620293,100,21.92476845,100,21.69710732,0,21.91840172
2023/5/21 1:00,100,22.01620293,100,21.93923569,100,21.75497818,0,21.91840172
2023/5/21 1:01,100,22.01620293,100,21.92476845,100,21.75497818,0,21.91840172
2023/5/21 1:02,100,22.01620293,100,22.02604294,100,21.85625076,0,21.91840172
2023/5/21 1:03,100,22.11747742,100,22.02604294,100,21.85625076,0,21.9473381
2023/5/21 1:04,100,22.11747742,100,22.05497742,100,21.85625076,7.242456436,22.01967621
2023/5/21 1:05,100,22.01620293,100,22.04051018,100,21.85625076,21.93247032,22.01967621
2023/5/21 1:06,100,22.11747742,100,22.12731552,100,21.85625076,36.69533157,22.01967621
2023/5/21 1:07,100,22.01620293,100,22.12731552,100,21.85625076,51.10525131,22.01967621
2023/5/21 1:08,100,22.01620293,100,22.02604294,100,21.85625076,66.08885193,22.01967621
2023/5/21 1:09,100,22.01620293,100,22.02604294,100,21.85625076,100,22.00520706
2023/5/21 1:10,100,22.32002258,100,21.92476845,100,21.85625076,100,22.01967621
2023/5/21 1:11,100,22.32002258,100,21.92476845,100,21.75497818,100,22.01967621
2023/5/21 1:12,100,22.32002258,100,21.93923569,100,21.74051094,100,22.01967621
2023/5/21 1:13,100,22.32002258,100,21.92476845,100,21.75497818,100,22.01967621
2023/5/21 1:14,100,22.32002258,100,21.92476845,100,21.65370369,77.39137268,21.91840172
2023/5/21 1:15,100,22.01620293,100,21.92476845,100,21.75497818,12.11074352,21.91840172
2023/5/21 1:16,100,22.32002258,100,22.02604294,100,21.75497818,0,21.91840172
2023/5/21 1:17,100,22.32002258,100,21.92476845,100,21.65370369,0,21.81712914
2023/5/21 1:18,100,22.32002258,100,21.92476845,100,21.65370369,0,21.81712914
2023/5/21 1:19,100,22.32002258,100,21.92476845,100,21.65370369,0,21.81712914
2023/5/21 1:20,100,22.32002258,100,21.93923569,100,21.65370369,0,21.81712914
2023/5/21 1:21,100,22.32002258,100,21.92476845,100,21.65370369,0,21.81712914
2023/5/21 1:22,100,22.32002258,100,21.92476845,100,21.65370369,0,21.81712914
2023/5/21 1:23,100,22.32002258,100,21.92476845,100,21.65370369,0,21.81712914
2023/5/21 1:24,100,22.32002258,100,21.93923569,100,21.75497818,0,21.81712914
2023/5/21 1:25,100,22.32002258,100,21.92476845,100,21.75497818,0,21.81712914
2023/5/21 1:26,100,22.32002258,100,21.92476845,100,21.75497818,0,21.81712914
2023/5/21 1:27,100,22.32002258,100,21.92476845,100,21.65370369,0,21.90393448
2023/5/21 1:28,100,22.32002258,100,21.92476845,100,21.75497818,0,21.91840172
2023/5/21 1:29,100,22.32002258,100,22.02604294,100,21.75497818,0,21.91840172
2023/5/21 1:30,100,22.32002258,100,22.02604294,100,21.75497818,0,21.91840172
2023/5/21 1:31,100,22.32002258,100,22.12731552,100,21.75497818,0,21.91840172
2023/5/21 1:32,100,22.32002258,100,22.12731552,100,21.75497818,0,21.91840172
2023/5/21 1:33,100,22.01620293,100,22.12731552,100,21.75497818,0,21.91840172
2023/5/21 1:34,100,22.01620293,100,22.12731552,100,21.85625076,1.954519033,22.00520706
2023/5/21 1:35,100,22.32002258,100,22.12731552,100,21.85625076,7.696622372,22.01967621
2023/5/21 1:36,100,22.30555534,100,22.12731552,100,21.75497818,22.98402977,22.01967621
2023/5/21 1:37,100,22.01620293,100,22.02604294,100,21.75497818,37.70231247,22.01967621
2023/5/21 1:38,100,22.1464119,100,22.12731552,100,21.85625076,52.56155777,22.01967621
2023/5/21 1:39,100,22.32002258,100,22.02604294,100,21.85625076,72.60044098,22.01967621
2023/5/21 1:40,100,22.32002258,100,22.12731552,100,21.85625076,100,22.10648155
2023/5/21 1:41,100,22.32002258,100,22.12731552,100,21.85625076,100,22.12094879
2023/5/21 1:42,100,22.32002258,100,22.02604294,100,21.85625076,100,22.10648155
2023/5/21 1:43,100,22.32002258,100,22.02604294,100,21.75497818,100,22.01967621
2023/5/21 1:44,100,22.32002258,100,21.93923569,100,21.75497818,100,22.01967621
2023/5/21 1:45,100,22.32002258,100,21.92476845,100,21.75497818,97.4424057,21.97627258
2023/5/21 1:46,100,22.32002258,100,21.92476845,100,21.65370369,35.27418518,21.91840172
2023/5/21 1:47,100,22.32002258,100,21.82349586,100,21.65370369,0,21.81712914
2023/5/21 1:48,100,22.32002258,100,21.82349586,100,21.65370369,0,21.81712914
2023/5/21 1:49,100,22.32002258,100,21.82349586,100,21.65370369,0,21.81712914
2023/5/21 1:50,100,22.32002258,100,21.82349586,100,21.65370369,0,21.81712914
2023/5/21 1:51,100,22.32002258,100,21.82349586,100,21.65370369,0,21.81712914
2023/5/21 1:52,100,22.32002258,100,21.92476845,100,21.75497818,0,21.81712914
2023/5/21 1:53,100,22.32002258,100,21.93923569,100,21.75497818,0,21.81712914
2023/5/21 1:54,100,22.27662086,100,21.92476845,100,21.75497818,0,21.81712914
2023/5/21 1:55,100,22.04513931,100,21.92476845,100,21.75497818,0,21.81712914
2023/5/21 1:56,100,22.01620293,100,21.92476845,100,21.75497818,0,21.81712914
2023/5/21 1:57,100,22.17534828,100,21.92476845,100,21.75497818,0,21.81712914
2023/5/21 1:58,100,22.01620293,100,21.92476845,100,21.75497818,0,21.91840172
2023/5/21 1:59,100,22.01620293,100,21.92476845,100,21.75497818,0,21.91840172
2023/5/21 2:00,100,22.01620293,100,22.01157379,100,21.75497818,0,21.91840172
2023/5/21 2:01,100,22.01620293,100,22.02604294,100,21.85625076,0,21.91840172
2023/5/21 2:02,100,22.32002258,100,22.02604294,100,21.85625076,0,21.91840172
2023/5/21 2:03,100,22.01620293,100,22.02604294,100,21.85625076,0,21.93287086
2023/5/21 2:04,100,22.01620293,100,22.02604294,100,21.85625076,5.06602478,22.01967621
2023/5/21 2:05,100,22.01620293,100,22.02604294,100,21.85625076,19.86036873,22.01967621
2023/5/21 2:06,100,22.01620293,100,22.12731552,100,21.85625076,34.76911545,22.01967621
2023/5/21 2:07,100,22.32002258,100,22.12731552,100,21.94305611,49.46630478,22.01967621
2023/5/21 2:08,100,22.01620293,100,22.12731552,100,21.85625076,63.9772377,22.01967621
2023/5/21 2:09,100,22.01620293,100,22.12731552,100,21.92858887,100,22.12094879
2023/5/21 2:10,100,22.01620293,100,22.12731552,100,21.95752335,100,22.10648155
2023/5/21 2:11,100,22.01620293,100,22.12731552,100,21.95752335,100,22.12094879
2023/5/21 2:12,100,22.32002258,100,22.12731552,100,21.85625076,100,22.06307793
2023/5/21 2:13,100,22.01620293,100,22.02604294,100,21.85625076,100,22.01967621
2023/5/21 2:14,100,22.32002258,100,22.02604294,100,21.85625076,100,22.01967621
2023/5/21 2:15,100,22.32002258,100,22.02604294,100,21.75497818,90.01956177,21.91840172
2023/5/21 2:16,100,22.11747742,100,22.02604294,100,21.75497818,24.85421753,21.91840172
2023/5/21 2:17,100,22.30555534,100,21.99710655,100,21.75497818,0,21.91840172
2023/5/21 2:18,100,22.32002258,100,21.92476845,100,21.75497818,0,21.81712914
2023/5/21 2:19,100,22.01620293,100,21.92476845,100,21.75497818,0,21.81712914
2023/5/21 2:20,100,22.32002258,100,21.92476845,100,21.75497818,0,21.81712914
2023/5/21 2:21,100,22.01620293,100,21.92476845,100,21.85625076,0,21.81712914
2023/5/21 2:22,100,22.32002258,100,21.92476845,100,21.75497818,0,21.81712914
2023/5/21 2:23,100,22.01620293,100,21.92476845,100,21.85625076,0,21.81712914
2023/5/21 2:24,100,22.32002258,100,21.92476845,100,21.75497818,0,21.81712914
2023/5/21 2:25,100,22.32002258,100,21.92476845,100,21.75497818,0,21.81712914
2023/5/21 2:26,100,22.01620293,100,22.02604294,100,21.85625076,0,21.81712914
2023/5/21 2:27,100,22.01620293,100,22.12731552,100,21.85625076,0,21.81712914
2023/5/21 2:28,100,22.01620293,100,22.12731552,100,21.85625076,0,21.81712914
2023/5/21 2:29,100,22.01620293,100,22.12731552,100,21.85625076,0,21.91840172
2023/5/21 2:30,100,22.32002258,100,22.02604294,100,21.85625076,0,21.91840172
2023/5/21 2:31,100,22.32002258,100,22.04051018,100,21.85625076,0,21.91840172
2023/5/21 2:32,100,22.32002258,100,22.12731552,100,21.95752335,0,21.91840172
2023/5/21 2:33,100,22.32002258,100,22.12731552,100,21.95752335,0,21.91840172
2023/5/21 2:34,100,22.32002258,100,22.12731552,100,21.85625076,0.692368031,22.01967621
2023/5/21 2:35,100,22.20428276,100,22.12731552,100,21.85625076,10.26703072,22.01967621
2023/5/21 2:36,100,22.01620293,100,22.02604294,100,21.85625076,24.90266228,22.01967621
2023/5/21 2:37,100,22.01620293,100,22.12731552,100,21.85625076,46.67335129,22.09201431
2023/5/21 2:38,100,22.11747742,100,22.12731552,100,21.95752335,100,22.12094879
2023/5/21 2:39,100,22.11747742,100,22.12731552,100,21.95752335,100,22.12094879
2023/5/21 2:40,100,22.11747742,100,22.12731552,100,21.95752335,100,22.12094879
2023/5/21 2:41,100,22.11747742,100,22.12731552,100,21.95752335,100,22.12094879
2023/5/21 2:42,100,22.11747742,100,22.02604294,100,21.85625076,100,22.12094879
2023/5/21 2:43,100,22.01620293,100,22.02604294,100,21.85625076,100,22.01967621
2023/5/21 2:44,100,22.01620293,100,22.02604294,100,21.85625076,100,22.00520706
2023/5/21 2:45,100,22.32002258,100,22.02604294,100,21.75497818,92.32810974,21.91840172
2023/5/21 2:46,100,22.32002258,100,21.99710655,100,21.75497818,29.84256935,21.91840172
2023/5/21 2:47,100,22.32002258,100,21.92476845,100,21.65370369,0,21.91840172
2023/5/21 2:48,100,22.32002258,100,21.93923569,100,21.65370369,0,21.81712914
2023/5/21 2:49,100,22.32002258,100,21.92476845,100,21.65370369,0,21.81712914
2023/5/21 2:50,100,22.32002258,100,21.92476845,100,21.75497818,0,21.81712914
2023/5/21 2:51,100,22.32002258,100,21.92476845,100,21.75497818,0,21.81712914
2023/5/21 2:52,100,22.32002258,100,21.92476845,100,21.75497818,0,21.81712914
2023/5/21 2:53,100,22.01620293,100,21.96817207,100,21.85625076,0,21.81712914
2023/5/21 2:54,100,22.32002258,100,22.02604294,100,21.85625076,0,21.81712914
2023/5/21 2:55,100,22.01620293,100,22.02604294,100,21.85625076,0,21.81712914
2023/5/21 2:56,100,22.01620293,100,22.02604294,100,21.85625076,0,21.81712914
2023/5/21 2:57,100,22.01620293,100,22.12731552,100,21.95752335,0,21.91840172
2023/5/21 2:58,100,22.01620293,100,22.12731552,100,22.05879784,0,21.91840172
2023/5/21 2:59,100,22.01620293,100,22.12731552,100,22.04432869,0,21.91840172
2023/5/21 3:00,100,22.32002258,100,22.12731552,100,21.95752335,0,21.91840172
2023/5/21 3:01,100,22.01620293,100,22.12731552,100,21.95752335,0,21.91840172
2023/5/21 3:02,100,22.01620293,100,22.12731552,100,22.05879784,0,21.91840172
2023/5/21 3:03,100,22.01620293,100,22.12731552,100,22.05879784,5.832175732,22.01967621
2023/5/21 3:04,100,22.01620293,100,22.12731552,100,22.05879784,20.43073273,22.01967621
2023/5/21 3:05,100,22.01620293,100,22.12731552,100,22.05879784,35.65500259,22.01967621
2023/5/21 3:06,100,22.30555534,100,22.12731552,100,22.05879784,50.28172302,22.01967621
2023/5/21 3:07,100,22.32002258,100,22.2285881,100,22.05879784,65.40174866,22.01967621
2023/5/21 3:08,100,22.01620293,100,22.2285881,100,22.05879784,79.91503143,22.01967621
2023/5/21 3:09,100,22.01620293,100,22.2285881,100,22.05879784,94.57969666,22.01967621
2023/5/21 3:10,100,22.01620293,100,22.2285881,100,21.95752335,100,22.01967621
2023/5/21 3:11,100,22.11747742,100,22.12731552,100,21.85625076,100,22.00520706
2023/5/21 3:12,100,22.11747742,100,22.02604294,100,21.85625076,100,22.01967621
2023/5/21 3:13,100,22.11747742,100,21.93923569,100,21.75497818,62.53072357,21.91840172
2023/5/21 3:14,100,22.01620293,100,21.92476845,100,21.65370369,0,21.91840172
2023/5/21 3:15,100,22.03067207,100,21.82349586,100,21.65370369,0,21.91840172
2023/5/21 3:16,100,22.32002258,100,21.82349586,100,21.65370369,0,21.91840172
2023/5/21 3:17,100,22.30555534,100,21.93923569,100,21.75497818,0,21.91840172
2023/5/21 3:18,100,22.32002258,100,21.93923569,100,21.75497818,0,21.81712914
2023/5/21 3:19,100,22.32002258,100,21.92476845,100,21.85625076,0,21.81712914
2023/5/21 3:20,100,22.32002258,100,21.93923569,100,21.85625076,0,21.81712914
2023/5/21 3:21,100,22.32002258,100,22.02604294,100,21.85625076,0,21.81712914
2023/5/21 3:22,100,22.01620293,100,22.02604294,100,21.85625076,0,21.91840172
2023/5/21 3:23,100,22.01620293,100,22.02604294,100,21.85625076,0,21.91840172
2023/5/21 3:24,100,22.01620293,100,22.02604294,100,21.95752335,0,21.91840172
2023/5/21 3:25,100,22.32002258,100,22.12731552,100,21.85625076,0,21.91840172
2023/5/21 3:26,100,22.11747742,100,22.12731552,100,21.94305611,0,21.90393448
2023/5/21 3:27,100,22.01620293,100,22.12731552,100,21.95752335,0.488688916,22.01967621
2023/5/21 3:28,100,22.01620293,100,22.12731552,100,21.95752335,15.5478344,22.01967621
2023/5/21 3:29,100,22.01620293,100,22.12731552,100,21.95752335,30.26839256,22.01967621
2023/5/21 3:30,100,22.11747742,100,22.12731552,100,21.95752335,44.93779373,22.01967621
2023/5/21 3:31,100,22.11747742,100,22.12731552,100,21.95752335,59.70845032,22.01967621
2023/5/21 3:32,100,22.11747742,100,22.12731552,100,21.95752335,79.72887421,22.01967621
2023/5/21 3:33,100,22.11747742,100,22.12731552,100,21.95752335,100,22.01967621
2023/5/21 3:34,100,22.11747742,100,22.02604294,100,21.95752335,100,22.01967621
2023/5/21 3:35,100,22.11747742,100,22.02604294,100,21.85625076,100,22.01967621
2023/5/21 3:36,100,22.11747742,100,22.02604294,100,21.85625076,100,22.01967621
2023/5/21 3:37,100,22.11747742,100,22.02604294,100,21.85625076,100,22.01967621
2023/5/21 3:38,100,22.11747742,100,21.92476845,100,21.75497818,89.94750977,21.91840172
2023/5/21 3:39,100,22.11747742,100,21.92476845,100,21.65370369,24.76247597,21.90393448
2023/5/21 3:40,100,22.11747742,100,21.92476845,100,21.65370369,0,21.91840172
2023/5/21 3:41,100,22.11747742,100,21.92476845,100,21.65370369,0,21.81712914
2023/5/21 3:42,100,22.11747742,100,21.93923569,100,21.75497818,0,21.81712914
2023/5/21 3:43,100,22.11747742,100,21.92476845,100,21.75497818,0,21.81712914
2023/5/21 3:44,100,22.11747742,100,21.92476845,100,21.74051094,0,21.81712914
2023/5/21 3:45,100,22.11747742,100,22.02604294,100,21.75497818,0,21.81712914
2023/5/21 3:46,100,22.11747742,100,22.02604294,100,21.85625076,0,21.81712914
2023/5/21 3:47,100,22.11747742,100,22.02604294,100,21.85625076,0,21.81712914
2023/5/21 3:48,100,22.11747742,100,22.02604294,100,21.85625076,0,21.83159828
2023/5/21 3:49,100,22.11747742,100,22.01157379,100,21.85625076,0,21.91840172
2023/5/21 3:50,100,22.11747742,100,22.02604294,100,21.95752335,0,21.91840172
2023/5/21 3:51,100,22.11747742,100,22.02604294,100,21.95752335,0,21.91840172
2023/5/21 3:52,100,22.11747742,100,22.02604294,100,21.85625076,5.863810539,22.01967621
2023/5/21 3:53,100,22.11747742,100,22.12731552,100,21.95752335,20.47951508,22.00520706
2023/5/21 3:54,100,22.11747742,100,22.12731552,100,21.95752335,35.1471138,22.00520706
2023/5/21 3:55,100,22.11747742,100,22.21412086,100,21.95752335,79.35625458,22.12094879
2023/5/21 3:56,100,22.01620293,100,22.2285881,100,22.05879784,100,22.12094879
2023/5/21 3:57,100,22.11747742,100,22.2285881,100,22.05879784,100,22.10648155
2023/5/21 3:58,100,22.11747742,100,22.12731552,100,21.95752335,100,22.12094879
2023/5/21 3:59,100,22.11747742,100,22.12731552,100,21.85625076,100,22.12094879
2023/5/21 4:00,100,22.11747742,100,22.12731552,100,21.85625076,100,22.01967621
2023/5/21 4:01,100,22.11747742,100,22.11284828,100,21.85625076,100,22.01967621
2023/5/21 4:02,100,22.11747742,100,22.02604294,100,21.85625076,84.23379517,21.91840172
2023/5/21 4:03,100,22.11747742,100,22.02604294,100,21.75497818,18.91077042,21.91840172
2023/5/21 4:04,100,22.11747742,100,22.02604294,100,21.75497818,0,21.91840172
2023/5/21 4:05,100,22.11747742,100,21.92476845,100,21.75497818,0,21.81712914
2023/5/21 4:06,100,22.11747742,100,21.92476845,100,21.75497818,0,21.81712914
2023/5/21 4:07,100,22.11747742,100,21.92476845,100,21.75497818,0,21.81712914
2023/5/21 4:08,100,22.11747742,100,21.92476845,100,21.75497818,0,21.81712914
2023/5/21 4:09,100,22.11747742,100,22.02604294,100,21.85625076,0,21.81712914
2023/5/21 4:10,100,22.01620293,100,22.02604294,100,21.85625076,0,21.81712914
2023/5/21 4:11,100,22.11747742,100,22.12731552,100,21.85625076,0,21.91840172
2023/5/21 4:12,100,22.01620293,100,22.12731552,100,21.870718,0,21.91840172
2023/5/21 4:13,100,22.11747742,100,22.12731552,100,21.95752335,0,21.91840172
2023/5/21 4:14,100,22.11747742,100,22.12731552,100,21.95752335,0.075982966,22.01967621
2023/5/21 4:15,100,22.11747742,100,22.12731552,100,21.95752335,13.5319376,22.01967621
2023/5/21 4:16,100,22.11747742,100,22.12731552,100,22.05879784,28.39816666,22.01967621
2023/5/21 4:17,100,22.01620293,100,22.11284828,100,22.05879784,43.24559784,22.01967621
2023/5/21 4:18,100,22.11747742,100,22.12731552,100,22.05879784,100,22.12094879
2023/5/21 4:19,100,22.11747742,100,22.12731552,100,22.05879784,100,22.12094879
2023/5/21 4:20,100,22.11747742,100,22.12731552,100,22.05879784,100,22.12094879
2023/5/21 4:21,100,22.11747742,100,22.12731552,100,21.95752335,100,22.12094879
2023/5/21 4:22,100,22.11747742,100,22.12731552,100,21.95752335,100,22.12094879
2023/5/21 4:23,100,22.11747742,100,22.02604294,100,21.85625076,100,22.09201431
2023/5/21 4:24,100,22.11747742,100,22.02604294,100,21.85625076,100,22.01967621
2023/5/21 4:25,100,22.11747742,100,22.02604294,100,21.75497818,100,22.01967621
2023/5/21 4:26,100,22.21875,100,22.02604294,100,21.75497818,98.38905334,22.00520706
2023/5/21 4:27,100,22.21875,100,22.02604294,100,21.75497818,40.26011658,21.91840172
2023/5/21 4:28,100,22.11747742,100,22.02604294,100,21.75497818,0,21.91840172
2023/5/21 4:29,100,22.11747742,100,22.01157379,100,21.75497818,0,21.81712914
2023/5/21 4:30,100,22.11747742,100,21.92476845,100,21.65370369,0,21.81712914
2023/5/21 4:31,100,22.11747742,100,21.93923569,100,21.65370369,0,21.81712914
2023/5/21 4:32,100,22.11747742,100,21.92476845,100,21.75497818,0,21.81712914
2023/5/21 4:33,100,22.11747742,100,21.95370293,100,21.75497818,0,21.81712914
2023/5/21 4:34,100,22.11747742,100,22.02604294,100,21.75497818,0,21.81712914
2023/5/21 4:35,100,22.11747742,100,22.02604294,100,21.85625076,0,21.81712914
2023/5/21 4:36,100,22.11747742,100,22.12731552,100,21.95752335,0,21.81712914
2023/5/21 4:37,100,22.17534828,100,22.12731552,100,21.95752335,0,21.91840172
2023/5/21 4:38,100,22.11747742,100,22.12731552,100,21.95752335,0,21.91840172
2023/5/21 4:39,100,22.11747742,100,22.12731552,100,21.95752335,0,21.91840172
2023/5/21 4:40,100,22.11747742,100,22.12731552,100,21.95752335,2.271854401,22.01967621
2023/5/21 4:41,100,22.11747742,100,22.12731552,100,21.94305611,17.29278374,22.01967621
2023/5/21 4:42,100,22.21875,100,22.12731552,100,21.95752335,32.37381363,22.01967621
2023/5/21 4:43,100,22.21875,100,22.12731552,100,21.95752335,47.03227997,22.00520706
2023/5/21 4:44,100,22.21875,100,22.12731552,100,22.01539421,100,22.12094879
2023/5/21 4:45,100,22.11747742,100,22.2285881,100,21.95752335,100,22.12094879
2023/5/21 4:46,100,22.11747742,100,22.2285881,100,21.94305611,100,22.12094879
2023/5/21 4:47,100,22.21875,100,22.2285881,100,21.95752335,100,22.12094879
2023/5/21 4:48,100,22.17534828,100,22.2285881,100,21.95752335,100,22.03414345
2023/5/21 4:49,100,22.11747742,100,22.14178276,100,21.95752335,100,22.01967621
2023/5/21 4:50,100,22.11747742,100,22.21412086,100,21.94305611,100,22.01967621
2023/5/21 4:51,100,22.11747742,100,22.12731552,100,21.85625076,93.31835175,21.91840172
2023/5/21 4:52,100,22.11747742,100,22.12731552,100,21.94305611,32.97147369,21.91840172
2023/5/21 4:53,100,22.11747742,100,22.11284828,100,21.95752335,0,21.91840172
2023/5/21 4:54,100,22.11747742,100,22.2285881,100,21.95752335,0,21.81712914
2023/5/21 4:55,100,22.11747742,100,22.12731552,100,21.94305611,0,21.81712914
2023/5/21 4:56,100,22.11747742,100,22.12731552,100,21.95752335,0,21.81712914
2023/5/21 4:57,100,22.11747742,100,22.12731552,100,21.85625076,0,21.81712914
2023/5/21 4:58,100,22.01620293,100,22.12731552,100,21.91412163,0,21.81712914
2023/5/21 4:59,100,22.01620293,100,22.02604294,100,21.85625076,0,21.81712914
2023/5/21 5:00,100,22.01620293,100,22.02604294,100,21.95752335,0,21.81712914
2023/5/21 5:01,100,22.01620293,100,22.12731552,100,21.95752335,0,21.81712914
2023/5/21 5:02,100,22.01620293,100,22.12731552,100,21.95752335,0,21.81712914
2023/5/21 5:03,100,22.01620293,100,22.12731552,100,21.95752335,0,21.81712914
2023/5/21 5:04,100,22.01620293,100,22.12731552,100,21.95752335,0,21.91840172
2023/5/21 5:05,100,22.01620293,100,22.12731552,100,21.95752335,0,21.91840172
2023/5/21 5:06,100,22.01620293,100,22.12731552,100,21.95752335,0,21.91840172
2023/5/21 5:07,100,22.32002258,100,22.12731552,100,22.05879784,0,21.91840172
2023/5/21 5:08,100,22.11747742,100,22.12731552,100,22.05879784,6.013782024,22.01967621
2023/5/21 5:09,100,22.11747742,100,22.12731552,100,22.05879784,20.54218864,22.01967621
2023/5/21 5:10,100,22.11747742,100,22.2285881,100,22.05879784,35.55858612,22.01967621
2023/5/21 5:11,100,22.11747742,100,22.32986069,100,22.16007042,50.32530594,22.01967621
2023/5/21 5:12,100,22.11747742,100,22.32986069,100,22.16007042,65.71927643,22.01967621
2023/5/21 5:13,100,22.11747742,100,22.32986069,100,22.16007042,99.99053955,22.01967621
2023/5/21 5:14,100,22.11747742,100,22.2285881,100,22.16007042,100,22.12094879
2023/5/21 5:15,100,22.11747742,100,22.12731552,100,22.05879784,100,22.12094879
2023/5/21 5:16,100,22.11747742,100,22.12731552,100,22.05879784,100,22.00520706
2023/5/21 5:17,100,22.11747742,100,22.02604294,100,21.95752335,100,22.01967621
2023/5/21 5:18,100,22.11747742,100,22.12731552,100,21.95752335,100,22.01967621
2023/5/21 5:19,100,22.01620293,100,22.11284828,100,21.95752335,77.49785614,21.97627258
2023/5/21 5:20,100,22.11747742,100,22.2285881,100,22.05879784,22.86837769,21.91840172
2023/5/21 5:21,100,22.01620293,100,22.2285881,100,22.05879784,0,21.91840172
2023/5/21 5:22,100,22.01620293,100,22.12731552,100,22.05879784,0,21.91840172
2023/5/21 5:23,100,22.01620293,100,22.12731552,100,21.95752335,0,21.91840172
2023/5/21 5:24,100,22.11747742,100,22.12731552,100,21.95752335,0,21.91840172
2023/5/21 5:25,100,22.01620293,100,22.12731552,100,21.95752335,0,21.91840172
2023/5/21 5:26,100,22.11747742,100,22.2285881,100,21.98645782,0,21.91840172
2023/5/21 5:27,100,22.01620293,100,22.2285881,100,22.04432869,0,21.91840172
2023/5/21 5:28,100,22.11747742,100,22.12731552,100,22.05879784,0,21.91840172
2023/5/21 5:29,100,22.01620293,100,22.12731552,100,21.95752335,0,21.91840172
2023/5/21 5:30,100,22.01620293,100,22.2285881,100,22.05879784,0,21.91840172
2023/5/21 5:31,100,22.07407379,100,22.12731552,100,21.94305611,0,21.91840172
2023/5/21 5:32,100,22.11747742,100,22.2285881,100,22.05879784,0,21.91840172
2023/5/21 5:33,100,22.01620293,100,22.2285881,100,22.05879784,0,21.91840172
2023/5/21 5:34,100,22.01620293,100,22.12731552,100,22.05879784,0,21.91840172
2023/5/21 5:35,100,22.32002258,100,22.12731552,100,21.95752335,0,21.91840172
2023/5/21 5:36,100,22.01620293,100,22.11284828,100,22.04432869,0.153508022,22.01967621
2023/5/21 5:37,100,22.01620293,100,22.12731552,100,22.05879784,10.28236771,22.01967621
2023/5/21 5:38,100,22.01620293,100,22.12731552,100,22.05879784,24.61067772,22.01967621
2023/5/21 5:39,100,22.11747742,100,22.12731552,100,22.05879784,39.35029221,22.01967621
2023/5/21 5:40,100,22.01620293,100,22.2285881,100,22.16007042,54.48404312,22.01967621
2023/5/21 5:41,100,22.01620293,100,22.32986069,100,22.16007042,69.01997375,22.01967621
2023/5/21 5:42,100,22.11747742,100,22.2285881,100,22.16007042,83.79753876,22.01967621
2023/5/21 5:43,100,22.01620293,100,22.32986069,100,22.16007042,98.66403961,22.01967621
2023/5/21 5:44,100,22.11747742,100,22.32986069,100,22.16007042,100,22.01967621
2023/5/21 5:45,100,22.01620293,100,22.32986069,100,22.05879784,76.0511322,21.91840172
2023/5/21 5:46,100,22.01620293,100,22.32986069,100,22.16007042,11.62908554,21.91840172
2023/5/21 5:47,100,22.01620293,100,22.31539345,100,22.05879784,0,21.81712914
2023/5/21 5:48,100,22.01620293,100,22.2285881,100,22.05879784,0,21.81712914
2023/5/21 5:49,100,22.01620293,100,22.2285881,100,22.05879784,0,21.81712914
2023/5/21 5:50,100,22.01620293,100,22.2285881,100,22.05879784,0,21.81712914
2023/5/21 5:51,100,22.01620293,100,22.2285881,100,22.05879784,0,21.81712914
2023/5/21 5:52,100,22.11747742,100,22.2285881,100,22.05879784,0,21.81712914
2023/5/21 5:53,100,22.11747742,100,22.2285881,100,22.16007042,0,21.81712914
2023/5/21 5:54,100,22.01620293,100,22.2285881,100,22.16007042,0,21.81712914
2023/5/21 5:55,100,22.01620293,100,22.32986069,100,22.16007042,0,21.81712914
2023/5/21 5:56,100,22.01620293,100,22.32986069,100,22.16007042,0,21.81712914
2023/5/21 5:57,100,22.01620293,100,22.32986069,100,22.16007042,0,21.81712914
2023/5/21 5:58,100,22.01620293,100,22.32986069,100,22.16007042,0,21.81712914
2023/5/21 5:59,100,22.01620293,100,22.32986069,100,22.16007042,0,21.81712914
2023/5/21 6:00,100,22.01620293,100,22.32986069,100,22.16007042,0,21.81712914
2023/5/21 6:01,100,22.32002258,100,22.2285881,100,22.05879784,0,21.81712914
2023/5/21 6:02,100,22.01620293,100,22.12731552,100,22.05879784,0,21.81712914
2023/5/21 6:03,100,22.01620293,100,22.12731552,100,22.05879784,0,21.81712914
2023/5/21 6:04,100,22.01620293,100,22.12731552,100,22.14560318,0,21.81712914
2023/5/21 6:05,100,22.01620293,100,22.12731552,100,22.05879784,0,21.81712914
2023/5/21 6:06,100,22.11747742,100,22.2285881,100,22.05879784,0,21.81712914
2023/5/21 6:07,100,22.11747742,100,22.2285881,100,22.14560318,0,21.81712914
2023/5/21 6:08,100,22.01620293,100,22.2285881,100,22.16007042,0,21.81712914
2023/5/21 6:09,100,22.01620293,100,22.21412086,100,22.16007042,0,21.81712914
2023/5/21 6:10,100,22.11747742,100,22.32986069,100,22.16007042,0,21.81712914
2023/5/21 6:11,100,22.11747742,100,22.32986069,100,22.16007042,0,21.81712914
2023/5/21 6:12,100,22.11747742,100,22.32986069,100,22.14560318,0,21.81712914
2023/5/21 6:13,100,22.11747742,100,22.32986069,100,22.17453766,0,21.81712914
2023/5/21 6:14,100,22.11747742,100,22.32986069,100,22.261343,0,21.81712914
2023/5/21 6:15,100,22.11747742,100,22.43113518,100,22.261343,0,21.81712914
2023/5/21 6:16,100,22.11747742,100,22.43113518,100,22.261343,0,21.81712914
2023/5/21 6:17,100,22.11747742,100,22.43113518,100,22.261343,0,21.81712914
2023/5/21 6:18,100,22.11747742,100,22.43113518,100,22.24687576,0,21.81712914
2023/5/21 6:19,100,22.11747742,100,22.43113518,100,22.261343,0,21.91840172
2023/5/21 6:20,100,22.11747742,100,22.32986069,100,22.261343,0,21.91840172
2023/5/21 6:21,100,22.10301018,100,22.32986069,100,22.16007042,0,21.91840172
2023/5/21 6:22,100,22.21875,100,22.32986069,100,22.24687576,0,21.91840172
2023/5/21 6:23,100,22.21875,100,22.41666794,100,22.24687576,0,21.91840172
2023/5/21 6:24,100,22.21875,100,22.43113518,100,22.36261559,0,21.91840172
2023/5/21 6:25,100,22.21875,100,22.53240776,100,22.36261559,0,21.91840172
2023/5/21 6:26,100,22.10301018,100,22.53240776,100,22.36261559,0,21.91840172
2023/5/21 6:27,100,22.11747742,100,22.53240776,100,22.36261559,0,21.91840172
2023/5/21 6:28,100,22.11747742,100,22.53240776,100,22.36261559,0,21.91840172
2023/5/21 6:29,100,22.11747742,100,22.51794052,100,22.34814835,0,21.91840172
2023/5/21 6:30,100,22.11747742,100,22.43113518,100,22.261343,0,21.91840172
2023/5/21 6:31,100,22.11747742,100,22.43113518,100,22.261343,0,21.91840172
2023/5/21 6:32,100,22.11747742,100,22.43113518,100,22.24687576,0,21.91840172
2023/5/21 6:33,100,22.11747742,100,22.43113518,100,22.261343,0,21.91840172
2023/5/21 6:34,100,22.11747742,100,22.32986069,100,22.14560318,0,21.91840172
2023/5/21 6:35,100,22.11747742,100,22.32986069,100,22.16007042,0,21.91840172
2023/5/21 6:36,100,22.11747742,100,22.32986069,100,22.1890049,0,21.91840172
2023/5/21 6:37,100,22.11747742,100,22.32986069,100,22.261343,0,21.81712914
2023/5/21 6:38,100,22.11747742,100,22.32986069,100,22.16007042,0,21.875
2023/5/21 6:39,100,22.11747742,100,22.43113518,100,22.24687576,0,21.81712914
2023/5/21 6:40,100,22.11747742,100,22.43113518,100,22.261343,0,21.91840172
2023/5/21 6:41,100,22.11747742,100,22.43113518,100,22.36261559,0,21.90393448
2023/5/21 6:42,100,22.11747742,100,22.43113518,100,22.36261559,0,21.91840172
2023/5/21 6:43,100,22.11747742,100,22.43113518,100,22.34814835,0,21.91840172
2023/5/21 6:44,100,22.11747742,100,22.43113518,100,22.36261559,0,21.90393448
2023/5/21 6:45,100,22.11747742,100,22.53240776,100,22.36261559,0,21.91840172
2023/5/21 6:46,100,22.11747742,100,22.51794052,100,22.36261559,0,21.91840172
2023/5/21 6:47,100,22.11747742,100,22.43113518,100,22.36261559,0,21.91840172
2023/5/21 6:48,100,22.11747742,100,22.35879707,100,22.261343,0,21.91840172
2023/5/21 6:49,100,22.11747742,100,22.32986069,100,22.261343,0,21.91840172
2023/5/21 6:50,100,22.11747742,100,22.43113518,100,22.24687576,0,21.91840172
2023/5/21 6:51,100,22.11747742,100,22.43113518,100,22.36261559,0,21.91840172
2023/5/21 6:52,100,22.11747742,100,22.50347328,100,22.36261559,0,21.91840172
2023/5/21 6:53,100,22.21875,100,22.43113518,100,22.36261559,0,21.91840172
2023/5/21 6:54,100,22.11747742,100,22.53240776,100,22.36261559,0,21.91840172
2023/5/21 6:55,100,22.11747742,100,22.53240776,100,22.43495369,0,21.91840172
2023/5/21 6:56,100,22.11747742,100,22.53240776,100,22.46389008,0,21.91840172
2023/5/21 6:57,100,22.11747742,100,22.51794052,100,22.34814835,0,21.91840172
2023/5/21 6:58,100,22.11747742,100,22.43113518,100,22.36261559,0,21.91840172
2023/5/21 6:59,100,22.11747742,100,22.43113518,100,22.36261559,0,21.91840172
2023/5/21 7:00,100,22.11747742,100,22.41666794,100,22.261343,0,21.91840172
2023/5/21 7:01,100,22.11747742,100,22.32986069,100,22.261343,0,21.91840172
2023/5/21 7:02,100,22.11747742,100,22.32986069,100,22.14560318,0,21.91840172
2023/5/21 7:03,100,22.11747742,100,22.32986069,100,22.261343,0,21.91840172
2023/5/21 7:04,100,22.11747742,100,22.32986069,100,22.261343,0,21.91840172
2023/5/21 7:05,100,22.11747742,100,22.40219879,100,22.36261559,0,21.90393448
2023/5/21 7:06,100,22.11747742,100,22.41666794,100,22.34814835,0,21.91840172
2023/5/21 7:07,100,22.21875,100,22.43113518,100,22.36261559,0,21.91840172
2023/5/21 7:08,100,22.21875,100,22.53240776,100,22.34814835,0,21.91840172
2023/5/21 7:09,100,22.18981552,100,22.53240776,100,22.46389008,0,21.91840172
2023/5/21 7:10,100,22.21875,100,22.53240776,100,22.44942284,0,21.91840172
2023/5/21 7:11,100,22.21875,100,22.53240776,100,22.34814835,0,21.91840172
2023/5/21 7:12,100,22.21875,100,22.53240776,100,22.36261559,0,21.91840172
2023/5/21 7:13,100,22.21875,100,22.53240776,100,22.36261559,8.503757477,22.01967621
2023/5/21 7:14,100,22.21875,100,22.53240776,100,22.46389008,23.09678841,22.01967621
2023/5/21 7:15,100,22.21875,100,22.53240776,100,22.46389008,38.26776505,22.01967621
2023/5/21 7:16,100,22.21875,100,22.53240776,100,22.44942284,52.90042114,22.01967621
2023/5/21 7:17,100,22.21875,100,22.43113518,100,22.34814835,67.57496643,22.01967621
2023/5/21 7:18,100,22.32002258,100,22.43113518,100,22.36261559,93.4560318,22.10648155
2023/5/21 7:19,100,22.21875,100,22.43113518,100,22.36261559,100,22.01967621
2023/5/21 7:20,100,22.21875,100,22.43113518,100,22.36261559,100,22.01967621
2023/5/21 7:21,100,22.21875,100,22.32986069,100,22.36261559,100,22.01967621
2023/5/21 7:22,100,22.11747742,100,22.32986069,100,22.36261559,100,22.01967621
2023/5/21 7:23,100,22.11747742,100,22.32986069,100,22.36261559,69.32700348,21.91840172
2023/5/21 7:24,100,22.11747742,100,22.32986069,100,22.261343,3.702238798,21.91840172
2023/5/21 7:25,100,22.11747742,100,22.32986069,100,22.36261559,0,21.875
2023/5/21 7:26,100,22.01620293,100,22.2285881,100,22.261343,0,21.81712914
2023/5/21 7:27,100,22.11747742,100,22.2285881,100,22.16007042,0,21.81712914
2023/5/21 7:28,100,22.11747742,100,22.2285881,100,22.16007042,0,21.81712914
2023/5/21 7:29,100,22.01620293,100,22.32986069,100,22.261343,0,21.81712914
2023/5/21 7:30,100,22.11747742,100,22.2285881,100,22.261343,0,21.81712914
2023/5/21 7:31,100,22.11747742,100,22.32986069,100,22.261343,0,21.81712914
2023/5/21 7:32,100,22.11747742,100,22.32986069,100,22.261343,0,21.81712914
2023/5/21 7:33,100,22.11747742,100,22.32986069,100,22.24687576,0,21.81712914
2023/5/21 7:34,100,22.11747742,100,22.32986069,100,22.261343,0,21.81712914
2023/5/21 7:35,100,22.11747742,100,22.32986069,100,22.261343,0,21.81712914
2023/5/21 7:36,100,22.21875,100,22.43113518,100,22.36261559,0,21.81712914
2023/5/21 7:37,100,22.21875,100,22.41666794,100,22.36261559,0,21.81712914
2023/5/21 7:38,100,22.21875,100,22.43113518,100,22.43495369,0,21.81712914
2023/5/21 7:39,100,22.11747742,100,22.43113518,100,22.36261559,0,21.81712914
2023/5/21 7:40,100,22.11747742,100,22.34432793,100,22.36261559,0,21.81712914
2023/5/21 7:41,100,22.21875,100,22.34432793,100,22.36261559,0,21.81712914
2023/5/21 7:42,100,22.11747742,100,22.41666794,100,22.36261559,0,21.83159828
2023/5/21 7:43,100,22.21875,100,22.43113518,100,22.36261559,0,21.91840172
2023/5/21 7:44,100,22.21875,100,22.43113518,100,22.44942284,0,21.91840172
2023/5/21 7:45,100,22.21875,100,22.43113518,100,22.46389008,0,21.91840172
2023/5/21 7:46,100,22.21875,100,22.43113518,100,22.46389008,0,21.91840172
2023/5/21 7:47,100,22.21875,100,22.53240776,100,22.44942284,0,21.91840172
2023/5/21 7:48,100,22.21875,100,22.53240776,100,22.46389008,0,21.91840172
2023/5/21 7:49,100,22.21875,100,22.51794052,100,22.46389008,0,21.91840172
2023/5/21 7:50,100,22.21875,100,22.43113518,100,22.46389008,0,21.91840172
2023/5/21 7:51,100,22.21875,100,22.43113518,100,22.46389008,0,21.91840172
2023/5/21 7:52,100,22.21875,100,22.43113518,100,22.36261559,0,21.91840172
2023/5/21 7:53,100,22.21875,100,22.41666794,100,22.44942284,0,21.91840172
2023/5/21 7:54,100,22.21875,100,22.43113518,100,22.36261559,0.582201004,22.01967621
2023/5/21 7:55,100,22.11747742,100,22.38773155,100,22.36261559,12.55225468,22.01967621
2023/5/21 7:56,100,22.11747742,100,22.41666794,100,22.36261559,27.45582199,22.01967621
2023/5/21 7:57,100,22.11747742,100,22.34432793,100,22.36261559,42.41476059,22.01967621
2023/5/21 7:58,100,22.11747742,100,22.32986069,100,22.36261559,56.89395905,22.01967621
2023/5/21 7:59,100,22.11747742,100,22.43113518,100,22.36261559,71.83030701,22.01967621
2023/5/21 8:00,100,22.11747742,100,22.43113518,100,22.36261559,86.84234619,22.01967621
2023/5/21 8:01,100,22.11747742,100,22.41666794,100,22.36261559,93.13907623,21.91840172
2023/5/21 8:02,100,22.11747742,100,22.43113518,100,22.36261559,31.52362442,21.90393448
2023/5/21 8:03,100,22.21875,100,22.43113518,100,22.36261559,0,21.91840172
2023/5/21 8:04,100,22.21875,100,22.32986069,100,22.36261559,0,21.81712914
2023/5/21 8:05,100,22.21875,100,22.32986069,100,22.36261559,0,21.81712914
2023/5/21 8:06,100,22.18981552,100,22.32986069,100,22.36261559,0,21.81712914
2023/5/21 8:07,100,22.11747742,100,22.32986069,100,22.261343,0,21.81712914
2023/5/21 8:08,100,22.21875,100,22.32986069,100,22.261343,0,21.81712914
2023/5/21 8:09,100,22.21875,100,22.32986069,100,22.30474663,0,21.81712914
2023/5/21 8:10,100,22.21875,100,22.32986069,100,22.36261559,0,21.81712914
2023/5/21 8:11,100,22.21875,100,22.32986069,100,22.42048645,0,21.81712914
2023/5/21 8:12,100,22.11747742,100,22.31539345,100,22.36261559,0,21.81712914
2023/5/21 8:13,100,22.11747742,100,22.32986069,100,22.36261559,0,21.81712914
2023/5/21 8:14,100,22.11747742,100,22.32986069,100,22.261343,0,21.81712914
2023/5/21 8:15,100,22.21875,100,22.32986069,100,22.36261559,0,21.81712914
2023/5/21 8:16,100,22.21875,100,22.32986069,100,22.36261559,0,21.81712914
2023/5/21 8:17,100,22.11747742,100,22.32986069,100,22.36261559,0,21.81712914
2023/5/21 8:18,100,22.11747742,100,22.43113518,100,22.36261559,0,21.81712914
2023/5/21 8:19,100,22.11747742,100,22.43113518,100,22.36261559,0,21.81712914
2023/5/21 8:20,100,22.11747742,100,22.41666794,100,22.36261559,0,21.81712914
2023/5/21 8:21,100,22.11747742,100,22.32986069,100,22.36261559,0,21.81712914
2023/5/21 8:22,100,22.11747742,100,22.31539345,100,22.36261559,0,21.81712914
2023/5/21 8:23,100,22.11747742,100,22.32986069,100,22.34814835,0,21.81712914
2023/5/21 8:24,100,22.11747742,100,22.41666794,100,22.36261559,0,21.81712914
2023/5/21 8:25,100,22.11747742,100,22.53240776,100,22.37708282,0,21.81712914
2023/5/21 8:26,100,22.11747742,100,22.53240776,100,22.46389008,0,21.81712914
2023/5/21 8:27,100,22.01620293,100,22.53240776,100,22.46389008,0,21.81712914
2023/5/21 8:28,100,22.01620293,100,22.53240776,100,22.36261559,0,21.81712914
2023/5/21 8:29,100,22.11747742,100,22.51794052,100,22.36261559,0,21.81712914
2023/5/21 8:30,100,22.01620293,100,22.43113518,100,22.36261559,0,21.91840172
2023/5/21 8:31,100,22.01620293,100,22.41666794,100,22.36261559,0,21.91840172
2023/5/21 8:32,100,22.11747742,100,22.43113518,100,22.36261559,0,21.91840172
2023/5/21 8:33,100,22.11747742,100,22.43113518,100,22.36261559,0,21.91840172
2023/5/21 8:34,100,22.01620293,100,22.43113518,100,22.36261559,0,21.91840172
2023/5/21 8:35,100,22.11747742,100,22.43113518,100,22.34814835,0,21.91840172
2023/5/21 8:36,100,22.11747742,100,22.43113518,100,22.36261559,0,21.91840172
2023/5/21 8:37,100,22.11747742,100,22.43113518,100,22.46389008,0.102891453,22.00520706
2023/5/21 8:38,100,22.21875,100,22.53240776,100,22.46389008,9.885938644,22.01967621
2023/5/21 8:39,100,22.11747742,100,22.53240776,100,22.46389008,24.50251198,22.01967621
2023/5/21 8:40,100,22.11747742,100,22.53240776,100,22.46389008,39.47982788,22.01967621
2023/5/21 8:41,100,22.11747742,100,22.43113518,100,22.44942284,54.38298035,22.01967621
2023/5/21 8:42,100,22.11747742,100,22.53240776,100,22.55069542,69.12818909,22.01967621
2023/5/21 8:43,100,22.21875,100,22.43113518,100,22.46389008,84.03990936,22.01967621
2023/5/21 8:44,100,22.11747742,100,22.43113518,100,22.36261559,98.83286285,22.01967621
2023/5/21 8:45,100,22.11747742,100,22.32986069,100,22.34814835,58.03424072,21.91840172
2023/5/21 8:46,100,22.01620293,100,22.32986069,100,22.261343,0,21.91840172
2023/5/21 8:47,100,22.01620293,100,22.32986069,100,22.36261559,0,21.81712914
2023/5/21 8:48,100,22.26215172,100,22.32986069,100,22.261343,0,21.81712914
2023/5/21 8:49,100,22.01620293,100,22.32986069,100,22.36261559,0,21.81712914
2023/5/21 8:50,100,22.01620293,100,22.32986069,100,22.36261559,0,21.81712914
2023/5/21 8:51,100,22.01620293,100,22.32986069,100,22.36261559,0,21.81712914
2023/5/21 8:52,100,22.01620293,100,22.32986069,100,22.34814835,0,21.81712914
2023/5/21 8:53,100,22.32002258,100,22.32986069,100,22.44942284,0,21.81712914
2023/5/21 8:54,100,22.11747742,100,22.43113518,100,22.36261559,0,21.81712914
2023/5/21 8:55,100,22.11747742,100,22.43113518,100,22.36261559,0,21.81712914
2023/5/21 8:56,100,22.11747742,100,22.43113518,100,22.46389008,0,21.81712914
2023/5/21 8:57,100,22.11747742,100,22.43113518,100,22.36261559,0,21.81712914
2023/5/21 8:58,100,22.21875,100,22.43113518,100,22.36261559,0,21.81712914
2023/5/21 8:59,100,22.11747742,100,22.43113518,100,22.36261559,0,21.81712914
2023/5/21 9:00,100,22.11747742,100,22.43113518,100,22.46389008,0,21.81712914
2023/5/21 9:01,100,22.11747742,100,22.43113518,100,22.46389008,0,21.81712914
2023/5/21 9:02,100,22.21875,100,22.43113518,100,22.46389008,0,21.91840172
2023/5/21 9:03,100,22.11747742,100,22.43113518,100,22.46389008,0,21.91840172
2023/5/21 9:04,100,22.21875,100,22.43113518,100,22.46389008,0,21.91840172
2023/5/21 9:05,100,22.11747742,100,22.43113518,100,22.46389008,0,21.91840172
2023/5/21 9:06,100,22.11747742,100,22.50347328,100,22.44942284,0,21.91840172
2023/5/21 9:07,100,22.11747742,100,22.43113518,100,22.46389008,0,21.91840172
2023/5/21 9:08,100,22.11747742,100,22.43113518,100,22.46389008,0,21.91840172
2023/5/21 9:09,100,22.11747742,100,22.32986069,100,22.36261559,0,21.91840172
2023/5/21 9:10,100,22.11747742,100,22.32986069,100,22.36261559,0,21.90393448
2023/5/21 9:11,100,22.11747742,100,22.32986069,100,22.261343,0,21.91840172
2023/5/21 9:12,100,22.21875,100,22.32986069,100,22.36261559,0,21.91840172
2023/5/21 9:13,100,22.21875,100,22.32986069,100,22.36261559,0,21.91840172
2023/5/21 9:14,100,22.21875,100,22.32986069,100,22.36261559,0,21.91840172
2023/5/21 9:15,100,22.21875,100,22.32986069,100,22.36261559,0,21.91840172
2023/5/21 9:16,100,22.21875,100,22.32986069,100,22.36261559,0,21.91840172
2023/5/21 9:17,100,22.18981552,100,22.43113518,100,22.36261559,0,21.91840172
2023/5/21 9:18,100,22.21875,100,22.43113518,100,22.43495369,0,21.91840172
2023/5/21 9:19,100,22.21875,100,22.43113518,100,22.36261559,0,21.91840172
2023/5/21 9:20,100,22.21875,100,22.43113518,100,22.46389008,0,21.91840172
2023/5/21 9:21,100,22.21875,100,22.43113518,100,22.46389008,0,21.91840172
2023/5/21 9:22,100,22.21875,100,22.43113518,100,22.46389008,0,21.91840172
2023/5/21 9:23,100,22.21875,100,22.41666794,100,22.46389008,0,21.91840172
2023/5/21 9:24,100,22.21875,100,22.53240776,100,22.46389008,0,21.91840172
2023/5/21 9:25,100,22.21875,100,22.53240776,100,22.56516266,0,21.97627258
2023/5/21 9:26,100,22.11747742,100,22.53240776,100,22.56516266,10.15733624,22.01967621
2023/5/21 9:27,100,22.18981552,100,22.53240776,100,22.56516266,24.97563934,22.01967621
2023/5/21 9:28,100,22.21875,100,22.53240776,100,22.56516266,39.66923904,22.01967621
2023/5/21 9:29,100,22.30555534,100,22.53240776,100,22.56516266,54.58786392,22.01967621
2023/5/21 9:30,100,22.24768448,100,22.63368034,100,22.66643524,81.1344986,22.12094879
2023/5/21 9:31,100,22.21875,100,22.63368034,100,22.56516266,100,22.12094879
2023/5/21 9:32,100,22.21875,100,22.63368034,100,22.56516266,100,22.03414345
2023/5/21 9:33,100,22.21875,100,22.53240776,100,22.44942284,100,22.01967621
2023/5/21 9:34,100,22.21875,100,22.53240776,100,22.46389008,100,22.01967621
2023/5/21 9:35,100,22.11747742,100,22.43113518,100,22.46389008,99.57104492,22.00520706
2023/5/21 9:36,100,22.11747742,100,22.32986069,100,22.46389008,67.28466797,21.91840172
2023/5/21 9:37,100,22.01620293,100,22.32986069,100,22.46389008,2.13120079,21.91840172
2023/5/21 9:38,100,22.11747742,100,22.32986069,100,22.46389008,0,21.81712914
2023/5/21 9:39,100,22.11747742,100,22.32986069,100,22.36261559,0,21.8026619
2023/5/21 9:40,100,22.11747742,100,22.32986069,100,22.36261559,0,21.81712914
2023/5/21 9:41,100,22.11747742,100,22.32986069,100,22.36261559,0,21.81712914
2023/5/21 9:42,100,22.11747742,100,22.32986069,100,22.36261559,0,21.81712914
2023/5/21 9:43,100,22.11747742,100,22.32986069,100,22.36261559,0,21.81712914
2023/5/21 9:44,100,22.11747742,100,22.32986069,100,22.36261559,0,21.81712914
2023/5/21 9:45,100,22.11747742,100,22.32986069,100,22.36261559,0,21.81712914
2023/5/21 9:46,100,22.11747742,100,22.32986069,100,22.36261559,0,21.81712914
2023/5/21 9:47,100,22.11747742,100,22.32986069,100,22.36261559,0,21.81712914
2023/5/21 9:48,100,22.11747742,100,22.32986069,100,22.36261559,0,21.90393448
2023/5/21 9:49,100,22.11747742,100,22.32986069,100,22.46389008,0,21.91840172
2023/5/21 9:50,100,22.11747742,100,22.32986069,100,22.55069542,0,21.91840172
2023/5/21 9:51,100,22.11747742,100,22.35879707,100,22.56516266,0,21.91840172
2023/5/21 9:52,100,22.11747742,100,22.43113518,100,22.66643524,9.526619911,22.00520706
2023/5/21 9:53,100,22.11747742,100,22.43113518,100,22.66643524,24.0063858,22.01967621
2023/5/21 9:54,100,22.11747742,100,22.43113518,100,22.56516266,41.99455261,22.06307793
2023/5/21 9:55,100,22.21875,100,22.41666794,100,22.56516266,100,22.12094879
2023/5/21 9:56,100,22.21875,100,22.43113518,100,22.56516266,100,22.10648155
2023/5/21 9:57,100,22.21875,100,22.50347328,100,22.56516266,100,22.12094879
2023/5/21 9:58,100,22.21875,100,22.43113518,100,22.66643524,100,22.12094879
2023/5/21 9:59,100,22.17534828,100,22.43113518,100,22.651968,100,22.01967621
2023/5/21 10:00,100,22.21875,100,22.43113518,100,22.56516266,98.9842453,21.91840172
2023/5/21 10:01,100,22.21875,100,22.32986069,100,22.44942284,32.59357452,21.91840172
2023/5/21 10:02,100,22.11747742,100,22.32986069,100,22.36261559,0,21.81712914
2023/5/21 10:03,100,22.13194466,100,22.2285881,100,22.261343,0,21.81712914
2023/5/21 10:04,100,22.11747742,100,22.2285881,100,22.261343,0,21.81712914
2023/5/21 10:05,100,22.11747742,100,22.32986069,100,22.261343,0,21.81712914
2023/5/21 10:06,100,22.20428276,100,22.32986069,100,22.261343,0,21.81712914
2023/5/21 10:07,100,22.11747742,100,22.32986069,100,22.261343,0,21.81712914
2023/5/21 10:08,100,22.11747742,100,22.32986069,100,22.261343,0,21.81712914
2023/5/21 10:09,100,22.11747742,100,22.32986069,100,22.261343,0,21.81712914
2023/5/21 10:10,100,22.11747742,100,22.43113518,100,22.36261559,0,21.81712914
2023/5/21 10:11,100,22.11747742,100,22.43113518,100,22.36261559,0,21.81712914
2023/5/21 10:12,100,22.11747742,100,22.43113518,100,22.36261559,0,21.81712914
2023/5/21 10:13,100,22.11747742,100,22.43113518,100,22.36261559,0,21.81712914
2023/5/21 10:14,100,22.11747742,100,22.43113518,100,22.36261559,0,21.81712914
2023/5/21 10:15,100,22.11747742,100,22.43113518,100,22.36261559,0,21.81712914
2023/5/21 10:16,100,22.21875,100,22.43113518,100,22.36261559,0,21.81712914
2023/5/21 10:17,100,22.21875,100,22.43113518,100,22.36261559,0,21.91840172
2023/5/21 10:18,100,22.21875,100,22.43113518,100,22.261343,0,21.91840172
2023/5/21 10:19,100,22.20428276,100,22.43113518,100,22.261343,0,21.91840172
2023/5/21 10:20,100,22.11747742,100,22.32986069,100,22.261343,0,21.91840172
2023/5/21 10:21,100,22.21875,100,22.32986069,100,22.34814835,0,21.91840172
2023/5/21 10:22,100,22.11747742,100,22.43113518,100,22.33368111,0,21.91840172
2023/5/21 10:23,100,22.21875,100,22.43113518,100,22.36261559,0,21.91840172
2023/5/21 10:24,100,22.21875,100,22.43113518,100,22.36261559,0.233305782,21.91840172
2023/5/21 10:25,100,22.21875,100,22.43113518,100,22.36261559,14.25322723,22.01967621
2023/5/21 10:26,100,22.21875,100,22.4745369,100,22.44942284,29.1380825,22.01967621
2023/5/21 10:27,100,22.21875,100,22.43113518,100,22.46389008,43.95700455,22.01967621
2023/5/21 10:28,100,22.21875,100,22.43113518,100,22.46389008,58.46347809,22.01967621
2023/5/21 10:29,100,22.21875,100,22.53240776,100,22.42048645,73.66586304,22.01967621
2023/5/21 10:30,100,22.21875,100,22.43113518,100,22.36261559,100,22.01967621
2023/5/21 10:31,100,22.11747742,100,22.43113518,100,22.36261559,100,22.01967621
2023/5/21 10:32,100,22.11747742,100,22.43113518,100,22.24687576,100,22.01967621
2023/5/21 10:33,100,22.01620293,100,22.32986069,100,22.261343,100,22.01967621
2023/5/21 10:34,100,22.01620293,100,22.32986069,100,22.261343,45.38162994,21.91840172
2023/5/21 10:35,100,22.05960655,100,22.31539345,100,22.16007042,0,21.91840172
2023/5/21 10:36,100,22.11747742,100,22.32986069,100,22.16007042,0,21.81712914
2023/5/21 10:37,100,22.11747742,100,22.32986069,100,22.23240852,0,21.81712914
2023/5/21 10:38,100,22.01620293,100,22.32986069,100,22.261343,0,21.81712914
2023/5/21 10:39,100,22.01620293,100,22.32986069,100,22.261343,0,21.81712914
2023/5/21 10:40,100,22.01620293,100,22.32986069,100,22.261343,0,21.81712914
2023/5/21 10:41,100,22.01620293,100,22.32986069,100,22.36261559,0,21.81712914
2023/5/21 10:42,100,22.01620293,100,22.32986069,100,22.34814835,0,21.81712914
2023/5/21 10:43,100,22.01620293,100,22.32986069,100,22.36261559,0,21.81712914
2023/5/21 10:44,100,22.01620293,100,22.31539345,100,22.24687576,0,21.81712914
2023/5/21 10:45,100,22.01620293,100,22.32986069,100,22.261343,0,21.81712914
2023/5/21 10:46,100,22.01620293,100,22.32986069,100,22.24687576,0,21.83159828
2023/5/21 10:47,100,22.01620293,100,22.32986069,100,22.261343,0,21.91840172
2023/5/21 10:48,100,22.01620293,100,22.32986069,100,22.24687576,0,21.91840172
2023/5/21 10:49,100,22.01620293,100,22.32986069,100,22.261343,0,21.91840172
2023/5/21 10:50,100,22.11747742,100,22.2285881,100,22.16007042,0,21.91840172
2023/5/21 10:51,100,22.11747742,100,22.2285881,100,22.16007042,9.862439156,22.01967621
2023/5/21 10:52,100,22.11747742,100,22.32986069,100,22.16007042,24.57668114,22.01967621
2023/5/21 10:53,100,22.11747742,100,22.32986069,100,22.1890049,39.39884186,22.01967621
2023/5/21 10:54,100,22.11747742,100,22.32986069,100,22.261343,54.20306396,22.01967621
2023/5/21 10:55,100,22.11747742,100,22.32986069,100,22.261343,68.86651611,22.01967621
2023/5/21 10:56,100,22.11747742,100,22.32986069,100,22.261343,83.47098541,22.01967621
2023/5/21 10:57,100,22.11747742,100,22.32986069,100,22.261343,98.31035614,22.01967621
2023/5/21 10:58,100,22.11747742,100,22.32986069,100,22.36261559,100,22.01967621
2023/5/21 10:59,100,22.11747742,100,22.32986069,100,22.24687576,100,22.01967621
2023/5/21 11:00,100,22.11747742,100,22.32986069,100,22.16007042,100,22.01967621
2023/5/21 11:01,100,22.01620293,100,22.31539345,100,22.16007042,58.57961655,21.90393448
2023/5/21 11:02,100,22.01620293,100,22.32986069,100,22.05879784,0,21.91840172
2023/5/21 11:03,100,22.01620293,100,22.32986069,100,22.16007042,0,21.83159828
2023/5/21 11:04,100,22.01620293,100,22.31539345,100,22.14560318,0,21.81712914
2023/5/21 11:05,100,22.32002258,100,22.2285881,100,22.16007042,0,21.81712914
2023/5/21 11:06,100,22.01620293,100,22.2285881,100,22.16007042,0,21.81712914
2023/5/21 11:07,100,22.11747742,100,22.2285881,100,22.16007042,0,21.81712914
2023/5/21 11:08,100,22.11747742,100,22.2285881,100,22.16007042,0,21.81712914
2023/5/21 11:09,100,22.01620293,100,22.32986069,100,22.16007042,0,21.81712914
2023/5/21 11:10,100,22.01620293,100,22.32986069,100,22.16007042,0,21.81712914
2023/5/21 11:11,100,22.11747742,100,22.32986069,100,22.16007042,0,21.81712914
2023/5/21 11:12,100,22.01620293,100,22.32986069,100,22.16007042,0,21.81712914
2023/5/21 11:13,100,22.01620293,100,22.32986069,100,22.16007042,0,21.81712914
2023/5/21 11:14,100,22.11747742,100,22.32986069,100,22.16007042,0,21.81712914
2023/5/21 11:15,100,22.11747742,100,22.32986069,100,22.261343,0,21.91840172
2023/5/21 11:16,100,22.11747742,100,22.32986069,100,22.261343,0,21.91840172
2023/5/21 11:17,100,22.11747742,100,22.2285881,100,22.16007042,0,21.91840172
2023/5/21 11:18,100,22.01620293,100,22.2285881,100,22.16007042,0,21.91840172
2023/5/21 11:19,100,22.04513931,100,22.2285881,100,22.14560318,0,21.91840172
2023/5/21 11:20,100,22.01620293,100,22.2285881,100,22.16007042,5.013586521,22.01967621
2023/5/21 11:21,100,22.03067207,100,22.2285881,100,22.16007042,19.69800568,22.01967621
2023/5/21 11:22,100,22.11747742,100,22.2285881,100,22.16007042,34.47792053,22.01967621
2023/5/21 11:23,100,22.11747742,100,22.2285881,100,22.261343,56.43948364,22.12094879
2023/5/21 11:24,100,22.01620293,100,22.32986069,100,22.16007042,100,22.12094879
2023/5/21 11:25,100,22.11747742,100,22.32986069,100,22.261343,100,22.12094879
2023/5/21 11:26,100,22.11747742,100,22.32986069,100,22.261343,100,22.10648155
2023/5/21 11:27,100,22.11747742,100,22.32986069,100,22.261343,100,22.12094879
2023/5/21 11:28,100,22.01620293,100,22.32986069,100,22.16007042,100,22.07754707
2023/5/21 11:29,100,22.01620293,100,22.2285881,100,22.05879784,100,22.01967621
2023/5/21 11:30,100,22.01620293,100,22.2285881,100,22.05879784,91.62103271,21.90393448
2023/5/21 11:31,100,22.03067207,100,22.2285881,100,22.05879784,26.64683151,21.91840172
2023/5/21 11:32,100,22.11747742,100,22.2285881,100,22.16007042,0,21.81712914
2023/5/21 11:33,100,22.01620293,100,22.32986069,100,22.16007042,0,21.81712914
2023/5/21 11:34,100,22.01620293,100,22.32986069,100,22.16007042,0,21.81712914
2023/5/21 11:35,100,22.01620293,100,22.2285881,100,22.05879784,0,21.81712914
2023/5/21 11:36,100,22.32002258,100,22.2285881,100,22.05879784,0,21.81712914
2023/5/21 11:37,100,22.01620293,100,22.12731552,100,22.05879784,0,21.81712914
2023/5/21 11:38,100,22.01620293,100,22.2285881,100,22.16007042,0,21.81712914
2023/5/21 11:39,100,22.01620293,100,22.31539345,100,22.16007042,0,21.81712914
2023/5/21 11:40,100,22.01620293,100,22.32986069,100,22.23240852,0,21.8026619
2023/5/21 11:41,100,22.01620293,100,22.32986069,100,22.16007042,0,21.81712914
2023/5/21 11:42,100,22.11747742,100,22.2285881,100,22.14560318,0,21.81712914
2023/5/21 11:43,100,22.11747742,100,22.21412086,100,22.16007042,0,21.91840172
2023/5/21 11:44,100,22.01620293,100,22.2285881,100,22.16007042,0,21.91840172
2023/5/21 11:45,100,22.11747742,100,22.2285881,100,22.16007042,3.780791759,22.01967621
2023/5/21 11:46,100,22.11747742,100,22.2285881,100,22.16007042,18.32100487,22.01967621
2023/5/21 11:47,100,22.11747742,100,22.2285881,100,22.16007042,53.16228867,22.12094879
2023/5/21 11:48,100,22.11747742,100,22.21412086,100,22.16007042,100,22.12094879
2023/5/21 11:49,100,22.11747742,100,22.2285881,100,22.05879784,100,22.12094879
2023/5/21 11:50,100,22.11747742,100,22.2285881,100,22.05879784,100,22.12094879
2023/5/21 11:51,100,22.11747742,100,22.12731552,100,21.95752335,100,22.12094879
2023/5/21 11:52,100,22.11747742,100,22.12731552,100,21.95752335,100,22.12094879
2023/5/21 11:53,100,22.11747742,100,22.12731552,100,21.95752335,100,22.12094879
2023/5/21 11:54,100,22.11747742,100,22.12731552,100,21.95752335,100,22.01967621
2023/5/21 11:55,100,22.11747742,100,22.12731552,100,21.95752335,100,22.01967621
2023/5/21 11:56,100,22.11747742,100,22.2285881,100,22.05879784,99.26465607,21.96180534
2023/5/21 11:57,100,22.01620293,100,22.2285881,100,22.05879784,33.77645111,21.91840172
2023/5/21 11:58,100,22.01620293,100,22.2285881,100,22.05879784,0,21.91840172
2023/5/21 11:59,100,22.11747742,100,22.2285881,100,22.05879784,0,21.81712914
2023/5/21 12:00,100,22.01620293,100,22.24305534,100,22.04432869,0,21.81712914
2023/5/21 12:01,100,22.01620293,100,22.32986069,100,22.16007042,0,21.8026619
2023/5/21 12:02,100,22.11747742,100,22.32986069,100,22.16007042,0,21.8026619
2023/5/21 12:03,100,22.01620293,100,22.32986069,100,22.16007042,0,21.81712914
2023/5/21 12:04,100,22.03067207,100,22.32986069,100,22.05879784,0,21.81712914
2023/5/21 12:05,100,22.32002258,100,22.2285881,100,22.05879784,0,21.81712914
2023/5/21 12:06,100,22.32002258,100,22.12731552,100,21.94305611,0,21.81712914
2023/5/21 12:07,100,22.32002258,100,22.12731552,100,22.00092697,0,21.81712914
2023/5/21 12:08,100,22.32002258,100,22.2285881,100,21.95752335,0,21.81712914
2023/5/21 12:09,100,22.32002258,100,22.2285881,100,22.05879784,0,21.81712914
2023/5/21 12:10,100,22.32002258,100,22.2285881,100,22.14560318,0,21.91840172
2023/5/21 12:11,100,22.01620293,100,22.2285881,100,22.16007042,0,21.91840172
2023/5/21 12:12,100,22.11747742,100,22.2285881,100,22.20347404,0,21.91840172
2023/5/21 12:13,100,22.10301018,100,22.2285881,100,22.17453766,5.80354166,22.01967621
2023/5/21 12:14,100,22.11747742,100,22.32986069,100,22.16007042,20.08568764,22.01967621
2023/5/21 12:15,100,22.11747742,100,22.32986069,100,22.16007042,81.73111725,22.12094879
2023/5/21 12:16,100,22.11747742,100,22.32986069,100,22.14560318,100,22.10648155
2023/5/21 12:17,100,22.11747742,100,22.2285881,100,22.05879784,100,22.12094879
2023/5/21 12:18,100,22.01620293,100,22.2285881,100,21.95752335,100,22.12094879
2023/5/21 12:19,100,22.01620293,100,22.12731552,100,21.95752335,100,22.12094879
2023/5/21 12:20,100,22.05960655,100,22.12731552,100,21.95752335,100,22.01967621
2023/5/21 12:21,100,22.32002258,100,22.12731552,100,21.95752335,100,22.01967621
2023/5/21 12:22,100,22.11747742,100,22.2285881,100,21.95752335,100,22.01967621
2023/5/21 12:23,100,22.11747742,100,22.2285881,100,21.95752335,60.62577057,21.91840172
2023/5/21 12:24,100,22.01620293,100,22.2285881,100,22.05879784,0,21.91840172
2023/5/21 12:25,100,22.01620293,100,22.2285881,100,22.05879784,0,21.91840172
2023/5/21 12:26,100,22.11747742,100,22.32986069,100,22.05879784,0,21.81712914
2023/5/21 12:27,100,22.11747742,100,22.32986069,100,22.16007042,0,21.81712914
2023/5/21 12:28,100,22.11747742,100,22.32986069,100,22.16007042,0,21.81712914
2023/5/21 12:29,100,22.11747742,100,22.32986069,100,22.16007042,0,21.81712914
2023/5/21 12:30,100,22.11747742,100,22.32986069,100,22.16007042,0,21.81712914
2023/5/21 12:31,100,22.11747742,100,22.32986069,100,22.261343,0,21.81712914
2023/5/21 12:32,100,22.11747742,100,22.31539345,100,22.261343,0,21.81712914
2023/5/21 12:33,100,22.11747742,100,22.2285881,100,22.16007042,0,21.81712914
2023/5/21 12:34,100,22.11747742,100,22.31539345,100,22.16007042,0,21.81712914
2023/5/21 12:35,100,22.01620293,100,22.32986069,100,22.16007042,0,21.81712914
2023/5/21 12:36,100,22.01620293,100,22.2285881,100,22.16007042,0,21.91840172
2023/5/21 12:37,100,22.01620293,100,22.2285881,100,22.05879784,0,21.91840172
2023/5/21 12:38,100,22.01620293,100,22.2285881,100,22.05879784,0,21.91840172
2023/5/21 12:39,100,22.11747742,100,22.2285881,100,22.05879784,6.453709126,22.01967621
2023/5/21 12:40,100,22.11747742,100,22.2285881,100,22.1166687,21.23231316,22.01967621
2023/5/21 12:41,100,22.11747742,100,22.21412086,100,22.16007042,40.33702087,22.07754707
2023/5/21 12:42,100,22.01620293,100,22.2285881,100,22.16007042,100,22.12094879
2023/5/21 12:43,100,22.10301018,100,22.2285881,100,22.16007042,100,22.12094879
2023/5/21 12:44,100,22.11747742,100,22.2285881,100,22.05879784,100,22.10648155
2023/5/21 12:45,100,22.11747742,100,22.2285881,100,22.05879784,100,22.12094879
2023/5/21 12:46,100,22.11747742,100,22.12731552,100,21.95752335,100,22.12094879
2023/5/21 12:47,100,22.11747742,100,22.12731552,100,21.95752335,100,22.12094879
2023/5/21 12:48,100,22.07407379,100,22.12731552,100,21.95752335,100,22.10648155
2023/5/21 12:49,100,22.11747742,100,22.12731552,100,21.95752335,100,22.09201431
2023/5/21 12:50,100,22.01620293,100,22.12731552,100,22.05879784,100,22.01967621
2023/5/21 12:51,100,22.11747742,100,22.12731552,100,22.05879784,95.23278809,21.91840172
2023/5/21 12:52,100,22.01620293,100,22.12731552,100,22.04432869,29.74259567,21.91840172
2023/5/21 12:53,100,22.01620293,100,22.12731552,100,21.95752335,0,21.91840172
2023/5/21 12:54,100,22.32002258,100,22.12731552,100,22.05879784,0,21.81712914
2023/5/21 12:55,100,22.32002258,100,22.2285881,100,22.05879784,0,21.81712914
2023/5/21 12:56,100,22.32002258,100,22.12731552,100,22.05879784,0,21.81712914
2023/5/21 12:57,100,22.32002258,100,22.12731552,100,22.05879784,0,21.81712914
2023/5/21 12:58,100,22.32002258,100,22.12731552,100,21.95752335,0,21.81712914
2023/5/21 12:59,100,22.01620293,100,22.12731552,100,21.98645782,0,21.81712914
2023/5/21 13:00,100,22.01620293,100,22.12731552,100,22.00092697,0,21.81712914
2023/5/21 13:01,100,22.01620293,100,22.12731552,100,21.95752335,0,21.875
2023/5/21 13:02,100,22.01620293,100,22.12731552,100,21.95752335,0,21.91840172
2023/5/21 13:03,100,22.32002258,100,22.02604294,100,21.95752335,0,21.91840172
2023/5/21 13:04,100,22.01620293,100,22.02604294,100,21.95752335,0,21.91840172
2023/5/21 13:05,100,22.32002258,100,22.02604294,100,21.95752335,1.305755138,22.01967621
2023/5/21 13:06,100,22.32002258,100,22.02604294,100,21.88518524,16.74480438,22.01967621
2023/5/21 13:07,100,22.32002258,100,22.02604294,100,21.95752335,31.27147484,22.01967621
2023/5/21 13:08,100,22.01620293,100,22.12731552,100,22.05879784,48.05257034,22.01967621
2023/5/21 13:09,100,22.32002258,100,22.12731552,100,22.05879784,100,22.12094879
2023/5/21 13:10,100,22.01620293,100,22.2285881,100,22.05879784,100,22.12094879
2023/5/21 13:11,100,22.01620293,100,22.12731552,100,22.05879784,100,22.12094879
2023/5/21 13:12,100,22.01620293,100,22.02604294,100,21.95752335,100,22.12094879
2023/5/21 13:13,100,22.01620293,100,22.12731552,100,21.95752335,100,22.12094879
2023/5/21 13:14,100,22.32002258,100,22.12731552,100,22.05879784,100,22.12094879
2023/5/21 13:15,100,22.32002258,100,22.2285881,100,22.05879784,100,22.04861069
2023/5/21 13:16,100,22.32002258,100,22.12731552,100,22.05879784,100,22.01967621
2023/5/21 13:17,100,22.32002258,100,22.12731552,100,21.95752335,88.0437088,21.91840172
2023/5/21 13:18,100,22.32002258,100,22.12731552,100,21.95752335,24.1182785,21.91840172
2023/5/21 13:19,100,22.32002258,100,22.02604294,100,21.85625076,0,21.91840172
2023/5/21 13:20,100,22.30555534,100,22.02604294,100,21.85625076,0,21.81712914
2023/5/21 13:21,100,22.21875,100,22.02604294,100,21.85625076,0,21.81712914
2023/5/21 13:22,100,22.21875,100,22.02604294,100,21.85625076,0,21.81712914
2023/5/21 13:23,100,22.21875,100,22.02604294,100,21.85625076,0,21.81712914
2023/5/21 13:24,100,22.21875,100,22.02604294,100,21.85625076,0,21.81712914
2023/5/21 13:25,100,22.20428276,100,22.02604294,100,21.95752335,0,21.81712914
2023/5/21 13:26,100,22.32002258,100,22.12731552,100,21.95752335,0,21.91840172
2023/5/21 13:27,100,22.32002258,100,22.12731552,100,21.95752335,0,21.91840172
2023/5/21 13:28,100,22.01620293,100,22.12731552,100,22.05879784,0,21.91840172
2023/5/21 13:29,100,22.01620293,100,22.12731552,100,22.05879784,0,21.91840172
2023/5/21 13:30,100,22.01620293,100,22.12731552,100,22.05879784,9.713263512,22.01967621
2023/5/21 13:31,100,22.32002258,100,22.21412086,100,22.05879784,24.36427116,22.01967621
2023/5/21 13:32,100,22.01620293,100,22.2285881,100,22.16007042,39.02508926,22.01967621
2023/5/21 13:33,100,22.32002258,100,22.32986069,100,22.16007042,61.22444916,22.01967621
2023/5/21 13:34,100,22.32002258,100,22.32986069,100,22.16007042,100,22.12094879
2023/5/21 13:35,100,22.32002258,100,22.2285881,100,22.05879784,100,22.12094879
2023/5/21 13:36,100,22.32002258,100,22.21412086,100,22.05879784,100,22.00520706
2023/5/21 13:37,100,22.32002258,100,22.2285881,100,22.05879784,100,22.01967621
2023/5/21 13:38,100,22.32002258,100,22.2285881,100,22.05879784,100,22.01967621
2023/5/21 13:39,100,22.32002258,100,22.2285881,100,22.05879784,100,22.01967621
2023/5/21 13:40,100,22.32002258,100,22.2285881,100,22.05879784,76.78134155,21.91840172
2023/5/21 13:41,100,22.32002258,100,22.2285881,100,22.05879784,11.08393097,21.91840172
2023/5/21 13:42,100,22.32002258,100,22.2285881,100,22.05879784,0,21.81712914
2023/5/21 13:43,100,22.32002258,100,22.2285881,100,22.05879784,0,21.81712914
2023/5/21 13:44,100,22.32002258,100,22.11284828,100,22.02986145,0,21.81712914
2023/5/21 13:45,100,22.32002258,100,22.12731552,100,21.95752335,0,21.81712914
2023/5/21 13:46,100,22.32002258,100,22.12731552,100,21.95752335,0,21.81712914
2023/5/21 13:47,100,22.32002258,100,22.12731552,100,21.95752335,0,21.81712914
2023/5/21 13:48,100,22.32002258,100,22.12731552,100,22.05879784,0,21.81712914
2023/5/21 13:49,100,22.32002258,100,22.2285881,100,22.16007042,0,21.81712914
2023/5/21 13:50,100,22.03067207,100,22.2285881,100,22.16007042,0,21.81712914
2023/5/21 13:51,100,22.05960655,100,22.12731552,100,22.05879784,0,21.91840172
2023/5/21 13:52,100,22.1464119,100,22.12731552,100,22.04432869,0,21.91840172
2023/5/21 13:53,100,22.30555534,100,22.12731552,100,22.05879784,0,21.91840172
2023/5/21 13:54,100,22.32002258,100,22.2285881,100,22.05879784,0,21.90393448
2023/5/21 13:55,100,22.32002258,100,22.2285881,100,22.05879784,0,21.91840172
2023/5/21 13:56,100,22.32002258,100,22.2285881,100,22.05879784,0,21.91840172
2023/5/21 13:57,100,22.01620293,100,22.2285881,100,22.05879784,0,21.91840172
2023/5/21 13:58,100,22.32002258,100,22.2285881,100,22.05879784,0,21.91840172
2023/5/21 13:59,100,22.30555534,100,22.2285881,100,22.05879784,0,21.91840172
2023/5/21 14:00,100,22.32002258,100,22.2285881,100,22.16007042,0,21.91840172
2023/5/21 14:01,100,22.32002258,100,22.2285881,100,22.16007042,0,21.91840172
2023/5/21 14:02,100,22.27662086,100,22.2285881,100,22.16007042,0,21.93287086
2023/5/21 14:03,100,22.32002258,100,22.32986069,100,22.16007042,7.995393753,22.01967621
2023/5/21 14:04,100,22.32002258,100,22.32986069,100,22.16007042,22.60870934,22.01967621
2023/5/21 14:05,100,22.32002258,100,22.32986069,100,22.16007042,37.32365417,22.01967621
2023/5/21 14:06,100,22.32002258,100,22.32986069,100,22.16007042,61.49859238,22.00520706
2023/5/21 14:07,100,22.27662086,100,22.32986069,100,22.261343,100,22.12094879
2023/5/21 14:08,100,22.21875,100,22.32986069,100,22.16007042,100,22.10648155
2023/5/21 14:09,100,22.21875,100,22.2285881,100,22.16007042,100,22.12094879
2023/5/21 14:10,100,22.11747742,100,22.2285881,100,22.05879784,100,22.12094879
2023/5/21 14:11,100,22.11747742,100,22.2285881,100,22.04432869,100,22.12094879
2023/5/21 14:12,100,22.11747742,100,22.12731552,100,21.95752335,100,22.01967621
2023/5/21 14:13,100,22.11747742,100,22.12731552,100,21.94305611,100,22.01967621
2023/5/21 14:14,100,22.10301018,100,22.12731552,100,21.95752335,53.22871399,21.91840172
2023/5/21 14:15,100,22.11747742,100,22.02604294,100,21.95752335,0,21.91840172
2023/5/21 14:16,100,22.11747742,100,22.02604294,100,21.85625076,0,21.81712914
2023/5/21 14:17,100,22.11747742,100,22.12731552,100,21.95752335,0,21.81712914
2023/5/21 14:18,100,22.21875,100,22.12731552,100,21.95752335,0,21.875
2023/5/21 14:19,100,22.21875,100,22.18518448,100,22.05879784,0,21.81712914
2023/5/21 14:20,100,22.11747742,100,22.2285881,100,22.04432869,0,21.81712914
2023/5/21 14:21,100,22.11747742,100,22.2285881,100,22.05879784,0,21.91840172
2023/5/21 14:22,100,22.21875,100,22.2285881,100,22.05879784,0,21.91840172
2023/5/21 14:23,100,22.21875,100,22.32986069,100,22.16007042,0,21.91840172
2023/5/21 14:24,100,22.21875,100,22.43113518,100,22.20347404,0,21.91840172
2023/5/21 14:25,100,22.11747742,100,22.43113518,100,22.261343,0,21.91840172
2023/5/21 14:26,100,22.11747742,100,22.32986069,100,22.261343,0,21.91840172
2023/5/21 14:27,100,22.10301018,100,22.32986069,100,22.16007042,0,21.91840172
2023/5/21 14:28,100,22.11747742,100,22.2285881,100,22.16007042,0,21.91840172
2023/5/21 14:29,100,22.11747742,100,22.2285881,100,22.10219955,1.101191998,22.01967621
2023/5/21 14:30,100,22.11747742,100,22.12731552,100,22.05879784,15.60521698,22.01967621
2023/5/21 14:31,100,22.11747742,100,22.12731552,100,22.05879784,30.29199028,22.01967621
2023/5/21 14:32,100,22.11747742,100,22.12731552,100,22.05879784,45.19645309,22.01967621
2023/5/21 14:33,100,22.01620293,100,22.12731552,100,22.04432869,64.75230408,22.12094879
2023/5/21 14:34,100,22.11747742,100,22.12731552,100,22.05879784,100,22.12094879
2023/5/21 14:35,100,22.11747742,100,22.21412086,100,22.16007042,100,22.12094879
2023/5/21 14:36,100,22.11747742,100,22.2285881,100,22.05879784,100,22.12094879
2023/5/21 14:37,100,22.21875,100,22.12731552,100,22.05879784,100,22.12094879
2023/5/21 14:38,100,22.11747742,100,22.12731552,100,21.94305611,100,22.12094879
2023/5/21 14:39,100,22.11747742,100,22.12731552,100,22.02986145,100,22.10648155
2023/5/21 14:40,100,22.11747742,100,22.12731552,100,21.95752335,100,22.01967621
2023/5/21 14:41,100,22.11747742,100,22.02604294,100,21.85625076,100,22.01967621
2023/5/21 14:42,100,22.01620293,100,22.02604294,100,21.85625076,100,22.01967621
2023/5/21 14:43,100,22.01620293,100,21.92476845,100,21.75497818,38.28466797,21.91840172
2023/5/21 14:44,100,21.91493034,100,21.92476845,100,21.75497818,0,21.81712914
2023/5/21 14:45,100,21.91493034,100,21.92476845,100,21.7260437,0,21.81712914
2023/5/21 14:46,100,21.828125,100,21.92476845,100,21.75497818,0,21.81712914
2023/5/21 14:47,100,21.828125,100,21.92476845,100,21.75497818,0,21.81712914
2023/5/21 14:48,100,21.91493034,100,21.92476845,100,21.75497818,0,21.81712914
2023/5/21 14:49,100,21.91493034,100,22.02604294,100,21.85625076,0,21.81712914
2023/5/21 14:50,100,21.91493034,100,22.12731552,100,21.94305611,0,21.81712914
2023/5/21 14:51,100,21.91493034,100,22.12731552,100,21.95752335,0,21.81712914
2023/5/21 14:52,100,21.91493034,100,22.2285881,100,21.95752335,0,21.84606552
2023/5/21 14:53,100,21.91493034,100,22.2285881,100,21.95752335,0,21.91840172
2023/5/21 14:54,100,21.828125,100,22.2285881,100,22.05879784,0,21.91840172
2023/5/21 14:55,100,21.828125,100,22.2285881,100,22.05879784,0,21.91840172
2023/5/21 14:56,100,21.91493034,100,22.32986069,100,22.16007042,0,21.91840172
2023/5/21 14:57,100,21.91493034,100,22.2285881,100,22.05879784,11.52796268,22.01967621
2023/5/21 14:58,100,21.91493034,100,22.2285881,100,22.16007042,26.41475677,22.01967621
2023/5/21 14:59,100,21.91493034,100,22.2285881,100,22.05879784,41.29043961,22.01967621
2023/5/21 15:00,100,21.81365776,100,22.2285881,100,22.05879784,55.73587036,22.01967621
2023/5/21 15:01,100,21.828125,100,22.2285881,100,22.05879784,70.77446747,22.01967621
2023/5/21 15:02,100,21.79919052,100,22.12731552,100,22.05879784,91.43461609,22.06307793
2023/5/21 15:03,100,21.72685242,100,22.12731552,100,22.05879784,100,22.12094879
2023/5/21 15:04,100,21.828125,100,22.12731552,100,21.95752335,100,22.01967621
2023/5/21 15:05,100,21.92939758,100,22.12731552,100,21.95752335,100,22.01967621
2023/5/21 15:06,100,21.91493034,100,22.12731552,100,22.05879784,100,22.01967621
2023/5/21 15:07,100,21.91493034,100,22.12731552,100,21.95752335,100,22.01967621
2023/5/21 15:08,100,21.92939758,100,22.12731552,100,22.05879784,100,22.01967621
2023/5/21 15:09,100,21.91493034,100,22.12731552,100,21.95752335,95.77002716,21.99073982
2023/5/21 15:10,100,21.91493034,100,22.12731552,100,21.95752335,42.08203125,21.91840172
2023/5/21 15:11,100,21.91493034,100,22.12731552,100,21.95752335,0,21.91840172
2023/5/21 15:12,100,21.92939758,100,22.12731552,100,21.95752335,0,21.81712914
2023/5/21 15:13,100,21.91493034,100,22.12731552,100,21.85625076,0,21.81712914
2023/5/21 15:14,100,21.91493034,100,22.02604294,100,21.85625076,0,21.81712914
2023/5/21 15:15,100,21.91493034,100,22.12731552,100,21.85625076,0,21.81712914
2023/5/21 15:16,100,21.92939758,100,22.12731552,100,21.95752335,0,21.81712914
2023/5/21 15:17,100,21.91493034,100,22.12731552,100,21.95752335,0,21.81712914
2023/5/21 15:18,100,21.91493034,100,22.12731552,100,22.05879784,0,21.81712914
2023/5/21 15:19,100,21.91493034,100,22.12731552,100,22.04432869,0,21.81712914
2023/5/21 15:20,100,21.91493034,100,22.12731552,100,22.16007042,0,21.81712914
2023/5/21 15:21,100,21.91493034,100,22.2285881,100,22.16007042,0,21.81712914
2023/5/21 15:22,100,21.92939758,100,22.2285881,100,22.261343,0,21.91840172
2023/5/21 15:23,100,21.91493034,100,22.32986069,100,22.261343,0,21.91840172
2023/5/21 15:24,100,21.91493034,100,22.32986069,100,22.261343,0,21.91840172
2023/5/21 15:25,100,21.91493034,100,22.43113518,100,22.261343,2.182177782,22.01967621
2023/5/21 15:26,100,21.91493034,100,22.34432793,100,22.261343,16.0979023,22.01967621
2023/5/21 15:27,100,21.91493034,100,22.32986069,100,22.261343,30.60428047,22.01967621
2023/5/21 15:28,100,21.91493034,100,22.32986069,100,22.16007042,44.91644287,22.01967621
2023/5/21 15:29,100,21.91493034,100,22.32986069,100,22.16007042,59.9625473,22.01967621
2023/5/21 15:30,100,21.91493034,100,22.32986069,100,22.17453766,74.49944305,22.01967621
2023/5/21 15:31,100,22.01620293,100,22.2285881,100,22.05879784,89.25445557,22.01967621
2023/5/21 15:32,100,22.01620293,100,22.2285881,100,22.05879784,100,22.01967621
2023/5/21 15:33,100,21.92939758,100,22.2285881,100,21.95752335,100,22.00520706
2023/5/21 15:34,100,21.91493034,100,22.2285881,100,22.05879784,100,22.01967621
2023/5/21 15:35,100,21.92939758,100,22.2285881,100,22.04432869,98.55078125,21.91840172
2023/5/21 15:36,100,22.01620293,100,22.32986069,100,22.05879784,38.83734894,21.91840172
2023/5/21 15:37,100,22.01620293,100,22.2285881,100,22.05879784,0,21.91840172
2023/5/21 15:38,100,22.01620293,100,22.12731552,100,21.94305611,0,21.875
2023/5/21 15:39,100,22.01620293,100,22.2285881,100,22.02986145,0,21.83159828
2023/5/21 15:40,100,22.01620293,100,22.2285881,100,22.05879784,0,21.81712914
2023/5/21 15:41,100,22.01620293,100,22.2285881,100,22.05879784,0,21.81712914
2023/5/21 15:42,100,22.01620293,100,22.2285881,100,22.05879784,0,21.81712914
2023/5/21 15:43,100,22.01620293,100,22.2285881,100,21.98645782,0,21.81712914
2023/5/21 15:44,100,22.01620293,100,22.2285881,100,21.95752335,0,21.81712914
2023/5/21 15:45,100,22.01620293,100,22.2285881,100,22.01539421,0,21.81712914
2023/5/21 15:46,100,22.01620293,100,22.2285881,100,22.04432869,0,21.81712914
2023/5/21 15:47,100,22.01620293,100,22.2285881,100,21.95752335,0,21.81712914
2023/5/21 15:48,100,22.11747742,100,22.2285881,100,22.05879784,0,21.81712914
2023/5/21 15:49,100,22.01620293,100,22.32986069,100,22.05879784,0,21.81712914
2023/5/21 15:50,100,22.11747742,100,22.32986069,100,22.16007042,0,21.91840172
2023/5/21 15:51,100,22.11747742,100,22.32986069,100,22.16007042,0,21.91840172
2023/5/21 15:52,100,22.11747742,100,22.43113518,100,22.261343,0,21.91840172
2023/5/21 15:53,100,22.11747742,100,22.43113518,100,22.261343,5.704034805,22.01967621
2023/5/21 15:54,100,22.11747742,100,22.43113518,100,22.261343,20.33704376,22.01967621
2023/5/21 15:55,100,22.11747742,100,22.43113518,100,22.261343,35.03519821,22.01967621
2023/5/21 15:56,100,22.11747742,100,22.43113518,100,22.261343,50.41962814,22.01967621
2023/5/21 15:57,100,22.11747742,100,22.43113518,100,22.261343,100,22.12094879
2023/5/21 15:58,100,22.11747742,100,22.43113518,100,22.16007042,100,22.12094879
2023/5/21 15:59,100,22.11747742,100,22.43113518,100,22.16007042,100,22.12094879
2023/5/21 16:00,100,22.11747742,100,22.32986069,100,22.16007042,100,22.03414345
2023/5/21 16:01,100,22.11747742,100,22.32986069,100,22.16007042,100,22.01967621
2023/5/21 16:02,100,22.01620293,100,22.32986069,100,22.16007042,100,22.01967621
2023/5/21 16:03,100,22.01620293,100,22.32986069,100,22.16007042,50.91371155,21.91840172
2023/5/21 16:04,100,22.11747742,100,22.32986069,100,22.04432869,0,21.91840172
2023/5/21 16:05,100,22.11747742,100,22.32986069,100,22.05879784,0,21.81712914
2023/5/21 16:06,100,22.11747742,100,22.32986069,100,22.16007042,0,21.81712914
2023/5/21 16:07,100,22.11747742,100,22.32986069,100,22.16007042,0,21.81712914
2023/5/21 16:08,100,22.13194466,100,22.32986069,100,22.16007042,0,21.81712914
2023/5/21 16:09,100,22.21875,100,22.32986069,100,22.24687576,0,21.81712914
2023/5/21 16:10,100,22.11747742,100,22.32986069,100,22.16007042,0,21.81712914
2023/5/21 16:11,100,22.10301018,100,22.32986069,100,22.16007042,0,21.81712914
2023/5/21 16:12,100,22.11747742,100,22.32986069,100,22.16007042,0,21.81712914
2023/5/21 16:13,100,22.11747742,100,22.2285881,100,22.1166687,0,21.81712914
2023/5/21 16:14,100,22.11747742,100,22.2285881,100,22.05879784,0,21.81712914
2023/5/21 16:15,100,22.11747742,100,22.32986069,100,22.16007042,0,21.81712914
2023/5/21 16:16,100,22.11747742,100,22.32986069,100,22.16007042,0,21.91840172
2023/5/21 16:17,100,22.11747742,100,22.32986069,100,22.16007042,0,21.91840172
2023/5/21 16:18,100,22.11747742,100,22.43113518,100,22.17453766,0,21.91840172
2023/5/21 16:19,100,22.21875,100,22.43113518,100,22.261343,0,21.91840172
2023/5/21 16:20,100,22.21875,100,22.43113518,100,22.261343,5.644845009,22.00520706
2023/5/21 16:21,100,22.20428276,100,22.43113518,100,22.36261559,20.55187416,22.01967621
2023/5/21 16:22,100,22.32002258,100,22.53240776,100,22.36261559,35.08020401,22.01967621
2023/5/21 16:23,100,22.21875,100,22.43113518,100,22.36261559,100,22.12094879
2023/5/21 16:24,100,22.21875,100,22.43113518,100,22.36261559,100,22.12094879
2023/5/21 16:25,100,22.21875,100,22.43113518,100,22.261343,100,22.12094879
2023/5/21 16:26,100,22.32002258,100,22.31539345,100,22.261343,100,22.12094879
2023/5/21 16:27,100,22.21875,100,22.32986069,100,22.16007042,100,22.12094879
2023/5/21 16:28,100,22.21875,100,22.21412086,100,22.05879784,100,22.12094879
2023/5/21 16:29,100,22.21875,100,22.2285881,100,22.05879784,100,22.01967621
2023/5/21 16:30,100,22.11747742,100,22.2285881,100,21.95752335,67.76210785,21.91840172
2023/5/21 16:31,100,22.21875,100,22.12731552,100,21.92858887,2.523066998,21.91840172
2023/5/21 16:32,100,22.11747742,100,22.12731552,100,21.85625076,0,21.81712914
2023/5/21 16:33,100,22.11747742,100,22.12731552,100,21.85625076,0,21.81712914
2023/5/21 16:34,100,22.11747742,100,22.12731552,100,21.85625076,0,21.81712914
2023/5/21 16:35,100,22.11747742,100,22.12731552,100,21.95752335,0,21.81712914
2023/5/21 16:36,100,22.21875,100,22.2285881,100,21.95752335,0,21.81712914
2023/5/21 16:37,100,22.21875,100,22.12731552,100,21.95752335,0,21.81712914
2023/5/21 16:38,100,22.21875,100,22.2285881,100,21.95752335,0,21.81712914
2023/5/21 16:39,100,22.21875,100,22.12731552,100,21.95752335,0,21.81712914
2023/5/21 16:40,100,22.11747742,100,22.12731552,100,21.95752335,0,21.81712914
2023/5/21 16:41,100,22.20428276,100,22.2285881,100,21.95752335,0,21.81712914
2023/5/21 16:42,100,22.21875,100,22.2285881,100,22.04432869,0,21.81712914
2023/5/21 16:43,100,22.21875,100,22.2285881,100,22.05879784,0,21.91840172
2023/5/21 16:44,100,22.21875,100,22.32986069,100,22.16007042,0,21.91840172
2023/5/21 16:45,100,22.21875,100,22.32986069,100,22.16007042,0,21.91840172
2023/5/21 16:46,100,22.11747742,100,22.2285881,100,22.16007042,0,21.91840172
2023/5/21 16:47,100,22.21875,100,22.2285881,100,22.16007042,0,21.91840172
2023/5/21 16:48,100,22.21875,100,22.21412086,100,22.05879784,0,21.91840172
2023/5/21 16:49,100,22.32002258,100,22.2285881,100,22.13113594,0.268149316,22.01967621
2023/5/21 16:50,100,22.21875,100,22.2285881,100,22.16007042,14.81387997,22.01967621
2023/5/21 16:51,100,22.21875,100,22.2285881,100,22.16007042,29.60918999,22.01967621
2023/5/21 16:52,100,22.21875,100,22.32986069,100,22.16007042,51.52783203,22.10648155
2023/5/21 16:53,100,22.32002258,100,22.2285881,100,22.14560318,100,22.12094879
2023/5/21 16:54,100,22.21875,100,22.2285881,100,22.16007042,100,22.12094879
2023/5/21 16:55,100,22.16087914,100,22.12731552,100,22.05879784,100,22.12094879
2023/5/21 16:56,100,22.11747742,100,22.12731552,100,21.85625076,100,22.10648155
2023/5/21 16:57,100,22.10301018,100,22.02604294,100,21.85625076,100,22.01967621
2023/5/21 16:58,100,22.13194466,100,22.12731552,100,21.85625076,99.62663269,21.9473381
2023/5/21 16:59,100,22.11747742,100,22.12731552,100,21.85625076,40.74753571,21.91840172
2023/5/21 17:00,100,22.21875,100,22.02604294,100,21.85625076,0,21.91840172
2023/5/21 17:01,100,22.21875,100,22.01157379,100,21.85625076,0,21.81712914
2023/5/21 17:02,100,22.21875,100,21.92476845,100,21.84178352,0,21.81712914
2023/5/21 17:03,100,22.21875,100,21.92476845,100,21.84178352,0,21.81712914
2023/5/21 17:04,100,22.11747742,100,21.93923569,100,21.85625076,0,21.81712914
2023/5/21 17:05,100,22.18981552,100,22.02604294,100,21.95752335,0,21.81712914
2023/5/21 17:06,100,22.21875,100,22.12731552,100,21.94305611,0,21.81712914
2023/5/21 17:07,100,22.17534828,100,22.12731552,100,22.05879784,0,21.81712914
2023/5/21 17:08,100,22.21875,100,22.12731552,100,22.05879784,0,21.81712914
2023/5/21 17:09,100,22.21875,100,22.14178276,100,22.16007042,0,21.81712914
2023/5/21 17:10,100,22.21875,100,22.2285881,100,22.05879784,0,21.81712914
2023/5/21 17:11,100,22.18981552,100,22.12731552,100,22.04432869,0,21.91840172
2023/5/21 17:12,100,22.20428276,100,22.11284828,100,22.05879784,0,21.91840172
2023/5/21 17:13,100,22.21875,100,22.12731552,100,22.05879784,0,21.81712914
2023/5/21 17:14,100,22.21875,100,22.12731552,100,21.95752335,0,21.81712914
2023/5/21 17:15,100,22.30555534,100,22.12731552,100,21.94305611,0,21.81712914
2023/5/21 17:16,100,22.21875,100,22.12731552,100,22.05879784,0,21.81712914
2023/5/21 17:17,100,22.21875,100,22.12731552,100,22.05879784,0,21.81712914
2023/5/21 17:18,100,22.32002258,100,22.12731552,100,22.05879784,0,21.81712914
2023/5/21 17:19,100,22.32002258,100,22.12731552,100,22.05879784,0,21.81712914
2023/5/21 17:20,100,22.32002258,100,22.12731552,100,22.16007042,0,21.91840172
2023/5/21 17:21,100,22.32002258,100,22.12731552,100,22.16007042,0,21.90393448
2023/5/21 17:22,100,22.32002258,100,22.2285881,100,22.16007042,0,21.91840172
2023/5/21 17:23,100,22.32002258,100,22.21412086,100,22.16007042,0,21.91840172
2023/5/21 17:24,100,22.32002258,100,22.2285881,100,22.16007042,0,21.91840172
2023/5/21 17:25,100,22.32002258,100,22.2285881,100,22.16007042,0,21.91840172
2023/5/21 17:26,100,22.32002258,100,22.2285881,100,22.05879784,0,21.91840172
2023/5/21 17:27,100,22.32002258,100,22.2285881,100,22.05879784,0,21.91840172
2023/5/21 17:28,100,22.32002258,100,22.2285881,100,22.05879784,0,21.91840172
2023/5/21 17:29,100,22.32002258,100,22.12731552,100,22.05879784,0,21.91840172
2023/5/21 17:30,100,22.21875,100,22.12731552,100,22.05879784,0,21.91840172
2023/5/21 17:31,100,22.32002258,100,22.02604294,100,21.95752335,0,21.91840172
2023/5/21 17:32,100,22.32002258,100,22.02604294,100,21.95752335,0,21.91840172
2023/5/21 17:33,100,22.32002258,100,22.12731552,100,21.95752335,0,21.91840172
2023/5/21 17:34,100,22.32002258,100,22.12731552,100,22.05879784,0,21.91840172
2023/5/21 17:35,100,22.32002258,100,22.12731552,100,22.05879784,0,21.91840172
2023/5/21 17:36,100,22.32002258,100,22.2285881,100,22.16007042,2.902039528,22.01967621
2023/5/21 17:37,100,22.32002258,100,22.2285881,100,22.16007042,11.1892271,22.01967621
2023/5/21 17:38,100,22.32002258,100,22.32986069,100,22.16007042,25.76023674,22.01967621
2023/5/21 17:39,100,22.01620293,100,22.32986069,100,22.16007042,40.63950729,22.01967621
2023/5/21 17:40,100,22.32002258,100,22.32986069,100,22.261343,55.39573669,22.01967621
2023/5/21 17:41,100,22.01620293,100,22.32986069,100,22.261343,70.30606079,22.01967621
2023/5/21 17:42,100,22.32002258,100,22.32986069,100,22.261343,85.19546509,22.01967621
2023/5/21 17:43,100,22.32002258,100,22.32986069,100,22.261343,99.75772858,22.01967621
2023/5/21 17:44,100,22.32002258,100,22.2285881,100,22.17453766,81.6088028,21.91840172
2023/5/21 17:45,100,22.32002258,100,22.2285881,100,22.05879784,16.13142014,21.91840172
2023/5/21 17:46,100,22.32002258,100,22.12731552,100,22.05879784,0,21.81712914
2023/5/21 17:47,100,22.32002258,100,22.12731552,100,22.05879784,0,21.81712914
2023/5/21 17:48,100,22.21875,100,22.02604294,100,21.95752335,0,21.81712914
2023/5/21 17:49,100,22.32002258,100,22.02604294,100,21.95752335,0,21.81712914
2023/5/21 17:50,100,22.32002258,100,22.02604294,100,21.95752335,0,21.8026619
2023/5/21 17:51,100,22.32002258,100,22.12731552,100,22.05879784,0,21.81712914
2023/5/21 17:52,100,22.32002258,100,22.12731552,100,22.05879784,0,21.81712914
2023/5/21 17:53,100,22.32002258,100,22.17071724,100,22.05879784,0,21.81712914
2023/5/21 17:54,100,22.32002258,100,22.2285881,100,22.16007042,0,21.81712914
2023/5/21 17:55,100,22.32002258,100,22.2285881,100,22.261343,0,21.81712914
2023/5/21 17:56,100,22.30555534,100,22.31539345,100,22.261343,0,21.81712914
2023/5/21 17:57,100,22.32002258,100,22.32986069,100,22.261343,0,21.81712914
2023/5/21 17:58,100,22.32002258,100,22.21412086,100,22.261343,0,21.81712914
2023/5/21 17:59,100,22.32002258,100,22.2285881,100,22.16007042,0,21.81712914
2023/5/21 18:00,100,22.32002258,100,22.2285881,100,22.05879784,0,21.81712914
2023/5/21 18:01,100,22.32002258,100,22.2285881,100,22.05879784,0,21.81712914
2023/5/21 18:02,100,22.32002258,100,22.21412086,100,22.16007042,0,21.81712914
2023/5/21 18:03,100,22.32002258,100,22.2285881,100,22.16007042,0,21.81712914
2023/5/21 18:04,100,22.32002258,100,22.12731552,100,22.16007042,0,21.81712914
2023/5/21 18:05,100,22.32002258,100,22.2285881,100,22.16007042,0,21.81712914
2023/5/21 18:06,100,22.32002258,100,22.2285881,100,22.16007042,0,21.81712914
2023/5/21 18:07,100,22.32002258,100,22.21412086,100,22.16007042,0,21.81712914
2023/5/21 18:08,100,22.32002258,100,22.32986069,100,22.261343,0,21.81712914
2023/5/21 18:09,100,22.32002258,100,22.32986069,100,22.261343,0,21.81712914
2023/5/21 18:10,100,22.32002258,100,22.32986069,100,22.261343,0,21.81712914
2023/5/21 18:11,100,22.32002258,100,22.32986069,100,22.261343,0,21.81712914
2023/5/21 18:12,100,22.32002258,100,22.32986069,100,22.261343,0,21.81712914
2023/5/21 18:13,100,22.10301018,100,22.32986069,100,22.261343,0,21.81712914
2023/5/21 18:14,100,22.32002258,100,22.32986069,100,22.261343,0,21.81712914
2023/5/21 18:15,100,22.01620293,100,22.32986069,100,22.1890049,0,21.81712914
2023/5/21 18:16,100,22.01620293,100,22.2285881,100,22.16007042,0,21.81712914
2023/5/21 18:17,100,22.32002258,100,22.2285881,100,22.16007042,0,21.81712914
2023/5/21 18:18,100,22.32002258,100,22.2285881,100,22.05879784,0,21.81712914
2023/5/21 18:19,100,22.32002258,100,22.2285881,100,22.05879784,0,21.81712914
2023/5/21 18:20,100,22.32002258,100,22.32986069,100,22.16007042,0,21.81712914
2023/5/21 18:21,100,22.01620293,100,22.32986069,100,22.16007042,0,21.81712914
2023/5/21 18:22,100,22.01620293,100,22.32986069,100,22.261343,0,21.81712914
2023/5/21 18:23,100,22.01620293,100,22.43113518,100,22.261343,0,21.81712914
2023/5/21 18:24,100,22.32002258,100,22.43113518,100,22.261343,0,21.81712914
2023/5/21 18:25,100,22.01620293,100,22.41666794,100,22.29027748,0,21.81712914
2023/5/21 18:26,100,22.01620293,100,22.43113518,100,22.34814835,0,21.91840172
2023/5/21 18:27,100,22.01620293,100,22.43113518,100,22.36261559,0,21.91840172
2023/5/21 18:28,100,22.01620293,100,22.43113518,100,22.36261559,0,21.91840172
2023/5/21 18:29,100,22.01620293,100,22.43113518,100,22.36261559,0,21.90393448
2023/5/21 18:30,100,22.01620293,100,22.43113518,100,22.24687576,0,21.91840172
2023/5/21 18:31,100,22.01620293,100,22.43113518,100,22.261343,0,21.91840172
2023/5/21 18:32,100,22.32002258,100,22.43113518,100,22.261343,0,21.91840172
2023/5/21 18:33,100,22.32002258,100,22.32986069,100,22.261343,0,21.91840172
2023/5/21 18:34,100,22.01620293,100,22.32986069,100,22.261343,0,21.91840172
2023/5/21 18:35,100,22.01620293,100,22.32986069,100,22.24687576,0,21.91840172
2023/5/21 18:36,100,22.32002258,100,22.32986069,100,22.36261559,0,21.91840172
2023/5/21 18:37,100,22.01620293,100,22.32986069,100,22.36261559,1.477541327,22.01967621
2023/5/21 18:38,100,22.01620293,100,22.32986069,100,22.36261559,16.10135841,22.01967621
2023/5/21 18:39,100,22.01620293,100,22.32986069,100,22.36261559,30.7743969,22.01967621
2023/5/21 18:40,100,22.01620293,100,22.43113518,100,22.36261559,45.71884155,22.01967621
2023/5/21 18:41,100,22.11747742,100,22.41666794,100,22.34814835,60.25999832,22.00520706
2023/5/21 18:42,100,22.01620293,100,22.43113518,100,22.36261559,74.90894318,22.01967621
2023/5/21 18:43,100,22.11747742,100,22.32986069,100,22.261343,89.67016602,22.01967621
2023/5/21 18:44,100,22.01620293,100,22.32986069,100,22.24687576,100,22.00520706
2023/5/21 18:45,100,22.11747742,100,22.32986069,100,22.261343,100,22.01967621
2023/5/21 18:46,100,22.11747742,100,22.32986069,100,22.261343,93.56413269,21.91840172
2023/5/21 18:47,100,22.01620293,100,22.31539345,100,22.16007042,29.24244118,21.91840172
2023/5/21 18:48,100,22.27662086,100,22.2285881,100,22.16007042,0,21.81712914
2023/5/21 18:49,100,22.32002258,100,22.12731552,100,22.05879784,0,21.81712914
2023/5/21 18:50,100,22.30555534,100,22.12731552,100,22.05879784,0,21.81712914
2023/5/21 18:51,100,22.32002258,100,22.2285881,100,22.16007042,0,21.81712914
2023/5/21 18:52,100,22.32002258,100,22.21412086,100,22.16007042,0,21.81712914
2023/5/21 18:53,100,22.32002258,100,22.2285881,100,22.16007042,0,21.81712914
2023/5/21 18:54,100,22.32002258,100,22.2285881,100,22.16007042,0,21.81712914
2023/5/21 18:55,100,22.32002258,100,22.32986069,100,22.16007042,0,21.81712914
2023/5/21 18:56,100,22.01620293,100,22.32986069,100,22.16007042,0,21.81712914
2023/5/21 18:57,100,22.32002258,100,22.32986069,100,22.16007042,0,21.81712914
2023/5/21 18:58,100,22.32002258,100,22.32986069,100,22.261343,0,21.81712914
2023/5/21 18:59,100,22.01620293,100,22.32986069,100,22.261343,0,21.81712914
2023/5/21 19:00,100,22.32002258,100,22.32986069,100,22.14560318,0,21.81712914
2023/5/21 19:01,100,22.26215172,100,22.32986069,100,22.261343,0,21.81712914
2023/5/21 19:02,100,22.01620293,100,22.32986069,100,22.261343,0,21.81712914
2023/5/21 19:03,100,22.01620293,100,22.32986069,100,22.261343,0,21.81712914
2023/5/21 19:04,100,22.01620293,100,22.32986069,100,22.16007042,0,21.81712914
2023/5/21 19:05,100,22.05960655,100,22.25752258,100,22.14560318,0,21.81712914
2023/5/21 19:06,100,22.11747742,100,22.2285881,100,22.16007042,0,21.81712914
2023/5/21 19:07,100,22.01620293,100,22.2285881,100,22.16007042,0,21.81712914
2023/5/21 19:08,100,22.01620293,100,22.32986069,100,22.16007042,0,21.81712914
2023/5/21 19:09,100,22.01620293,100,22.2285881,100,22.16007042,0,21.81712914
2023/5/21 19:10,100,22.01620293,100,22.2285881,100,22.16007042,0,21.81712914
2023/5/21 19:11,100,22.01620293,100,22.2285881,100,22.16007042,0,21.81712914
2023/5/21 19:12,100,22.01620293,100,22.21412086,100,22.16007042,0,21.81712914
2023/5/21 19:13,100,22.32002258,100,22.19965172,100,22.16007042,0,21.81712914
2023/5/21 19:14,100,22.01620293,100,22.12731552,100,22.05879784,0,21.81712914
2023/5/21 19:15,100,22.01620293,100,22.12731552,100,22.14560318,0,21.81712914
2023/5/21 19:16,100,22.01620293,100,22.12731552,100,22.16007042,0,21.81712914
2023/5/21 19:17,100,22.01620293,100,22.2285881,100,22.14560318,0,21.81712914
2023/5/21 19:18,100,22.01620293,100,22.32986069,100,22.261343,0,21.81712914
2023/5/21 19:19,100,22.01620293,100,22.32986069,100,22.261343,0,21.81712914
2023/5/21 19:20,100,22.01620293,100,22.32986069,100,22.16007042,0,21.81712914
2023/5/21 19:21,100,22.01620293,100,22.31539345,100,22.24687576,0,21.81712914
2023/5/21 19:22,100,22.01620293,100,22.38773155,100,22.261343,0,21.81712914
2023/5/21 19:23,100,22.01620293,100,22.32986069,100,22.261343,0,21.81712914
2023/5/21 19:24,100,22.01620293,100,22.32986069,100,22.261343,0,21.81712914
2023/5/21 19:25,100,22.11747742,100,22.32986069,100,22.261343,0,21.8026619
2023/5/21 19:26,100,22.01620293,100,22.32986069,100,22.24687576,0,21.81712914
2023/5/21 19:27,100,22.01620293,100,22.32986069,100,22.261343,0,21.81712914
2023/5/21 19:28,100,22.01620293,100,22.32986069,100,22.16007042,0,21.81712914
2023/5/21 19:29,100,22.01620293,100,22.32986069,100,22.261343,0,21.81712914
2023/5/21 19:30,100,22.01620293,100,22.2285881,100,22.24687576,0,21.81712914
2023/5/21 19:31,100,22.11747742,100,22.2285881,100,22.24687576,0,21.81712914
2023/5/21 19:32,100,22.01620293,100,22.2285881,100,22.24687576,0,21.91840172
2023/5/21 19:33,100,22.01620293,100,22.2285881,100,22.261343,0,21.91840172
2023/5/21 19:34,100,22.01620293,100,22.2285881,100,22.261343,0,21.91840172
2023/5/21 19:35,100,22.01620293,100,22.2285881,100,22.261343,0,21.91840172
2023/5/21 19:36,100,22.01620293,100,22.32986069,100,22.261343,0,21.91840172
2023/5/21 19:37,100,22.11747742,100,22.32986069,100,22.34814835,0,21.91840172
2023/5/21 19:38,100,22.11747742,100,22.2285881,100,22.36261559,0,21.91840172
2023/5/21 19:39,100,22.11747742,100,22.21412086,100,22.36261559,0,21.91840172
2023/5/21 19:40,100,22.11747742,100,22.2285881,100,22.34814835,0,21.91840172
2023/5/21 19:41,100,22.11747742,100,22.2285881,100,22.36261559,0,21.91840172
2023/5/21 19:42,100,22.11747742,100,22.32986069,100,22.34814835,0,21.91840172
2023/5/21 19:43,100,22.11747742,100,22.2285881,100,22.36261559,0,21.90393448
2023/5/21 19:44,100,22.11747742,100,22.2285881,100,22.261343,0,21.91840172
2023/5/21 19:45,100,22.11747742,100,22.19965172,100,22.261343,0,21.91840172
2023/5/21 19:46,100,22.01620293,100,22.12731552,100,22.261343,0,21.84606552
2023/5/21 19:47,100,22.11747742,100,22.12731552,100,22.261343,0,21.81712914
2023/5/21 19:48,100,22.11747742,100,22.2285881,100,22.261343,0,21.81712914
2023/5/21 19:49,100,22.01620293,100,22.2285881,100,22.261343,0,21.81712914
2023/5/21 19:50,100,22.30555534,100,22.31539345,100,22.261343,0,21.81712914
2023/5/21 19:51,100,22.01620293,100,22.2285881,100,22.36261559,0,21.81712914
2023/5/21 19:52,100,22.11747742,100,22.32986069,100,22.34814835,0,21.81712914
2023/5/21 19:53,100,22.10301018,100,22.2285881,100,22.36261559,0,21.81712914
2023/5/21 19:54,100,22.11747742,100,22.2285881,100,22.261343,0,21.81712914
2023/5/21 19:55,100,22.11747742,100,22.2285881,100,22.36261559,0,21.81712914
2023/5/21 19:56,100,22.11747742,100,22.31539345,100,22.34814835,0,21.91840172
2023/5/21 19:57,100,22.11747742,100,22.2285881,100,22.34814835,0,21.91840172
2023/5/21 19:58,100,22.01620293,100,22.32986069,100,22.34814835,0,21.90393448
2023/5/21 19:59,100,22.01620293,100,22.32986069,100,22.36261559,0,21.91840172
2023/5/21 20:00,100,22.01620293,100,22.32986069,100,22.36261559,0,21.91840172
2023/5/21 20:01,100,22.01620293,100,22.2285881,100,22.36261559,0,21.91840172
2023/5/21 20:02,100,22.01620293,100,22.32986069,100,22.261343,0,21.91840172
2023/5/21 20:03,100,22.11747742,100,22.2285881,100,22.24687576,0,21.81712914
2023/5/21 20:04,100,22.01620293,100,22.2285881,100,22.261343,0,21.84606552
2023/5/21 20:05,100,22.01620293,100,22.2285881,100,22.261343,0,21.81712914
2023/5/21 20:06,100,22.11747742,100,22.2285881,100,22.261343,0,21.81712914
2023/5/21 20:07,100,22.11747742,100,22.32986069,100,22.24687576,0,21.81712914
2023/5/21 20:08,100,22.11747742,100,22.32986069,100,22.261343,0,21.81712914
2023/5/21 20:09,100,22.01620293,100,22.32986069,100,22.34814835,0,21.81712914
2023/5/21 20:10,100,22.04513931,100,22.32986069,100,22.36261559,0,21.81712914
2023/5/21 20:11,100,22.10301018,100,22.32986069,100,22.34814835,0,21.81712914
2023/5/21 20:12,100,22.11747742,100,22.32986069,100,22.36261559,0,21.81712914
2023/5/21 20:13,100,22.11747742,100,22.32986069,100,22.34814835,0,21.81712914
2023/5/21 20:14,100,22.11747742,100,22.32986069,100,22.36261559,0,21.81712914
2023/5/21 20:15,100,22.11747742,100,22.32986069,100,22.36261559,0,21.81712914
2023/5/21 20:16,100,22.11747742,100,22.32986069,100,22.36261559,0,21.81712914
2023/5/21 20:17,100,22.11747742,100,22.31539345,100,22.36261559,0,21.81712914
2023/5/21 20:18,100,22.21875,100,22.32986069,100,22.34814835,0,21.81712914
2023/5/21 20:19,100,22.10301018,100,22.32986069,100,22.36261559,0,21.81712914
2023/5/21 20:20,100,22.11747742,100,22.32986069,100,22.34814835,0,21.81712914
2023/5/21 20:21,100,22.11747742,100,22.32986069,100,22.36261559,0,21.81712914
2023/5/21 20:22,100,22.11747742,100,22.32986069,100,22.24687576,0,21.81712914
2023/5/21 20:23,100,22.11747742,100,22.2285881,100,22.261343,0,21.81712914
2023/5/21 20:24,100,22.11747742,100,22.2285881,100,22.24687576,0,21.81712914
2023/5/21 20:25,100,22.21875,100,22.32986069,100,22.36261559,0,21.81712914
2023/5/21 20:26,100,22.21875,100,22.32986069,100,22.36261559,0,21.81712914
2023/5/21 20:27,100,22.21875,100,22.32986069,100,22.34814835,0,21.81712914
2023/5/21 20:28,100,22.21875,100,22.32986069,100,22.36261559,0,21.81712914
2023/5/21 20:29,100,22.11747742,100,22.32986069,100,22.44942284,0,21.81712914
2023/5/21 20:30,100,22.21875,100,22.32986069,100,22.46389008,0,21.81712914
2023/5/21 20:31,100,22.21875,100,22.32986069,100,22.46389008,0,21.91840172
2023/5/21 20:32,100,22.32002258,100,22.32986069,100,22.56516266,0,21.91840172
2023/5/21 20:33,100,22.21875,100,22.43113518,100,22.44942284,0,21.91840172
2023/5/21 20:34,100,22.21875,100,22.43113518,100,22.46389008,0,21.91840172
2023/5/21 20:35,100,22.30555534,100,22.41666794,100,22.44942284,0,21.91840172
2023/5/21 20:36,100,22.2910881,100,22.43113518,100,22.44942284,0,21.91840172
2023/5/21 20:37,100,22.21875,100,22.32986069,100,22.46389008,0,21.91840172
2023/5/21 20:38,100,22.30555534,100,22.32986069,100,22.46389008,0,21.91840172
2023/5/21 20:39,100,22.21875,100,22.32986069,100,22.34814835,0,21.91840172
2023/5/21 20:40,100,22.21875,100,22.32986069,100,22.36261559,0,21.91840172
2023/5/21 20:41,100,22.21875,100,22.32986069,100,22.44942284,0,21.91840172
2023/5/21 20:42,100,22.21875,100,22.32986069,100,22.36261559,0,21.91840172
2023/5/21 20:43,100,22.21875,100,22.32986069,100,22.36261559,0,21.91840172
2023/5/21 20:44,100,22.21875,100,22.43113518,100,22.36261559,0,21.91840172
2023/5/21 20:45,100,22.21875,100,22.43113518,100,22.44942284,0,21.91840172
2023/5/21 20:46,100,22.21875,100,22.43113518,100,22.46389008,0,21.91840172
2023/5/21 20:47,100,22.11747742,100,22.32986069,100,22.46389008,0,21.91840172
2023/5/21 20:48,100,22.11747742,100,22.32986069,100,22.36261559,0,21.91840172
2023/5/21 20:49,100,22.11747742,100,22.41666794,100,22.46389008,0,21.90393448
2023/5/21 20:50,100,22.21875,100,22.43113518,100,22.46389008,0,21.91840172
2023/5/21 20:51,100,22.11747742,100,22.43113518,100,22.34814835,0,21.91840172
2023/5/21 20:52,100,22.11747742,100,22.32986069,100,22.36261559,0,21.83159828
2023/5/21 20:53,100,22.21875,100,22.32986069,100,22.36261559,0,21.83159828
2023/5/21 20:54,100,22.21875,100,22.2285881,100,22.36261559,0,21.90393448
2023/5/21 20:55,100,22.1464119,100,22.2285881,100,22.261343,0,21.81712914
2023/5/21 20:56,100,22.10301018,100,22.2285881,100,22.261343,0,21.81712914
2023/5/21 20:57,100,22.21875,100,22.2285881,100,22.16007042,0,21.81712914
2023/5/21 20:58,100,22.21875,100,22.2285881,100,22.16007042,0,21.81712914
2023/5/21 20:59,100,22.21875,100,22.2285881,100,22.16007042,0,21.81712914
2023/5/21 21:00,100,22.21875,100,22.2285881,100,22.261343,0,21.81712914
2023/5/21 21:01,100,22.21875,100,22.2285881,100,22.261343,0,21.81712914
2023/5/21 21:02,100,22.21875,100,22.2285881,100,22.261343,0,21.81712914
2023/5/21 21:03,100,22.21875,100,22.2285881,100,22.261343,0,21.8026619
2023/5/21 21:04,100,22.21875,100,22.2285881,100,22.261343,0,21.81712914
2023/5/21 21:05,100,22.21875,100,22.2285881,100,22.261343,0,21.81712914
2023/5/21 21:06,100,22.21875,100,22.2285881,100,22.24687576,0,21.81712914
2023/5/21 21:07,100,22.21875,100,22.2285881,100,22.261343,0,21.81712914
2023/5/21 21:08,100,22.21875,100,22.32986069,100,22.261343,0,21.61458206
2023/5/21 21:09,100,22.21875,100,22.32986069,100,22.261343,0,21.62905121
2023/5/21 21:10,100,22.21875,100,22.32986069,100,22.34814835,0,21.61458206
2023/5/21 21:11,100,22.21875,100,22.32986069,100,22.36261559,0,21.61458206
2023/5/21 21:12,100,22.21875,100,22.31539345,100,22.34814835,0,21.61458206
2023/5/21 21:13,100,22.17534828,100,22.32986069,100,22.261343,0,21.78819466
2023/5/21 21:14,100,22.21875,100,22.32986069,100,22.16007042,0,21.81712914
2023/5/21 21:15,100,22.21875,100,22.32986069,100,22.261343,0,21.81712914
2023/5/21 21:16,100,22.21875,100,22.32986069,100,22.34814835,0,21.81712914
2023/5/21 21:17,100,22.21875,100,22.32986069,100,22.36261559,0,21.8026619
2023/5/21 21:18,100,22.21875,100,22.43113518,100,22.34814835,0,21.81712914
2023/5/21 21:19,100,22.21875,100,22.43113518,100,22.36261559,0,21.91840172
2023/5/21 21:20,100,22.32002258,100,22.32986069,100,22.36261559,0,21.91840172
2023/5/21 21:21,100,22.21875,100,22.31539345,100,22.36261559,0,21.91840172
2023/5/21 21:22,100,22.21875,100,22.32986069,100,22.261343,0,21.91840172
2023/5/21 21:23,100,22.21875,100,22.32986069,100,22.36261559,0,21.91840172
2023/5/21 21:24,100,22.21875,100,22.32986069,100,22.36261559,0,21.91840172
2023/5/21 21:25,100,22.21875,100,22.43113518,100,22.36261559,0,21.91840172
2023/5/21 21:26,100,22.21875,100,22.43113518,100,22.36261559,0,21.91840172
2023/5/21 21:27,100,22.21875,100,22.43113518,100,22.36261559,0,21.91840172
2023/5/21 21:28,100,22.32002258,100,22.41666794,100,22.36261559,0,21.91840172
2023/5/21 21:29,100,22.32002258,100,22.43113518,100,22.36261559,0,21.91840172
2023/5/21 21:30,100,22.21875,100,22.43113518,100,22.261343,0,21.91840172
2023/5/21 21:31,100,22.21875,100,22.32986069,100,22.261343,0,21.91840172
2023/5/21 21:32,100,22.21875,100,22.32986069,100,22.261343,0,21.91840172
2023/5/21 21:33,100,22.21875,100,22.32986069,100,22.261343,0,21.81712914
2023/5/21 21:34,100,22.21875,100,22.32986069,100,22.261343,0,21.81712914
2023/5/21 21:35,100,22.21875,100,22.32986069,100,22.16007042,0,21.81712914
2023/5/21 21:36,100,22.21875,100,22.32986069,100,22.261343,0,21.81712914
2023/5/21 21:37,100,22.32002258,100,22.21412086,100,22.261343,0,21.81712914
2023/5/21 21:38,100,22.32002258,100,22.32986069,100,22.261343,0,21.81712914
2023/5/21 21:39,100,22.21875,100,22.32986069,100,22.261343,0,21.91840172
2023/5/21 21:40,100,22.32002258,100,22.32986069,100,22.36261559,0,21.91840172
2023/5/21 21:41,100,22.32002258,100,22.32986069,100,22.36261559,0,21.91840172
2023/5/21 21:42,100,22.32002258,100,22.32986069,100,22.36261559,0,21.91840172
2023/5/21 21:43,100,22.32002258,100,22.32986069,100,22.37708282,0,21.91840172
2023/5/21 21:44,100,22.32002258,100,22.32986069,100,22.36261559,7.67071867,22.01967621
2023/5/21 21:45,100,22.32002258,100,22.32986069,100,22.36261559,22.27451324,22.01967621
2023/5/21 21:46,100,22.27662086,100,22.43113518,100,22.36261559,36.79987335,22.01967621
2023/5/21 21:47,100,22.32002258,100,22.31539345,100,22.261343,50.65327072,22.01967621
2023/5/21 21:48,100,22.26215172,100,22.32986069,100,22.261343,54.7291832,22.01967621
2023/5/21 21:49,100,22.21875,100,22.32986069,100,22.261343,5.610585213,21.91840172
2023/5/21 21:50,100,22.21875,100,22.32986069,100,22.16007042,0,21.91840172
2023/5/21 21:51,100,22.26215172,100,22.32986069,100,22.16007042,0,21.91840172
2023/5/21 21:52,100,22.21875,100,22.2285881,100,22.16007042,0,21.91840172
2023/5/21 21:53,100,22.21875,100,22.32986069,100,22.16007042,0,21.91840172
2023/5/21 21:54,100,22.11747742,100,22.32986069,100,22.16007042,0,21.81712914
2023/5/21 21:55,100,22.20428276,100,22.32986069,100,22.261343,0,21.81712914
2023/5/21 21:56,100,22.01620293,100,22.43113518,100,22.36261559,0,21.81712914
2023/5/21 21:57,100,22.01620293,100,22.32986069,100,22.36261559,0,21.81712914
2023/5/21 21:58,100,22.11747742,100,22.41666794,100,22.36261559,0,21.81712914
2023/5/21 21:59,100,22.11747742,100,22.32986069,100,22.36261559,0,21.81712914
2023/5/21 22:00,100,22.11747742,100,22.43113518,100,22.36261559,0,21.81712914
2023/5/21 22:01,100,22.10301018,100,22.43113518,100,22.46389008,0,21.91840172
2023/5/21 22:02,100,22.11747742,100,22.53240776,100,22.46389008,0,21.91840172
2023/5/21 22:03,100,22.11747742,100,22.50347328,100,22.44942284,0,21.91840172
2023/5/21 22:04,100,22.11747742,100,22.53240776,100,22.46389008,0,21.91840172
2023/5/21 22:05,100,22.11747742,100,22.53240776,100,22.46389008,0,21.91840172
2023/5/21 22:06,100,22.11747742,100,22.53240776,100,22.56516266,0,21.91840172
2023/5/21 22:07,100,22.11747742,100,22.53240776,100,22.56516266,0,21.91840172
2023/5/21 22:08,100,22.11747742,100,22.53240776,100,22.56516266,0,21.91840172
2023/5/21 22:09,100,22.11747742,100,22.53240776,100,22.56516266,0,21.91840172
2023/5/21 22:10,100,22.11747742,100,22.53240776,100,22.46389008,1.272089601,22.00520706
2023/5/21 22:11,100,22.11747742,100,22.43113518,100,22.46389008,0,21.91840172
2023/5/21 22:12,100,22.11747742,100,22.43113518,100,22.36261559,0,21.91840172
2023/5/21 22:13,100,22.11747742,100,22.43113518,100,22.36261559,0,21.91840172
2023/5/21 22:14,100,22.11747742,100,22.32986069,100,22.261343,0,21.91840172
2023/5/21 22:15,100,22.11747742,100,22.32986069,100,22.261343,0,21.91840172
2023/5/21 22:16,100,22.11747742,100,22.32986069,100,22.261343,0,21.91840172
2023/5/21 22:17,100,22.11747742,100,22.32986069,100,22.261343,0,21.91840172
2023/5/21 22:18,100,22.21875,100,22.32986069,100,22.261343,0,21.91840172
2023/5/21 22:19,100,22.21875,100,22.32986069,100,22.261343,0,21.91840172
2023/5/21 22:20,100,22.21875,100,22.32986069,100,22.261343,0,21.90393448
2023/5/21 22:21,100,22.11747742,100,22.43113518,100,22.36261559,0,21.91840172
2023/5/21 22:22,100,22.21875,100,22.53240776,100,22.46389008,0,21.93287086
2023/5/21 22:23,100,22.21875,100,22.43113518,100,22.46389008,6.394933701,22.01967621
2023/5/21 22:24,100,22.21875,100,22.53240776,100,22.46389008,17.12417793,22.01967621
2023/5/21 22:25,100,22.21875,100,22.53240776,100,22.46389008,32.18938828,22.01967621
2023/5/21 22:26,100,22.21875,100,22.53240776,100,22.46389008,46.78566742,22.01967621
2023/5/21 22:27,100,22.11747742,100,22.51794052,100,22.46389008,61.58097839,22.01967621
2023/5/21 22:28,100,22.21875,100,22.43113518,100,22.44942284,76.44311523,22.01967621
2023/5/21 22:29,100,22.11747742,100,22.43113518,100,22.36261559,91.30884552,22.01967621
2023/5/21 22:30,100,22.11747742,100,22.32986069,100,22.261343,100,22.01967621
2023/5/21 22:31,100,22.01620293,100,22.2285881,100,22.16007042,77.40200806,21.91840172
2023/5/21 22:32,100,22.01620293,100,22.2285881,100,22.16007042,12.33654499,21.91840172
2023/5/21 22:33,100,22.32002258,100,22.12731552,100,22.05879784,0,21.91840172
2023/5/21 22:34,100,22.01620293,100,22.12731552,100,22.05879784,0,21.81712914
2023/5/21 22:35,100,22.03067207,100,22.2285881,100,22.05879784,0,21.81712914
2023/5/21 22:36,100,22.01620293,100,22.21412086,100,22.16007042,0,21.81712914
2023/5/21 22:37,100,22.01620293,100,22.2285881,100,22.16007042,0,21.81712914
2023/5/21 22:38,100,22.01620293,100,22.2285881,100,22.16007042,0,21.81712914
2023/5/21 22:39,100,22.11747742,100,22.2285881,100,22.16007042,0,21.81712914
2023/5/21 22:40,100,22.11747742,100,22.32986069,100,22.261343,0,21.81712914
2023/5/21 22:41,100,22.11747742,100,22.31539345,100,22.261343,0,21.81712914
2023/5/21 22:42,100,22.11747742,100,22.32986069,100,22.261343,0,21.81712914
2023/5/21 22:43,100,22.11747742,100,22.32986069,100,22.261343,0,21.81712914
2023/5/21 22:44,100,22.11747742,100,22.32986069,100,22.261343,0,21.88946724
2023/5/21 22:45,100,22.01620293,100,22.43113518,100,22.36261559,0,21.91840172
2023/5/21 22:46,100,22.01620293,100,22.35879707,100,22.261343,0,21.91840172
2023/5/21 22:47,100,22.11747742,100,22.43113518,100,22.261343,0,21.90393448
2023/5/21 22:48,100,22.11747742,100,22.43113518,100,22.261343,0,21.91840172
2023/5/21 22:49,100,22.01620293,100,22.43113518,100,22.261343,0,21.91840172
2023/5/21 22:50,100,22.01620293,100,22.31539345,100,22.261343,0,21.90393448
2023/5/21 22:51,100,22.01620293,100,22.32986069,100,22.16007042,0,21.91840172
2023/5/21 22:52,100,22.01620293,100,22.2285881,100,22.261343,0,21.91840172
2023/5/21 22:53,100,22.01620293,100,22.2285881,100,22.16007042,0,21.91840172
2023/5/21 22:54,100,22.32002258,100,22.2285881,100,22.16007042,0,21.91840172
2023/5/21 22:55,100,22.32002258,100,22.32986069,100,22.261343,0,21.91840172
2023/5/21 22:56,100,22.32002258,100,22.32986069,100,22.261343,0,21.91840172
2023/5/21 22:57,100,22.32002258,100,22.32986069,100,22.261343,0,21.91840172
2023/5/21 22:58,100,22.32002258,100,22.32986069,100,22.261343,0,21.9473381
2023/5/21 22:59,100,22.32002258,100,22.32986069,100,22.36261559,5.830761433,22.01967621
2023/5/21 23:00,100,22.32002258,100,22.43113518,100,22.34814835,20.52000427,22.01967621
2023/5/21 23:01,100,22.32002258,100,22.43113518,100,22.36261559,35.15196991,22.01967621
2023/5/21 23:02,100,22.32002258,100,22.53240776,100,22.36261559,50.01322556,22.01967621
2023/5/21 23:03,100,22.32002258,100,22.53240776,100,22.36261559,70.10916138,22.01967621
2023/5/21 23:04,100,22.32002258,100,22.53240776,100,22.36261559,100,22.09201431
2023/5/21 23:05,100,22.32002258,100,22.53240776,100,22.34814835,100,22.01967621
2023/5/21 23:06,100,22.32002258,100,22.43113518,100,22.34814835,100,22.01967621
2023/5/21 23:07,100,22.21875,100,22.43113518,100,22.261343,100,22.01967621
2023/5/21 23:08,100,22.21875,100,22.32986069,100,22.261343,79.11463165,21.91840172
2023/5/21 23:09,100,22.21875,100,22.32986069,100,22.261343,13.64863396,21.91840172
2023/5/21 23:10,100,22.21875,100,22.2285881,100,22.16007042,0,21.81712914
2023/5/21 23:11,100,22.21875,100,22.2285881,100,22.14560318,0,21.81712914
2023/5/21 23:12,100,22.11747742,100,22.31539345,100,22.16007042,0,21.81712914
2023/5/21 23:13,100,22.11747742,100,22.32986069,100,22.16007042,0,21.81712914
2023/5/21 23:14,100,22.10301018,100,22.2285881,100,22.16007042,0,21.81712914
2023/5/21 23:15,100,22.11747742,100,22.2285881,100,22.16007042,0,21.81712914
2023/5/21 23:16,100,22.01620293,100,22.2285881,100,22.16007042,0,21.81712914
2023/5/21 23:17,100,22.01620293,100,22.32986069,100,22.14560318,0,21.81712914
2023/5/21 23:18,100,22.01620293,100,22.32986069,100,22.261343,0,21.8026619
2023/5/21 23:19,100,22.01620293,100,22.32986069,100,22.261343,0,21.81712914
2023/5/21 23:20,100,22.04513931,100,22.43113518,100,22.261343,0,21.81712914
2023/5/21 23:21,100,22.01620293,100,22.43113518,100,22.36261559,0,21.81712914
2023/5/21 23:22,100,22.11747742,100,22.43113518,100,22.34814835,0,21.81712914
2023/5/21 23:23,100,22.11747742,100,22.43113518,100,22.34814835,0,21.81712914
2023/5/21 23:24,100,22.11747742,100,22.43113518,100,22.36261559,0,21.81712914
2023/5/21 23:25,100,22.11747742,100,22.43113518,100,22.261343,0,21.91840172
2023/5/21 23:26,100,22.11747742,100,22.43113518,100,22.36261559,0,21.91840172
2023/5/21 23:27,100,22.01620293,100,22.43113518,100,22.24687576,0,21.91840172
2023/5/21 23:28,100,22.01620293,100,22.43113518,100,22.261343,0,21.91840172
2023/5/21 23:29,100,22.01620293,100,22.43113518,100,22.261343,0,21.90393448
2023/5/21 23:30,100,22.01620293,100,22.43113518,100,22.261343,0,21.91840172
2023/5/21 23:31,100,22.01620293,100,22.43113518,100,22.261343,0,21.96180534
2023/5/21 23:32,100,22.01620293,100,22.43113518,100,22.261343,5.261354446,22.01967621
2023/5/21 23:33,100,22.01620293,100,22.32986069,100,22.261343,1.012636662,22.01967621
2023/5/21 23:34,100,21.91493034,100,22.2285881,100,22.16007042,6.503445625,22.01967621
2023/5/21 23:35,100,21.91493034,100,22.2285881,100,22.16007042,21.019701,22.01967621
2023/5/21 23:36,100,21.91493034,100,22.2285881,100,22.16007042,35.87639999,22.01967621
2023/5/21 23:37,100,21.91493034,100,22.12731552,100,22.16007042,50.60323715,22.01967621
2023/5/21 23:38,100,21.91493034,100,22.12731552,100,22.16007042,90.96614075,22.12094879
2023/5/21 23:39,100,21.91493034,100,22.12731552,100,22.04432869,100,22.12094879
2023/5/21 23:40,100,21.91493034,100,22.12731552,100,22.05879784,100,22.12094879
2023/5/21 23:41,100,21.92939758,100,22.12731552,100,22.05879784,100,22.12094879
2023/5/21 23:42,100,21.91493034,100,22.11284828,100,22.05879784,100,22.12094879
2023/5/21 23:43,100,21.91493034,100,22.12731552,100,22.05879784,100,22.10648155
2023/5/21 23:44,100,21.91493034,100,22.02604294,100,21.95752335,100,22.01967621
2023/5/21 23:45,100,21.828125,100,22.02604294,100,21.85625076,100,22.01967621
2023/5/21 23:46,100,21.91493034,100,22.02604294,100,21.85625076,100,22.01967621
2023/5/21 23:47,100,21.92939758,100,22.02604294,100,21.85625076,60.30793762,21.91840172
2023/5/21 23:48,100,21.91493034,100,21.92476845,100,21.85625076,0,21.91840172
2023/5/21 23:49,100,21.91493034,100,21.92476845,100,21.85625076,0,21.81712914
2023/5/21 23:50,100,21.91493034,100,22.02604294,100,21.85625076,0,21.81712914
2023/5/21 23:51,100,21.91493034,100,21.98263931,100,21.85625076,0,21.81712914
2023/5/21 23:52,100,21.92939758,100,22.02604294,100,21.95752335,0,21.81712914
2023/5/21 23:53,100,21.87152672,100,22.02604294,100,21.95752335,0,21.81712914
2023/5/21 23:54,100,21.81365776,100,22.02604294,100,21.95752335,0,21.81712914
2023/5/21 23:55,100,21.828125,100,22.02604294,100,21.95752335,0,21.81712914
2023/5/21 23:56,100,21.828125,100,22.02604294,100,21.95752335,0,21.81712914
2023/5/21 23:57,100,21.828125,100,22.02604294,100,21.95752335,0,21.91840172
2023/5/21 23:58,100,21.81365776,100,22.02604294,100,21.85625076,0,21.91840172
2023/5/21 23:59,100,21.828125,100,22.02604294,100,21.95752335,0,21.91840172
2023/5/22 0:00,100,21.91493034,100,22.02604294,100,21.95752335,0,21.90393448
2023/5/22 0:01,100,21.828125,100,22.12731552,100,21.95752335,0,21.91840172
2023/5/22 0:02,100,21.828125,100,22.12731552,100,21.95752335,0,21.91840172
2023/5/22 0:03,100,21.828125,100,22.12731552,100,22.05879784,0,21.91840172
2023/5/22 0:04,100,21.828125,100,22.12731552,100,22.05879784,0,21.91840172
2023/5/22 0:05,100,21.828125,100,22.12731552,100,21.95752335,0,21.91840172
2023/5/22 0:06,100,21.828125,100,22.12731552,100,22.05879784,0,21.93287086
2023/5/22 0:07,100,21.81365776,100,22.12731552,100,22.05879784,12.63557339,22.01967621
2023/5/22 0:08,100,21.72685242,100,22.12731552,100,22.05879784,27.50006676,22.01967621
2023/5/22 0:09,100,21.81365776,100,22.12731552,100,22.04432869,42.28349304,22.01967621
2023/5/22 0:10,100,21.828125,100,22.12731552,100,22.05879784,57.12865829,22.01967621
2023/5/22 0:11,100,21.828125,100,22.02604294,100,22.05879784,76.97006989,22.06307793
2023/5/22 0:12,100,21.77025414,100,22.02604294,100,21.95752335,100,22.12094879
2023/5/22 0:13,100,21.72685242,100,22.02604294,100,21.95752335,100,22.12094879
2023/5/22 0:14,100,21.72685242,100,22.02604294,100,21.94305611,100,22.12094879
2023/5/22 0:15,100,21.72685242,100,22.02604294,100,21.95752335,100,22.10648155
2023/5/22 0:16,100,21.72685242,100,21.92476845,100,21.95752335,100,22.07754707
2023/5/22 0:17,100,21.71238518,100,21.92476845,100,21.95752335,100,22.01967621
2023/5/22 0:18,100,21.72685242,100,21.92476845,100,21.75497818,100,22.01967621
2023/5/22 0:19,100,21.72685242,100,21.82349586,100,21.65370369,93.71701813,21.91840172
2023/5/22 0:20,100,21.52430534,100,21.82349586,100,21.65370369,30.07860374,21.91840172
2023/5/22 0:21,100,21.52430534,100,21.82349586,100,21.75497818,0,21.91840172
2023/5/22 0:22,100,21.52430534,100,21.93923569,100,21.75497818,0,21.81712914
2023/5/22 0:23,100,21.66898155,100,21.92476845,100,21.75497818,0,21.81712914
2023/5/22 0:24,100,21.58217621,100,21.92476845,100,21.85625076,0,21.81712914
2023/5/22 0:25,100,21.65451431,100,21.92476845,100,21.85625076,0,21.81712914
2023/5/22 0:26,100,21.52430534,100,21.92476845,100,21.75497818,0,21.81712914
2023/5/22 0:27,100,21.52430534,100,21.92476845,100,21.84178352,0,21.81712914
2023/5/22 0:28,100,21.4375,100,21.92476845,100,21.75497818,0,21.91840172
2023/5/22 0:29,100,21.42303276,100,21.93923569,100,21.75497818,0,21.90393448
2023/5/22 0:30,100,21.42303276,100,21.92476845,100,21.85625076,0,21.91840172
2023/5/22 0:31,100,21.52430534,100,21.92476845,100,21.85625076,0,21.91840172
2023/5/22 0:32,100,21.5098381,100,21.92476845,100,21.85625076,0,21.90393448
2023/5/22 0:33,100,21.52430534,100,21.92476845,100,21.85625076,0,21.91840172
2023/5/22 0:34,100,21.49537086,100,22.02604294,100,21.85625076,4.344576359,22.01967621
2023/5/22 0:35,100,21.52430534,100,22.02604294,100,21.95752335,19.20154762,22.01967621
2023/5/22 0:36,100,21.52430534,100,22.02604294,100,21.95752335,34.02231979,22.01967621
2023/5/22 0:37,100,21.5098381,100,22.02604294,100,21.85625076,48.73781586,22.01967621
2023/5/22 0:38,100,21.52430534,100,22.02604294,100,21.95752335,63.32157898,22.01967621
2023/5/22 0:39,100,21.52430534,100,22.02604294,100,21.85625076,78.18344879,22.01967621
2023/5/22 0:40,100,21.52430534,100,21.92476845,100,21.85625076,92.75611115,22.01967621
2023/5/22 0:41,100,21.52430534,100,21.92476845,100,21.82731628,100,22.01967621
2023/5/22 0:42,100,21.52430534,100,21.82349586,100,21.75497818,100,22.01967621
2023/5/22 0:43,100,21.52430534,100,21.82349586,100,21.75497818,87.52002716,21.91840172
2023/5/22 0:44,100,21.52430534,100,21.73669052,100,21.75497818,23.33440018,21.91840172
2023/5/22 0:45,100,21.52430534,100,21.80902672,100,21.75497818,0,21.91840172
2023/5/22 0:46,100,21.52430534,100,21.82349586,100,21.75497818,0,21.91840172
2023/5/22 0:47,100,21.52430534,100,21.82349586,100,21.75497818,0,21.91840172
2023/5/22 0:48,100,21.52430534,100,21.82349586,100,21.85625076,0,21.91840172
2023/5/22 0:49,100,21.5098381,100,21.82349586,100,21.76944542,0,21.91840172
2023/5/22 0:50,100,21.42303276,100,21.73669052,100,21.75497818,0,21.91840172
2023/5/22 0:51,100,21.42303276,100,21.82349586,100,21.75497818,0,21.91840172
2023/5/22 0:52,100,21.40856552,100,21.82349586,100,21.85625076,0,21.91840172
2023/5/22 0:53,100,21.40856552,100,21.82349586,100,21.85625076,0,21.91840172
2023/5/22 0:54,100,21.52430534,100,21.82349586,100,21.74051094,0,21.91840172
2023/5/22 0:55,100,21.42303276,100,21.82349586,100,21.75497818,0.022378936,21.99073982
2023/5/22 0:56,100,21.52430534,100,21.82349586,100,21.85625076,7.574896336,22.01967621
2023/5/22 0:57,100,21.5098381,100,21.82349586,100,21.85625076,22.21369362,22.01967621
2023/5/22 0:58,100,21.52430534,100,21.92476845,100,21.85625076,37.09915543,22.00520706
2023/5/22 0:59,100,21.52430534,100,21.92476845,100,21.84178352,51.65187073,22.01967621
2023/5/22 1:00,100,21.52430534,100,21.91030121,100,21.95752335,68.75297546,22.01967621
2023/5/22 1:01,100,21.42303276,100,21.92476845,100,21.85625076,100,22.01967621
2023/5/22 1:02,100,21.42303276,100,21.92476845,100,21.85625076,100,22.12094879
2023/5/22 1:03,100,21.52430534,100,21.92476845,100,21.75497818,100,22.01967621
2023/5/22 1:04,100,21.42303276,100,21.82349586,100,21.74051094,100,22.01967621
2023/5/22 1:05,100,21.42303276,100,21.73669052,100,21.65370369,100,22.01967621
2023/5/22 1:06,100,21.42303276,100,21.73669052,100,21.65370369,93.36579895,21.93287086
2023/5/22 1:07,100,21.42303276,100,21.73669052,100,21.65370369,30.12512589,21.91840172
2023/5/22 1:08,100,21.42303276,100,21.73669052,100,21.63923645,0,21.91840172
2023/5/22 1:09,100,21.42303276,100,21.72222328,100,21.65370369,0,21.91840172
2023/5/22 1:10,100,21.42303276,100,21.73669052,100,21.65370369,0,21.81712914
2023/5/22 1:11,100,21.42303276,100,21.72222328,100,21.65370369,0,21.81712914
2023/5/22 1:12,100,21.42303276,100,21.72222328,100,21.65370369,0,21.81712914
2023/5/22 1:13,100,21.42303276,100,21.73669052,100,21.65370369,0,21.81712914
2023/5/22 1:14,100,21.42303276,100,21.72222328,100,21.65370369,0,21.81712914
2023/5/22 1:15,100,21.42303276,100,21.72222328,100,21.65370369,0,21.81712914
2023/5/22 1:16,100,21.42303276,100,21.72222328,100,21.65370369,0,21.90393448
2023/5/22 1:17,100,21.42303276,100,21.73669052,100,21.75497818,0,21.81712914
2023/5/22 1:18,100,21.42303276,100,21.73669052,100,21.74051094,0,21.875
2023/5/22 1:19,100,21.42303276,100,21.73669052,100,21.75497818,0,21.91840172
2023/5/22 1:20,100,21.42303276,100,21.72222328,100,21.75497818,0,21.91840172
2023/5/22 1:21,100,21.40856552,100,21.82349586,100,21.75497818,0,21.91840172
2023/5/22 1:22,100,21.42303276,100,21.82349586,100,21.75497818,0,21.91840172
2023/5/22 1:23,100,21.37962914,100,21.82349586,100,21.75497818,0,21.91840172
2023/5/22 1:24,100,21.32176018,100,21.92476845,100,21.75497818,0,21.91840172
2023/5/22 1:25,100,21.42303276,100,21.93923569,100,21.85625076,0,21.91840172
2023/5/22 1:26,100,21.42303276,100,21.92476845,100,21.85625076,9.709605217,22.01967621
2023/5/22 1:27,100,21.42303276,100,21.93923569,100,21.85625076,24.42429924,22.01967621
2023/5/22 1:28,100,21.42303276,100,21.92476845,100,21.85625076,39.22451019,22.01967621
2023/5/22 1:29,100,21.42303276,100,21.93923569,100,21.85625076,65.91056824,22.10648155
2023/5/22 1:30,100,21.42303276,100,21.92476845,100,21.85625076,100,22.12094879
2023/5/22 1:31,100,21.52430534,100,21.92476845,100,21.95752335,100,22.10648155
2023/5/22 1:32,100,21.52430534,100,21.92476845,100,21.85625076,100,22.12094879
2023/5/22 1:33,100,21.42303276,100,21.92476845,100,21.75497818,100,22.01967621
2023/5/22 1:34,100,21.52430534,100,21.82349586,100,21.75497818,100,22.00520706
2023/5/22 1:35,100,21.72685242,100,21.82349586,100,21.65370369,100,22.01967621
2023/5/22 1:36,100,21.52430534,100,21.82349586,100,21.65370369,100,22.01967621
2023/5/22 1:37,100,21.52430534,100,21.82349586,100,21.75497818,48.28207397,21.91840172
2023/5/22 1:38,100,21.72685242,100,21.82349586,100,21.75497818,0,21.91840172
2023/5/22 1:39,100,21.71238518,100,21.82349586,100,21.75497818,0,21.81712914
2023/5/22 1:40,100,21.72685242,100,21.82349586,100,21.75497818,0,21.81712914
2023/5/22 1:41,100,21.72685242,100,21.82349586,100,21.65370369,0,21.81712914
2023/5/22 1:42,100,21.72685242,100,21.82349586,100,21.65370369,0,21.81712914
2023/5/22 1:43,100,21.52430534,100,21.82349586,100,21.65370369,0,21.81712914
2023/5/22 1:44,100,21.72685242,100,21.82349586,100,21.75497818,0,21.81712914
2023/5/22 1:45,100,21.72685242,100,21.82349586,100,21.75497818,0,21.81712914
2023/5/22 1:46,100,21.72685242,100,21.82349586,100,21.75497818,0,21.81712914
2023/5/22 1:47,100,21.72685242,100,21.82349586,100,21.75497818,0,21.81712914
2023/5/22 1:48,100,21.72685242,100,21.82349586,100,21.71157455,0,21.81712914
2023/5/22 1:49,100,21.72685242,100,21.82349586,100,21.75497818,0,21.81712914
2023/5/22 1:50,100,21.72685242,100,21.82349586,100,21.75497818,0,21.81712914
2023/5/22 1:51,100,21.72685242,100,21.92476845,100,21.75497818,0,21.81712914
2023/5/22 1:52,100,21.72685242,100,21.92476845,100,21.75497818,0,21.88946724
2023/5/22 1:53,100,21.72685242,100,21.92476845,100,21.85625076,0,21.91840172
2023/5/22 1:54,100,21.72685242,100,21.93923569,100,21.85625076,0,21.91840172
2023/5/22 1:55,100,21.72685242,100,22.02604294,100,21.85625076,0,21.91840172
2023/5/22 1:56,100,21.72685242,100,21.93923569,100,21.85625076,7.709173679,22.01967621
2023/5/22 1:57,100,21.828125,100,22.02604294,100,21.95752335,22.16151619,22.01967621
2023/5/22 1:58,100,21.828125,100,21.93923569,100,21.95752335,36.87770462,22.01967621
2023/5/22 1:59,100,21.828125,100,21.92476845,100,21.85625076,51.68605423,22.01967621
2023/5/22 2:00,100,21.828125,100,21.92476845,100,21.85625076,68.43725586,22.01967621
2023/5/22 2:01,100,21.92939758,100,21.92476845,100,21.75497818,86.35442352,22.01967621
2023/5/22 2:02,100,21.91493034,100,21.82349586,100,21.75497818,100,22.01967621
2023/5/22 2:03,100,21.91493034,100,21.82349586,100,21.65370369,100,22.01967621
2023/5/22 2:04,100,21.92939758,100,21.82349586,100,21.65370369,100,22.01967621
2023/5/22 2:05,100,21.91493034,100,21.82349586,100,21.65370369,100,22.01967621
2023/5/22 2:06,100,21.92939758,100,21.72222328,100,21.65370369,100,22.01967621
2023/5/22 2:07,100,21.91493034,100,21.73669052,100,21.65370369,43.26570892,21.91840172
2023/5/22 2:08,100,21.91493034,100,21.73669052,100,21.65370369,0,21.91840172
2023/5/22 2:09,100,21.92939758,100,21.73669052,100,21.65370369,0,21.81712914
2023/5/22 2:10,100,21.92939758,100,21.72222328,100,21.65370369,0,21.81712914
2023/5/22 2:11,100,21.92939758,100,21.73669052,100,21.65370369,0,21.81712914
2023/5/22 2:12,100,21.91493034,100,21.73669052,100,21.65370369,0,21.81712914
2023/5/22 2:13,100,21.91493034,100,21.82349586,100,21.75497818,0,21.81712914
2023/5/22 2:14,100,21.91493034,100,21.82349586,100,21.75497818,0,21.81712914
2023/5/22 2:15,100,21.92939758,100,21.92476845,100,21.75497818,0,21.81712914
2023/5/22 2:16,100,21.828125,100,21.92476845,100,21.7983799,0,21.81712914
2023/5/22 2:17,100,21.92939758,100,21.93923569,100,21.75497818,0,21.81712914
2023/5/22 2:18,100,21.91493034,100,21.92476845,100,21.74051094,0,21.81712914
2023/5/22 2:19,100,21.91493034,100,21.92476845,100,21.74051094,0,21.81712914
2023/5/22 2:20,100,21.91493034,100,21.93923569,100,21.85625076,0,21.81712914
2023/5/22 2:21,100,21.828125,100,21.92476845,100,21.75497818,0,21.91840172
2023/5/22 2:22,100,21.72685242,100,21.92476845,100,21.75497818,0,21.91840172
2023/5/22 2:23,100,21.828125,100,21.92476845,100,21.74051094,0,21.91840172
2023/5/22 2:24,100,21.828125,100,21.92476845,100,21.85625076,0,21.91840172
2023/5/22 2:25,100,21.91493034,100,21.92476845,100,21.85625076,0,21.91840172
2023/5/22 2:26,100,21.91493034,100,21.92476845,100,21.85625076,0,21.91840172
2023/5/22 2:27,100,21.92939758,100,21.92476845,100,21.85625076,6.265765667,22.01967621
2023/5/22 2:28,100,21.91493034,100,21.93923569,100,21.85625076,21.2237587,22.01967621
2023/5/22 2:29,100,21.91493034,100,21.92476845,100,21.85625076,36.2080574,22.01967621
2023/5/22 2:30,100,21.91493034,100,21.92476845,100,21.85625076,51.03583908,22.00520706
2023/5/22 2:31,100,21.91493034,100,21.93923569,100,21.75497818,65.75935364,22.01967621
2023/5/22 2:32,100,21.92939758,100,21.92476845,100,21.85625076,100,22.12094879
2023/5/22 2:33,100,21.92939758,100,22.02604294,100,21.85625076,100,22.12094879
2023/5/22 2:34,100,21.91493034,100,22.02604294,100,21.95752335,100,22.12094879
2023/5/22 2:35,100,21.91493034,100,21.92476845,100,21.85625076,100,22.01967621
2023/5/22 2:36,100,22.01620293,100,21.92476845,100,21.75497818,100,22.01967621
2023/5/22 2:37,100,21.91493034,100,21.92476845,100,21.85625076,96.8234024,21.91840172
2023/5/22 2:38,100,21.92939758,100,21.92476845,100,21.85625076,46.85279846,21.91840172
2023/5/22 2:39,100,21.91493034,100,21.92476845,100,21.85625076,0,21.91840172
2023/5/22 2:40,100,21.91493034,100,21.92476845,100,21.85625076,0,21.81712914
2023/5/22 2:41,100,21.91493034,100,21.92476845,100,21.85625076,0,21.81712914
2023/5/22 2:42,100,21.91493034,100,21.92476845,100,21.75497818,0,21.81712914
2023/5/22 2:43,100,22.01620293,100,21.92476845,100,21.85625076,0,21.81712914
2023/5/22 2:44,100,21.81365776,100,21.92476845,100,21.85625076,0,21.81712914
2023/5/22 2:45,100,21.91493034,100,21.92476845,100,21.85625076,0,21.81712914
2023/5/22 2:46,100,21.91493034,100,21.93923569,100,21.85625076,0,21.81712914
2023/5/22 2:47,100,22.01620293,100,21.92476845,100,21.85625076,0,21.81712914
2023/5/22 2:48,100,22.01620293,100,21.92476845,100,21.85625076,0,21.81712914
2023/5/22 2:49,100,22.01620293,100,21.92476845,100,21.95752335,0,21.81712914
2023/5/22 2:50,100,22.11747742,100,21.92476845,100,21.85625076,0,21.91840172
2023/5/22 2:51,100,22.01620293,100,21.92476845,100,21.85625076,0,21.91840172
2023/5/22 2:52,100,22.11747742,100,21.92476845,100,21.85625076,0,21.91840172
2023/5/22 2:53,100,22.03067207,100,21.92476845,100,21.85625076,0,21.91840172
2023/5/22 2:54,100,22.11747742,100,21.92476845,100,21.95752335,0,21.91840172
2023/5/22 2:55,100,22.01620293,100,21.92476845,100,21.84178352,0,21.91840172
2023/5/22 2:56,100,22.11747742,100,21.92476845,100,21.85625076,9.791439056,22.01967621
2023/5/22 2:57,100,22.11747742,100,21.92476845,100,21.85625076,24.68610382,22.01967621
2023/5/22 2:58,100,22.11747742,100,22.02604294,100,21.95752335,39.54272842,22.01967621
2023/5/22 2:59,100,22.11747742,100,22.02604294,100,22.05879784,97.77205658,22.12094879
2023/5/22 3:00,100,22.11747742,100,22.02604294,100,21.95752335,100,22.12094879
2023/5/22 3:01,100,22.11747742,100,22.02604294,100,22.05879784,100,22.12094879
2023/5/22 3:02,100,22.11747742,100,22.02604294,100,21.95752335,100,22.12094879
2023/5/22 3:03,100,22.05960655,100,21.92476845,100,21.85625076,100,22.12094879
2023/5/22 3:04,100,22.11747742,100,21.92476845,100,21.84178352,100,22.01967621
2023/5/22 3:05,100,22.11747742,100,21.82349586,100,21.75497818,100,22.01967621
2023/5/22 3:06,100,22.04513931,100,21.82349586,100,21.65370369,95.00139618,21.91840172
2023/5/22 3:07,100,22.11747742,100,21.82349586,100,21.65370369,29.79947472,21.91840172
2023/5/22 3:08,100,22.01620293,100,21.82349586,100,21.56689835,0,21.81712914
2023/5/22 3:09,100,22.01620293,100,21.82349586,100,21.55243111,0,21.81712914
2023/5/22 3:10,100,22.01620293,100,21.765625,100,21.55243111,0,21.81712914
2023/5/22 3:11,100,22.01620293,100,21.82349586,100,21.65370369,0,21.81712914
2023/5/22 3:12,100,22.01620293,100,21.82349586,100,21.65370369,0,21.81712914
2023/5/22 3:13,100,22.01620293,100,21.82349586,100,21.65370369,0,21.81712914
2023/5/22 3:14,100,22.01620293,100,21.82349586,100,21.75497818,0,21.81712914
2023/5/22 3:15,100,22.11747742,100,21.82349586,100,21.85625076,0,21.81712914
2023/5/22 3:16,100,22.11747742,100,21.93923569,100,21.85625076,0,21.81712914
2023/5/22 3:17,100,22.11747742,100,21.82349586,100,21.75497818,0,21.81712914
2023/5/22 3:18,100,22.11747742,100,21.89583206,100,21.75497818,0,21.81712914
2023/5/22 3:19,100,22.21875,100,21.92476845,100,21.85625076,0,21.81712914
2023/5/22 3:20,100,22.11747742,100,21.82349586,100,21.75497818,0,21.91840172
2023/5/22 3:21,100,22.11747742,100,21.92476845,100,21.75497818,0,21.91840172
2023/5/22 3:22,100,22.01620293,100,21.93923569,100,21.75497818,0,21.91840172
2023/5/22 3:23,100,22.11747742,100,21.92476845,100,21.75497818,0,21.91840172
2023/5/22 3:24,100,22.11747742,100,21.93923569,100,21.75497818,0,21.91840172
2023/5/22 3:25,100,22.11747742,100,21.92476845,100,21.75497818,0.73338753,22.01967621
2023/5/22 3:26,100,22.11747742,100,21.93923569,100,21.85625076,15.5776062,22.01967621
2023/5/22 3:27,100,22.11747742,100,21.92476845,100,21.85625076,30.19974709,22.01967621
2023/5/22 3:28,100,22.11747742,100,22.01157379,100,21.85625076,44.79436874,22.01967621
2023/5/22 3:29,100,22.11747742,100,21.99710655,100,21.85625076,59.77789307,22.01967621
2023/5/22 3:30,100,22.11747742,100,22.02604294,100,21.85625076,100,22.12094879
2023/5/22 3:31,100,22.11747742,100,22.02604294,100,21.85625076,100,22.12094879
2023/5/22 3:32,100,22.11747742,100,21.92476845,100,21.75497818,100,22.12094879
2023/5/22 3:33,100,22.11747742,100,21.92476845,100,21.75497818,100,22.09201431
2023/5/22 3:34,100,22.11747742,100,21.92476845,100,21.65370369,100,22.01967621
2023/5/22 3:35,100,22.11747742,100,21.82349586,100,21.65370369,100,22.01967621
2023/5/22 3:36,100,22.11747742,100,21.75115776,100,21.55243111,100,22.01967621
2023/5/22 3:37,100,22.01620293,100,21.73669052,100,21.45115852,35.96826935,21.91840172
2023/5/22 3:38,100,22.01620293,100,21.73669052,100,21.55243111,0,21.81712914
2023/5/22 3:39,100,22.01620293,100,21.72222328,100,21.55243111,0,21.81712914
2023/5/22 3:40,100,22.01620293,100,21.73669052,100,21.55243111,0,21.81712914
2023/5/22 3:41,100,22.07407379,100,21.63541794,100,21.55243111,0,21.81712914
2023/5/22 3:42,100,22.11747742,100,21.63541794,100,21.55243111,0,21.81712914
2023/5/22 3:43,100,22.11747742,100,21.72222328,100,21.65370369,0,21.81712914
2023/5/22 3:44,100,22.11747742,100,21.72222328,100,21.65370369,0,21.81712914
2023/5/22 3:45,100,22.11747742,100,21.72222328,100,21.65370369,0,21.81712914
2023/5/22 3:46,100,22.11747742,100,21.82349586,100,21.65370369,0,21.81712914
2023/5/22 3:47,100,22.11747742,100,21.82349586,100,21.68264008,0,21.81712914
2023/5/22 3:48,100,22.11747742,100,21.82349586,100,21.75497818,0,21.81712914
2023/5/22 3:49,100,22.11747742,100,21.82349586,100,21.75497818,0,21.81712914
2023/5/22 3:50,100,22.11747742,100,21.92476845,100,21.75497818,0,21.90393448
2023/5/22 3:51,100,22.11747742,100,21.92476845,100,21.75497818,0,21.90393448
2023/5/22 3:52,100,22.13194466,100,21.92476845,100,21.85625076,0,21.91840172
2023/5/22 3:53,100,22.1464119,100,21.92476845,100,21.85625076,0,21.91840172
2023/5/22 3:54,100,22.11747742,100,21.92476845,100,21.85625076,0,21.91840172
2023/5/22 3:55,100,22.32002258,100,21.92476845,100,21.75497818,0,21.91840172
2023/5/22 3:56,100,22.21875,100,21.92476845,100,21.85625076,14.77706909,22.01967621
2023/5/22 3:57,100,22.32002258,100,21.92476845,100,21.85625076,29.33198166,22.01967621
2023/5/22 3:58,100,22.21875,100,21.93923569,100,21.85625076,48.12466049,22.01967621
2023/5/22 3:59,100,22.20428276,100,21.92476845,100,21.85625076,81.3422699,22.09201431
2023/5/22 4:00,100,22.21875,100,22.02604294,100,21.85625076,100,22.12094879
2023/5/22 4:01,100,22.21875,100,21.92476845,100,21.85625076,100,22.12094879
2023/5/22 4:02,100,22.21875,100,21.92476845,100,21.75497818,100,22.12094879
2023/5/22 4:03,100,22.21875,100,21.93923569,100,21.75497818,100,22.12094879
2023/5/22 4:04,100,22.21875,100,21.93923569,100,21.65370369,100,22.12094879
2023/5/22 4:05,100,22.11747742,100,21.82349586,100,21.55243111,100,22.01967621
2023/5/22 4:06,100,22.21875,100,21.82349586,100,21.63923645,100,22.01967621
2023/5/22 4:07,100,22.11747742,100,21.82349586,100,21.65370369,58.47188568,21.91840172
2023/5/22 4:08,100,22.11747742,100,21.92476845,100,21.75497818,0,21.91840172
2023/5/22 4:09,100,22.11747742,100,21.82349586,100,21.65370369,0,21.81712914
2023/5/22 4:10,100,22.11747742,100,21.82349586,100,21.65370369,0,21.81712914
2023/5/22 4:11,100,22.11747742,100,21.82349586,100,21.65370369,0,21.81712914
2023/5/22 4:12,100,22.11747742,100,21.82349586,100,21.65370369,0,21.81712914
2023/5/22 4:13,100,22.21875,100,21.82349586,100,21.65370369,0,21.81712914
2023/5/22 4:14,100,22.11747742,100,21.82349586,100,21.74051094,0,21.81712914
2023/5/22 4:15,100,22.21875,100,21.92476845,100,21.75497818,0,21.81712914
2023/5/22 4:16,100,22.11747742,100,21.92476845,100,21.75497818,0,21.81712914
2023/5/22 4:17,100,22.21875,100,21.92476845,100,21.75497818,0,21.81712914
2023/5/22 4:18,100,22.21875,100,21.92476845,100,21.84178352,0,21.81712914
2023/5/22 4:19,100,22.11747742,100,22.02604294,100,21.85625076,0,21.81712914
2023/5/22 4:20,100,22.21875,100,22.02604294,100,21.85625076,0,21.91840172
2023/5/22 4:21,100,22.21875,100,22.02604294,100,21.85625076,0,21.91840172
2023/5/22 4:22,100,22.21875,100,22.02604294,100,21.85625076,0,21.91840172
2023/5/22 4:23,100,22.21875,100,21.92476845,100,21.85625076,0,21.91840172
2023/5/22 4:24,100,22.21875,100,21.92476845,100,21.85625076,0,21.91840172
2023/5/22 4:25,100,22.21875,100,21.92476845,100,21.85625076,0.174278319,21.99073982
2023/5/22 4:26,100,22.21875,100,21.99710655,100,21.85625076,1.018139243,21.91840172
2023/5/22 4:27,100,22.21875,100,21.92476845,100,21.85625076,13.23845196,22.01967621
2023/5/22 4:28,100,22.21875,100,22.02604294,100,21.85625076,27.82318687,22.01967621
2023/5/22 4:29,100,22.21875,100,22.02604294,100,21.85625076,42.6893425,22.01967621
2023/5/22 4:30,100,22.21875,100,22.02604294,100,21.95752335,57.48553848,22.01967621
2023/5/22 4:31,100,22.21875,100,22.02604294,100,21.95752335,100,22.12094879
2023/5/22 4:32,100,22.21875,100,22.02604294,100,21.85625076,100,22.10648155
2023/5/22 4:33,100,22.21875,100,22.02604294,100,21.95752335,100,22.12094879
2023/5/22 4:34,100,22.32002258,100,22.02604294,100,21.870718,100,22.12094879
2023/5/22 4:35,100,22.30555534,100,22.02604294,100,21.85625076,100,22.01967621
2023/5/22 4:36,100,22.21875,100,21.92476845,100,21.85625076,100,22.01967621
2023/5/22 4:37,100,22.32002258,100,21.92476845,100,21.75497818,100,22.01967621
2023/5/22 4:38,100,22.21875,100,21.92476845,100,21.85625076,49.48417664,21.91840172
2023/5/22 4:39,100,22.21875,100,21.92476845,100,21.85625076,0,21.91840172
2023/5/22 4:40,100,22.21875,100,21.92476845,100,21.75497818,0,21.91840172
2023/5/22 4:41,100,22.20428276,100,21.93923569,100,21.65370369,0,21.81712914
2023/5/22 4:42,100,22.21875,100,21.82349586,100,21.65370369,0,21.81712914
2023/5/22 4:43,100,22.21875,100,21.92476845,100,21.74051094,0,21.81712914
2023/5/22 4:44,100,22.21875,100,21.92476845,100,21.75497818,0,21.81712914
2023/5/22 4:45,100,22.21875,100,21.92476845,100,21.75497818,0,21.81712914
2023/5/22 4:46,100,22.21875,100,21.92476845,100,21.75497818,0,21.8026619
2023/5/22 4:47,100,22.21875,100,21.93923569,100,21.75497818,0,21.81712914
2023/5/22 4:48,100,22.21875,100,21.92476845,100,21.75497818,0,21.81712914
2023/5/22 4:49,100,22.21875,100,21.92476845,100,21.82731628,0,21.81712914
2023/5/22 4:50,100,22.23321724,100,21.92476845,100,21.75497818,0,21.81712914
2023/5/22 4:51,100,22.32002258,100,21.92476845,100,21.75497818,0,21.81712914
2023/5/22 4:52,100,22.32002258,100,21.92476845,100,21.74051094,0,21.81712914
2023/5/22 4:53,100,22.21875,100,21.8379631,100,21.75497818,0,21.81712914
2023/5/22 4:54,100,22.21875,100,21.92476845,100,21.71157455,0,21.81712914
2023/5/22 4:55,100,22.21875,100,21.93923569,100,21.75497818,0,21.81712914
2023/5/22 4:56,100,22.32002258,100,21.92476845,100,21.85625076,0,21.81712914
2023/5/22 4:57,100,22.32002258,100,21.92476845,100,21.85625076,0,21.61458206
2023/5/22 4:58,100,22.21875,100,21.93923569,100,21.75497818,0,21.61458206
2023/5/22 4:59,100,22.21875,100,21.91030121,100,21.85625076,0,21.61458206
2023/5/22 5:00,100,22.21875,100,21.92476845,100,21.85625076,0,21.61458206
2023/5/22 5:01,100,22.21875,100,21.93923569,100,21.85625076,0,21.81712914
2023/5/22 5:02,100,22.21875,100,22.02604294,100,21.95752335,0,21.81712914
2023/5/22 5:03,100,22.32002258,100,22.02604294,100,21.95752335,0,21.81712914
2023/5/22 5:04,100,22.32002258,100,22.02604294,100,22.05879784,0,21.81712914
2023/5/22 5:05,100,22.32002258,100,22.02604294,100,22.05879784,0,21.81712914
2023/5/22 5:06,100,22.32002258,100,22.02604294,100,22.05879784,0,21.81712914
2023/5/22 5:07,100,22.32002258,100,22.11284828,100,22.05879784,0,21.88946724
2023/5/22 5:08,100,22.32002258,100,22.12731552,100,22.05879784,0,21.91840172
2023/5/22 5:09,100,22.30555534,100,22.02604294,100,21.95752335,0,21.91840172
2023/5/22 5:10,100,22.32002258,100,22.02604294,100,21.95752335,0,21.91840172
2023/5/22 5:11,100,22.32002258,100,22.02604294,100,21.95752335,0,21.91840172
2023/5/22 5:12,100,22.32002258,100,22.11284828,100,22.05879784,0,21.90393448
2023/5/22 5:13,100,22.32002258,100,22.12731552,100,22.05879784,0,21.93287086
2023/5/22 5:14,100,22.32002258,100,22.12731552,100,21.97199059,7.374326229,22.01967621
2023/5/22 5:15,100,22.30555534,100,22.12731552,100,22.05879784,22.12381935,22.01967621
2023/5/22 5:16,100,22.32002258,100,22.12731552,100,22.05879784,36.87514877,22.01967621
2023/5/22 5:17,100,22.23321724,100,22.12731552,100,22.05879784,51.77733612,22.01967621
2023/5/22 5:18,100,22.32002258,100,22.12731552,100,22.05879784,66.33190155,22.01967621
2023/5/22 5:19,100,22.32002258,100,22.12731552,100,22.13113594,81.29581451,22.01967621
2023/5/22 5:20,100,22.32002258,100,22.12731552,100,22.05879784,95.86444855,22.01967621
2023/5/22 5:21,100,22.32002258,100,22.02604294,100,21.85625076,100,22.01967621
2023/5/22 5:22,100,22.32002258,100,22.02604294,100,21.85625076,100,22.01967621
2023/5/22 5:23,100,22.32002258,100,22.02604294,100,21.85625076,77.12672424,21.91840172
2023/5/22 5:24,100,22.32002258,100,22.02604294,100,21.85625076,11.81350422,21.91840172
2023/5/22 5:25,100,22.32002258,100,21.92476845,100,21.85625076,0,21.81712914
2023/5/22 5:26,100,22.21875,100,21.92476845,100,21.75497818,0,21.81712914
2023/5/22 5:27,100,22.32002258,100,21.92476845,100,21.75497818,0,21.81712914
2023/5/22 5:28,100,22.21875,100,22.02604294,100,21.75497818,0,21.81712914
2023/5/22 5:29,100,22.21875,100,21.93923569,100,21.75497818,0,21.81712914
2023/5/22 5:30,100,22.21875,100,21.92476845,100,21.75497818,0,21.81712914
2023/5/22 5:31,100,22.21875,100,22.02604294,100,21.75497818,0,21.81712914
2023/5/22 5:32,100,22.21875,100,22.02604294,100,21.85625076,0,21.81712914
2023/5/22 5:33,100,22.32002258,100,22.02604294,100,21.85625076,0,21.81712914
2023/5/22 5:34,100,22.32002258,100,22.02604294,100,21.85625076,0,21.81712914
2023/5/22 5:35,100,22.32002258,100,22.02604294,100,21.85625076,0,21.81712914
2023/5/22 5:36,100,22.32002258,100,22.02604294,100,21.95752335,0,21.81712914
2023/5/22 5:37,100,22.32002258,100,22.12731552,100,21.95752335,0,21.81712914
2023/5/22 5:38,100,22.32002258,100,22.12731552,100,21.95752335,0,21.81712914
2023/5/22 5:39,100,22.32002258,100,22.12731552,100,21.94305611,0,21.81712914
2023/5/22 5:40,100,22.32002258,100,22.12731552,100,22.05879784,0,21.81712914
2023/5/22 5:41,100,22.32002258,100,22.12731552,100,22.05879784,0,21.81712914
2023/5/22 5:42,100,22.32002258,100,22.12731552,100,22.05879784,0,21.81712914
2023/5/22 5:43,100,22.32002258,100,22.02604294,100,21.95752335,0,21.81712914
2023/5/22 5:44,100,22.21875,100,22.02604294,100,21.95752335,0,21.81712914
2023/5/22 5:45,100,22.21875,100,22.01157379,100,21.95752335,0,21.8026619
2023/5/22 5:46,100,22.32002258,100,22.02604294,100,21.95752335,0,21.81712914
2023/5/22 5:47,100,22.32002258,100,22.12731552,100,22.05879784,0,21.81712914
2023/5/22 5:48,100,22.32002258,100,22.02604294,100,22.05879784,0,21.81712914
2023/5/22 5:49,100,22.32002258,100,22.02604294,100,22.05879784,0,21.81712914
2023/5/22 5:50,100,22.32002258,100,22.12731552,100,22.16007042,0,21.81712914
2023/5/22 5:51,100,22.32002258,100,22.12731552,100,22.05879784,0,21.81712914
2023/5/22 5:52,100,22.30555534,100,22.12731552,100,22.05879784,0,21.81712914
2023/5/22 5:53,100,22.32002258,100,22.12731552,100,22.05879784,0,21.81712914
2023/5/22 5:54,100,22.21875,100,22.02604294,100,22.04432869,0,21.81712914
2023/5/22 5:55,100,22.20428276,100,22.02604294,100,21.95752335,0,21.81712914
2023/5/22 5:56,100,22.32002258,100,22.02604294,100,21.95752335,0,21.81712914
2023/5/22 5:57,100,22.32002258,100,22.12731552,100,22.05879784,0,21.81712914
2023/5/22 5:58,100,22.32002258,100,22.12731552,100,22.04432869,0,21.81712914
2023/5/22 5:59,100,22.32002258,100,22.12731552,100,22.02986145,0,21.81712914
2023/5/22 6:00,100,22.32002258,100,22.12731552,100,22.05879784,0,21.81712914
2023/5/22 6:01,100,22.32002258,100,22.2285881,100,22.05879784,0,21.81712914
2023/5/22 6:02,100,22.32002258,100,22.12731552,100,22.05879784,0,21.81712914
2023/5/22 6:03,100,22.32002258,100,22.2285881,100,22.05879784,0,21.81712914
2023/5/22 6:04,100,22.32002258,100,22.2285881,100,22.05879784,0,21.81712914
2023/5/22 6:05,100,22.32002258,100,22.18518448,100,22.05879784,0,21.81712914
2023/5/22 6:06,100,22.32002258,100,22.2285881,100,22.05879784,0,21.81712914
2023/5/22 6:07,100,22.01620293,100,22.19965172,100,22.05879784,0,21.81712914
2023/5/22 6:08,100,22.01620293,100,22.2285881,100,22.05879784,0,21.81712914
2023/5/22 6:09,100,22.01620293,100,22.2285881,100,22.05879784,0,21.81712914
2023/5/22 6:10,100,22.01620293,100,22.2285881,100,22.05879784,0,21.81712914
2023/5/22 6:11,100,22.01620293,100,22.2285881,100,22.16007042,0,21.81712914
2023/5/22 6:12,100,22.32002258,100,22.2285881,100,22.16007042,0,21.81712914
2023/5/22 6:13,100,22.32002258,100,22.2285881,100,22.05879784,0,21.81712914
2023/5/22 6:14,100,22.32002258,100,22.12731552,100,22.05879784,0,21.81712914
2023/5/22 6:15,100,22.01620293,100,22.12731552,100,21.95752335,0,21.81712914
2023/5/22 6:16,100,22.01620293,100,22.12731552,100,21.95752335,0,21.81712914
2023/5/22 6:17,100,22.01620293,100,22.12731552,100,22.01539421,0,21.81712914
2023/5/22 6:18,100,22.01620293,100,22.12731552,100,22.05879784,0,21.81712914
2023/5/22 6:19,100,22.01620293,100,22.2285881,100,22.05879784,0,21.81712914
2023/5/22 6:20,100,22.01620293,100,22.2285881,100,22.05879784,0,21.81712914
2023/5/22 6:21,100,22.01620293,100,22.2285881,100,22.16007042,0,21.81712914
2023/5/22 6:22,100,22.01620293,100,22.2285881,100,22.14560318,0,21.81712914
2023/5/22 6:23,100,22.01620293,100,22.2285881,100,22.05879784,0,21.81712914
2023/5/22 6:24,100,22.01620293,100,22.2285881,100,22.05879784,0,21.81712914
2023/5/22 6:25,100,22.01620293,100,22.2285881,100,22.16007042,0,21.81712914
2023/5/22 6:26,100,22.01620293,100,22.2285881,100,22.16007042,0,21.8026619
2023/5/22 6:27,100,22.11747742,100,22.2285881,100,22.16007042,0,21.81712914
2023/5/22 6:28,100,22.11747742,100,22.2285881,100,22.16007042,0,21.81712914
2023/5/22 6:29,100,22.11747742,100,22.2285881,100,22.05879784,0,21.81712914
2023/5/22 6:30,100,22.01620293,100,22.2285881,100,22.05879784,0,21.81712914
2023/5/22 6:31,100,22.11747742,100,22.2285881,100,22.05879784,0,21.81712914
2023/5/22 6:32,100,22.01620293,100,22.2285881,100,22.05879784,0,21.81712914
2023/5/22 6:33,100,22.11747742,100,22.2285881,100,22.05879784,0,21.81712914
2023/5/22 6:34,100,22.11747742,100,22.2285881,100,22.05879784,0,21.81712914
2023/5/22 6:35,100,22.01620293,100,22.21412086,100,22.05879784,0,21.81712914
2023/5/22 6:36,100,22.01620293,100,22.2285881,100,22.16007042,0,21.81712914
2023/5/22 6:37,100,22.11747742,100,22.2285881,100,22.14560318,0,21.81712914
2023/5/22 6:38,100,22.11747742,100,22.32986069,100,22.16007042,0,21.81712914
2023/5/22 6:39,100,22.11747742,100,22.32986069,100,22.16007042,0,21.81712914
2023/5/22 6:40,100,22.11747742,100,22.32986069,100,22.261343,0,21.91840172
2023/5/22 6:41,100,22.11747742,100,22.32986069,100,22.261343,0,21.91840172
2023/5/22 6:42,100,22.11747742,100,22.32986069,100,22.261343,0,21.91840172
2023/5/22 6:43,100,22.11747742,100,22.32986069,100,22.261343,0,21.91840172
2023/5/22 6:44,100,22.11747742,100,22.32986069,100,22.261343,0,21.91840172
2023/5/22 6:45,100,22.11747742,100,22.37326431,100,22.261343,0,21.91840172
2023/5/22 6:46,100,22.11747742,100,22.43113518,100,22.36261559,0,21.91840172
2023/5/22 6:47,100,22.11747742,100,22.43113518,100,22.36261559,0,21.91840172
2023/5/22 6:48,100,22.11747742,100,22.43113518,100,22.261343,0,21.91840172
2023/5/22 6:49,100,22.10301018,100,22.32986069,100,22.261343,0,21.91840172
2023/5/22 6:50,100,22.11747742,100,22.41666794,100,22.261343,0,21.91840172
2023/5/22 6:51,100,22.11747742,100,22.32986069,100,22.17453766,0,21.91840172
2023/5/22 6:52,100,22.11747742,100,22.32986069,100,22.16007042,0,21.91840172
2023/5/22 6:53,100,22.11747742,100,22.32986069,100,22.16007042,0,21.91840172
2023/5/22 6:54,100,22.01620293,100,22.32986069,100,22.16007042,0,21.91840172
2023/5/22 6:55,100,22.11747742,100,22.31539345,100,22.261343,0,21.91840172
2023/5/22 6:56,100,22.11747742,100,22.43113518,100,22.261343,0,21.91840172
2023/5/22 6:57,100,22.11747742,100,22.32986069,100,22.261343,0,21.91840172
2023/5/22 6:58,100,22.11747742,100,22.32986069,100,22.16007042,0,21.91840172
2023/5/22 6:59,100,22.11747742,100,22.32986069,100,22.16007042,0,21.91840172
2023/5/22 7:00,100,22.11747742,100,22.32986069,100,22.261343,0,21.91840172
2023/5/22 7:01,100,22.11747742,100,22.32986069,100,22.261343,0,21.91840172
2023/5/22 7:02,100,22.11747742,100,22.32986069,100,22.261343,0,21.91840172
2023/5/22 7:03,100,22.11747742,100,22.32986069,100,22.261343,0,21.91840172
2023/5/22 7:04,100,22.11747742,100,22.43113518,100,22.261343,0,21.91840172
2023/5/22 7:05,100,22.11747742,100,22.43113518,100,22.261343,0,21.91840172
2023/5/22 7:06,100,22.11747742,100,22.41666794,100,22.261343,0,21.91840172
2023/5/22 7:07,100,22.11747742,100,22.43113518,100,22.261343,0,21.91840172
2023/5/22 7:08,100,22.11747742,100,22.35879707,100,22.261343,0,21.91840172
2023/5/22 7:09,100,22.11747742,100,22.43113518,100,22.261343,0,21.91840172
2023/5/22 7:10,100,22.21875,100,22.43113518,100,22.36261559,1.818292975,22.01967621
2023/5/22 7:11,100,22.21875,100,22.43113518,100,22.36261559,15.71333885,22.00520706
2023/5/22 7:12,100,22.11747742,100,22.44560242,100,22.46389008,30.74138069,22.01967621
2023/5/22 7:13,100,22.21875,100,22.53240776,100,22.46389008,45.50410843,22.01967621
2023/5/22 7:14,100,22.21875,100,22.43113518,100,22.46389008,59.78707504,22.01967621
2023/5/22 7:15,100,22.21875,100,22.51794052,100,22.46389008,74.76999664,22.01967621
2023/5/22 7:16,100,22.21875,100,22.53240776,100,22.46389008,89.58745575,22.01967621
2023/5/22 7:17,100,22.21875,100,22.43113518,100,22.36261559,97.47285461,22.00520706
2023/5/22 7:18,100,22.21875,100,22.43113518,100,22.261343,35.00830078,21.91840172
2023/5/22 7:19,100,22.11747742,100,22.43113518,100,22.261343,0,21.91840172
2023/5/22 7:20,100,22.11747742,100,22.32986069,100,22.261343,0,21.83159828
2023/5/22 7:21,100,22.11747742,100,22.32986069,100,22.16007042,0,21.81712914
2023/5/22 7:22,100,22.11747742,100,22.32986069,100,22.261343,0,21.83159828
2023/5/22 7:23,100,22.11747742,100,22.32986069,100,22.261343,0,21.81712914
2023/5/22 7:24,100,22.01620293,100,22.32986069,100,22.17453766,0,21.81712914
2023/5/22 7:25,100,22.01620293,100,22.32986069,100,22.16007042,0,21.81712914
2023/5/22 7:26,100,22.01620293,100,22.2285881,100,22.05879784,0,21.81712914
2023/5/22 7:27,100,22.01620293,100,22.2285881,100,22.14560318,0,21.81712914
2023/5/22 7:28,100,22.01620293,100,22.25752258,100,22.16007042,0,21.81712914
2023/5/22 7:29,100,22.11747742,100,22.32986069,100,22.16007042,0,21.81712914
2023/5/22 7:30,100,22.11747742,100,22.32986069,100,22.261343,0,21.81712914
2023/5/22 7:31,100,22.10301018,100,22.32986069,100,22.261343,0,21.81712914
2023/5/22 7:32,100,22.11747742,100,22.43113518,100,22.261343,0,21.81712914
2023/5/22 7:33,100,22.01620293,100,22.43113518,100,22.261343,0,21.81712914
2023/5/22 7:34,100,22.01620293,100,22.41666794,100,22.261343,0,21.81712914
2023/5/22 7:35,100,22.11747742,100,22.43113518,100,22.36261559,0,21.81712914
2023/5/22 7:36,100,22.01620293,100,22.37326431,100,22.261343,0,21.81712914
2023/5/22 7:37,100,22.01620293,100,22.32986069,100,22.16007042,0,21.81712914
2023/5/22 7:38,100,22.01620293,100,22.32986069,100,22.16007042,0,21.81712914
2023/5/22 7:39,100,22.01620293,100,22.32986069,100,22.16007042,0,21.81712914
2023/5/22 7:40,100,22.11747742,100,22.32986069,100,22.05879784,0,21.81712914
2023/5/22 7:41,100,22.11747742,100,22.31539345,100,22.05879784,0,21.81712914
2023/5/22 7:42,100,22.01620293,100,22.32986069,100,22.05879784,0,21.81712914
2023/5/22 7:43,100,22.01620293,100,22.32986069,100,22.16007042,0,21.81712914
2023/5/22 7:44,100,22.01620293,100,22.32986069,100,22.16007042,0,21.81712914
2023/5/22 7:45,100,22.01620293,100,22.32986069,100,22.16007042,0,21.81712914
2023/5/22 7:46,100,22.01620293,100,22.31539345,100,22.05879784,0,21.8026619
2023/5/22 7:47,100,22.11747742,100,22.30092621,100,22.05879784,0,21.81712914
2023/5/22 7:48,100,22.04513931,100,22.32986069,100,22.07326508,0,21.81712914
2023/5/22 7:49,100,22.01620293,100,22.32986069,100,22.16007042,0,21.81712914
2023/5/22 7:50,100,22.01620293,100,22.31539345,100,22.16007042,0,21.81712914
2023/5/22 7:51,100,22.11747742,100,22.2285881,100,22.16007042,0,21.81712914
2023/5/22 7:52,100,22.10301018,100,22.32986069,100,22.16007042,0,21.81712914
2023/5/22 7:53,100,22.01620293,100,22.32986069,100,22.261343,0,21.81712914
2023/5/22 7:54,100,22.11747742,100,22.32986069,100,22.261343,0,21.81712914
2023/5/22 7:55,100,22.11747742,100,22.31539345,100,22.261343,0,21.81712914
2023/5/22 7:56,100,22.11747742,100,22.37326431,100,22.261343,0,21.81712914
2023/5/22 7:57,100,22.01620293,100,22.43113518,100,22.261343,0,21.81712914
2023/5/22 7:58,100,22.01620293,100,22.32986069,100,22.261343,0,21.81712914
2023/5/22 7:59,100,22.01620293,100,22.32986069,100,22.261343,0,21.81712914
2023/5/22 8:00,100,22.01620293,100,22.31539345,100,22.261343,0,21.81712914
2023/5/22 8:01,100,22.01620293,100,22.32986069,100,22.16007042,0,21.81712914
2023/5/22 8:02,100,22.01620293,100,22.32986069,100,22.16007042,0,21.81712914
2023/5/22 8:03,100,22.11747742,100,22.32986069,100,22.16007042,0,21.81712914
2023/5/22 8:04,100,22.11747742,100,22.32986069,100,22.16007042,0,21.81712914
2023/5/22 8:05,100,22.11747742,100,22.32986069,100,22.16007042,0,21.81712914
2023/5/22 8:06,100,22.11747742,100,22.32986069,100,22.16007042,0,21.81712914
2023/5/22 8:07,100,22.11747742,100,22.32986069,100,22.261343,0,21.81712914
2023/5/22 8:08,100,22.11747742,100,22.43113518,100,22.21794128,0,21.81712914
2023/5/22 8:09,100,22.11747742,100,22.43113518,100,22.27581024,0,21.81712914
2023/5/22 8:10,100,22.01620293,100,22.43113518,100,22.36261559,0,21.81712914
2023/5/22 8:11,100,22.01620293,100,22.43113518,100,22.261343,0,21.81712914
2023/5/22 8:12,100,22.01620293,100,22.35879707,100,22.261343,0,21.91840172
2023/5/22 8:13,100,22.01620293,100,22.32986069,100,22.261343,0,21.91840172
2023/5/22 8:14,100,22.11747742,100,22.43113518,100,22.34814835,0,21.88946724
2023/5/22 8:15,100,22.01620293,100,22.43113518,100,22.261343,0,21.81712914
2023/5/22 8:16,100,22.11747742,100,22.41666794,100,22.261343,0,21.81712914
2023/5/22 8:17,100,22.01620293,100,22.32986069,100,22.16007042,0,21.81712914
2023/5/22 8:18,100,22.01620293,100,22.32986069,100,22.16007042,0,21.81712914
2023/5/22 8:19,100,22.01620293,100,22.32986069,100,22.16007042,0,21.81712914
2023/5/22 8:20,100,22.01620293,100,22.32986069,100,22.16007042,0,21.81712914
2023/5/22 8:21,100,22.01620293,100,22.2285881,100,22.07326508,0,21.81712914
2023/5/22 8:22,100,22.01620293,100,22.2285881,100,22.05879784,0,21.81712914
2023/5/22 8:23,100,22.01620293,100,22.2285881,100,22.05879784,0,21.81712914
2023/5/22 8:24,100,22.01620293,100,22.2285881,100,22.05879784,0,21.81712914
2023/5/22 8:25,100,22.01620293,100,22.2285881,100,22.05879784,0,21.81712914
2023/5/22 8:26,100,22.01620293,100,22.2285881,100,22.16007042,0,21.81712914
2023/5/22 8:27,100,22.01620293,100,22.25752258,100,22.16007042,0,21.8026619
2023/5/22 8:28,100,22.11747742,100,22.32986069,100,22.16007042,0,21.81712914
2023/5/22 8:29,100,22.11747742,100,22.32986069,100,22.261343,0,21.81712914
2023/5/22 8:30,100,22.11747742,100,22.32986069,100,22.16007042,0,21.81712914
2023/5/22 8:31,100,22.11747742,100,22.32986069,100,22.261343,0,21.81712914
2023/5/22 8:32,100,22.11747742,100,22.43113518,100,22.261343,0,21.81712914
2023/5/22 8:33,100,22.01620293,100,22.43113518,100,22.261343,0,21.81712914
2023/5/22 8:34,100,22.01620293,100,22.41666794,100,22.261343,0,21.91840172
2023/5/22 8:35,100,22.01620293,100,22.43113518,100,22.261343,0,21.91840172
2023/5/22 8:36,100,22.08854294,100,22.43113518,100,22.261343,0,21.81712914
2023/5/22 8:37,100,22.01620293,100,22.43113518,100,22.261343,0,21.81712914
2023/5/22 8:38,100,22.11747742,100,22.43113518,100,22.261343,0,21.81712914
2023/5/22 8:39,100,22.04513931,100,22.43113518,100,22.261343,0,21.81712914
2023/5/22 8:40,100,22.01620293,100,22.43113518,100,22.261343,0,21.81712914
2023/5/22 8:41,100,22.01620293,100,22.43113518,100,22.261343,0,21.81712914
2023/5/22 8:42,100,22.11747742,100,22.43113518,100,22.261343,0,21.81712914
2023/5/22 8:43,100,22.11747742,100,22.43113518,100,22.261343,0,21.81712914
2023/5/22 8:44,100,22.11747742,100,22.43113518,100,22.36261559,0,21.90393448
2023/5/22 8:45,100,22.11747742,100,22.43113518,100,22.27581024,0,21.91840172
2023/5/22 8:46,100,22.11747742,100,22.43113518,100,22.36261559,0,21.91840172
2023/5/22 8:47,100,22.21875,100,22.43113518,100,22.261343,0,21.91840172
2023/5/22 8:48,100,22.11747742,100,22.43113518,100,22.261343,0,21.91840172
2023/5/22 8:49,100,22.11747742,100,22.43113518,100,22.31921387,0,21.91840172
2023/5/22 8:50,100,22.11747742,100,22.43113518,100,22.36261559,0,21.91840172
2023/5/22 8:51,100,22.11747742,100,22.51794052,100,22.46389008,0,21.91840172
2023/5/22 8:52,100,22.11747742,100,22.53240776,100,22.46389008,0,21.91840172
2023/5/22 8:53,100,22.11747742,100,22.53240776,100,22.36261559,0,21.91840172
2023/5/22 8:54,100,22.11747742,100,22.53240776,100,22.46389008,0,21.91840172
2023/5/22 8:55,100,22.11747742,100,22.53240776,100,22.46389008,0.955435157,22.01967621
2023/5/22 8:56,100,22.11747742,100,22.53240776,100,22.36261559,15.07041359,22.01967621
2023/5/22 8:57,100,22.11747742,100,22.41666794,100,22.36261559,30.00663948,22.01967621
2023/5/22 8:58,100,22.11747742,100,22.43113518,100,22.36261559,44.75894165,22.01967621
2023/5/22 8:59,100,22.11747742,100,22.44560242,100,22.261343,1.41218698,21.91840172
2023/5/22 9:00,100,22.11747742,100,22.43113518,100,22.36261559,0,21.91840172
2023/5/22 9:01,100,22.11747742,100,22.43113518,100,22.36261559,0,21.91840172
2023/5/22 9:02,100,22.11747742,100,22.43113518,100,22.261343,0,21.91840172
2023/5/22 9:03,100,22.11747742,100,22.43113518,100,22.261343,0,21.91840172
2023/5/22 9:04,100,22.11747742,100,22.43113518,100,22.261343,0,21.91840172
2023/5/22 9:05,100,22.11747742,100,22.43113518,100,22.261343,0,21.91840172
2023/5/22 9:06,100,22.11747742,100,22.32986069,100,22.261343,0,21.91840172
2023/5/22 9:07,100,22.11747742,100,22.43113518,100,22.16007042,0,21.91840172
2023/5/22 9:08,100,22.11747742,100,22.32986069,100,22.16007042,0,21.91840172
2023/5/22 9:09,100,22.21875,100,22.32986069,100,22.16007042,0,21.91840172
2023/5/22 9:10,100,22.11747742,100,22.32986069,100,22.16007042,0,21.91840172
2023/5/22 9:11,100,22.11747742,100,22.43113518,100,22.16007042,0,21.91840172
2023/5/22 9:12,100,22.11747742,100,22.32986069,100,22.16007042,0,21.91840172
2023/5/22 9:13,100,22.01620293,100,22.32986069,100,22.16007042,0,21.81712914
2023/5/22 9:14,100,22.11747742,100,22.32986069,100,22.05879784,0,21.8026619
2023/5/22 9:15,100,22.11747742,100,22.2285881,100,22.05879784,0,21.81712914
2023/5/22 9:16,100,22.11747742,100,22.2285881,100,22.05879784,0,21.81712914
2023/5/22 9:17,100,22.10301018,100,22.12731552,100,22.05879784,0,21.81712914
2023/5/22 9:18,100,22.11747742,100,22.12731552,100,21.95752335,0,21.81712914
2023/5/22 9:19,100,22.10301018,100,22.12731552,100,21.95752335,0,21.81712914
2023/5/22 9:20,100,22.11747742,100,22.12731552,100,21.95752335,0,21.81712914
2023/5/22 9:21,100,22.11747742,100,22.2285881,100,21.95752335,0,21.81712914
2023/5/22 9:22,100,22.10301018,100,22.2285881,100,22.05879784,0,21.81712914
2023/5/22 9:23,100,22.01620293,100,22.2285881,100,22.05879784,0,21.81712914
2023/5/22 9:24,100,22.11747742,100,22.2285881,100,22.05879784,0,21.81712914
2023/5/22 9:25,100,22.11747742,100,22.25752258,100,22.05879784,0,21.81712914
2023/5/22 9:26,100,22.11747742,100,22.2285881,100,22.05879784,0,21.81712914
2023/5/22 9:27,100,22.11747742,100,22.32986069,100,22.05879784,0,21.81712914
2023/5/22 9:28,100,22.11747742,100,22.32986069,100,22.16007042,0,21.81712914
2023/5/22 9:29,100,22.11747742,100,22.32986069,100,22.16007042,0,21.81712914
2023/5/22 9:30,100,22.11747742,100,22.32986069,100,22.05879784,0,21.81712914
2023/5/22 9:31,100,22.11747742,100,22.32986069,100,22.07326508,0,21.81712914
2023/5/22 9:32,100,22.11747742,100,22.32986069,100,22.16007042,0,21.81712914
2023/5/22 9:33,100,22.11747742,100,22.32986069,100,22.16007042,0,21.81712914
2023/5/22 9:34,100,22.11747742,100,22.32986069,100,22.14560318,0,21.81712914
2023/5/22 9:35,100,22.01620293,100,22.32986069,100,22.16007042,0,21.81712914
2023/5/22 9:36,100,22.01620293,100,22.32986069,100,22.05879784,0,21.81712914
2023/5/22 9:37,100,22.01620293,100,22.32986069,100,22.05879784,0,21.81712914
2023/5/22 9:38,100,22.01620293,100,22.32986069,100,22.05879784,0,21.81712914
2023/5/22 9:39,100,22.01620293,100,22.2285881,100,21.95752335,0,21.81712914
2023/5/22 9:40,100,22.11747742,100,22.12731552,100,21.95752335,0,21.81712914
2023/5/22 9:41,100,22.11747742,100,22.12731552,100,21.95752335,0,21.81712914
2023/5/22 9:42,100,22.11747742,100,22.12731552,100,22.05879784,0,21.81712914
2023/5/22 9:43,100,22.11747742,100,22.12731552,100,22.05879784,0,21.81712914
2023/5/22 9:44,100,22.11747742,100,22.12731552,100,21.95752335,0,21.81712914
2023/5/22 9:45,100,22.11747742,100,22.12731552,100,21.95752335,0,21.81712914
2023/5/22 9:46,100,22.11747742,100,22.12731552,100,21.95752335,0,21.81712914
2023/5/22 9:47,100,22.11747742,100,22.12731552,100,21.95752335,0,21.81712914
2023/5/22 9:48,100,22.11747742,100,22.2285881,100,22.05879784,0,21.91840172
2023/5/22 9:49,100,22.10301018,100,22.2285881,100,22.16007042,0,21.91840172
2023/5/22 9:50,100,22.11747742,100,22.2285881,100,22.14560318,0,21.91840172
2023/5/22 9:51,100,22.11747742,100,22.2285881,100,22.16007042,0,21.91840172
2023/5/22 9:52,100,22.11747742,100,22.2285881,100,22.16007042,0,21.91840172
2023/5/22 9:53,100,22.11747742,100,22.32986069,100,22.16007042,0,21.91840172
2023/5/22 9:54,100,22.11747742,100,22.32986069,100,22.16007042,0,21.91840172
2023/5/22 9:55,100,22.11747742,100,22.2285881,100,22.16007042,0,21.91840172
2023/5/22 9:56,100,22.11747742,100,22.2285881,100,22.16007042,6.068900108,22.01967621
2023/5/22 9:57,100,22.01620293,100,22.2285881,100,22.261343,20.51189041,22.01967621
2023/5/22 9:58,100,22.01620293,100,22.12731552,100,22.24687576,35.42650986,22.01967621
2023/5/22 9:59,100,22.08854294,100,22.12731552,100,22.16007042,50.30256271,22.00520706
2023/5/22 10:00,100,22.11747742,100,22.12731552,100,22.16007042,64.92936707,22.01967621
2023/5/22 10:01,100,22.11747742,100,22.12731552,100,22.16007042,79.2485199,22.01967621
2023/5/22 10:02,100,22.11747742,100,22.12731552,100,22.16007042,94.24156189,22.01967621
2023/5/22 10:03,100,22.11747742,100,22.12731552,100,22.05879784,100,22.01967621
2023/5/22 10:04,100,22.11747742,100,22.12731552,100,22.05879784,100,22.01967621
2023/5/22 10:05,100,22.11747742,100,22.02604294,100,22.05879784,96.47880554,21.91840172
2023/5/22 10:06,100,22.11747742,100,22.02604294,100,21.95752335,31.80200195,21.91840172
2023/5/22 10:07,100,22.11747742,100,22.02604294,100,21.95752335,0,21.91840172
2023/5/22 10:08,100,22.11747742,100,21.92476845,100,21.85625076,0,21.81712914
2023/5/22 10:09,100,22.11747742,100,21.92476845,100,21.85625076,0,21.81712914
2023/5/22 10:10,100,22.11747742,100,21.92476845,100,21.95752335,0,21.81712914
2023/5/22 10:11,100,22.01620293,100,21.92476845,100,21.94305611,0,21.81712914
2023/5/22 10:12,100,22.01620293,100,21.92476845,100,21.95752335,0,21.81712914
2023/5/22 10:13,100,22.01620293,100,21.92476845,100,21.95752335,0,21.8026619
2023/5/22 10:14,100,22.01620293,100,21.82349586,100,21.95752335,0,21.81712914
2023/5/22 10:15,100,22.01620293,100,21.92476845,100,21.94305611,0,21.81712914
2023/5/22 10:16,100,22.01620293,100,21.92476845,100,22.05879784,0,21.81712914
2023/5/22 10:17,100,22.01620293,100,21.92476845,100,22.05879784,0,21.81712914
2023/5/22 10:18,100,22.01620293,100,21.92476845,100,22.04432869,0,21.81712914
2023/5/22 10:19,100,22.03067207,100,21.93923569,100,22.05879784,0,21.81712914
2023/5/22 10:20,100,22.00173569,100,21.93923569,100,22.04432869,0,21.91840172
2023/5/22 10:21,100,22.01620293,100,21.92476845,100,22.05879784,0,21.91840172
2023/5/22 10:22,100,22.01620293,100,21.92476845,100,22.05879784,0,21.91840172
2023/5/22 10:23,100,22.01620293,100,21.92476845,100,22.05879784,0,21.91840172
2023/5/22 10:24,100,22.01620293,100,21.92476845,100,21.94305611,0,21.91840172
2023/5/22 10:25,100,22.21875,100,21.93923569,100,21.91412163,0,21.91840172
2023/5/22 10:26,100,22.32002258,100,21.92476845,100,21.95752335,0,21.91840172
2023/5/22 10:27,100,22.01620293,100,21.92476845,100,22.05879784,0,21.91840172
2023/5/22 10:28,100,22.32002258,100,22.02604294,100,22.04432869,0,21.91840172
2023/5/22 10:29,100,22.01620293,100,22.02604294,100,22.16007042,0,21.91840172
2023/5/22 10:30,100,22.01620293,100,22.02604294,100,22.14560318,0,21.91840172
2023/5/22 10:31,100,22.01620293,100,22.02604294,100,22.16007042,0,21.91840172
2023/5/22 10:32,100,22.11747742,100,22.12731552,100,22.16007042,0,21.91840172
2023/5/22 10:33,100,22.01620293,100,22.12731552,100,22.10219955,0,21.91840172
2023/5/22 10:34,100,22.01620293,100,22.2285881,100,22.16007042,0,21.91840172
2023/5/22 10:35,100,22.01620293,100,22.12731552,100,22.05879784,0,21.91840172
2023/5/22 10:36,100,22.01620293,100,22.12731552,100,22.04432869,0,21.91840172
2023/5/22 10:37,100,22.01620293,100,22.02604294,100,22.05879784,0,21.91840172
2023/5/22 10:38,100,22.01620293,100,22.02604294,100,21.95752335,0,21.91840172
2023/5/22 10:39,100,22.01620293,100,22.02604294,100,21.94305611,0,21.91840172
2023/5/22 10:40,100,22.32002258,100,22.02604294,100,22.13113594,0,21.91840172
2023/5/22 10:41,100,22.32002258,100,22.02604294,100,22.05879784,0,21.91840172
2023/5/22 10:42,100,22.32002258,100,22.12731552,100,22.16007042,0,21.91840172
2023/5/22 10:43,100,22.32002258,100,22.12731552,100,22.16007042,0,21.91840172
2023/5/22 10:44,100,22.32002258,100,22.12731552,100,22.16007042,0,21.91840172
2023/5/22 10:45,100,22.32002258,100,22.05497742,100,22.04432869,0,21.91840172
2023/5/22 10:46,100,22.32002258,100,22.02604294,100,22.00092697,0,21.91840172
2023/5/22 10:47,100,22.32002258,100,22.02604294,100,21.95752335,0,21.91840172
2023/5/22 10:48,100,22.32002258,100,22.02604294,100,21.95752335,0,21.91840172
2023/5/22 10:49,100,22.32002258,100,22.02604294,100,22.04432869,0,21.91840172
2023/5/22 10:50,100,22.32002258,100,22.12731552,100,22.05879784,0,21.91840172
2023/5/22 10:51,100,22.32002258,100,22.02604294,100,22.05879784,0,21.91840172
2023/5/22 10:52,100,22.32002258,100,21.92476845,100,21.95752335,0,21.91840172
2023/5/22 10:53,100,22.01620293,100,21.92476845,100,21.95752335,0,21.91840172
2023/5/22 10:54,100,22.11747742,100,21.92476845,100,22.05879784,7.434244633,22.01967621
2023/5/22 10:55,100,22.11747742,100,21.92476845,100,22.05879784,22.21146011,22.01967621
2023/5/22 10:56,100,22.11747742,100,21.92476845,100,22.10219955,36.86914444,22.01967621
2023/5/22 10:57,100,22.11747742,100,22.02604294,100,22.05879784,51.57195663,22.01967621
2023/5/22 10:58,100,22.11747742,100,22.02604294,100,22.05879784,100,22.12094879
2023/5/22 10:59,100,22.11747742,100,22.0839119,100,22.05879784,100,22.12094879
2023/5/22 11:00,100,22.11747742,100,22.02604294,100,21.94305611,100,22.01967621
2023/5/22 11:01,100,22.11747742,100,22.02604294,100,21.94305611,100,22.01967621
2023/5/22 11:02,100,22.11747742,100,22.02604294,100,21.85625076,100,22.01967621
2023/5/22 11:03,100,22.01620293,100,21.92476845,100,21.85625076,100,22.01967621
2023/5/22 11:04,100,22.11747742,100,21.92476845,100,21.75497818,100,22.01967621
2023/5/22 11:05,100,22.01620293,100,21.82349586,100,21.75497818,44.50726318,21.91840172
2023/5/22 11:06,100,22.01620293,100,21.82349586,100,21.75497818,0,21.91840172
2023/5/22 11:07,100,22.01620293,100,21.73669052,100,21.65370369,0,21.81712914
2023/5/22 11:08,100,22.32002258,100,21.73669052,100,21.65370369,0,21.81712914
2023/5/22 11:09,100,22.32002258,100,21.72222328,100,21.75497818,0,21.81712914
2023/5/22 11:10,100,22.32002258,100,21.72222328,100,21.75497818,0,21.81712914
2023/5/22 11:11,100,22.01620293,100,21.73669052,100,21.84178352,0,21.81712914
2023/5/22 11:12,100,22.17534828,100,21.72222328,100,21.85625076,0,21.81712914
2023/5/22 11:13,100,22.32002258,100,21.82349586,100,21.95752335,0,21.81712914
2023/5/22 11:14,100,22.01620293,100,21.82349586,100,21.95752335,0,21.81712914
2023/5/22 11:15,100,22.11747742,100,21.73669052,100,21.95752335,0,21.81712914
2023/5/22 11:16,100,22.01620293,100,21.73669052,100,21.85625076,0,21.81712914
2023/5/22 11:17,100,22.32002258,100,21.73669052,100,21.85625076,0,21.81712914
2023/5/22 11:18,100,22.32002258,100,21.72222328,100,21.85625076,0,21.81712914
2023/5/22 11:19,100,22.32002258,100,21.73669052,100,21.85625076,0,21.81712914
2023/5/22 11:20,100,22.32002258,100,21.73669052,100,21.75497818,0,21.81712914
2023/5/22 11:21,100,22.01620293,100,21.73669052,100,21.85625076,0,21.81712914
2023/5/22 11:22,100,22.01620293,100,21.82349586,100,21.85625076,0,21.81712914
2023/5/22 11:23,100,22.01620293,100,21.82349586,100,21.85625076,0,21.81712914
2023/5/22 11:24,100,22.01620293,100,21.92476845,100,21.85625076,0,21.81712914
2023/5/22 11:25,100,22.01620293,100,21.93923569,100,21.75497818,0,21.61458206
2023/5/22 11:26,100,22.01620293,100,21.92476845,100,21.85625076,0,21.61458206
2023/5/22 11:27,100,22.01620293,100,21.8379631,100,21.85625076,0,21.61458206
2023/5/22 11:28,100,22.01620293,100,21.82349586,100,21.95752335,0,21.61458206
2023/5/22 11:29,100,22.01620293,100,21.82349586,100,21.85625076,0,21.61458206
2023/5/22 11:30,100,22.01620293,100,21.82349586,100,21.85625076,0,21.8026619
2023/5/22 11:31,100,22.01620293,100,21.82349586,100,21.85625076,0,21.81712914
2023/5/22 11:32,100,22.01620293,100,21.82349586,100,21.85625076,0,21.81712914
2023/5/22 11:33,100,22.01620293,100,21.92476845,100,21.85625076,0,21.81712914
2023/5/22 11:34,100,22.32002258,100,21.93923569,100,21.85625076,0,21.61458206
2023/5/22 11:35,100,22.05960655,100,21.92476845,100,21.95752335,0,21.61458206
2023/5/22 11:36,100,22.32002258,100,21.93923569,100,21.85625076,0,21.61458206
2023/5/22 11:37,100,22.32002258,100,22.02604294,100,21.95752335,0,21.61458206
2023/5/22 11:38,100,22.32002258,100,22.02604294,100,21.870718,0,21.61458206
2023/5/22 11:39,100,22.32002258,100,22.02604294,100,21.95752335,0,21.61458206
2023/5/22 11:40,100,22.32002258,100,22.02604294,100,21.95752335,0,21.61458206
2023/5/22 11:41,100,22.01620293,100,22.12731552,100,21.95752335,0,21.61458206
2023/5/22 11:42,100,22.01620293,100,22.02604294,100,21.85625076,0,21.61458206
2023/5/22 11:43,100,22.2910881,100,22.02604294,100,21.85625076,0,21.61458206
2023/5/22 11:44,100,22.01620293,100,22.12731552,100,21.95752335,0,21.61458206
2023/5/22 11:45,100,22.01620293,100,22.12731552,100,21.95752335,0,21.61458206
2023/5/22 11:46,100,22.01620293,100,22.12731552,100,21.95752335,0,21.61458206
2023/5/22 11:47,100,22.01620293,100,22.12731552,100,21.95752335,0,21.61458206
2023/5/22 11:48,100,22.01620293,100,22.12731552,100,22.05879784,0,21.61458206
2023/5/22 11:49,100,22.01620293,100,22.12731552,100,21.95752335,0,21.61458206
2023/5/22 11:50,100,22.01620293,100,22.12731552,100,22.05879784,0,21.61458206
2023/5/22 11:51,100,22.01620293,100,22.12731552,100,22.05879784,0,21.61458206
2023/5/22 11:52,100,22.01620293,100,22.12731552,100,22.05879784,0,21.61458206
2023/5/22 11:53,100,22.32002258,100,22.2285881,100,22.05879784,0,21.61458206
2023/5/22 11:54,100,22.32002258,100,22.12731552,100,22.05879784,0,21.61458206
2023/5/22 11:55,100,22.32002258,100,22.2285881,100,22.05879784,0,21.61458206
2023/5/22 11:56,100,22.32002258,100,22.2285881,100,22.05879784,0,21.61458206
2023/5/22 11:57,100,22.32002258,100,22.2285881,100,22.04432869,0,21.61458206
2023/5/22 11:58,100,22.32002258,100,22.2285881,100,22.05879784,0,21.61458206
2023/5/22 11:59,100,22.32002258,100,22.31539345,100,22.05879784,0,21.61458206
2023/5/22 12:00,100,22.32002258,100,22.2285881,100,22.05879784,0,21.61458206
2023/5/22 12:01,100,22.32002258,100,22.2285881,100,22.04432869,0,21.60011482
2023/5/22 12:02,100,22.20428276,100,22.2285881,100,22.04432869,0,21.61458206
2023/5/22 12:03,100,22.32002258,100,22.2285881,100,22.05879784,0,21.61458206
2023/5/22 12:04,100,22.30555534,100,22.2285881,100,21.95752335,0,21.61458206
2023/5/22 12:05,100,22.01620293,100,22.2285881,100,22.05879784,0,21.61458206
2023/5/22 12:06,100,22.32002258,100,22.2285881,100,22.05879784,0,21.61458206
2023/5/22 12:07,100,22.01620293,100,22.2285881,100,21.95752335,0,21.61458206
2023/5/22 12:08,100,22.01620293,100,22.12731552,100,21.95752335,0,21.61458206
2023/5/22 12:09,100,22.01620293,100,22.12731552,100,21.95752335,0,21.61458206
2023/5/22 12:10,100,22.01620293,100,22.12731552,100,21.95752335,0,21.61458206
2023/5/22 12:11,100,22.01620293,100,22.12731552,100,21.95752335,0,21.61458206
2023/5/22 12:12,100,22.01620293,100,22.12731552,100,21.95752335,0,21.61458206
2023/5/22 12:13,100,22.11747742,100,22.2285881,100,22.05879784,0,21.61458206
2023/5/22 12:14,100,22.01620293,100,22.2285881,100,22.05879784,0,21.61458206
2023/5/22 12:15,100,22.01620293,100,22.2285881,100,21.95752335,0,21.61458206
2023/5/22 12:16,100,22.01620293,100,22.12731552,100,21.95752335,0,21.61458206
2023/5/22 12:17,100,22.32002258,100,22.12731552,100,21.870718,0,21.61458206
2023/5/22 12:18,100,22.01620293,100,22.12731552,100,21.95752335,0,21.61458206
2023/5/22 12:19,100,22.01620293,100,22.12731552,100,21.95752335,0,21.61458206
2023/5/22 12:20,100,22.01620293,100,22.12731552,100,21.95752335,0,21.61458206
2023/5/22 12:21,100,22.32002258,100,22.12731552,100,21.95752335,0,21.61458206
2023/5/22 12:22,100,22.32002258,100,22.12731552,100,21.85625076,0,21.61458206
2023/5/22 12:23,100,22.32002258,100,22.12731552,100,21.85625076,0,21.61458206
2023/5/22 12:24,100,22.32002258,100,22.12731552,100,21.95752335,0,21.61458206
2023/5/22 12:25,100,22.32002258,100,22.21412086,100,21.95752335,0,21.61458206
2023/5/22 12:26,100,22.32002258,100,22.2285881,100,21.95752335,0,21.61458206
2023/5/22 12:27,100,22.32002258,100,22.2285881,100,21.95752335,0,21.61458206
2023/5/22 12:28,100,22.32002258,100,22.2285881,100,21.95752335,0,21.61458206
2023/5/22 12:29,100,22.32002258,100,22.2285881,100,21.95752335,0,21.61458206
2023/5/22 12:30,100,22.32002258,100,22.2285881,100,22.05879784,0,21.61458206
2023/5/22 12:31,100,22.32002258,100,22.2285881,100,22.05879784,0,21.61458206
2023/5/22 12:32,100,22.01620293,100,22.18518448,100,22.05879784,0,21.61458206
2023/5/22 12:33,100,22.01620293,100,22.12731552,100,21.95752335,0,21.61458206
2023/5/22 12:34,100,22.30555534,100,22.12731552,100,21.95752335,0,21.61458206
2023/5/22 12:35,100,22.32002258,100,22.12731552,100,21.85625076,0,21.61458206
2023/5/22 12:36,100,22.27662086,100,22.12731552,100,21.95752335,0,21.61458206
2023/5/22 12:37,100,22.32002258,100,22.12731552,100,21.95752335,0,21.61458206
2023/5/22 12:38,100,22.32002258,100,22.12731552,100,21.95752335,0,21.61458206
2023/5/22 12:39,100,22.32002258,100,22.12731552,100,22.05879784,0,21.61458206
2023/5/22 12:40,100,22.32002258,100,22.12731552,100,22.05879784,0,21.61458206
2023/5/22 12:41,100,22.01620293,100,22.12731552,100,22.05879784,0,21.61458206
2023/5/22 12:42,100,22.32002258,100,22.2285881,100,22.05879784,0,21.61458206
2023/5/22 12:43,100,22.32002258,100,22.2285881,100,22.05879784,0,21.61458206
2023/5/22 12:44,100,22.01620293,100,22.12731552,100,22.13113594,0,21.61458206
2023/5/22 12:45,100,22.32002258,100,22.2285881,100,22.05879784,0,21.61458206
2023/5/22 12:46,100,22.32002258,100,22.2285881,100,22.16007042,0,21.61458206
2023/5/22 12:47,100,22.32002258,100,22.2285881,100,22.05879784,0,21.61458206
2023/5/22 12:48,100,22.32002258,100,22.2285881,100,22.16007042,0,21.61458206
2023/5/22 12:49,100,22.32002258,100,22.2285881,100,22.16007042,0,21.61458206
2023/5/22 12:50,100,22.01620293,100,22.2285881,100,22.16007042,0,21.61458206
2023/5/22 12:51,100,22.32002258,100,22.2285881,100,22.16007042,0,21.61458206
2023/5/22 12:52,100,22.32002258,100,22.2285881,100,22.16007042,0,21.60011482
2023/5/22 12:53,100,22.32002258,100,22.2285881,100,22.14560318,0,21.61458206
2023/5/22 12:54,100,22.01620293,100,22.2285881,100,22.16007042,0,21.61458206
2023/5/22 12:55,100,22.01620293,100,22.2285881,100,22.16007042,0,21.61458206
2023/5/22 12:56,100,22.01620293,100,22.32986069,100,22.16007042,0,21.61458206
2023/5/22 12:57,100,22.01620293,100,22.32986069,100,22.16007042,0,21.61458206
2023/5/22 12:58,100,22.32002258,100,22.30092621,100,22.16007042,0,21.61458206
2023/5/22 12:59,100,22.03067207,100,22.32986069,100,22.14560318,0,21.61458206
2023/5/22 13:00,100,22.01620293,100,22.2285881,100,22.16007042,0,21.61458206
2023/5/22 13:01,100,22.01620293,100,22.31539345,100,22.16007042,0,21.62905121
2023/5/22 13:02,100,22.01620293,100,22.2285881,100,22.16007042,0,21.61458206
2023/5/22 13:03,100,22.01620293,100,22.32986069,100,22.261343,0,21.61458206
2023/5/22 13:04,100,22.01620293,100,22.32986069,100,22.261343,0,21.61458206
2023/5/22 13:05,100,22.01620293,100,22.32986069,100,22.261343,0,21.62905121
2023/5/22 13:06,100,22.01620293,100,22.32986069,100,22.261343,0,21.61458206
2023/5/22 13:07,100,22.01620293,100,22.32986069,100,22.261343,0,21.61458206
2023/5/22 13:08,100,22.01620293,100,22.32986069,100,22.261343,0,21.61458206
2023/5/22 13:09,100,22.01620293,100,22.32986069,100,22.16007042,0,21.61458206
2023/5/22 13:10,100,22.01620293,100,22.2285881,100,22.05879784,0,21.61458206
2023/5/22 13:11,100,22.30555534,100,22.17071724,100,22.05879784,0,21.61458206
2023/5/22 13:12,100,22.01620293,100,22.2285881,100,22.13113594,0,21.61458206
2023/5/22 13:13,100,22.01620293,100,22.21412086,100,22.16007042,0,21.61458206
2023/5/22 13:14,100,22.16087914,100,22.2285881,100,22.16007042,0,21.61458206
2023/5/22 13:15,100,22.32002258,100,22.2285881,100,22.16007042,0,21.61458206
2023/5/22 13:16,100,22.32002258,100,22.2285881,100,22.16007042,0,21.61458206
2023/5/22 13:17,100,22.32002258,100,22.2285881,100,22.261343,0,21.61458206
2023/5/22 13:18,100,22.32002258,100,22.21412086,100,22.261343,0,21.61458206
2023/5/22 13:19,100,22.04513931,100,22.2285881,100,22.261343,0,21.61458206
2023/5/22 13:20,100,22.01620293,100,22.2285881,100,22.261343,0,21.61458206
2023/5/22 13:21,100,22.01620293,100,22.2285881,100,22.261343,0,21.61458206
2023/5/22 13:22,100,22.32002258,100,22.2285881,100,22.16007042,0,21.61458206
2023/5/22 13:23,100,22.32002258,100,22.2285881,100,22.261343,0,21.61458206
2023/5/22 13:24,100,22.30555534,100,22.2285881,100,22.261343,0,21.61458206
2023/5/22 13:25,100,22.01620293,100,22.12731552,100,22.16007042,0,21.61458206
2023/5/22 13:26,100,22.01620293,100,22.2285881,100,22.05879784,0,21.61458206
2023/5/22 13:27,100,22.01620293,100,22.2285881,100,22.16007042,0,21.62905121
2023/5/22 13:28,100,22.01620293,100,22.32986069,100,22.261343,0,21.61458206
2023/5/22 13:29,100,22.01620293,100,22.32986069,100,22.261343,0,21.77372742
2023/5/22 13:30,100,22.01620293,100,22.32986069,100,22.36261559,0,21.81712914
2023/5/22 13:31,100,22.01620293,100,22.31539345,100,22.36261559,0,21.81712914
2023/5/22 13:32,100,22.01620293,100,22.32986069,100,22.36261559,0,21.81712914
2023/5/22 13:33,100,22.11747742,100,22.43113518,100,22.36261559,0,21.81712914
2023/5/22 13:34,100,22.11747742,100,22.43113518,100,22.36261559,0,21.81712914
2023/5/22 13:35,100,22.01620293,100,22.43113518,100,22.36261559,0,21.81712914
2023/5/22 13:36,100,22.01620293,100,22.43113518,100,22.36261559,0,21.81712914
2023/5/22 13:37,100,22.10301018,100,22.43113518,100,22.36261559,0,21.81712914
2023/5/22 13:38,100,22.11747742,100,22.32986069,100,22.36261559,0,21.81712914
2023/5/22 13:39,100,22.11747742,100,22.32986069,100,22.261343,0,21.81712914
2023/5/22 13:40,100,22.11747742,100,22.32986069,100,22.261343,0,21.81712914
2023/5/22 13:41,100,22.04513931,100,22.32986069,100,22.261343,0,21.81712914
2023/5/22 13:42,100,22.11747742,100,22.32986069,100,22.261343,0,21.81712914
2023/5/22 13:43,100,22.01620293,100,22.32986069,100,22.261343,0,21.81712914
2023/5/22 13:44,100,22.03067207,100,22.32986069,100,22.16007042,0,21.81712914
2023/5/22 13:45,100,22.01620293,100,22.32986069,100,22.16007042,0,21.81712914
2023/5/22 13:46,100,22.01620293,100,22.2285881,100,22.16007042,0,21.81712914
2023/5/22 13:47,100,22.01620293,100,22.2285881,100,22.16007042,0,21.81712914
2023/5/22 13:48,100,22.01620293,100,22.32986069,100,22.16007042,0,21.81712914
2023/5/22 13:49,100,22.01620293,100,22.32986069,100,22.16007042,0,21.81712914
2023/5/22 13:50,100,22.11747742,100,22.32986069,100,22.16007042,0,21.81712914
2023/5/22 13:51,100,22.11747742,100,22.32986069,100,22.261343,0,21.81712914
2023/5/22 13:52,100,22.11747742,100,22.43113518,100,22.261343,0,21.81712914
2023/5/22 13:53,100,22.11747742,100,22.43113518,100,22.261343,0,21.81712914
2023/5/22 13:54,100,22.11747742,100,22.43113518,100,22.261343,0,21.81712914
2023/5/22 13:55,100,22.11747742,100,22.43113518,100,22.261343,0,21.81712914
2023/5/22 13:56,100,22.11747742,100,22.43113518,100,22.261343,0,21.81712914
2023/5/22 13:57,100,22.11747742,100,22.43113518,100,22.261343,0,21.81712914
2023/5/22 13:58,100,22.11747742,100,22.43113518,100,22.261343,0,21.81712914
2023/5/22 13:59,100,22.11747742,100,22.53240776,100,22.36261559,0,21.81712914
2023/5/22 14:00,100,22.13194466,100,22.53240776,100,22.36261559,0,21.81712914
2023/5/22 14:01,100,22.21875,100,22.51794052,100,22.46389008,0,21.81712914
2023/5/22 14:02,100,22.11747742,100,22.53240776,100,22.36261559,0,21.81712914
2023/5/22 14:03,100,22.11747742,100,22.53240776,100,22.36261559,0,21.81712914
2023/5/22 14:04,100,22.11747742,100,22.43113518,100,22.34814835,0,21.81712914
2023/5/22 14:05,100,22.21875,100,22.43113518,100,22.36261559,0,21.81712914
2023/5/22 14:06,100,22.21875,100,22.41666794,100,22.24687576,0,21.61458206
2023/5/22 14:07,100,22.10301018,100,22.43113518,100,22.36261559,0,21.61458206
2023/5/22 14:08,100,22.11747742,100,22.4745369,100,22.36261559,0,21.61458206
2023/5/22 14:09,100,22.11747742,100,22.53240776,100,22.36261559,0,21.51330948
2023/5/22 14:10,100,22.11747742,100,22.43113518,100,22.36261559,0,21.58564758
2023/5/22 14:11,100,22.04513931,100,22.43113518,100,22.261343,0,21.61458206
2023/5/22 14:12,100,22.11747742,100,22.43113518,100,22.24687576,0,21.61458206
2023/5/22 14:13,100,22.21875,100,22.53240776,100,22.36261559,0,21.61458206
2023/5/22 14:14,100,22.21875,100,22.53240776,100,22.46389008,0,21.61458206
2023/5/22 14:15,100,22.21875,100,22.51794052,100,22.36261559,0,21.61458206
2023/5/22 14:16,100,22.21875,100,22.53240776,100,22.36261559,0,21.61458206
2023/5/22 14:17,100,22.11747742,100,22.43113518,100,22.36261559,0,21.61458206
2023/5/22 14:18,100,22.21875,100,22.43113518,100,22.34814835,0,21.61458206
2023/5/22 14:19,100,22.13194466,100,22.31539345,100,22.44942284,0,21.81712914
2023/5/22 14:20,100,22.1464119,100,22.32986069,100,22.36261559,0,21.81712914
2023/5/22 14:21,100,22.11747742,100,22.31539345,100,22.34814835,0,21.61458206
2023/5/22 14:22,100,22.11747742,100,22.43113518,100,22.34814835,0,21.61458206
2023/5/22 14:23,100,22.11747742,100,22.43113518,100,22.46389008,0,21.61458206
2023/5/22 14:24,100,22.11747742,100,22.43113518,100,22.44942284,0,21.61458206
2023/5/22 14:25,100,22.11747742,100,22.43113518,100,22.36261559,0,21.61458206
2023/5/22 14:26,100,22.11747742,100,22.43113518,100,22.36261559,0,21.61458206
2023/5/22 14:27,100,22.01620293,100,22.43113518,100,22.36261559,0,21.61458206
2023/5/22 14:28,100,22.10301018,100,22.43113518,100,22.34814835,0,21.81712914
2023/5/22 14:29,100,22.11747742,100,22.43113518,100,22.36261559,0,21.81712914
2023/5/22 14:30,100,22.11747742,100,22.43113518,100,22.34814835,0,21.81712914
2023/5/22 14:31,100,22.11747742,100,22.43113518,100,22.36261559,0,21.81712914
2023/5/22 14:32,100,22.11747742,100,22.43113518,100,22.34814835,0,21.81712914
2023/5/22 14:33,100,22.11747742,100,22.43113518,100,22.36261559,0,21.81712914
2023/5/22 14:34,100,22.11747742,100,22.43113518,100,22.34814835,0,21.81712914
2023/5/22 14:35,100,22.11747742,100,22.43113518,100,22.36261559,0,21.81712914
2023/5/22 14:36,100,22.11747742,100,22.43113518,100,22.36261559,0,21.91840172
2023/5/22 14:37,100,22.11747742,100,22.53240776,100,22.46389008,0,21.91840172
2023/5/22 14:38,100,22.11747742,100,22.43113518,100,22.46389008,1.825987339,22.01967621
2023/5/22 14:39,100,22.11747742,100,22.50347328,100,22.46389008,16.46162033,22.01967621
2023/5/22 14:40,100,22.11747742,100,22.53240776,100,22.44942284,31.42474747,22.01967621
2023/5/22 14:41,100,22.11747742,100,22.43113518,100,22.46389008,46.06142044,22.01967621
2023/5/22 14:42,100,22.11747742,100,22.53240776,100,22.44942284,60.88510895,22.00520706
2023/5/22 14:43,100,22.11747742,100,22.43113518,100,22.44942284,75.5647583,22.01967621
2023/5/22 14:44,100,22.11747742,100,22.48900414,100,22.44942284,90.16191864,22.01967621
2023/5/22 14:45,100,22.10301018,100,22.43113518,100,22.44942284,100,22.01967621
2023/5/22 14:46,100,22.11747742,100,22.43113518,100,22.36261559,98.46286774,21.93287086
2023/5/22 14:47,100,22.21875,100,22.43113518,100,22.36261559,33.57552338,21.91840172
2023/5/22 14:48,100,22.21875,100,22.43113518,100,22.46389008,0,21.81712914
2023/5/22 14:49,100,22.30555534,100,22.43113518,100,22.46389008,0,21.81712914
2023/5/22 14:50,100,22.21875,100,22.32986069,100,22.36261559,0,21.81712914
2023/5/22 14:51,100,22.21875,100,22.32986069,100,22.36261559,0,21.81712914
2023/5/22 14:52,100,22.2910881,100,22.32986069,100,22.261343,0,21.61458206
2023/5/22 14:53,100,22.20428276,100,22.32986069,100,22.261343,0,21.61458206
2023/5/22 14:54,100,22.21875,100,22.32986069,100,22.24687576,0,21.61458206
2023/5/22 14:55,100,22.21875,100,22.32986069,100,22.261343,0,21.61458206
2023/5/22 14:56,100,22.21875,100,22.32986069,100,22.24687576,0,21.61458206
2023/5/22 14:57,100,22.32002258,100,22.32986069,100,22.261343,0,21.61458206
2023/5/22 14:58,100,22.21875,100,22.24305534,100,22.261343,0,21.61458206
2023/5/22 14:59,100,22.11747742,100,22.2285881,100,22.16007042,0,21.61458206
2023/5/22 15:00,100,22.11747742,100,22.2285881,100,22.14560318,0,21.61458206
2023/5/22 15:01,100,22.21875,100,22.2285881,100,22.16007042,0,21.61458206
2023/5/22 15:02,100,22.21875,100,22.2285881,100,22.16007042,0,21.61458206
2023/5/22 15:03,100,22.11747742,100,22.2285881,100,22.16007042,0,21.61458206
2023/5/22 15:04,100,22.11747742,100,22.2285881,100,22.14560318,0,21.61458206
2023/5/22 15:05,100,22.11747742,100,22.2285881,100,22.16007042,0,21.61458206
2023/5/22 15:06,100,22.11747742,100,22.2285881,100,22.14560318,0,21.61458206
2023/5/22 15:07,100,22.11747742,100,22.2285881,100,22.261343,0,21.61458206
2023/5/22 15:08,100,22.11747742,100,22.32986069,100,22.261343,0,21.61458206
2023/5/22 15:09,100,22.11747742,100,22.32986069,100,22.24687576,0,21.51330948
2023/5/22 15:10,100,22.11747742,100,22.32986069,100,22.261343,0,21.61458206
2023/5/22 15:11,100,22.11747742,100,22.32986069,100,22.24687576,0,21.58564758
2023/5/22 15:12,100,22.01620293,100,22.32986069,100,22.16007042,0,21.61458206
2023/5/22 15:13,100,22.01620293,100,22.32986069,100,22.16007042,0,21.61458206
2023/5/22 15:14,100,22.01620293,100,22.2285881,100,22.16007042,0,21.61458206
2023/5/22 15:15,100,22.01620293,100,22.2285881,100,22.14560318,0,21.61458206
2023/5/22 15:16,100,22.01620293,100,22.2285881,100,22.16007042,0,21.61458206
2023/5/22 15:17,100,22.01620293,100,22.32986069,100,22.261343,0,21.61458206
2023/5/22 15:18,100,22.01620293,100,22.2285881,100,22.261343,0,21.61458206
2023/5/22 15:19,100,22.01620293,100,22.2285881,100,22.16007042,0,21.61458206
2023/5/22 15:20,100,22.01620293,100,22.25752258,100,22.14560318,0,21.61458206
2023/5/22 15:21,100,22.32002258,100,22.2285881,100,22.05879784,0,21.61458206
2023/5/22 15:22,100,22.01620293,100,22.12731552,100,22.05879784,0,21.61458206
2023/5/22 15:23,100,22.01620293,100,22.12731552,100,22.05879784,0,21.61458206
2023/5/22 15:24,100,22.01620293,100,22.12731552,100,22.05879784,0,21.61458206
2023/5/22 15:25,100,22.01620293,100,22.21412086,100,22.14560318,0,21.61458206
2023/5/22 15:26,100,22.01620293,100,22.2285881,100,22.16007042,0,21.61458206
2023/5/22 15:27,100,22.01620293,100,22.2285881,100,22.14560318,0,21.61458206
2023/5/22 15:28,100,22.32002258,100,22.32986069,100,22.16007042,0,21.61458206
2023/5/22 15:29,100,22.32002258,100,22.30092621,100,22.16007042,0,21.61458206
2023/5/22 15:30,100,22.32002258,100,22.2285881,100,22.05879784,0,21.61458206
2023/5/22 15:31,100,22.32002258,100,22.2285881,100,22.05879784,0,21.61458206
2023/5/22 15:32,100,22.01620293,100,22.2285881,100,22.05879784,0,21.61458206
2023/5/22 15:33,100,22.01620293,100,22.12731552,100,22.05879784,0,21.61458206
2023/5/22 15:34,100,22.01620293,100,22.12731552,100,22.05879784,0,21.61458206
2023/5/22 15:35,100,22.01620293,100,22.12731552,100,22.05879784,0,21.61458206
2023/5/22 15:36,100,22.32002258,100,22.2285881,100,22.16007042,0,21.61458206
2023/5/22 15:37,100,22.01620293,100,22.2285881,100,22.16007042,0,21.61458206
2023/5/22 15:38,100,22.01620293,100,22.2285881,100,22.14560318,0,21.61458206
2023/5/22 15:39,100,22.32002258,100,22.2285881,100,22.16007042,0,21.61458206
2023/5/22 15:40,100,22.32002258,100,22.31539345,100,22.16007042,0,21.61458206
2023/5/22 15:41,100,22.32002258,100,22.32986069,100,22.261343,0,21.61458206
2023/5/22 15:42,100,22.32002258,100,22.32986069,100,22.261343,0,21.61458206
2023/5/22 15:43,100,22.32002258,100,22.32986069,100,22.16007042,0,21.61458206
2023/5/22 15:44,100,22.32002258,100,22.32986069,100,22.16007042,0,21.61458206
2023/5/22 15:45,100,22.32002258,100,22.2285881,100,22.16007042,0,21.61458206
2023/5/22 15:46,100,22.32002258,100,22.2285881,100,22.16007042,0,21.61458206
2023/5/22 15:47,100,22.32002258,100,22.2285881,100,22.16007042,0,21.54224586
2023/5/22 15:48,100,22.32002258,100,22.2285881,100,22.16007042,0,21.51330948
2023/5/22 15:49,100,22.32002258,100,22.32986069,100,22.261343,0,21.51330948
2023/5/22 15:50,100,22.32002258,100,22.32986069,100,22.261343,0,21.61458206
2023/5/22 15:51,100,22.32002258,100,22.32986069,100,22.16007042,0,21.61458206
2023/5/22 15:52,100,22.32002258,100,22.32986069,100,22.16007042,0,21.61458206
2023/5/22 15:53,100,22.30555534,100,22.32986069,100,22.261343,0,21.61458206
2023/5/22 15:54,100,22.32002258,100,22.2285881,100,22.261343,0,21.61458206
2023/5/22 15:55,100,22.32002258,100,22.2285881,100,22.261343,0,21.61458206
2023/5/22 15:56,100,22.01620293,100,22.2285881,100,22.261343,0,21.61458206
2023/5/22 15:57,100,22.32002258,100,22.2285881,100,22.16007042,0,21.61458206
2023/5/22 15:58,100,22.01620293,100,22.2285881,100,22.16007042,0,21.61458206
2023/5/22 15:59,100,22.01620293,100,22.2285881,100,22.16007042,0,21.61458206
2023/5/22 16:00,100,22.11747742,100,22.32986069,100,22.16007042,0,21.61458206
2023/5/22 16:01,100,22.01620293,100,22.32986069,100,22.16007042,0,21.61458206
2023/5/22 16:02,100,22.11747742,100,22.32986069,100,22.16007042,0,21.61458206
2023/5/22 16:03,100,22.11747742,100,22.32986069,100,22.16007042,0,21.61458206
2023/5/22 16:04,100,22.11747742,100,22.32986069,100,22.05879784,0,21.61458206
2023/5/22 16:05,100,22.01620293,100,22.32986069,100,22.05879784,0,21.61458206
2023/5/22 16:06,100,22.01620293,100,22.32986069,100,22.05879784,0,21.61458206
2023/5/22 16:07,100,22.01620293,100,22.31539345,100,22.05879784,0,21.61458206
2023/5/22 16:08,100,22.01620293,100,22.2285881,100,22.05879784,0,21.61458206
2023/5/22 16:09,100,22.01620293,100,22.2285881,100,22.05879784,0,21.61458206
2023/5/22 16:10,100,22.01620293,100,22.2285881,100,22.05879784,0,21.62905121
2023/5/22 16:11,100,22.32002258,100,22.2285881,100,22.05879784,0,21.61458206
2023/5/22 16:12,100,22.01620293,100,22.21412086,100,22.05879784,0,21.61458206
2023/5/22 16:13,100,22.01620293,100,22.2285881,100,22.05879784,0,21.61458206
2023/5/22 16:14,100,22.30555534,100,22.2285881,100,22.05879784,0,21.61458206
2023/5/22 16:15,100,22.03067207,100,22.2285881,100,22.05879784,0,21.61458206
2023/5/22 16:16,100,22.01620293,100,22.2285881,100,22.05879784,0,21.61458206
2023/5/22 16:17,100,22.32002258,100,22.2285881,100,22.05879784,0,21.62905121
2023/5/22 16:18,100,22.27662086,100,22.12731552,100,22.05879784,0,21.61458206
2023/5/22 16:19,100,22.01620293,100,22.12731552,100,21.95752335,0,21.62905121
2023/5/22 16:20,100,22.32002258,100,22.2285881,100,22.05879784,0,21.61458206
2023/5/22 16:21,100,22.01620293,100,22.21412086,100,22.05879784,0,21.61458206
2023/5/22 16:22,100,22.32002258,100,22.12731552,100,22.05879784,0,21.61458206
2023/5/22 16:23,100,22.30555534,100,22.12731552,100,21.95752335,0,21.61458206
2023/5/22 16:24,100,22.01620293,100,22.02604294,100,21.95752335,0,21.61458206
2023/5/22 16:25,100,22.01620293,100,22.02604294,100,21.85625076,0,21.61458206
2023/5/22 16:26,100,22.01620293,100,22.11284828,100,21.95752335,0,21.61458206
2023/5/22 16:27,100,22.32002258,100,22.12731552,100,21.85625076,0,21.61458206
2023/5/22 16:28,100,22.32002258,100,22.12731552,100,22.05879784,0,21.61458206
2023/5/22 16:29,100,22.01620293,100,22.12731552,100,22.05879784,0,21.61458206
2023/5/22 16:30,100,22.32002258,100,22.12731552,100,22.05879784,0,21.61458206
2023/5/22 16:31,100,22.32002258,100,22.12731552,100,22.05879784,0,21.61458206
2023/5/22 16:32,100,22.27662086,100,22.12731552,100,22.05879784,0,21.61458206
2023/5/22 16:33,100,22.32002258,100,22.12731552,100,22.05879784,0,21.61458206
2023/5/22 16:34,100,22.32002258,100,22.12731552,100,22.02986145,0,21.61458206
2023/5/22 16:35,100,22.01620293,100,22.2285881,100,22.05879784,0,21.61458206
2023/5/22 16:36,100,22.32002258,100,22.2285881,100,22.05879784,0,21.61458206
2023/5/22 16:37,100,22.32002258,100,22.2285881,100,22.05879784,0,21.61458206
2023/5/22 16:38,100,22.01620293,100,22.2285881,100,22.05879784,0,21.61458206
2023/5/22 16:39,100,22.32002258,100,22.21412086,100,22.05879784,0,21.61458206
2023/5/22 16:40,100,22.30555534,100,22.17071724,100,22.05879784,0,21.61458206
2023/5/22 16:41,100,22.01620293,100,22.2285881,100,22.05879784,0,21.61458206
2023/5/22 16:42,100,22.01620293,100,22.12731552,100,22.05879784,0,21.61458206
2023/5/22 16:43,100,22.01620293,100,22.12731552,100,21.95752335,0,21.61458206
2023/5/22 16:44,100,22.01620293,100,22.11284828,100,22.05879784,0,21.61458206
2023/5/22 16:45,100,22.01620293,100,22.12731552,100,22.05879784,0,21.81712914
2023/5/22 16:46,100,22.01620293,100,22.17071724,100,22.05879784,0,21.8026619
2023/5/22 16:47,100,22.01620293,100,22.12731552,100,22.05879784,0,21.81712914
2023/5/22 16:48,100,22.01620293,100,22.12731552,100,22.05879784,0,21.81712914
2023/5/22 16:49,100,22.01620293,100,22.12731552,100,22.05879784,0,21.81712914
2023/5/22 16:50,100,22.01620293,100,22.12731552,100,22.04432869,0,21.81712914
2023/5/22 16:51,100,22.01620293,100,22.12731552,100,22.05879784,0,21.81712914
2023/5/22 16:52,100,22.11747742,100,22.12731552,100,22.05879784,0,21.81712914
2023/5/22 16:53,100,22.01620293,100,22.12731552,100,22.05879784,0,21.81712914
2023/5/22 16:54,100,22.11747742,100,22.12731552,100,22.04432869,0,21.81712914
2023/5/22 16:55,100,22.04513931,100,22.2285881,100,22.05879784,0,21.81712914
2023/5/22 16:56,100,22.11747742,100,22.2285881,100,22.16007042,0,21.81712914
2023/5/22 16:57,100,22.11747742,100,22.2285881,100,22.16007042,0,21.81712914
2023/5/22 16:58,100,22.11747742,100,22.32986069,100,22.261343,0,21.81712914
2023/5/22 16:59,100,22.01620293,100,22.32986069,100,22.34814835,0,21.81712914
2023/5/22 17:00,100,22.01620293,100,22.32986069,100,22.36261559,0,21.81712914
2023/5/22 17:01,100,22.01620293,100,22.32986069,100,22.36261559,0,21.81712914
2023/5/22 17:02,100,22.01620293,100,22.32986069,100,22.261343,0,21.81712914
2023/5/22 17:03,100,22.01620293,100,22.32986069,100,22.36261559,0,21.81712914
2023/5/22 17:04,100,22.01620293,100,22.32986069,100,22.261343,0,21.81712914
2023/5/22 17:05,100,22.01620293,100,22.32986069,100,22.261343,0,21.81712914
2023/5/22 17:06,100,22.01620293,100,22.32986069,100,22.24687576,0,21.81712914
2023/5/22 17:07,100,22.30555534,100,22.32986069,100,22.261343,0,21.81712914
2023/5/22 17:08,100,22.01620293,100,22.43113518,100,22.261343,0,21.81712914
2023/5/22 17:09,100,22.01620293,100,22.43113518,100,22.36261559,0,21.81712914
2023/5/22 17:10,100,22.01620293,100,22.43113518,100,22.34814835,0,21.81712914
2023/5/22 17:11,100,22.01620293,100,22.53240776,100,22.36261559,0,21.81712914
2023/5/22 17:12,100,22.01620293,100,22.53240776,100,22.46389008,0,21.81712914
2023/5/22 17:13,100,22.01620293,100,22.43113518,100,22.36261559,0,21.81712914
2023/5/22 17:14,100,22.11747742,100,22.43113518,100,22.34814835,0,21.81712914
2023/5/22 17:15,100,22.11747742,100,22.43113518,100,22.36261559,0,21.81712914
2023/5/22 17:16,100,22.01620293,100,22.43113518,100,22.24687576,0,21.84606552
2023/5/22 17:17,100,22.11747742,100,22.43113518,100,22.261343,0,21.90393448
2023/5/22 17:18,100,22.11747742,100,22.43113518,100,22.261343,0,21.91840172
2023/5/22 17:19,100,22.11747742,100,22.43113518,100,22.261343,0,21.91840172
2023/5/22 17:20,100,22.11747742,100,22.43113518,100,22.261343,0,21.91840172
2023/5/22 17:21,100,22.11747742,100,22.53240776,100,22.24687576,0,21.91840172
2023/5/22 17:22,100,22.11747742,100,22.53240776,100,22.261343,0,21.90393448
2023/5/22 17:23,100,22.01620293,100,22.53240776,100,22.36261559,0,21.91840172
2023/5/22 17:24,100,22.11747742,100,22.53240776,100,22.36261559,0,21.91840172
2023/5/22 17:25,100,22.11747742,100,22.53240776,100,22.34814835,0,21.91840172
2023/5/22 17:26,100,22.11747742,100,22.53240776,100,22.36261559,0.447006971,22.01967621
2023/5/22 17:27,100,22.11747742,100,22.53240776,100,22.36261559,6.675675869,22.01967621
2023/5/22 17:28,100,22.11747742,100,22.53240776,100,22.36261559,0,21.91840172
2023/5/22 17:29,100,22.11747742,100,22.53240776,100,22.36261559,0,21.99073982
2023/5/22 17:30,100,22.11747742,100,22.53240776,100,22.34814835,1.517727017,22.01967621
2023/5/22 17:31,100,22.11747742,100,22.53240776,100,22.36261559,14.09131908,22.01967621
2023/5/22 17:32,100,22.11747742,100,22.51794052,100,22.24687576,28.56939125,22.00520706
2023/5/22 17:33,100,22.11747742,100,22.53240776,100,22.261343,43.14513779,22.01967621
2023/5/22 17:34,100,22.01620293,100,22.51794052,100,22.36261559,57.95321655,22.01967621
2023/5/22 17:35,100,22.05960655,100,22.53240776,100,22.34814835,72.58297729,22.00520706
2023/5/22 17:36,100,22.11747742,100,22.53240776,100,22.36261559,87.21588898,22.01967621
2023/5/22 17:37,100,22.11747742,100,22.53240776,100,22.34814835,100,22.01967621
2023/5/22 17:38,100,22.10301018,100,22.53240776,100,22.36261559,77.49880219,21.91840172
2023/5/22 17:39,100,22.01620293,100,22.53240776,100,22.34814835,11.69405937,21.91840172
2023/5/22 17:40,100,22.11747742,100,22.51794052,100,22.36261559,0,21.91840172
2023/5/22 17:41,100,22.01620293,100,22.43113518,100,22.24687576,0,21.81712914
2023/5/22 17:42,100,22.01620293,100,22.43113518,100,22.261343,0,21.81712914
2023/5/22 17:43,100,22.32002258,100,22.43113518,100,22.261343,0,21.81712914
2023/5/22 17:44,100,22.01620293,100,22.43113518,100,22.261343,0,21.81712914
2023/5/22 17:45,100,22.01620293,100,22.43113518,100,22.261343,0,21.81712914
2023/5/22 17:46,100,22.01620293,100,22.43113518,100,22.261343,0,21.8026619
2023/5/22 17:47,100,22.01620293,100,22.43113518,100,22.261343,0,21.81712914
2023/5/22 17:48,100,22.03067207,100,22.43113518,100,22.261343,0,21.81712914
2023/5/22 17:49,100,22.11747742,100,22.53240776,100,22.261343,0,21.81712914
2023/5/22 17:50,100,22.11747742,100,22.53240776,100,22.261343,0,21.81712914
2023/5/22 17:51,100,22.11747742,100,22.53240776,100,22.261343,0,21.81712914
2023/5/22 17:52,100,22.11747742,100,22.53240776,100,22.261343,0,21.81712914
2023/5/22 17:53,100,22.11747742,100,22.53240776,100,22.261343,0,21.81712914
2023/5/22 17:54,100,22.11747742,100,22.53240776,100,22.261343,0,21.81712914
2023/5/22 17:55,100,22.11747742,100,22.51794052,100,22.36261559,0,21.81712914
2023/5/22 17:56,100,22.11747742,100,22.53240776,100,22.34814835,0,21.81712914
2023/5/22 17:57,100,22.01620293,100,22.53240776,100,22.261343,0,21.91840172
2023/5/22 17:58,100,22.11747742,100,22.53240776,100,22.261343,0,21.91840172
2023/5/22 17:59,100,22.01620293,100,22.53240776,100,22.261343,0,21.91840172
2023/5/22 18:00,100,22.01620293,100,22.53240776,100,22.261343,0,21.91840172
2023/5/22 18:01,100,22.01620293,100,22.53240776,100,22.24687576,0,21.91840172
2023/5/22 18:02,100,22.11747742,100,22.53240776,100,22.261343,0,21.91840172
2023/5/22 18:03,100,22.11747742,100,22.53240776,100,22.261343,0,21.91840172
2023/5/22 18:04,100,22.11747742,100,22.53240776,100,22.261343,0.088013232,21.97627258
2023/5/22 18:05,100,22.11747742,100,22.53240776,100,22.261343,0,21.96180534
2023/5/22 18:06,100,22.11747742,100,22.53240776,100,22.36261559,8.483710289,22.01967621
2023/5/22 18:07,100,22.11747742,100,22.53240776,100,22.261343,23.32168961,22.01967621
2023/5/22 18:08,100,22.11747742,100,22.51794052,100,22.261343,38.23078537,22.01967621
2023/5/22 18:09,100,22.01620293,100,22.53240776,100,22.33368111,52.94379044,22.01967621
2023/5/22 18:10,100,22.01620293,100,22.53240776,100,22.36261559,67.417099,22.01967621
2023/5/22 18:11,100,22.01620293,100,22.53240776,100,22.24687576,82.36761475,22.01967621
2023/5/22 18:12,100,22.01620293,100,22.41666794,100,22.261343,96.84458923,22.01967621
2023/5/22 18:13,100,22.01620293,100,22.38773155,100,22.16007042,100,22.01967621
2023/5/22 18:14,100,22.01620293,100,22.34432793,100,22.16007042,86.38562775,21.91840172
2023/5/22 18:15,100,22.07407379,100,22.43113518,100,22.16007042,21.17102242,21.91840172
2023/5/22 18:16,100,22.01620293,100,22.32986069,100,22.05879784,0,21.91840172
2023/5/22 18:17,100,22.01620293,100,22.32986069,100,22.05879784,0,21.84606552
2023/5/22 18:18,100,22.32002258,100,22.32986069,100,22.05879784,0,21.81712914
2023/5/22 18:19,100,22.32002258,100,22.32986069,100,22.16007042,0,21.81712914
2023/5/22 18:20,100,22.32002258,100,22.32986069,100,22.16007042,0,21.81712914
2023/5/22 18:21,100,22.32002258,100,22.32986069,100,22.16007042,0,21.81712914
2023/5/22 18:22,100,22.32002258,100,22.32986069,100,22.16007042,0,21.81712914
2023/5/22 18:23,100,22.32002258,100,22.32986069,100,22.261343,0,21.81712914
2023/5/22 18:24,100,22.32002258,100,22.32986069,100,22.23240852,0,21.81712914
2023/5/22 18:25,100,22.32002258,100,22.32986069,100,22.16007042,0,21.81712914
2023/5/22 18:26,100,22.32002258,100,22.32986069,100,22.261343,0,21.81712914
2023/5/22 18:27,100,22.32002258,100,22.32986069,100,22.16007042,0,21.81712914
2023/5/22 18:28,100,22.32002258,100,22.32986069,100,22.16007042,0,21.81712914
2023/5/22 18:29,100,22.32002258,100,22.32986069,100,22.16007042,0,21.81712914
2023/5/22 18:30,100,22.30555534,100,22.32986069,100,22.16007042,0,21.81712914
2023/5/22 18:31,100,22.32002258,100,22.32986069,100,22.16007042,0,21.81712914
2023/5/22 18:32,100,22.32002258,100,22.32986069,100,22.16007042,0,21.81712914
2023/5/22 18:33,100,22.01620293,100,22.32986069,100,22.16007042,0,21.81712914
2023/5/22 18:34,100,22.01620293,100,22.2285881,100,22.16007042,0,21.81712914
2023/5/22 18:35,100,22.01620293,100,22.2285881,100,22.05879784,0,21.81712914
2023/5/22 18:36,100,22.32002258,100,22.2285881,100,22.05879784,0,21.81712914
2023/5/22 18:37,100,22.32002258,100,22.2285881,100,22.05879784,0,21.8026619
2023/5/22 18:38,100,22.32002258,100,22.2285881,100,22.16007042,0,21.81712914
2023/5/22 18:39,100,22.01620293,100,22.2285881,100,22.16007042,0,21.81712914
2023/5/22 18:40,100,22.32002258,100,22.2285881,100,22.16007042,0,21.81712914
2023/5/22 18:41,100,22.32002258,100,22.2285881,100,22.16007042,0,21.81712914
2023/5/22 18:42,100,22.32002258,100,22.32986069,100,22.16007042,0,21.81712914
2023/5/22 18:43,100,22.21875,100,22.32986069,100,22.16007042,0,21.81712914
2023/5/22 18:44,100,22.21875,100,22.32986069,100,22.16007042,0,21.81712914
2023/5/22 18:45,100,22.21875,100,22.31539345,100,22.261343,0,21.81712914
2023/5/22 18:46,100,22.11747742,100,22.43113518,100,22.261343,0,21.81712914
2023/5/22 18:47,100,22.32002258,100,22.43113518,100,22.16007042,0,21.81712914
2023/5/22 18:48,100,22.30555534,100,22.32986069,100,22.16007042,0,21.81712914
2023/5/22 18:49,100,22.32002258,100,22.2285881,100,22.05879784,0,21.81712914
2023/5/22 18:50,100,22.32002258,100,22.2285881,100,22.05879784,0,21.81712914
2023/5/22 18:51,100,22.32002258,100,22.2285881,100,22.05879784,0,21.81712914
2023/5/22 18:52,100,22.32002258,100,22.32986069,100,22.16007042,0,21.81712914
2023/5/22 18:53,100,22.21875,100,22.24305534,100,22.16007042,0,21.81712914
2023/5/22 18:54,100,22.32002258,100,22.2285881,100,22.05879784,0,21.81712914
2023/5/22 18:55,100,22.21875,100,22.2285881,100,22.05879784,0,21.81712914
2023/5/22 18:56,100,22.21875,100,22.2285881,100,22.05879784,0,21.81712914
2023/5/22 18:57,100,22.32002258,100,22.2285881,100,22.05879784,0,21.81712914
2023/5/22 18:58,100,22.32002258,100,22.2285881,100,22.05879784,0,21.81712914
2023/5/22 18:59,100,22.32002258,100,22.21412086,100,22.05879784,0,21.81712914
2023/5/22 19:00,100,22.32002258,100,22.2285881,100,22.05879784,0,21.81712914
2023/5/22 19:01,100,22.32002258,100,22.2285881,100,22.05879784,0,21.81712914
2023/5/22 19:02,100,22.32002258,100,22.12731552,100,22.05879784,0,21.81712914
2023/5/22 19:03,100,22.32002258,100,22.12731552,100,22.05879784,0,21.8026619
2023/5/22 19:04,100,22.32002258,100,22.2285881,100,22.05879784,0,21.81712914
2023/5/22 19:05,100,22.32002258,100,22.12731552,100,22.05879784,0,21.81712914
2023/5/22 19:06,100,22.32002258,100,22.2285881,100,22.05879784,0,21.81712914
2023/5/22 19:07,100,22.32002258,100,22.2285881,100,22.05879784,0,21.81712914
2023/5/22 19:08,100,22.21875,100,22.2285881,100,22.05879784,0,21.81712914
2023/5/22 19:09,100,22.21875,100,22.2285881,100,22.16007042,0,21.81712914
2023/5/22 19:10,100,22.20428276,100,22.2285881,100,22.16007042,0,21.81712914
2023/5/22 19:11,100,22.21875,100,22.2285881,100,22.16007042,0,21.81712914
2023/5/22 19:12,100,22.21875,100,22.2285881,100,22.16007042,0,21.81712914
2023/5/22 19:13,100,22.23321724,100,22.2285881,100,22.16007042,0,21.81712914
2023/5/22 19:14,100,22.32002258,100,22.2285881,100,22.05879784,0,21.81712914
2023/5/22 19:15,100,22.21875,100,22.15625,100,22.05879784,0,21.81712914
2023/5/22 19:16,100,22.21875,100,22.12731552,100,22.05879784,0,21.81712914
2023/5/22 19:17,100,22.21875,100,22.12731552,100,22.05879784,0,21.81712914
2023/5/22 19:18,100,22.21875,100,22.12731552,100,21.95752335,0,21.81712914
2023/5/22 19:19,100,22.21875,100,22.02604294,100,21.94305611,0,21.81712914
2023/5/22 19:20,100,22.21875,100,22.02604294,100,21.95752335,0,21.81712914
2023/5/22 19:21,100,22.21875,100,22.02604294,100,21.95752335,0,21.81712914
2023/5/22 19:22,100,22.21875,100,22.02604294,100,21.95752335,0,21.81712914
2023/5/22 19:23,100,22.21875,100,22.12731552,100,21.95752335,0,21.81712914
2023/5/22 19:24,100,22.11747742,100,22.12731552,100,22.05879784,0,21.81712914
2023/5/22 19:25,100,22.11747742,100,22.12731552,100,22.16007042,0,21.81712914
2023/5/22 19:26,100,22.11747742,100,22.12731552,100,22.05879784,0,21.81712914
2023/5/22 19:27,100,22.21875,100,22.12731552,100,22.05879784,0,21.8026619
2023/5/22 19:28,100,22.32002258,100,22.12731552,100,21.95752335,0,21.81712914
2023/5/22 19:29,100,22.21875,100,22.12731552,100,21.95752335,0,21.81712914
2023/5/22 19:30,100,22.21875,100,22.12731552,100,21.95752335,0,21.81712914
2023/5/22 19:31,100,22.21875,100,22.12731552,100,21.95752335,0,21.81712914
2023/5/22 19:32,100,22.21875,100,22.12731552,100,21.94305611,0,21.81712914
2023/5/22 19:33,100,22.21875,100,22.12731552,100,22.05879784,0,21.81712914
2023/5/22 19:34,100,22.21875,100,22.12731552,100,22.05879784,0,21.81712914
2023/5/22 19:35,100,22.21875,100,22.12731552,100,22.16007042,0,21.81712914
2023/5/22 19:36,100,22.24768448,100,22.12731552,100,22.05879784,0,21.81712914
2023/5/22 19:37,100,22.21875,100,22.11284828,100,22.05879784,0,21.81712914
2023/5/22 19:38,100,22.21875,100,22.12731552,100,22.05879784,0,21.81712914
2023/5/22 19:39,100,22.20428276,100,22.12731552,100,21.95752335,0,21.81712914
2023/5/22 19:40,100,22.11747742,100,22.12731552,100,21.95752335,0,21.81712914
2023/5/22 19:41,100,22.11747742,100,22.12731552,100,21.95752335,0,21.81712914
2023/5/22 19:42,100,22.11747742,100,22.15625,100,21.95752335,0,21.81712914
2023/5/22 19:43,100,22.11747742,100,22.2285881,100,22.05879784,0,21.81712914
2023/5/22 19:44,100,22.11747742,100,22.2285881,100,21.95752335,0,21.8026619
2023/5/22 19:45,100,22.11747742,100,22.12731552,100,21.94305611,0,21.81712914
2023/5/22 19:46,100,22.21875,100,22.12731552,100,21.95752335,0,21.81712914
2023/5/22 19:47,100,22.11747742,100,22.12731552,100,21.95752335,0,21.81712914
2023/5/22 19:48,100,22.21875,100,22.2285881,100,21.95752335,0,21.81712914
2023/5/22 19:49,100,22.21875,100,22.2285881,100,21.95752335,0,21.91840172
2023/5/22 19:50,100,22.21875,100,22.12731552,100,21.94305611,0,21.91840172
2023/5/22 19:51,100,22.13194466,100,22.12731552,100,21.95752335,0,21.91840172
2023/5/22 19:52,100,22.21875,100,22.12731552,100,21.95752335,0,21.91840172
2023/5/22 19:53,100,22.11747742,100,22.12731552,100,21.95752335,0,21.91840172
2023/5/22 19:54,100,22.11747742,100,22.12731552,100,21.94305611,0,21.91840172
2023/5/22 19:55,100,22.21875,100,22.12731552,100,21.95752335,0,21.91840172
2023/5/22 19:56,100,22.21875,100,22.2285881,100,21.95752335,0,21.91840172
2023/5/22 19:57,100,22.21875,100,22.19965172,100,21.95752335,0,21.91840172
2023/5/22 19:58,100,22.21875,100,22.12731552,100,21.95752335,0,21.91840172
2023/5/22 19:59,100,22.21875,100,22.12731552,100,21.95752335,0,21.90393448
2023/5/22 20:00,100,22.21875,100,22.12731552,100,21.85625076,0,21.91840172
2023/5/22 20:01,100,22.11747742,100,22.12731552,100,21.85625076,0,21.91840172
2023/5/22 20:02,100,22.11747742,100,22.12731552,100,21.85625076,0,21.91840172
2023/5/22 20:03,100,22.10301018,100,22.12731552,100,21.85625076,0,21.91840172
2023/5/22 20:04,100,22.11747742,100,22.12731552,100,21.95752335,0,21.91840172
2023/5/22 20:05,100,22.11747742,100,22.12731552,100,21.85625076,0,21.91840172
2023/5/22 20:06,100,22.11747742,100,22.02604294,100,21.85625076,0,21.91840172
2023/5/22 20:07,100,22.21875,100,22.12731552,100,21.95752335,0,21.91840172
2023/5/22 20:08,100,22.11747742,100,22.12731552,100,21.95752335,0,21.91840172
2023/5/22 20:09,100,22.21875,100,22.2285881,100,21.95752335,0,21.91840172
2023/5/22 20:10,100,22.21875,100,22.12731552,100,21.95752335,0,21.91840172
2023/5/22 20:11,100,22.21875,100,22.12731552,100,21.95752335,0,21.91840172
2023/5/22 20:12,100,22.20428276,100,22.12731552,100,21.95752335,0,21.91840172
2023/5/22 20:13,100,22.21875,100,22.12731552,100,21.95752335,0,21.91840172
2023/5/22 20:14,100,22.20428276,100,22.12731552,100,21.95752335,0.227770969,22.01967621
2023/5/22 20:15,100,22.21875,100,22.12731552,100,21.95752335,7.216195583,22.01967621
2023/5/22 20:16,100,22.21875,100,22.12731552,100,21.98645782,21.79961967,22.01967621
2023/5/22 20:17,100,22.21875,100,22.2285881,100,22.05879784,36.6913681,22.00520706
2023/5/22 20:18,100,22.21875,100,22.2285881,100,22.05879784,51.45887375,22.01967621
2023/5/22 20:19,100,22.21875,100,22.2285881,100,22.05879784,66.46485138,22.01967621
2023/5/22 20:20,100,22.21875,100,22.2285881,100,22.05879784,81.1418457,22.01967621
2023/5/22 20:21,100,22.21875,100,22.2285881,100,22.05879784,95.85905457,22.01967621
2023/5/22 20:22,100,22.21875,100,22.21412086,100,22.05879784,100,22.01967621
2023/5/22 20:23,100,22.21875,100,22.12731552,100,21.95752335,70.2009964,21.91840172
2023/5/22 20:24,100,22.21875,100,22.2285881,100,21.95752335,5.819068909,21.91840172
2023/5/22 20:25,100,22.11747742,100,22.14178276,100,21.94305611,0,21.91840172
2023/5/22 20:26,100,22.11747742,100,22.12731552,100,21.95752335,0,21.81712914
2023/5/22 20:27,100,22.11747742,100,22.12731552,100,21.95752335,0,21.81712914
2023/5/22 20:28,100,22.11747742,100,22.12731552,100,21.95752335,0,21.8026619
2023/5/22 20:29,100,22.11747742,100,22.12731552,100,21.85625076,0,21.81712914
2023/5/22 20:30,100,22.11747742,100,22.12731552,100,21.94305611,0,21.81712914
2023/5/22 20:31,100,22.11747742,100,22.02604294,100,21.85625076,0,21.81712914
2023/5/22 20:32,100,22.11747742,100,22.02604294,100,21.75497818,0,21.81712914
2023/5/22 20:33,100,22.11747742,100,22.02604294,100,21.85625076,0,21.81712914
2023/5/22 20:34,100,22.11747742,100,22.02604294,100,21.95752335,0,21.81712914
2023/5/22 20:35,100,22.11747742,100,22.06944466,100,21.94305611,0,21.81712914
2023/5/22 20:36,100,22.11747742,100,22.12731552,100,21.95752335,0,21.81712914
2023/5/22 20:37,100,22.11747742,100,22.12731552,100,21.95752335,0,21.81712914
2023/5/22 20:38,100,22.11747742,100,22.12731552,100,21.95752335,0,21.81712914
2023/5/22 20:39,100,22.11747742,100,22.12731552,100,21.94305611,0,21.81712914
2023/5/22 20:40,100,22.11747742,100,22.12731552,100,21.85625076,0,21.81712914
2023/5/22 20:41,100,22.11747742,100,22.12731552,100,21.95752335,0,21.81712914
2023/5/22 20:42,100,22.11747742,100,22.12731552,100,21.95752335,0,21.81712914
2023/5/22 20:43,100,22.11747742,100,22.12731552,100,21.85625076,0,21.81712914
2023/5/22 20:44,100,22.11747742,100,22.12731552,100,21.95752335,0,21.81712914
2023/5/22 20:45,100,22.11747742,100,22.12731552,100,21.95752335,0,21.81712914
2023/5/22 20:46,100,22.11747742,100,22.12731552,100,21.95752335,0,21.81712914
2023/5/22 20:47,100,22.11747742,100,22.12731552,100,21.95752335,0,21.81712914
2023/5/22 20:48,100,22.11747742,100,22.11284828,100,21.95752335,0,21.81712914
2023/5/22 20:49,100,22.11747742,100,22.12731552,100,21.95752335,0,21.81712914
2023/5/22 20:50,100,22.11747742,100,22.0839119,100,22.05879784,0,21.81712914
2023/5/22 20:51,100,22.11747742,100,22.12731552,100,22.05879784,0,21.81712914
2023/5/22 20:52,100,22.11747742,100,22.12731552,100,21.95752335,0,21.81712914
2023/5/22 20:53,100,22.11747742,100,22.12731552,100,21.95752335,0,21.81712914
2023/5/22 20:54,100,22.11747742,100,22.12731552,100,21.95752335,0,21.81712914
2023/5/22 20:55,100,22.11747742,100,22.12731552,100,21.95752335,0,21.81712914
2023/5/22 20:56,100,22.11747742,100,22.02604294,100,21.91412163,0,21.81712914
2023/5/22 20:57,100,22.11747742,100,22.02604294,100,21.85625076,0,21.81712914
2023/5/22 20:58,100,22.21875,100,22.02604294,100,21.85625076,0,21.81712914
2023/5/22 20:59,100,22.21875,100,22.02604294,100,21.95752335,0,21.81712914
2023/5/22 21:00,100,22.11747742,100,22.02604294,100,21.94305611,0,21.81712914
2023/5/22 21:01,100,22.21875,100,22.02604294,100,21.95752335,0,21.81712914
2023/5/22 21:02,100,22.21875,100,22.02604294,100,21.95752335,0,21.81712914
2023/5/22 21:03,100,22.11747742,100,22.02604294,100,22.05879784,0,21.81712914
2023/5/22 21:04,100,22.11747742,100,22.02604294,100,22.05879784,0,21.81712914
2023/5/22 21:05,100,22.11747742,100,21.92476845,100,21.94305611,0,21.81712914
2023/5/22 21:06,100,22.11747742,100,21.92476845,100,21.85625076,0,21.81712914
2023/5/22 21:07,100,22.11747742,100,21.92476845,100,21.85625076,0,21.81712914
2023/5/22 21:08,100,22.11747742,100,22.02604294,100,21.85625076,0,21.81712914
2023/5/22 21:09,100,22.11747742,100,22.02604294,100,21.85625076,0,21.81712914
2023/5/22 21:10,100,22.11747742,100,22.02604294,100,21.95752335,0,21.8026619
2023/5/22 21:11,100,22.11747742,100,22.02604294,100,21.94305611,0,21.62905121
2023/5/22 21:12,100,22.21875,100,22.02604294,100,21.85625076,0,21.61458206
2023/5/22 21:13,100,22.11747742,100,22.02604294,100,21.95752335,0,21.74479294
2023/5/22 21:14,100,22.11747742,100,22.02604294,100,21.95752335,0,21.81712914
2023/5/22 21:15,100,22.11747742,100,22.02604294,100,21.95752335,0,21.61458206
2023/5/22 21:16,100,22.11747742,100,22.02604294,100,22.00092697,0,21.61458206
2023/5/22 21:17,100,22.11747742,100,22.02604294,100,21.95752335,0,21.62905121
2023/5/22 21:18,100,22.11747742,100,22.02604294,100,21.95752335,0,21.81712914
2023/5/22 21:19,100,22.11747742,100,22.02604294,100,21.95752335,0,21.81712914
2023/5/22 21:20,100,22.11747742,100,22.02604294,100,21.94305611,0,21.81712914
2023/5/22 21:21,100,22.11747742,100,22.12731552,100,22.05879784,0,21.61458206
2023/5/22 21:22,100,22.11747742,100,22.12731552,100,22.05879784,0,21.8026619
2023/5/22 21:23,100,22.11747742,100,22.02604294,100,21.95752335,0,21.73032379
2023/5/22 21:24,100,22.11747742,100,22.02604294,100,21.85625076,0,21.61458206
2023/5/22 21:25,100,22.11747742,100,22.02604294,100,21.85625076,0,21.61458206
2023/5/22 21:26,100,22.11747742,100,21.92476845,100,21.75497818,0,21.61458206
2023/5/22 21:27,100,22.11747742,100,21.92476845,100,21.75497818,0,21.61458206
2023/5/22 21:28,100,22.11747742,100,21.92476845,100,21.75497818,0,21.61458206
2023/5/22 21:29,100,22.11747742,100,21.93923569,100,21.85625076,0,21.61458206
2023/5/22 21:30,100,22.11747742,100,22.02604294,100,21.85625076,0,21.61458206
2023/5/22 21:31,100,22.11747742,100,21.95370293,100,21.95752335,0,21.61458206
2023/5/22 21:32,100,22.11747742,100,22.02604294,100,21.95752335,0,21.61458206
2023/5/22 21:33,100,22.11747742,100,22.02604294,100,21.95752335,0,21.61458206
2023/5/22 21:34,100,22.11747742,100,22.02604294,100,21.95752335,0,21.61458206
2023/5/22 21:35,100,22.11747742,100,22.02604294,100,21.95752335,0,21.61458206
2023/5/22 21:36,100,22.11747742,100,22.02604294,100,21.95752335,0,21.61458206
2023/5/22 21:37,100,22.11747742,100,22.02604294,100,21.85625076,0,21.62905121
2023/5/22 21:38,100,22.10301018,100,22.02604294,100,21.85625076,0,21.61458206
2023/5/22 21:39,100,22.11747742,100,21.92476845,100,21.85625076,0,21.61458206
2023/5/22 21:40,100,22.11747742,100,21.92476845,100,21.85625076,0,21.62905121
2023/5/22 21:41,100,22.05960655,100,21.92476845,100,21.85625076,0,21.61458206
2023/5/22 21:42,100,22.11747742,100,21.92476845,100,21.75497818,0,21.61458206
2023/5/22 21:43,100,22.03067207,100,22.02604294,100,21.75497818,0,21.61458206
2023/5/22 21:44,100,22.11747742,100,22.02604294,100,21.85625076,0,21.61458206
2023/5/22 21:45,100,22.11747742,100,22.02604294,100,21.85625076,0,21.61458206
2023/5/22 21:46,100,22.11747742,100,22.12731552,100,21.95752335,0,21.61458206
2023/5/22 21:47,100,22.03067207,100,22.12731552,100,22.05879784,0,21.61458206
2023/5/22 21:48,100,22.11747742,100,22.12731552,100,22.05879784,0,21.61458206
2023/5/22 21:49,100,22.01620293,100,22.12731552,100,22.05879784,0,21.61458206
2023/5/22 21:50,100,22.11747742,100,22.02604294,100,21.95752335,0,21.61458206
2023/5/22 21:51,100,22.11747742,100,22.02604294,100,21.85625076,0,21.61458206
2023/5/22 21:52,100,22.11747742,100,22.02604294,100,21.85625076,0,21.61458206
2023/5/22 21:53,100,22.08854294,100,22.02604294,100,21.88518524,0,21.61458206
2023/5/22 21:54,100,22.01620293,100,22.02604294,100,21.95752335,0,21.61458206
2023/5/22 21:55,100,22.11747742,100,22.02604294,100,21.95752335,0,21.61458206
2023/5/22 21:56,100,22.11747742,100,22.02604294,100,21.94305611,0,21.61458206
2023/5/22 21:57,100,22.11747742,100,22.02604294,100,21.95752335,0,21.61458206
2023/5/22 21:58,100,22.11747742,100,22.02604294,100,21.95752335,0,21.61458206
2023/5/22 21:59,100,22.03067207,100,22.02604294,100,21.95752335,0,21.61458206
2023/5/22 22:00,100,22.11747742,100,22.02604294,100,21.95752335,0,21.61458206
2023/5/22 22:01,100,22.11747742,100,22.02604294,100,21.95752335,0,21.61458206
2023/5/22 22:02,100,22.11747742,100,22.02604294,100,21.95752335,0,21.61458206
2023/5/22 22:03,100,22.11747742,100,22.02604294,100,21.95752335,0,21.62905121
2023/5/22 22:04,100,22.11747742,100,22.02604294,100,21.95752335,0,21.61458206
2023/5/22 22:05,100,22.11747742,100,22.02604294,100,21.95752335,0,21.61458206
2023/5/22 22:06,100,22.11747742,100,22.02604294,100,21.95752335,0,21.61458206
2023/5/22 22:07,100,22.11747742,100,22.12731552,100,21.95752335,0,21.61458206
2023/5/22 22:08,100,22.11747742,100,22.12731552,100,22.05879784,0,21.61458206
2023/5/22 22:09,100,22.11747742,100,22.12731552,100,22.05879784,0,21.61458206
2023/5/22 22:10,100,22.11747742,100,22.12731552,100,22.13113594,0,21.61458206
2023/5/22 22:11,100,22.21875,100,22.2285881,100,22.14560318,0,21.61458206
2023/5/22 22:12,100,22.16087914,100,22.2285881,100,22.261343,0,21.61458206
2023/5/22 22:13,100,22.11747742,100,22.2285881,100,22.16007042,0,21.61458206
2023/5/22 22:14,100,22.11747742,100,22.12731552,100,22.16007042,0,21.61458206
2023/5/22 22:15,100,22.11747742,100,22.12731552,100,22.05879784,0,21.61458206
2023/5/22 22:16,100,22.11747742,100,22.12731552,100,22.05879784,0,21.61458206
2023/5/22 22:17,100,22.11747742,100,22.12731552,100,21.95752335,0,21.61458206
2023/5/22 22:18,100,22.11747742,100,22.12731552,100,21.95752335,0,21.61458206
2023/5/22 22:19,100,22.11747742,100,22.12731552,100,21.95752335,0,21.61458206
2023/5/22 22:20,100,22.11747742,100,22.12731552,100,21.95752335,0,21.61458206
2023/5/22 22:21,100,22.11747742,100,22.15625,100,22.05879784,0,21.61458206
2023/5/22 22:22,100,22.11747742,100,22.12731552,100,22.04432869,0,21.61458206
2023/5/22 22:23,100,22.11747742,100,22.11284828,100,21.95752335,0,21.61458206
2023/5/22 22:24,100,22.21875,100,22.02604294,100,21.95752335,0,21.61458206
2023/5/22 22:25,100,22.11747742,100,22.02604294,100,21.95752335,0,21.61458206
2023/5/22 22:26,100,22.11747742,100,22.02604294,100,21.84178352,0,21.61458206
2023/5/22 22:27,100,22.11747742,100,21.93923569,100,21.92858887,0,21.61458206
2023/5/22 22:28,100,22.11747742,100,21.92476845,100,21.85625076,0,21.61458206
2023/5/22 22:29,100,22.21875,100,21.96817207,100,21.85625076,0,21.61458206
2023/5/22 22:30,100,22.11747742,100,22.02604294,100,21.85625076,0,21.61458206
2023/5/22 22:31,100,22.11747742,100,21.92476845,100,21.85625076,0,21.61458206
2023/5/22 22:32,100,22.11747742,100,22.02604294,100,21.84178352,0,21.61458206
2023/5/22 22:33,100,22.11747742,100,22.02604294,100,21.85625076,0,21.62905121
2023/5/22 22:34,100,22.11747742,100,22.02604294,100,21.85625076,0,21.61458206
2023/5/22 22:35,100,22.11747742,100,21.92476845,100,21.95752335,0,21.61458206
2023/5/22 22:36,100,22.21875,100,21.92476845,100,21.95752335,0,21.61458206
2023/5/22 22:37,100,22.11747742,100,21.93923569,100,21.95752335,0,21.61458206
2023/5/22 22:38,100,22.11747742,100,21.92476845,100,21.95752335,0,21.61458206
2023/5/22 22:39,100,22.21875,100,21.93923569,100,21.95752335,0,21.62905121
2023/5/22 22:40,100,22.18981552,100,21.92476845,100,22.02986145,0,21.61458206
2023/5/22 22:41,100,22.11747742,100,21.92476845,100,21.94305611,0,21.61458206
2023/5/22 22:42,100,22.21875,100,21.92476845,100,21.85625076,0,21.61458206
2023/5/22 22:43,100,22.21875,100,21.92476845,100,21.95752335,0,21.61458206
2023/5/22 22:44,100,22.21875,100,22.02604294,100,22.16007042,0,21.61458206
2023/5/22 22:45,100,22.11747742,100,22.12731552,100,22.261343,0,21.61458206
2023/5/22 22:46,100,22.11747742,100,22.12731552,100,22.261343,0,21.61458206
2023/5/22 22:47,100,22.11747742,100,22.12731552,100,22.16007042,0,21.61458206
2023/5/22 22:48,100,22.21875,100,22.02604294,100,22.16007042,0,21.81712914
2023/5/22 22:49,100,22.21875,100,22.02604294,100,22.05879784,0,21.81712914
2023/5/22 22:50,100,22.21875,100,22.02604294,100,22.05879784,0,21.81712914
2023/5/22 22:51,100,22.11747742,100,22.12731552,100,22.05879784,0,21.81712914
2023/5/22 22:52,100,22.21875,100,22.02604294,100,21.94305611,0,21.81712914
2023/5/22 22:53,100,22.21875,100,22.02604294,100,21.95752335,0,21.68692207
2023/5/22 22:54,100,22.21875,100,22.02604294,100,22.05879784,0,21.65798569
2023/5/22 22:55,100,22.11747742,100,22.02604294,100,21.95752335,0,21.61458206
2023/5/22 22:56,100,22.11747742,100,22.02604294,100,21.95752335,0,21.61458206
2023/5/22 22:57,100,22.11747742,100,22.02604294,100,22.05879784,0,21.61458206
2023/5/22 22:58,100,22.21875,100,22.02604294,100,21.94305611,0,21.61458206
2023/5/22 22:59,100,22.21875,100,22.02604294,100,22.00092697,0,21.61458206
2023/5/22 23:00,100,22.21875,100,22.02604294,100,21.95752335,0,21.61458206
2023/5/22 23:01,100,22.21875,100,22.02604294,100,21.95752335,0,21.61458206
2023/5/22 23:02,100,22.21875,100,22.02604294,100,21.84178352,0,21.61458206
2023/5/22 23:03,100,22.32002258,100,21.92476845,100,21.85625076,0,21.61458206
2023/5/22 23:04,100,22.21875,100,21.92476845,100,21.85625076,0,21.61458206
2023/5/22 23:05,100,22.21875,100,22.02604294,100,21.85625076,0,21.61458206
2023/5/22 23:06,100,22.21875,100,22.02604294,100,21.85625076,0,21.61458206
2023/5/22 23:07,100,22.11747742,100,22.02604294,100,21.95752335,0,21.61458206
2023/5/22 23:08,100,22.11747742,100,22.02604294,100,21.85625076,0,21.61458206
2023/5/22 23:09,100,22.21875,100,21.92476845,100,21.85625076,0,21.61458206
2023/5/22 23:10,100,22.21875,100,21.98263931,100,21.85625076,0,21.61458206
2023/5/22 23:11,100,22.21875,100,21.93923569,100,21.85625076,0,21.61458206
2023/5/22 23:12,100,22.21875,100,21.93923569,100,21.85625076,0,21.61458206
2023/5/22 23:13,100,22.21875,100,22.02604294,100,21.95752335,0,21.61458206
2023/5/22 23:14,100,22.21875,100,22.02604294,100,21.95752335,0,21.61458206
2023/5/22 23:15,100,22.21875,100,22.02604294,100,21.95752335,0,21.61458206
2023/5/22 23:16,100,22.32002258,100,22.02604294,100,21.95752335,0,21.62905121
2023/5/22 23:17,100,22.21875,100,22.02604294,100,21.95752335,0,21.61458206
2023/5/22 23:18,100,22.21875,100,22.02604294,100,21.95752335,0,21.61458206
2023/5/22 23:19,100,22.21875,100,22.02604294,100,21.88518524,0,21.61458206
2023/5/22 23:20,100,22.21875,100,22.02604294,100,21.95752335,0,21.61458206
2023/5/22 23:21,100,22.21875,100,22.02604294,100,21.95752335,0,21.61458206
2023/5/22 23:22,100,22.11747742,100,22.02604294,100,21.95752335,0,21.61458206
2023/5/22 23:23,100,22.21875,100,22.02604294,100,21.95752335,0,21.61458206
2023/5/22 23:24,100,22.21875,100,22.02604294,100,21.95752335,0,21.61458206
2023/5/22 23:25,100,22.21875,100,22.02604294,100,21.85625076,0,21.61458206
2023/5/22 23:26,100,22.21875,100,22.02604294,100,22.04432869,0,21.61458206
2023/5/22 23:27,100,22.21875,100,22.12731552,100,22.05879784,0,21.61458206
2023/5/22 23:28,100,22.11747742,100,22.12731552,100,22.05879784,0,21.61458206
2023/5/22 23:29,100,22.11747742,100,22.12731552,100,22.08773232,0,21.61458206
2023/5/22 23:30,100,22.11747742,100,22.12731552,100,22.05879784,0,21.61458206
2023/5/22 23:31,100,22.11747742,100,22.12731552,100,22.05879784,0,21.61458206
2023/5/22 23:32,100,22.21875,100,22.02604294,100,22.05879784,0,21.61458206
2023/5/22 23:33,100,22.11747742,100,22.02604294,100,21.95752335,0,21.61458206
2023/5/22 23:34,100,22.21875,100,22.02604294,100,21.95752335,0,21.62905121
2023/5/22 23:35,100,22.21875,100,22.02604294,100,22.05879784,0,21.61458206
2023/5/22 23:36,100,22.32002258,100,22.02604294,100,21.95752335,0,21.61458206
2023/5/22 23:37,100,22.32002258,100,22.02604294,100,21.95752335,0,21.61458206
2023/5/22 23:38,100,22.21875,100,22.02604294,100,21.95752335,0,21.61458206
2023/5/22 23:39,100,22.21875,100,22.02604294,100,21.95752335,0,21.61458206
2023/5/22 23:40,100,22.21875,100,22.02604294,100,22.05879784,0,21.61458206
2023/5/22 23:41,100,22.21875,100,22.02604294,100,22.05879784,0,21.61458206
2023/5/22 23:42,100,22.21875,100,22.02604294,100,22.05879784,0,21.61458206
2023/5/22 23:43,100,22.10301018,100,22.12731552,100,22.05879784,0,21.61458206
2023/5/22 23:44,100,22.21875,100,22.12731552,100,22.05879784,0,21.61458206
2023/5/22 23:45,100,22.21875,100,22.12731552,100,22.05879784,0,21.61458206
2023/5/22 23:46,100,22.21875,100,22.02604294,100,22.05879784,0,21.61458206
2023/5/22 23:47,100,22.21875,100,22.02604294,100,22.05879784,0,21.61458206
2023/5/22 23:48,100,22.21875,100,22.12731552,100,22.05879784,0,21.61458206
2023/5/22 23:49,100,22.21875,100,22.12731552,100,22.16007042,0,21.61458206
2023/5/22 23:50,100,22.21875,100,22.12731552,100,22.14560318,0,21.61458206
2023/5/22 23:51,100,22.21875,100,22.12731552,100,22.05879784,0,21.61458206
2023/5/22 23:52,100,22.13194466,100,22.12731552,100,22.05879784,0,21.61458206
2023/5/22 23:53,100,22.21875,100,22.12731552,100,22.05879784,0,21.61458206
2023/5/22 23:54,100,22.11747742,100,22.11284828,100,22.05879784,0,21.61458206
2023/5/22 23:55,100,22.21875,100,22.12731552,100,22.05879784,0,21.62905121
2023/5/22 23:56,100,22.11747742,100,22.12731552,100,22.05879784,0,21.61458206
2023/5/22 23:57,100,22.11747742,100,22.12731552,100,22.05879784,0,21.61458206
2023/5/22 23:58,100,22.21875,100,22.12731552,100,22.05879784,0,21.61458206
2023/5/22 23:59,100,22.21875,100,22.12731552,100,22.05879784,0,21.61458206
2023/5/23 0:00,100,22.21875,100,22.02604294,100,22.04432869,0,21.61458206
2023/5/23 0:01,100,22.21875,100,22.02604294,100,22.05879784,0,21.61458206
2023/5/23 0:02,100,22.11747742,100,22.02604294,100,22.05879784,0,21.61458206
2023/5/23 0:03,100,22.11747742,100,22.12731552,100,22.05879784,0,21.61458206
2023/5/23 0:04,100,22.21875,100,22.12731552,100,22.05879784,0,21.81712914
2023/5/23 0:05,100,22.21875,100,22.12731552,100,22.16007042,0,21.81712914
2023/5/23 0:06,100,22.21875,100,22.2285881,100,22.16007042,0,21.81712914
2023/5/23 0:07,100,22.23321724,100,22.18518448,100,22.05879784,0,21.81712914
2023/5/23 0:08,100,22.26215172,100,22.12731552,100,22.05879784,0,21.81712914
2023/5/23 0:09,100,22.21875,100,22.12731552,100,21.95752335,0,21.8026619
2023/5/23 0:10,100,22.21875,100,22.12731552,100,22.05879784,0,21.81712914
2023/5/23 0:11,100,22.21875,100,22.12731552,100,21.95752335,0,21.81712914
2023/5/23 0:12,100,22.21875,100,22.12731552,100,21.95752335,0,21.81712914
2023/5/23 0:13,100,22.21875,100,22.12731552,100,21.95752335,0,21.81712914
2023/5/23 0:14,100,22.11747742,100,22.02604294,100,21.95752335,0,21.81712914
2023/5/23 0:15,100,22.21875,100,22.12731552,100,21.94305611,0,21.81712914
2023/5/23 0:16,100,22.21875,100,22.12731552,100,21.95752335,0,21.81712914
2023/5/23 0:17,100,22.11747742,100,22.12731552,100,21.95752335,0,21.81712914
2023/5/23 0:18,100,22.11747742,100,22.12731552,100,21.95752335,0,21.81712914
2023/5/23 0:19,100,22.11747742,100,22.12731552,100,22.05879784,0,21.81712914
2023/5/23 0:20,100,22.11747742,100,22.12731552,100,22.05879784,0,21.81712914
2023/5/23 0:21,100,22.11747742,100,22.12731552,100,22.05879784,0,21.81712914
2023/5/23 0:22,100,22.11747742,100,22.12731552,100,22.05879784,0,21.81712914
2023/5/23 0:23,100,22.11747742,100,22.12731552,100,22.05879784,0,21.81712914
2023/5/23 0:24,100,22.11747742,100,22.12731552,100,22.05879784,0,21.81712914
2023/5/23 0:25,100,22.21875,100,22.12731552,100,22.05879784,0,21.81712914
2023/5/23 0:26,100,22.21875,100,22.12731552,100,22.05879784,0,21.81712914
2023/5/23 0:27,100,22.21875,100,22.2285881,100,22.05879784,0,21.81712914
2023/5/23 0:28,100,22.10301018,100,22.2285881,100,22.05879784,0,21.81712914
2023/5/23 0:29,100,22.11747742,100,22.2285881,100,22.16007042,0,21.81712914
2023/5/23 0:30,100,22.11747742,100,22.2285881,100,22.16007042,0,21.81712914
2023/5/23 0:31,100,22.21875,100,22.12731552,100,22.16007042,0,21.81712914
2023/5/23 0:32,100,22.21875,100,22.2285881,100,22.16007042,0,21.81712914
2023/5/23 0:33,100,22.32002258,100,22.32986069,100,22.16007042,0,21.8026619
2023/5/23 0:34,100,22.21875,100,22.32986069,100,22.16007042,0,21.81712914
2023/5/23 0:35,100,22.21875,100,22.32986069,100,22.14560318,0,21.81712914
2023/5/23 0:36,100,22.21875,100,22.2285881,100,22.05879784,0,21.81712914
2023/5/23 0:37,100,22.21875,100,22.12731552,100,22.04432869,0,21.81712914
2023/5/23 0:38,100,22.11747742,100,22.12731552,100,22.05879784,0,21.81712914
2023/5/23 0:39,100,22.11747742,100,22.2285881,100,22.05879784,0,21.81712914
2023/5/23 0:40,100,22.11747742,100,22.21412086,100,22.05879784,0,21.81712914
2023/5/23 0:41,100,22.11747742,100,22.2285881,100,22.04432869,0,21.81712914
2023/5/23 0:42,100,22.11747742,100,22.2285881,100,22.04432869,0,21.81712914
2023/5/23 0:43,100,22.11747742,100,22.2285881,100,22.05879784,0,21.81712914
2023/5/23 0:44,100,22.11747742,100,22.32986069,100,22.05879784,0,21.81712914
2023/5/23 0:45,100,22.11747742,100,22.31539345,100,22.05879784,0,21.81712914
2023/5/23 0:46,100,22.11747742,100,22.2285881,100,22.02986145,0,21.81712914
2023/5/23 0:47,100,22.21875,100,22.2285881,100,21.95752335,0,21.88946724
2023/5/23 0:48,100,22.21875,100,22.2285881,100,21.95752335,0,21.81712914
2023/5/23 0:49,100,22.21875,100,22.2285881,100,22.00092697,0,21.81712914
2023/5/23 0:50,100,22.21875,100,22.2285881,100,22.05879784,0,21.81712914
2023/5/23 0:51,100,22.21875,100,22.2285881,100,22.04432869,0,21.81712914
2023/5/23 0:52,100,22.11747742,100,22.32986069,100,22.16007042,0,21.81712914
2023/5/23 0:53,100,22.10301018,100,22.32986069,100,22.16007042,0,21.83159828
2023/5/23 0:54,100,22.21875,100,22.31539345,100,22.16007042,0,21.91840172
2023/5/23 0:55,100,22.21875,100,22.32986069,100,22.16007042,0,21.91840172
2023/5/23 0:56,100,22.21875,100,22.2285881,100,22.04432869,0,21.91840172
2023/5/23 0:57,100,22.21875,100,22.2285881,100,22.05879784,0,21.91840172
2023/5/23 0:58,100,22.11747742,100,22.2285881,100,22.05879784,0,21.91840172
2023/5/23 0:59,100,22.21875,100,22.2285881,100,22.05879784,0,21.91840172
2023/5/23 1:00,100,22.21875,100,22.2285881,100,22.04432869,0,21.91840172
2023/5/23 1:01,100,22.21875,100,22.2285881,100,22.05879784,0,21.91840172
2023/5/23 1:02,100,22.21875,100,22.2285881,100,21.94305611,0,21.91840172
2023/5/23 1:03,100,22.21875,100,22.2285881,100,22.05879784,0,21.91840172
2023/5/23 1:04,100,22.21875,100,22.2285881,100,22.02986145,0,21.91840172
2023/5/23 1:05,100,22.17534828,100,22.2285881,100,22.05879784,0,21.91840172
2023/5/23 1:06,100,22.21875,100,22.2285881,100,22.05879784,0,21.90393448
2023/5/23 1:07,100,22.21875,100,22.2285881,100,22.04432869,0,21.91840172
2023/5/23 1:08,100,22.21875,100,22.2285881,100,22.05879784,0,21.91840172
2023/5/23 1:09,100,22.21875,100,22.2285881,100,22.05879784,0,21.90393448
2023/5/23 1:10,100,22.21875,100,22.2285881,100,22.05879784,0,21.91840172
2023/5/23 1:11,100,22.11747742,100,22.2285881,100,22.05879784,0,21.91840172
2023/5/23 1:12,100,22.21875,100,22.2285881,100,22.05879784,0,21.91840172
2023/5/23 1:13,100,22.21875,100,22.2285881,100,22.05879784,0,21.91840172
2023/5/23 1:14,100,22.11747742,100,22.28645706,100,22.05879784,0.53904599,22.01967621
2023/5/23 1:15,100,22.20428276,100,22.2285881,100,22.08773232,11.34219265,22.01967621
2023/5/23 1:16,100,22.21875,100,22.32986069,100,22.14560318,25.99623871,22.01967621
2023/5/23 1:17,100,22.21875,100,22.32986069,100,22.16007042,40.85451126,22.01967621
2023/5/23 1:18,100,22.32002258,100,22.32986069,100,22.14560318,55.33630371,22.01967621
2023/5/23 1:19,100,22.21875,100,22.32986069,100,22.16007042,70.48396301,22.01967621
2023/5/23 1:20,100,22.20428276,100,22.32986069,100,22.16007042,85.17558289,22.00520706
2023/5/23 1:21,100,22.21875,100,22.32986069,100,22.05879784,99.88513947,22.01967621
2023/5/23 1:22,100,22.32002258,100,22.2285881,100,22.04432869,45.75268555,21.91840172
2023/5/23 1:23,100,22.21875,100,22.12731552,100,21.95752335,0,21.91840172
2023/5/23 1:24,100,22.21875,100,22.12731552,100,21.94305611,0,21.91840172
2023/5/23 1:25,100,22.21875,100,22.12731552,100,21.85625076,0,21.81712914
2023/5/23 1:26,100,22.11747742,100,22.12731552,100,21.95752335,0,21.81712914
2023/5/23 1:27,100,22.21875,100,22.12731552,100,21.95752335,0,21.81712914
2023/5/23 1:28,100,22.11747742,100,22.12731552,100,21.94305611,0,21.81712914
2023/5/23 1:29,100,22.11747742,100,22.12731552,100,21.95752335,0,21.81712914
2023/5/23 1:30,100,22.20428276,100,22.2285881,100,22.05879784,0,21.81712914
2023/5/23 1:31,100,22.11747742,100,22.2285881,100,22.04432869,0,21.81712914
2023/5/23 1:32,100,22.11747742,100,22.2285881,100,22.05879784,0,21.81712914
2023/5/23 1:33,100,22.11747742,100,22.2285881,100,22.04432869,0,21.81712914
2023/5/23 1:34,100,22.21875,100,22.21412086,100,22.05879784,0,21.81712914
2023/5/23 1:35,100,22.11747742,100,22.2285881,100,22.16007042,0,21.88946724
2023/5/23 1:36,100,22.11747742,100,22.2285881,100,22.05879784,0,21.91840172
2023/5/23 1:37,100,22.21875,100,22.2285881,100,22.04432869,0,21.91840172
2023/5/23 1:38,100,22.21875,100,22.2285881,100,22.05879784,0,21.91840172
2023/5/23 1:39,100,22.21875,100,22.2285881,100,22.04432869,0,21.91840172
2023/5/23 1:40,100,22.27662086,100,22.24305534,100,22.05879784,0,21.91840172
2023/5/23 1:41,100,22.32002258,100,22.2285881,100,22.05879784,0,21.91840172
2023/5/23 1:42,100,22.21875,100,22.2285881,100,22.04432869,0,21.91840172
2023/5/23 1:43,100,22.21875,100,22.11284828,100,22.04432869,0,21.91840172
2023/5/23 1:44,100,22.21875,100,22.2285881,100,22.05879784,0,21.91840172
2023/5/23 1:45,100,22.11747742,100,22.2285881,100,22.16007042,0,21.91840172
2023/5/23 1:46,100,22.11747742,100,22.32986069,100,22.16007042,0,21.91840172
2023/5/23 1:47,100,22.1464119,100,22.32986069,100,22.16007042,0,21.91840172
2023/5/23 1:48,100,22.11747742,100,22.21412086,100,22.05879784,0,21.91840172
2023/5/23 1:49,100,22.11747742,100,22.2285881,100,22.05879784,8.817663193,22.01967621
2023/5/23 1:50,100,22.11747742,100,22.2285881,100,22.05879784,23.67206383,22.01967621
2023/5/23 1:51,100,22.21875,100,22.2285881,100,22.05879784,38.99045563,22.01967621
2023/5/23 1:52,100,22.21875,100,22.12731552,100,21.870718,53.89962769,22.01967621
2023/5/23 1:53,100,22.32002258,100,22.12731552,100,21.85625076,68.28899384,22.01967621
2023/5/23 1:54,100,22.21875,100,22.12731552,100,21.85625076,83.29193115,22.01967621
2023/5/23 1:55,100,22.21875,100,22.02604294,100,21.85625076,98.55397034,22.01967621
2023/5/23 1:56,100,22.21875,100,22.02604294,100,21.85625076,100,22.01967621
2023/5/23 1:57,100,22.11747742,100,21.92476845,100,21.85625076,48.52285004,21.91840172
2023/5/23 1:58,100,22.11747742,100,21.92476845,100,21.75497818,0,21.91840172
2023/5/23 1:59,100,22.21875,100,21.82349586,100,21.55243111,0,21.81712914
2023/5/23 2:00,100,22.21875,100,21.73669052,100,21.55243111,0,21.81712914
2023/5/23 2:01,100,22.21875,100,21.72222328,100,21.45115852,0,21.81712914
2023/5/23 2:02,100,22.21875,100,21.73669052,100,21.45115852,0,21.81712914
2023/5/23 2:03,100,22.11747742,100,21.82349586,100,21.55243111,0,21.81712914
2023/5/23 2:04,100,22.11747742,100,21.82349586,100,21.55243111,0,21.81712914
2023/5/23 2:05,100,22.11747742,100,21.82349586,100,21.55243111,0,21.81712914
2023/5/23 2:06,100,22.11747742,100,21.82349586,100,21.55243111,0,21.81712914
2023/5/23 2:07,100,22.11747742,100,21.82349586,100,21.55243111,0,21.81712914
2023/5/23 2:08,100,22.11747742,100,21.82349586,100,21.55243111,0,21.81712914
2023/5/23 2:09,100,22.11747742,100,21.82349586,100,21.55243111,0,21.81712914
2023/5/23 2:10,100,22.11747742,100,21.92476845,100,21.55243111,0,21.81712914
2023/5/23 2:11,100,22.11747742,100,21.92476845,100,21.55243111,0,21.81712914
2023/5/23 2:12,100,22.11747742,100,21.82349586,100,21.55243111,0,21.81712914
2023/5/23 2:13,100,22.20428276,100,21.82349586,100,21.65370369,0,21.81712914
2023/5/23 2:14,100,22.11747742,100,21.92476845,100,21.65370369,0,21.81712914
2023/5/23 2:15,100,22.21875,100,21.80902672,100,21.55243111,0,21.81712914
2023/5/23 2:16,100,22.11747742,100,21.82349586,100,21.55243111,0,21.81712914
2023/5/23 2:17,100,22.11747742,100,21.82349586,100,21.55243111,0,21.91840172
2023/5/23 2:18,100,22.11747742,100,21.82349586,100,21.55243111,0,21.83159828
2023/5/23 2:19,100,22.11747742,100,21.92476845,100,21.65370369,0,21.91840172
2023/5/23 2:20,100,22.11747742,100,21.92476845,100,21.75497818,0,21.91840172
2023/5/23 2:21,100,22.11747742,100,22.02604294,100,21.75497818,0,21.91840172
2023/5/23 2:22,100,22.11747742,100,22.02604294,100,21.75497818,0,21.91840172
2023/5/23 2:23,100,22.21875,100,22.12731552,100,21.85625076,0,21.91840172
2023/5/23 2:24,100,22.11747742,100,22.12731552,100,21.85625076,0,21.91840172
2023/5/23 2:25,100,22.11747742,100,22.12731552,100,21.85625076,0,21.91840172
2023/5/23 2:26,100,22.11747742,100,22.12731552,100,21.85625076,0,21.91840172
2023/5/23 2:27,100,22.21875,100,22.12731552,100,21.85625076,0,21.91840172
2023/5/23 2:28,100,22.11747742,100,22.02604294,100,21.85625076,0,21.91840172
2023/5/23 2:29,100,22.21875,100,22.02604294,100,21.85625076,0,21.91840172
2023/5/23 2:30,100,22.21875,100,22.02604294,100,21.85625076,0,21.96180534
2023/5/23 2:31,100,22.21875,100,21.93923569,100,21.85625076,5.676161766,22.01967621
2023/5/23 2:32,100,22.32002258,100,22.01157379,100,21.75497818,20.42295456,22.01967621
2023/5/23 2:33,100,22.32002258,100,21.93923569,100,21.75497818,35.79974365,22.01967621
2023/5/23 2:34,100,22.32002258,100,22.01157379,100,21.85625076,50.44787598,22.01967621
2023/5/23 2:35,100,22.21875,100,22.02604294,100,21.85625076,65.57184601,22.01967621
2023/5/23 2:36,100,22.32002258,100,22.02604294,100,21.85625076,80.37413788,22.01967621
2023/5/23 2:37,100,22.21875,100,21.93923569,100,21.7983799,95.1888504,22.01967621
2023/5/23 2:38,100,22.21875,100,21.82349586,100,21.65370369,100,22.01967621
2023/5/23 2:39,100,22.21875,100,21.82349586,100,21.65370369,100,22.00520706
2023/5/23 2:40,100,22.21875,100,21.82349586,100,21.55243111,70.86705017,21.91840172
2023/5/23 2:41,100,22.21875,100,21.82349586,100,21.55243111,6.4929533,21.91840172
2023/5/23 2:42,100,22.21875,100,21.73669052,100,21.46562576,0,21.91840172
2023/5/23 2:43,100,22.11747742,100,21.82349586,100,21.55243111,0,21.81712914
2023/5/23 2:44,100,22.21875,100,21.82349586,100,21.55243111,0,21.81712914
2023/5/23 2:45,100,22.11747742,100,21.82349586,100,21.55243111,0,21.81712914
2023/5/23 2:46,100,22.11747742,100,21.8379631,100,21.55243111,0,21.81712914
2023/5/23 2:47,100,22.11747742,100,21.93923569,100,21.65370369,0,21.81712914
2023/5/23 2:48,100,22.11747742,100,21.92476845,100,21.65370369,0,21.81712914
2023/5/23 2:49,100,22.11747742,100,21.92476845,100,21.65370369,0,21.81712914
2023/5/23 2:50,100,22.11747742,100,21.92476845,100,21.75497818,0,21.81712914
2023/5/23 2:51,100,22.11747742,100,21.92476845,100,21.75497818,0,21.81712914
2023/5/23 2:52,100,22.11747742,100,22.02604294,100,21.75497818,0,21.81712914
2023/5/23 2:53,100,22.21875,100,22.02604294,100,21.75497818,0,21.81712914
2023/5/23 2:54,100,22.11747742,100,22.02604294,100,21.75497818,0,21.81712914
2023/5/23 2:55,100,22.11747742,100,22.02604294,100,21.75497818,0,21.81712914
2023/5/23 2:56,100,22.11747742,100,22.02604294,100,21.75497818,0,21.81712914
2023/5/23 2:57,100,22.11747742,100,22.02604294,100,21.75497818,0,21.81712914
2023/5/23 2:58,100,22.11747742,100,22.02604294,100,21.75497818,0,21.81712914
2023/5/23 2:59,100,22.21875,100,21.93923569,100,21.65370369,0,21.81712914
2023/5/23 3:00,100,22.11747742,100,22.02604294,100,21.75497818,0,21.81712914
2023/5/23 3:01,100,22.11747742,100,22.02604294,100,21.75497818,0,21.875
2023/5/23 3:02,100,22.11747742,100,21.96817207,100,21.75497818,0,21.91840172
2023/5/23 3:03,100,22.20428276,100,22.02604294,100,21.75497818,0,21.91840172
2023/5/23 3:04,100,22.21875,100,22.02604294,100,21.75497818,0,21.91840172
2023/5/23 3:05,100,22.11747742,100,22.02604294,100,21.75497818,0,21.91840172
2023/5/23 3:06,100,22.21875,100,22.02604294,100,21.75497818,0,21.91840172
2023/5/23 3:07,100,22.21875,100,22.02604294,100,21.75497818,0,21.91840172
2023/5/23 3:08,100,22.21875,100,21.92476845,100,21.65370369,0,21.91840172
2023/5/23 3:09,100,22.21875,100,21.92476845,100,21.75497818,0,21.91840172
2023/5/23 3:10,100,22.32002258,100,22.02604294,100,21.75497818,0,21.91840172
2023/5/23 3:11,100,22.32002258,100,22.02604294,100,21.75497818,0,21.91840172
2023/5/23 3:12,100,22.21875,100,22.02604294,100,21.75497818,0,21.91840172
2023/5/23 3:13,100,22.21875,100,22.02604294,100,21.75497818,0,21.91840172
2023/5/23 3:14,100,22.20428276,100,22.02604294,100,21.85625076,0.071611248,22.00520706
2023/5/23 3:15,100,22.21875,100,22.02604294,100,21.75497818,9.626460075,22.01967621
2023/5/23 3:16,100,22.32002258,100,22.02604294,100,21.75497818,23.8735466,22.01967621
2023/5/23 3:17,100,22.32002258,100,22.12731552,100,21.75497818,38.2604599,22.01967621
2023/5/23 3:18,100,22.32002258,100,22.12731552,100,21.85625076,40.26489258,21.91840172
2023/5/23 3:19,100,22.21875,100,22.12731552,100,21.95752335,0,21.91840172
2023/5/23 3:20,100,22.32002258,100,22.12731552,100,21.95752335,0,21.91840172
2023/5/23 3:21,100,22.32002258,100,22.12731552,100,21.95752335,0,21.90393448
2023/5/23 3:22,100,22.21875,100,22.2285881,100,21.94305611,0,21.91840172
2023/5/23 3:23,100,22.32002258,100,22.2285881,100,21.95752335,0,21.91840172
2023/5/23 3:24,100,22.21875,100,22.12731552,100,21.92858887,0,21.91840172
2023/5/23 3:25,100,22.21875,100,22.12731552,100,21.84178352,0,21.91840172
2023/5/23 3:26,100,22.21875,100,22.12731552,100,21.85625076,0,21.91840172
2023/5/23 3:27,100,22.26215172,100,22.12731552,100,21.85625076,0,21.91840172
2023/5/23 3:28,100,22.21875,100,22.11284828,100,21.85625076,0,21.91840172
2023/5/23 3:29,100,22.21875,100,22.02604294,100,21.75497818,7.217058659,22.01967621
2023/5/23 3:30,100,22.1464119,100,22.12731552,100,21.75497818,22.42854881,22.01967621
2023/5/23 3:31,100,22.21875,100,22.12731552,100,21.85625076,36.76747513,22.01967621
2023/5/23 3:32,100,22.32002258,100,22.12731552,100,21.85625076,52.20003128,22.01967621
2023/5/23 3:33,100,22.32002258,100,22.2285881,100,21.85625076,66.95931244,22.01967621
2023/5/23 3:34,100,22.32002258,100,22.2285881,100,21.85625076,81.5894165,22.01967621
2023/5/23 3:35,100,22.32002258,100,22.12731552,100,21.85625076,96.43030548,22.01967621
2023/5/23 3:36,100,22.32002258,100,22.02604294,100,21.85625076,75.08165741,21.91840172
2023/5/23 3:37,100,22.32002258,100,21.93923569,100,21.75497818,10.7782774,21.91840172
2023/5/23 3:38,100,22.32002258,100,21.92476845,100,21.65370369,0,21.91840172
2023/5/23 3:39,100,22.32002258,100,21.82349586,100,21.55243111,0,21.91840172
2023/5/23 3:40,100,22.21875,100,21.82349586,100,21.55243111,0,21.81712914
2023/5/23 3:41,100,22.11747742,100,21.73669052,100,21.55243111,0,21.81712914
2023/5/23 3:42,100,22.21875,100,21.73669052,100,21.61030197,0,21.81712914
2023/5/23 3:43,100,22.21875,100,21.73669052,100,21.55243111,0,21.81712914
2023/5/23 3:44,100,22.11747742,100,21.73669052,100,21.55243111,0,21.81712914
2023/5/23 3:45,100,22.11747742,100,21.73669052,100,21.55243111,0,21.91840172
2023/5/23 3:46,100,22.21875,100,21.73669052,100,21.55243111,0,21.91840172
2023/5/23 3:47,100,22.21875,100,21.73669052,100,21.55243111,0,21.91840172
2023/5/23 3:48,100,22.21875,100,21.73669052,100,21.55243111,0,21.91840172
2023/5/23 3:49,100,22.21875,100,21.82349586,100,21.65370369,0,21.91840172
2023/5/23 3:50,100,22.21875,100,21.72222328,100,21.65370369,0,21.91840172
2023/5/23 3:51,100,22.11747742,100,21.72222328,100,21.65370369,0,21.91840172
2023/5/23 3:52,100,22.11747742,100,21.73669052,100,21.55243111,0,21.91840172
2023/5/23 3:53,100,22.11747742,100,21.73669052,100,21.55243111,9.298456192,22.01967621
2023/5/23 3:54,100,22.11747742,100,21.72222328,100,21.55243111,24.3093338,22.01967621
2023/5/23 3:55,100,22.11747742,100,21.72222328,100,21.55243111,39.0847168,22.01967621
2023/5/23 3:56,100,22.11747742,100,21.73669052,100,21.55243111,53.90031815,22.01967621
2023/5/23 3:57,100,22.21875,100,21.66435242,100,21.55243111,68.93611908,22.01967621
2023/5/23 3:58,100,22.21875,100,21.63541794,100,21.45115852,83.86400604,22.01967621
2023/5/23 3:59,100,22.21875,100,21.59201431,100,21.45115852,98.41698456,22.01967621
2023/5/23 4:00,100,22.21875,100,21.63541794,100,21.45115852,100,22.01967621
2023/5/23 4:01,100,22.21875,100,21.63541794,100,21.45115852,64.2286377,21.91840172
2023/5/23 4:02,100,22.11747742,100,21.53414345,100,21.45115852,0,21.91840172
2023/5/23 4:03,100,22.11747742,100,21.53414345,100,21.45115852,0,21.81712914
2023/5/23 4:04,100,22.11747742,100,21.51967621,100,21.34988594,0,21.81712914
2023/5/23 4:05,100,22.01620293,100,21.51967621,100,21.34988594,0,21.81712914
2023/5/23 4:06,100,22.11747742,100,21.43287086,100,21.34988594,0,21.81712914
2023/5/23 4:07,100,22.01620293,100,21.53414345,100,21.45115852,0,21.81712914
2023/5/23 4:08,100,22.01620293,100,21.53414345,100,21.45115852,0,21.81712914
2023/5/23 4:09,100,22.01620293,100,21.63541794,100,21.45115852,0,21.81712914
2023/5/23 4:10,100,22.11747742,100,21.63541794,100,21.45115852,0,21.81712914
2023/5/23 4:11,100,22.11747742,100,21.62094879,100,21.46562576,0,21.81712914
2023/5/23 4:12,100,22.11747742,100,21.63541794,100,21.45115852,0,21.81712914
2023/5/23 4:13,100,22.11747742,100,21.53414345,100,21.45115852,0,21.81712914
2023/5/23 4:14,100,22.11747742,100,21.43287086,100,21.45115852,0,21.81712914
2023/5/23 4:15,100,22.11747742,100,21.43287086,100,21.34988594,0,21.81712914
2023/5/23 4:16,100,22.11747742,100,21.43287086,100,21.34988594,0,21.81712914
2023/5/23 4:17,100,22.11747742,100,21.41840172,100,21.34988594,0,21.81712914
2023/5/23 4:18,100,22.11747742,100,21.43287086,100,21.34988594,0,21.8026619
2023/5/23 4:19,100,22.11747742,100,21.43287086,100,21.45115852,0,21.81712914
2023/5/23 4:20,100,22.11747742,100,21.43287086,100,21.45115852,0,21.81712914
2023/5/23 4:21,100,22.11747742,100,21.53414345,100,21.45115852,0,21.81712914
2023/5/23 4:22,100,22.11747742,100,21.53414345,100,21.45115852,0,21.81712914
2023/5/23 4:23,100,22.11747742,100,21.53414345,100,21.45115852,0,21.81712914
2023/5/23 4:24,100,22.11747742,100,21.53414345,100,21.45115852,0,21.81712914
2023/5/23 4:25,100,22.21875,100,21.53414345,100,21.45115852,0,21.81712914
2023/5/23 4:26,100,22.21875,100,21.51967621,100,21.45115852,0,21.81712914
2023/5/23 4:27,100,22.11747742,100,21.53414345,100,21.45115852,0,21.81712914
2023/5/23 4:28,100,22.21875,100,21.62094879,100,21.45115852,0,21.83159828
2023/5/23 4:29,100,22.21875,100,21.63541794,100,21.45115852,0,21.81712914
2023/5/23 4:30,100,22.21875,100,21.63541794,100,21.52349663,0,21.91840172
2023/5/23 4:31,100,22.21875,100,21.63541794,100,21.45115852,0,21.90393448
2023/5/23 4:32,100,22.21875,100,21.51967621,100,21.45115852,0,21.91840172
2023/5/23 4:33,100,22.21875,100,21.53414345,100,21.45115852,0,21.91840172
2023/5/23 4:34,100,22.21875,100,21.62094879,100,21.45115852,0,21.91840172
2023/5/23 4:35,100,22.21875,100,21.63541794,100,21.46562576,0,21.91840172
2023/5/23 4:36,100,22.21875,100,21.63541794,100,21.45115852,0,21.91840172
2023/5/23 4:37,100,22.21875,100,21.63541794,100,21.45115852,0,21.91840172
2023/5/23 4:38,100,22.32002258,100,21.59201431,100,21.45115852,0,21.91840172
2023/5/23 4:39,100,22.32002258,100,21.53414345,100,21.45115852,0,21.91840172
2023/5/23 4:40,100,22.21875,100,21.51967621,100,21.45115852,12.93881702,22.01967621
2023/5/23 4:41,100,22.21875,100,21.53414345,100,21.55243111,27.56498718,22.01967621
2023/5/23 4:42,100,22.21875,100,21.53414345,100,21.55243111,42.66893387,22.01967621
2023/5/23 4:43,100,22.21875,100,21.51967621,100,21.45115852,57.77112579,22.01967621
2023/5/23 4:44,100,22.21875,100,21.53414345,100,21.55243111,83.91786194,22.12094879
2023/5/23 4:45,100,22.21875,100,21.63541794,100,21.45115852,100,22.12094879
2023/5/23 4:46,100,22.32002258,100,21.63541794,100,21.45115852,100,22.00520706
2023/5/23 4:47,100,22.20428276,100,21.63541794,100,21.45115852,100,22.01967621
2023/5/23 4:48,100,22.11747742,100,21.53414345,100,21.34988594,94.72504425,21.91840172
2023/5/23 4:49,100,22.21875,100,21.43287086,100,21.34988594,30.52853584,21.91840172
2023/5/23 4:50,100,22.11747742,100,21.43287086,100,21.26307869,0,21.81712914
2023/5/23 4:51,100,22.10301018,100,21.33159828,100,21.16180611,0,21.81712914
2023/5/23 4:52,100,22.11747742,100,21.33159828,100,21.24861145,0,21.81712914
2023/5/23 4:53,100,22.11747742,100,21.33159828,100,21.24861145,0,21.81712914
2023/5/23 4:54,100,22.11747742,100,21.33159828,100,21.34988594,0,21.81712914
2023/5/23 4:55,100,22.10301018,100,21.33159828,100,21.26307869,0,21.81712914
2023/5/23 4:56,100,22.11747742,100,21.31712914,100,21.24861145,0,21.81712914
2023/5/23 4:57,100,22.11747742,100,21.33159828,100,21.26307869,0,21.81712914
2023/5/23 4:58,100,22.11747742,100,21.33159828,100,21.34988594,0,21.81712914
2023/5/23 4:59,100,22.10301018,100,21.43287086,100,21.34988594,0,21.8026619
2023/5/23 5:00,100,22.11747742,100,21.43287086,100,21.34988594,0,21.81712914
2023/5/23 5:01,100,22.11747742,100,21.43287086,100,21.34988594,0,21.62905121
2023/5/23 5:02,100,22.11747742,100,21.43287086,100,21.34988594,0,21.81712914
2023/5/23 5:03,100,22.11747742,100,21.43287086,100,21.34988594,0,21.81712914
2023/5/23 5:04,100,22.11747742,100,21.43287086,100,21.34988594,0,21.81712914
2023/5/23 5:05,100,22.11747742,100,21.43287086,100,21.34988594,0,21.81712914
2023/5/23 5:06,100,22.11747742,100,21.53414345,100,21.34988594,0,21.81712914
2023/5/23 5:07,100,22.21875,100,21.53414345,100,21.34988594,0,21.81712914
2023/5/23 5:08,100,22.21875,100,21.53414345,100,21.45115852,0,21.81712914
2023/5/23 5:09,100,22.11747742,100,21.53414345,100,21.45115852,0,21.81712914
2023/5/23 5:10,100,22.21875,100,21.53414345,100,21.45115852,0,21.81712914
2023/5/23 5:11,100,22.11747742,100,21.51967621,100,21.45115852,0,21.81712914
2023/5/23 5:12,100,22.11747742,100,21.51967621,100,21.45115852,0,21.81712914
2023/5/23 5:13,100,22.21875,100,21.53414345,100,21.43669128,0,21.81712914
2023/5/23 5:14,100,22.21875,100,21.51967621,100,21.46562576,0,21.81712914
2023/5/23 5:15,100,22.21875,100,21.53414345,100,21.45115852,0,21.81712914
2023/5/23 5:16,100,22.21875,100,21.53414345,100,21.45115852,0,21.81712914
2023/5/23 5:17,100,22.21875,100,21.51967621,100,21.45115852,0,21.81712914
2023/5/23 5:18,100,22.21875,100,21.53414345,100,21.45115852,0,21.81712914
2023/5/23 5:19,100,22.21875,100,21.51967621,100,21.45115852,0,21.81712914
2023/5/23 5:20,100,22.21875,100,21.63541794,100,21.43669128,0,21.81712914
2023/5/23 5:21,100,22.21875,100,21.63541794,100,21.45115852,0,21.91840172
2023/5/23 5:22,100,22.21875,100,21.62094879,100,21.45115852,0,21.91840172
2023/5/23 5:23,100,22.21875,100,21.51967621,100,21.45115852,0,21.91840172
2023/5/23 5:24,100,22.21875,100,21.51967621,100,21.45115852,0,21.91840172
2023/5/23 5:25,100,22.21875,100,21.53414345,100,21.45115852,0,21.91840172
2023/5/23 5:26,100,22.21875,100,21.51967621,100,21.45115852,0,21.91840172
2023/5/23 5:27,100,22.21875,100,21.51967621,100,21.45115852,0,21.91840172
2023/5/23 5:28,100,22.21875,100,21.51967621,100,21.45115852,0,21.91840172
2023/5/23 5:29,100,22.20428276,100,21.51967621,100,21.45115852,0.034489132,22.00520706
2023/5/23 5:30,100,22.21875,100,21.53414345,100,21.45115852,0.514159441,22.01967621
2023/5/23 5:31,100,22.21875,100,21.63541794,100,21.55243111,10.7315073,22.01967621
2023/5/23 5:32,100,22.32002258,100,21.73669052,100,21.55243111,24.38640022,22.01967621
2023/5/23 5:33,100,22.21875,100,21.73669052,100,21.55243111,38.39222717,22.01967621
2023/5/23 5:34,100,22.20428276,100,21.63541794,100,21.52349663,53.21060944,22.01967621
2023/5/23 5:35,100,22.21875,100,21.70775414,100,21.55243111,67.76428986,22.01967621
2023/5/23 5:36,100,22.21875,100,21.73669052,100,21.55243111,80.70941925,22.01967621
2023/5/23 5:37,100,22.21875,100,21.63541794,100,21.55243111,54.11923218,21.91840172
2023/5/23 5:38,100,22.21875,100,21.63541794,100,21.46562576,0,21.91840172
2023/5/23 5:39,100,22.21875,100,21.51967621,100,21.45115852,0,21.91840172
2023/5/23 5:40,100,22.21875,100,21.51967621,100,21.45115852,0,21.81712914
2023/5/23 5:41,100,22.11747742,100,21.53414345,100,21.45115852,0,21.81712914
2023/5/23 5:42,100,22.11747742,100,21.51967621,100,21.45115852,0,21.81712914
2023/5/23 5:43,100,22.11747742,100,21.51967621,100,21.45115852,0,21.81712914
2023/5/23 5:44,100,22.11747742,100,21.53414345,100,21.45115852,0,21.81712914
2023/5/23 5:45,100,22.21875,100,21.51967621,100,21.45115852,0,21.81712914
2023/5/23 5:46,100,22.21875,100,21.51967621,100,21.45115852,0,21.81712914
2023/5/23 5:47,100,22.11747742,100,21.53414345,100,21.45115852,0,21.81712914
2023/5/23 5:48,100,22.21875,100,21.51967621,100,21.45115852,0,21.81712914
2023/5/23 5:49,100,22.21875,100,21.53414345,100,21.45115852,0,21.81712914
2023/5/23 5:50,100,22.10301018,100,21.53414345,100,21.45115852,0,21.81712914
2023/5/23 5:51,100,22.13194466,100,21.54861069,100,21.45115852,0,21.81712914
2023/5/23 5:52,100,22.21875,100,21.63541794,100,21.45115852,0,21.81712914
2023/5/23 5:53,100,22.21875,100,21.62094879,100,21.45115852,0,21.81712914
2023/5/23 5:54,100,22.21875,100,21.63541794,100,21.45115852,0,21.81712914
2023/5/23 5:55,100,22.21875,100,21.63541794,100,21.45115852,0,21.91840172
2023/5/23 5:56,100,22.21875,100,21.63541794,100,21.45115852,0,21.91840172
2023/5/23 5:57,100,22.21875,100,21.63541794,100,21.55243111,0,21.91840172
2023/5/23 5:58,100,22.21875,100,21.63541794,100,21.45115852,0,21.91840172
2023/5/23 5:59,100,22.21875,100,21.63541794,100,21.45115852,0,21.91840172
2023/5/23 6:00,100,22.21875,100,21.63541794,100,21.45115852,0,21.91840172
2023/5/23 6:01,100,22.21875,100,21.63541794,100,21.45115852,0,21.91840172
2023/5/23 6:02,100,22.21875,100,21.53414345,100,21.45115852,0,21.91840172
2023/5/23 6:03,100,22.21875,100,21.63541794,100,21.45115852,0,21.91840172
2023/5/23 6:04,100,22.21875,100,21.63541794,100,21.55243111,0,21.91840172
2023/5/23 6:05,100,22.21875,100,21.63541794,100,21.45115852,0,21.91840172
2023/5/23 6:06,100,22.21875,100,21.51967621,100,21.45115852,0,21.91840172
2023/5/23 6:07,100,22.21875,100,21.63541794,100,21.45115852,0,21.91840172
2023/5/23 6:08,100,22.21875,100,21.63541794,100,21.45115852,0,21.91840172
2023/5/23 6:09,100,22.21875,100,21.63541794,100,21.46562576,0,21.91840172
2023/5/23 6:10,100,22.21875,100,21.63541794,100,21.45115852,0,21.91840172
2023/5/23 6:11,100,22.21875,100,21.63541794,100,21.45115852,0,21.91840172
2023/5/23 6:12,100,22.32002258,100,21.63541794,100,21.45115852,0,21.99073982
2023/5/23 6:13,100,22.32002258,100,21.53414345,100,21.45115852,12.08581734,22.01967621
2023/5/23 6:14,100,22.32002258,100,21.53414345,100,21.45115852,27.27046967,22.00520706
2023/5/23 6:15,100,22.21875,100,21.62094879,100,21.45115852,42.01486588,22.01967621
2023/5/23 6:16,100,22.21875,100,21.63541794,100,21.55243111,57.01482773,22.01967621
2023/5/23 6:17,100,22.32002258,100,21.63541794,100,21.43669128,71.67835236,22.01967621
2023/5/23 6:18,100,22.32002258,100,21.63541794,100,21.45115852,86.34091949,22.01967621
2023/5/23 6:19,100,22.32002258,100,21.51967621,100,21.45115852,100,22.01967621
2023/5/23 6:20,100,22.21875,100,21.53414345,100,21.45115852,100,22.01967621
2023/5/23 6:21,100,22.21875,100,21.63541794,100,21.45115852,87.06153107,21.91840172
2023/5/23 6:22,100,22.21875,100,21.51967621,100,21.45115852,22.81748581,21.91840172
2023/5/23 6:23,100,22.21875,100,21.53414345,100,21.45115852,0,21.91840172
2023/5/23 6:24,100,22.21875,100,21.43287086,100,21.34988594,0,21.81712914
2023/5/23 6:25,100,22.20428276,100,21.43287086,100,21.34988594,0,21.81712914
2023/5/23 6:26,100,22.21875,100,21.43287086,100,21.34988594,0,21.81712914
2023/5/23 6:27,100,22.21875,100,21.43287086,100,21.34988594,0,21.81712914
2023/5/23 6:28,100,22.21875,100,21.43287086,100,21.34988594,0,21.81712914
2023/5/23 6:29,100,22.21875,100,21.34606552,100,21.34988594,0,21.81712914
2023/5/23 6:30,100,22.21875,100,21.43287086,100,21.34988594,0,21.81712914
2023/5/23 6:31,100,22.21875,100,21.51967621,100,21.45115852,0,21.81712914
2023/5/23 6:32,100,22.21875,100,21.53414345,100,21.45115852,0,21.81712914
2023/5/23 6:33,100,22.21875,100,21.53414345,100,21.45115852,0,21.81712914
2023/5/23 6:34,100,22.21875,100,21.53414345,100,21.45115852,0,21.81712914
2023/5/23 6:35,100,22.21875,100,21.51967621,100,21.45115852,0,21.81712914
2023/5/23 6:36,100,22.21875,100,21.51967621,100,21.45115852,0,21.81712914
2023/5/23 6:37,100,22.21875,100,21.51967621,100,21.45115852,0,21.81712914
2023/5/23 6:38,100,22.21875,100,21.53414345,100,21.45115852,0,21.81712914
2023/5/23 6:39,100,22.32002258,100,21.51967621,100,21.45115852,0,21.90393448
2023/5/23 6:40,100,22.32002258,100,21.63541794,100,21.45115852,0,21.91840172
2023/5/23 6:41,100,22.32002258,100,21.63541794,100,21.46562576,0,21.91840172
2023/5/23 6:42,100,22.21875,100,21.63541794,100,21.45115852,0,21.91840172
2023/5/23 6:43,100,22.21875,100,21.63541794,100,21.55243111,0,21.91840172
2023/5/23 6:44,100,22.21875,100,21.63541794,100,21.55243111,0,21.91840172
2023/5/23 6:45,100,22.21875,100,21.63541794,100,21.55243111,0,21.91840172
2023/5/23 6:46,100,22.21875,100,21.63541794,100,21.45115852,3.227663994,22.00520706
2023/5/23 6:47,100,22.32002258,100,21.63541794,100,21.45115852,17.14150238,22.01967621
2023/5/23 6:48,100,22.32002258,100,21.63541794,100,21.45115852,32.15299988,22.01967621
2023/5/23 6:49,100,22.32002258,100,21.63541794,100,21.55243111,47.04878235,22.01967621
2023/5/23 6:50,100,22.32002258,100,21.63541794,100,21.55243111,62.03763199,22.01967621
2023/5/23 6:51,100,22.32002258,100,21.62094879,100,21.55243111,76.6788559,22.01967621
2023/5/23 6:52,100,22.32002258,100,21.63541794,100,21.45115852,91.41485596,22.01967621
2023/5/23 6:53,100,22.32002258,100,21.63541794,100,21.45115852,100,22.01967621
2023/5/23 6:54,100,22.32002258,100,21.63541794,100,21.46562576,86.35979462,21.93287086
2023/5/23 6:55,100,22.32002258,100,21.51967621,100,21.45115852,22.3175602,21.91840172
2023/5/23 6:56,100,22.23321724,100,21.51967621,100,21.45115852,0,21.91840172
2023/5/23 6:57,100,22.21875,100,21.51967621,100,21.45115852,0,21.91840172
2023/5/23 6:58,100,22.21875,100,21.53414345,100,21.45115852,0,21.81712914
2023/5/23 6:59,100,22.21875,100,21.51967621,100,21.45115852,0,21.81712914
2023/5/23 7:00,100,22.21875,100,21.53414345,100,21.45115852,0,21.8026619
2023/5/23 7:01,100,22.32002258,100,21.51967621,100,21.45115852,0,21.81712914
2023/5/23 7:02,100,22.32002258,100,21.62094879,100,21.45115852,0,21.81712914
2023/5/23 7:03,100,22.26215172,100,21.63541794,100,21.45115852,0,21.81712914
2023/5/23 7:04,100,22.21875,100,21.51967621,100,21.45115852,0,21.81712914
2023/5/23 7:05,100,22.21875,100,21.62094879,100,21.45115852,0,21.81712914
2023/5/23 7:06,100,22.32002258,100,21.63541794,100,21.45115852,0,21.81712914
2023/5/23 7:07,100,22.32002258,100,21.62094879,100,21.46562576,0,21.81712914
2023/5/23 7:08,100,22.21875,100,21.51967621,100,21.45115852,0,21.81712914
2023/5/23 7:09,100,22.32002258,100,21.51967621,100,21.45115852,0,21.81712914
2023/5/23 7:10,100,22.32002258,100,21.51967621,100,21.45115852,0,21.81712914
2023/5/23 7:11,100,22.32002258,100,21.63541794,100,21.45115852,0,21.81712914
2023/5/23 7:12,100,22.32002258,100,21.63541794,100,21.45115852,0,21.81712914
2023/5/23 7:13,100,22.21875,100,21.63541794,100,21.45115852,0,21.81712914
2023/5/23 7:14,100,22.32002258,100,21.59201431,100,21.46562576,0,21.8026619
2023/5/23 7:15,100,22.32002258,100,21.63541794,100,21.45115852,0,21.81712914
2023/5/23 7:16,100,22.32002258,100,21.72222328,100,21.55243111,0,21.81712914
2023/5/23 7:17,100,22.01620293,100,21.72222328,100,21.55243111,0,21.81712914
2023/5/23 7:18,100,22.01620293,100,21.73669052,100,21.65370369,0,21.81712914
2023/5/23 7:19,100,22.01620293,100,21.73669052,100,21.65370369,0,21.81712914
2023/5/23 7:20,100,22.32002258,100,21.73669052,100,21.65370369,0,21.81712914
2023/5/23 7:21,100,22.01620293,100,21.73669052,100,21.65370369,0,21.81712914
2023/5/23 7:22,100,22.01620293,100,21.70775414,100,21.55243111,0,21.81712914
2023/5/23 7:23,100,22.01620293,100,21.63541794,100,21.55243111,0,21.81712914
2023/5/23 7:24,100,22.32002258,100,21.72222328,100,21.55243111,0,21.81712914
2023/5/23 7:25,100,22.32002258,100,21.73669052,100,21.55243111,0,21.81712914
2023/5/23 7:26,100,22.32002258,100,21.73669052,100,21.65370369,0,21.81712914
2023/5/23 7:27,100,22.32002258,100,21.73669052,100,21.58136559,0,21.81712914
2023/5/23 7:28,100,22.32002258,100,21.63541794,100,21.45115852,0,21.81712914
2023/5/23 7:29,100,22.32002258,100,21.63541794,100,21.480093,0,21.81712914
2023/5/23 7:30,100,22.01620293,100,21.70775414,100,21.55243111,0,21.81712914
2023/5/23 7:31,100,22.01620293,100,21.72222328,100,21.65370369,0,21.81712914
2023/5/23 7:32,100,22.01620293,100,21.82349586,100,21.65370369,0,21.81712914
2023/5/23 7:33,100,22.13194466,100,21.82349586,100,21.75497818,0,21.81712914
2023/5/23 7:34,100,22.01620293,100,21.82349586,100,21.75497818,0,21.81712914
2023/5/23 7:35,100,22.01620293,100,21.82349586,100,21.65370369,0,21.81712914
2023/5/23 7:36,100,22.01620293,100,21.73669052,100,21.75497818,0,21.81712914
2023/5/23 7:37,100,22.32002258,100,21.73669052,100,21.75497818,0,21.81712914
2023/5/23 7:38,100,22.01620293,100,21.73669052,100,21.65370369,0,21.81712914
2023/5/23 7:39,100,22.01620293,100,21.72222328,100,21.65370369,0,21.81712914
2023/5/23 7:40,100,22.01620293,100,21.73669052,100,21.65370369,0,21.81712914
2023/5/23 7:41,100,22.01620293,100,21.73669052,100,21.55243111,0,21.81712914
2023/5/23 7:42,100,22.01620293,100,21.63541794,100,21.55243111,0,21.81712914
2023/5/23 7:43,100,22.01620293,100,21.63541794,100,21.55243111,0,21.81712914
2023/5/23 7:44,100,22.01620293,100,21.63541794,100,21.55243111,0,21.81712914
2023/5/23 7:45,100,22.11747742,100,21.72222328,100,21.65370369,0,21.81712914
2023/5/23 7:46,100,22.01620293,100,21.73669052,100,21.65370369,0,21.81712914
2023/5/23 7:47,100,22.27662086,100,21.82349586,100,21.65370369,0,21.81712914
2023/5/23 7:48,100,22.32002258,100,21.82349586,100,21.7260437,0,21.81712914
2023/5/23 7:49,100,22.04513931,100,21.92476845,100,21.85625076,0,21.91840172
2023/5/23 7:50,100,22.01620293,100,21.92476845,100,21.95752335,0,21.91840172
2023/5/23 7:51,100,22.24768448,100,21.85243034,100,21.85625076,0,21.91840172
2023/5/23 7:52,100,22.01620293,100,21.92476845,100,21.85625076,0,21.91840172
2023/5/23 7:53,100,22.32002258,100,21.82349586,100,21.85625076,0,21.91840172
2023/5/23 7:54,100,22.32002258,100,21.82349586,100,21.84178352,0,21.91840172
2023/5/23 7:55,100,22.32002258,100,21.82349586,100,21.75497818,0,21.91840172
2023/5/23 7:56,100,22.32002258,100,21.80902672,100,21.85625076,0,21.91840172
2023/5/23 7:57,100,22.32002258,100,21.82349586,100,21.75497818,0,21.91840172
2023/5/23 7:58,100,22.32002258,100,21.82349586,100,21.75497818,0,21.91840172
2023/5/23 7:59,100,22.32002258,100,21.82349586,100,21.75497818,0,21.91840172
2023/5/23 8:00,100,22.32002258,100,21.73669052,100,21.65370369,0,21.91840172
2023/5/23 8:01,100,22.01620293,100,21.73669052,100,21.65370369,0,21.91840172
2023/5/23 8:02,100,22.01620293,100,21.73669052,100,21.65370369,0,21.91840172
2023/5/23 8:03,100,22.01620293,100,21.73669052,100,21.75497818,0,21.91840172
2023/5/23 8:04,100,22.01620293,100,21.82349586,100,21.66817284,0,21.91840172
2023/5/23 8:05,100,22.11747742,100,21.73669052,100,21.65370369,0,21.91840172
2023/5/23 8:06,100,22.11747742,100,21.73669052,100,21.65370369,0,21.91840172
2023/5/23 8:07,100,22.01620293,100,21.73669052,100,21.55243111,0,21.91840172
2023/5/23 8:08,100,22.11747742,100,21.72222328,100,21.65370369,0,21.91840172
2023/5/23 8:09,100,22.01620293,100,21.73669052,100,21.65370369,0,21.91840172
2023/5/23 8:10,100,22.11747742,100,21.72222328,100,21.65370369,0,21.91840172
2023/5/23 8:11,100,22.11747742,100,21.82349586,100,21.75497818,0,21.91840172
2023/5/23 8:12,100,22.11747742,100,21.82349586,100,21.75497818,0,21.91840172
2023/5/23 8:13,100,22.01620293,100,21.92476845,100,21.75497818,0,21.88946724
2023/5/23 8:14,100,22.11747742,100,21.92476845,100,21.75497818,0,21.90393448
2023/5/23 8:15,100,22.11747742,100,21.92476845,100,21.75497818,0,21.91840172
2023/5/23 8:16,100,22.01620293,100,21.92476845,100,21.85625076,0,21.91840172
2023/5/23 8:17,100,22.01620293,100,22.02604294,100,21.85625076,0,21.91840172
2023/5/23 8:18,100,22.01620293,100,21.92476845,100,21.85625076,0,21.91840172
2023/5/23 8:19,100,22.01620293,100,21.92476845,100,21.85625076,0,21.91840172
2023/5/23 8:20,100,22.32002258,100,21.92476845,100,21.95752335,0,21.91840172
2023/5/23 8:21,100,22.07407379,100,21.92476845,100,21.85625076,0,21.90393448
2023/5/23 8:22,100,22.01620293,100,21.92476845,100,21.95752335,0,21.91840172
2023/5/23 8:23,100,22.01620293,100,22.02604294,100,21.95752335,0,21.91840172
2023/5/23 8:24,100,22.01620293,100,21.92476845,100,21.95752335,0,21.90393448
2023/5/23 8:25,100,22.01620293,100,21.92476845,100,21.85625076,0,21.91840172
2023/5/23 8:26,100,22.01620293,100,21.92476845,100,21.85625076,0,21.91840172
2023/5/23 8:27,100,22.01620293,100,22.02604294,100,21.85625076,0,21.91840172
2023/5/23 8:28,100,22.01620293,100,22.02604294,100,21.84178352,0,21.91840172
2023/5/23 8:29,100,22.01620293,100,21.92476845,100,21.85625076,0,21.91840172
2023/5/23 8:30,100,22.01620293,100,21.92476845,100,21.85625076,0,21.91840172
2023/5/23 8:31,100,22.26215172,100,21.92476845,100,21.75497818,0,21.91840172
2023/5/23 8:32,100,22.01620293,100,22.02604294,100,21.84178352,0,21.81712914
2023/5/23 8:33,100,22.01620293,100,21.93923569,100,21.85625076,0,21.81712914
2023/5/23 8:34,100,22.32002258,100,21.92476845,100,21.85625076,0,21.81712914
2023/5/23 8:35,100,22.32002258,100,21.92476845,100,21.85625076,0,21.81712914
2023/5/23 8:36,100,22.01620293,100,22.02604294,100,21.85625076,0,21.81712914
2023/5/23 8:37,100,22.01620293,100,21.92476845,100,21.75497818,0,21.81712914
2023/5/23 8:38,100,22.03067207,100,21.92476845,100,21.85625076,0,21.83159828
2023/5/23 8:39,100,22.01620293,100,21.92476845,100,21.85625076,0,21.91840172
2023/5/23 8:40,100,22.01620293,100,21.92476845,100,21.7983799,0,21.91840172
2023/5/23 8:41,100,22.01620293,100,21.92476845,100,21.75497818,0,21.81712914
2023/5/23 8:42,100,22.11747742,100,21.93923569,100,21.85625076,0,21.81712914
2023/5/23 8:43,100,22.01620293,100,21.92476845,100,21.85625076,0,21.81712914
2023/5/23 8:44,100,22.01620293,100,21.92476845,100,21.85625076,0,21.81712914
2023/5/23 8:45,100,22.01620293,100,21.92476845,100,21.75497818,0,21.81712914
2023/5/23 8:46,100,22.01620293,100,21.92476845,100,21.75497818,0,21.81712914
2023/5/23 8:47,100,22.01620293,100,21.82349586,100,21.75497818,0,21.81712914
2023/5/23 8:48,100,22.04513931,100,21.82349586,100,21.75497818,0,21.81712914
2023/5/23 8:49,100,22.01620293,100,21.92476845,100,21.85625076,0,21.81712914
2023/5/23 8:50,100,22.01620293,100,21.92476845,100,21.76944542,0,21.86053276
2023/5/23 8:51,100,22.01620293,100,21.82349586,100,21.75497818,0,21.81712914
2023/5/23 8:52,100,22.10301018,100,21.82349586,100,21.75497818,0,21.81712914
2023/5/23 8:53,100,22.01620293,100,21.82349586,100,21.75497818,0,21.81712914
2023/5/23 8:54,100,22.11747742,100,21.82349586,100,21.75497818,0,21.81712914
2023/5/23 8:55,100,22.11747742,100,21.86689758,100,21.75497818,0,21.81712914
2023/5/23 8:56,100,22.10301018,100,21.92476845,100,21.75497818,0,21.81712914
2023/5/23 8:57,100,22.01620293,100,21.93923569,100,21.75497818,0,21.91840172
2023/5/23 8:58,100,22.01620293,100,21.92476845,100,21.85625076,0,21.91840172
2023/5/23 8:59,100,22.11747742,100,21.93923569,100,21.85625076,0,21.91840172
2023/5/23 9:00,100,22.03067207,100,21.92476845,100,21.85625076,0,21.91840172
2023/5/23 9:01,100,22.01620293,100,21.92476845,100,21.78391266,0,21.91840172
2023/5/23 9:02,100,22.01620293,100,21.93923569,100,21.85625076,0,21.91840172
2023/5/23 9:03,100,22.01620293,100,22.01157379,100,21.85625076,0,21.91840172
2023/5/23 9:04,100,22.01620293,100,22.02604294,100,21.85625076,0,21.91840172
2023/5/23 9:05,100,22.11747742,100,22.02604294,100,21.85625076,0,21.91840172
2023/5/23 9:06,100,22.11747742,100,22.02604294,100,21.95752335,0,21.91840172
2023/5/23 9:07,100,22.11747742,100,22.02604294,100,21.95752335,0.072429337,22.00520706
2023/5/23 9:08,100,22.01620293,100,22.02604294,100,21.95752335,3.413716316,22.01967621
2023/5/23 9:09,100,22.01620293,100,22.02604294,100,21.95752335,14.92411709,22.01967621
2023/5/23 9:10,100,22.11747742,100,22.02604294,100,21.95752335,30.07299042,22.01967621
2023/5/23 9:11,100,22.01620293,100,22.02604294,100,21.95752335,44.92037201,22.00520706
2023/5/23 9:12,100,22.01620293,100,22.02604294,100,21.95752335,59.72126007,22.01967621
2023/5/23 9:13,100,22.01620293,100,22.02604294,100,21.95752335,74.05249023,22.01967621
2023/5/23 9:14,100,22.01620293,100,22.02604294,100,21.95752335,89.28856659,22.01967621
2023/5/23 9:15,100,22.01620293,100,22.02604294,100,21.95752335,100,22.01967621
2023/5/23 9:16,100,22.11747742,100,22.02604294,100,21.85625076,100,22.01967621
2023/5/23 9:17,100,22.01620293,100,21.92476845,100,21.85625076,100,22.01967621
2023/5/23 9:18,100,22.01620293,100,21.92476845,100,21.85625076,55.31002808,21.91840172
2023/5/23 9:19,100,22.01620293,100,21.92476845,100,21.75497818,0,21.91840172
2023/5/23 9:20,100,22.01620293,100,21.82349586,100,21.75497818,0,21.81712914
2023/5/23 9:21,100,22.01620293,100,21.72222328,100,21.65370369,0,21.81712914
2023/5/23 9:22,100,22.32002258,100,21.73669052,100,21.65370369,0,21.81712914
2023/5/23 9:23,100,22.32002258,100,21.73669052,100,21.65370369,0,21.81712914
2023/5/23 9:24,100,22.32002258,100,21.72222328,100,21.65370369,0,21.81712914
2023/5/23 9:25,100,22.32002258,100,21.73669052,100,21.65370369,0,21.81712914
2023/5/23 9:26,100,22.32002258,100,21.73669052,100,21.65370369,0,21.81712914
2023/5/23 9:27,100,22.32002258,100,21.72222328,100,21.65370369,0,21.81712914
2023/5/23 9:28,100,22.32002258,100,21.765625,100,21.58136559,0,21.81712914
2023/5/23 9:29,100,22.32002258,100,21.82349586,100,21.65370369,0,21.81712914
2023/5/23 9:30,100,22.32002258,100,21.73669052,100,21.55243111,0,21.81712914
2023/5/23 9:31,100,22.32002258,100,21.8379631,100,21.65370369,0,21.8026619
2023/5/23 9:32,100,22.32002258,100,21.89583206,100,21.65370369,0,21.81712914
2023/5/23 9:33,100,22.30555534,100,21.92476845,100,21.75497818,0,21.81712914
2023/5/23 9:34,100,22.32002258,100,21.89583206,100,21.75497818,0,21.81712914
2023/5/23 9:35,100,22.32002258,100,21.82349586,100,21.75497818,0,21.81712914
2023/5/23 9:36,100,22.32002258,100,21.91030121,100,21.75497818,0,21.81712914
2023/5/23 9:37,100,22.32002258,100,21.82349586,100,21.75497818,0,21.81712914
2023/5/23 9:38,100,22.32002258,100,21.82349586,100,21.65370369,0,21.81712914
2023/5/23 9:39,100,22.32002258,100,21.72222328,100,21.65370369,0,21.81712914
2023/5/23 9:40,100,22.32002258,100,21.73669052,100,21.65370369,0,21.81712914
2023/5/23 9:41,100,22.32002258,100,21.82349586,100,21.65370369,0,21.81712914
2023/5/23 9:42,100,22.01620293,100,21.82349586,100,21.65370369,0,21.81712914
2023/5/23 9:43,100,22.32002258,100,21.82349586,100,21.65370369,0,21.81712914
2023/5/23 9:44,100,22.32002258,100,21.82349586,100,21.65370369,0,21.91840172
2023/5/23 9:45,100,22.32002258,100,21.82349586,100,21.65370369,0,21.91840172
2023/5/23 9:46,100,22.30555534,100,21.82349586,100,21.65370369,0,21.91840172
2023/5/23 9:47,100,22.32002258,100,21.73669052,100,21.65370369,0,21.91840172
2023/5/23 9:48,100,22.32002258,100,21.82349586,100,21.75497818,0,21.91840172
2023/5/23 9:49,100,22.32002258,100,21.82349586,100,21.75497818,0,21.91840172
2023/5/23 9:50,100,22.32002258,100,21.73669052,100,21.75497818,0,21.91840172
2023/5/23 9:51,100,22.32002258,100,21.82349586,100,21.75497818,0,21.91840172
2023/5/23 9:52,100,22.32002258,100,21.82349586,100,21.65370369,0,21.91840172
2023/5/23 9:53,100,22.01620293,100,21.82349586,100,21.75497818,0,21.91840172
2023/5/23 9:54,100,22.32002258,100,21.82349586,100,21.75497818,0,21.91840172
2023/5/23 9:55,100,22.32002258,100,21.82349586,100,21.75497818,0,21.91840172
2023/5/23 9:56,100,22.04513931,100,21.82349586,100,21.65370369,0,21.91840172
2023/5/23 9:57,100,22.32002258,100,21.82349586,100,21.65370369,0,21.91840172
2023/5/23 9:58,100,22.32002258,100,21.73669052,100,21.65370369,0,21.91840172
2023/5/23 9:59,100,22.32002258,100,21.72222328,100,21.65370369,0,21.84606552
2023/5/23 10:00,100,22.32002258,100,21.72222328,100,21.65370369,0,21.81712914
2023/5/23 10:01,100,22.21875,100,21.72222328,100,21.65370369,0,21.81712914
2023/5/23 10:02,100,22.01620293,100,21.73669052,100,21.65370369,0,21.91840172
2023/5/23 10:03,100,22.32002258,100,21.73669052,100,21.65370369,0,21.91840172
2023/5/23 10:04,100,22.32002258,100,21.73669052,100,21.65370369,0,21.91840172
2023/5/23 10:05,100,22.30555534,100,21.73669052,100,21.65370369,0,21.91840172
2023/5/23 10:06,100,22.03067207,100,21.82349586,100,21.75497818,0,21.90393448
2023/5/23 10:07,100,22.26215172,100,21.82349586,100,21.75497818,0,21.91840172
2023/5/23 10:08,100,22.32002258,100,21.86689758,100,21.84178352,0,21.91840172
2023/5/23 10:09,100,22.01620293,100,21.92476845,100,21.95752335,0,21.91840172
2023/5/23 10:10,100,22.01620293,100,21.93923569,100,21.95752335,0,21.91840172
2023/5/23 10:11,100,22.01620293,100,21.92476845,100,22.05879784,0,21.91840172
2023/5/23 10:12,100,22.01620293,100,21.92476845,100,21.95752335,0,21.91840172
2023/5/23 10:13,100,22.07407379,100,22.02604294,100,21.95752335,0,21.91840172
2023/5/23 10:14,100,22.32002258,100,22.02604294,100,21.95752335,0,21.91840172
2023/5/23 10:15,100,22.32002258,100,22.02604294,100,22.02986145,0,21.91840172
2023/5/23 10:16,100,22.01620293,100,21.98263931,100,22.04432869,0,21.91840172
2023/5/23 10:17,100,22.01620293,100,21.92476845,100,21.95752335,0,21.91840172
2023/5/23 10:18,100,22.01620293,100,21.92476845,100,21.95752335,0,21.91840172
2023/5/23 10:19,100,22.01620293,100,21.91030121,100,21.85625076,0,21.91840172
2023/5/23 10:20,100,22.11747742,100,21.82349586,100,21.78391266,0,21.91840172
2023/5/23 10:21,100,22.01620293,100,21.82349586,100,21.74051094,0,21.91840172
2023/5/23 10:22,100,22.11747742,100,21.82349586,100,21.85625076,0,21.91840172
2023/5/23 10:23,100,22.11747742,100,21.82349586,100,21.85625076,0,21.81712914
2023/5/23 10:24,100,22.11747742,100,21.82349586,100,21.85625076,0,21.90393448
2023/5/23 10:25,100,22.11747742,100,21.82349586,100,21.85625076,0,21.90393448
2023/5/23 10:26,100,22.11747742,100,21.82349586,100,21.84178352,0,21.91840172
2023/5/23 10:27,100,22.01620293,100,21.92476845,100,21.94305611,0,21.91840172
2023/5/23 10:28,100,22.32002258,100,21.92476845,100,21.95752335,0,21.91840172
2023/5/23 10:29,100,22.01620293,100,21.82349586,100,21.85625076,0.094854176,22.00520706
2023/5/23 10:30,100,22.11747742,100,21.82349586,100,21.85625076,12.20930481,22.01967621
2023/5/23 10:31,100,22.11747742,100,21.82349586,100,21.85625076,27.07753181,22.01967621
2023/5/23 10:32,100,22.11747742,100,21.82349586,100,21.85625076,41.95189285,22.01967621
2023/5/23 10:33,100,22.01620293,100,21.82349586,100,21.75497818,57.038517,22.01967621
2023/5/23 10:34,100,22.11747742,100,21.82349586,100,21.85625076,71.34365845,22.01967621
2023/5/23 10:35,100,22.11747742,100,21.82349586,100,21.75497818,86.47022247,22.01967621
2023/5/23 10:36,100,22.10301018,100,21.82349586,100,21.85625076,98.92681885,22.01967621
2023/5/23 10:37,100,22.11747742,100,21.82349586,100,21.75497818,34.77058411,21.91840172
2023/5/23 10:38,100,22.11747742,100,21.82349586,100,21.65370369,0,21.91840172
2023/5/23 10:39,100,22.11747742,100,21.72222328,100,21.65370369,0,21.81712914
2023/5/23 10:40,100,22.01620293,100,21.72222328,100,21.65370369,0,21.81712914
2023/5/23 10:41,100,22.01620293,100,21.73669052,100,21.65370369,0,21.81712914
2023/5/23 10:42,100,22.01620293,100,21.73669052,100,21.65370369,0,21.81712914
2023/5/23 10:43,100,22.01620293,100,21.73669052,100,21.65370369,0,21.81712914
2023/5/23 10:44,100,22.32002258,100,21.72222328,100,21.65370369,0,21.81712914
2023/5/23 10:45,100,22.32002258,100,21.73669052,100,21.65370369,0,21.81712914
2023/5/23 10:46,100,22.32002258,100,21.72222328,100,21.65370369,0,21.81712914
2023/5/23 10:47,100,22.21875,100,21.72222328,100,21.75497818,0,21.81712914
2023/5/23 10:48,100,22.32002258,100,21.73669052,100,21.65370369,0,21.81712914
2023/5/23 10:49,100,22.32002258,100,21.72222328,100,21.65370369,0,21.81712914
2023/5/23 10:50,100,22.32002258,100,21.73669052,100,21.69710732,0,21.81712914
2023/5/23 10:51,100,22.32002258,100,21.82349586,100,21.75497818,0,21.81712914
2023/5/23 10:52,100,22.32002258,100,21.82349586,100,21.65370369,0,21.81712914
2023/5/23 10:53,100,22.01620293,100,21.82349586,100,21.65370369,0,21.81712914
2023/5/23 10:54,100,22.01620293,100,21.82349586,100,21.66817284,0,21.81712914
2023/5/23 10:55,100,22.01620293,100,21.82349586,100,21.75497818,0,21.81712914
2023/5/23 10:56,100,22.32002258,100,21.82349586,100,21.65370369,0,21.81712914
2023/5/23 10:57,100,22.32002258,100,21.82349586,100,21.75497818,0,21.81712914
2023/5/23 10:58,100,22.32002258,100,21.82349586,100,21.75497818,0,21.81712914
2023/5/23 10:59,100,22.32002258,100,21.79455948,100,21.65370369,0,21.91840172
2023/5/23 11:00,100,22.01620293,100,21.82349586,100,21.65370369,0,21.91840172
2023/5/23 11:01,100,22.32002258,100,21.82349586,100,21.75497818,0,21.91840172
2023/5/23 11:02,100,22.32002258,100,21.82349586,100,21.85625076,0,21.91840172
2023/5/23 11:03,100,22.32002258,100,21.82349586,100,21.75497818,0,21.91840172
2023/5/23 11:04,100,22.01620293,100,21.82349586,100,21.75497818,0,21.91840172
2023/5/23 11:05,100,22.01620293,100,21.82349586,100,21.75497818,0,21.91840172
2023/5/23 11:06,100,22.32002258,100,21.82349586,100,21.75497818,0,21.91840172
2023/5/23 11:07,100,22.32002258,100,21.82349586,100,21.75497818,0,21.91840172
2023/5/23 11:08,100,22.32002258,100,21.82349586,100,21.75497818,0,21.91840172
2023/5/23 11:09,100,22.01620293,100,21.82349586,100,21.65370369,0,21.91840172
2023/5/23 11:10,100,22.32002258,100,21.82349586,100,21.75497818,0,21.91840172
2023/5/23 11:11,100,22.32002258,100,21.82349586,100,21.85625076,0,21.91840172
2023/5/23 11:12,100,22.32002258,100,21.82349586,100,21.75497818,0,21.9473381
2023/5/23 11:13,100,22.01620293,100,21.82349586,100,21.75497818,4.316274643,22.00520706
2023/5/23 11:14,100,22.01620293,100,21.82349586,100,21.75497818,15.314888,22.01967621
2023/5/23 11:15,100,22.01620293,100,21.82349586,100,21.75497818,30.18898964,22.01967621
2023/5/23 11:16,100,22.01620293,100,21.82349586,100,21.75497818,45.04508591,22.00520706
2023/5/23 11:17,100,22.01620293,100,21.93923569,100,21.85625076,59.87448502,22.01967621
2023/5/23 11:18,100,22.01620293,100,21.92476845,100,21.75497818,74.34912872,22.01967621
2023/5/23 11:19,100,22.01620293,100,21.82349586,100,21.75497818,89.58921814,22.01967621
2023/5/23 11:20,100,22.01620293,100,21.80902672,100,21.65370369,100,22.01967621
2023/5/23 11:21,100,22.01620293,100,21.82349586,100,21.75497818,100,22.01967621
2023/5/23 11:22,100,22.01620293,100,21.73669052,100,21.65370369,66.01977539,21.91840172
2023/5/23 11:23,100,22.32002258,100,21.73669052,100,21.65370369,0.525110185,21.91840172
2023/5/23 11:24,100,22.01620293,100,21.73669052,100,21.65370369,0,21.91840172
2023/5/23 11:25,100,22.30555534,100,21.72222328,100,21.65370369,0,21.81712914
2023/5/23 11:26,100,22.01620293,100,21.72222328,100,21.65370369,0,21.81712914
2023/5/23 11:27,100,22.32002258,100,21.63541794,100,21.63923645,0,21.81712914
2023/5/23 11:28,100,22.32002258,100,21.72222328,100,21.65370369,0,21.81712914
2023/5/23 11:29,100,22.32002258,100,21.72222328,100,21.55243111,0,21.81712914
2023/5/23 11:30,100,22.32002258,100,21.73669052,100,21.65370369,0,21.81712914
2023/5/23 11:31,100,22.2910881,100,21.82349586,100,21.65370369,0,21.81712914
2023/5/23 11:32,100,22.23321724,100,21.82349586,100,21.74051094,0,21.81712914
2023/5/23 11:33,100,22.32002258,100,21.82349586,100,21.65370369,0,21.81712914
2023/5/23 11:34,100,22.32002258,100,21.82349586,100,21.65370369,0,21.81712914
2023/5/23 11:35,100,22.32002258,100,21.72222328,100,21.65370369,0,21.81712914
2023/5/23 11:36,100,22.01620293,100,21.82349586,100,21.65370369,0,21.81712914
2023/5/23 11:37,100,22.30555534,100,21.82349586,100,21.74051094,0,21.91840172
2023/5/23 11:38,100,22.01620293,100,21.82349586,100,21.75497818,0,21.91840172
2023/5/23 11:39,100,22.01620293,100,21.82349586,100,21.75497818,0,21.91840172
2023/5/23 11:40,100,22.01620293,100,21.73669052,100,21.65370369,0,21.91840172
2023/5/23 11:41,100,22.03067207,100,21.79455948,100,21.65370369,0,21.91840172
2023/5/23 11:42,100,22.32002258,100,21.73669052,100,21.65370369,0,21.91840172
2023/5/23 11:43,100,22.32002258,100,21.82349586,100,21.65370369,0,21.91840172
2023/5/23 11:44,100,22.01620293,100,21.82349586,100,21.65370369,0,21.91840172
2023/5/23 11:45,100,22.01620293,100,21.82349586,100,21.65370369,0,21.90393448
2023/5/23 11:46,100,22.32002258,100,21.82349586,100,21.65370369,0,21.91840172
2023/5/23 11:47,100,22.32002258,100,21.8379631,100,21.65370369,8.910056114,22.01967621
2023/5/23 11:48,100,22.32002258,100,21.82349586,100,21.65370369,23.66034317,22.01967621
2023/5/23 11:49,100,22.32002258,100,21.82349586,100,21.65370369,38.35865021,22.01967621
2023/5/23 11:50,100,22.32002258,100,21.82349586,100,21.65370369,53.35405731,22.01967621
2023/5/23 11:51,100,22.03067207,100,21.82349586,100,21.65370369,67.96172333,22.01967621
2023/5/23 11:52,100,22.32002258,100,21.82349586,100,21.65370369,82.83539581,22.01967621
2023/5/23 11:53,100,22.32002258,100,21.82349586,100,21.65370369,97.7039032,22.01967621
2023/5/23 11:54,100,22.32002258,100,21.82349586,100,21.65370369,93.39584351,21.91840172
2023/5/23 11:55,100,22.32002258,100,21.72222328,100,21.65370369,30.72568321,21.91840172
2023/5/23 11:56,100,22.32002258,100,21.73669052,100,21.65370369,0,21.91840172
2023/5/23 11:57,100,22.32002258,100,21.73669052,100,21.65370369,0,21.83159828
2023/5/23 11:58,100,22.21875,100,21.72222328,100,21.65370369,0,21.81712914
2023/5/23 11:59,100,22.32002258,100,21.63541794,100,21.65370369,0,21.81712914
2023/5/23 12:00,100,22.21875,100,21.63541794,100,21.55243111,0,21.81712914
2023/5/23 12:01,100,22.32002258,100,21.63541794,100,21.45115852,0,21.81712914
2023/5/23 12:02,100,22.32002258,100,21.63541794,100,21.45115852,0,21.8026619
2023/5/23 12:03,100,22.21875,100,21.63541794,100,21.45115852,0,21.81712914
2023/5/23 12:04,100,22.32002258,100,21.51967621,100,21.45115852,0,21.81712914
2023/5/23 12:05,100,22.32002258,100,21.63541794,100,21.45115852,0,21.81712914
2023/5/23 12:06,100,22.32002258,100,21.62094879,100,21.45115852,0,21.81712914
2023/5/23 12:07,100,22.32002258,100,21.53414345,100,21.45115852,0,21.81712914
2023/5/23 12:08,100,22.21875,100,21.63541794,100,21.45115852,0,21.81712914
2023/5/23 12:09,100,22.32002258,100,21.63541794,100,21.45115852,0,21.81712914
2023/5/23 12:10,100,22.32002258,100,21.63541794,100,21.55243111,0,21.81712914
2023/5/23 12:11,100,22.32002258,100,21.63541794,100,21.45115852,0,21.81712914
2023/5/23 12:12,100,22.32002258,100,21.63541794,100,21.45115852,0,21.90393448
2023/5/23 12:13,100,22.32002258,100,21.63541794,100,21.45115852,0,21.91840172
2023/5/23 12:14,100,22.21875,100,21.63541794,100,21.45115852,0,21.91840172
2023/5/23 12:15,100,22.32002258,100,21.73669052,100,21.55243111,0,21.91840172
2023/5/23 12:16,100,22.32002258,100,21.72222328,100,21.55243111,0,21.91840172
2023/5/23 12:17,100,22.32002258,100,21.72222328,100,21.55243111,0,21.90393448
2023/5/23 12:18,100,22.32002258,100,21.73669052,100,21.52349663,0,21.91840172
2023/5/23 12:19,100,22.30555534,100,21.72222328,100,21.55243111,0,21.91840172
2023/5/23 12:20,100,22.32002258,100,21.73669052,100,21.65370369,0,21.96180534
2023/5/23 12:21,100,22.32002258,100,21.72222328,100,21.55243111,6.5018363,22.01967621
2023/5/23 12:22,100,22.32002258,100,21.72222328,100,21.55243111,21.36702538,22.01967621
2023/5/23 12:23,100,22.32002258,100,21.73669052,100,21.65370369,35.90341949,22.01967621
2023/5/23 12:24,100,22.32002258,100,21.72222328,100,21.65370369,50.76826096,22.01967621
2023/5/23 12:25,100,22.32002258,100,21.63541794,100,21.55243111,65.73184204,22.01967621
2023/5/23 12:26,100,22.32002258,100,21.63541794,100,21.55243111,80.5356369,22.01967621
2023/5/23 12:27,100,22.32002258,100,21.63541794,100,21.45115852,95.15422058,22.01967621
2023/5/23 12:28,100,22.32002258,100,21.63541794,100,21.45115852,95.57871246,21.91840172
2023/5/23 12:29,100,22.32002258,100,21.63541794,100,21.46562576,30.77815247,21.91840172
2023/5/23 12:30,100,22.32002258,100,21.53414345,100,21.45115852,0,21.91840172
2023/5/23 12:31,100,22.32002258,100,21.53414345,100,21.34988594,0,21.81712914
2023/5/23 12:32,100,22.32002258,100,21.43287086,100,21.34988594,0,21.81712914
2023/5/23 12:33,100,22.32002258,100,21.53414345,100,21.43669128,0,21.81712914
2023/5/23 12:34,100,22.32002258,100,21.51967621,100,21.45115852,0,21.81712914
2023/5/23 12:35,100,22.32002258,100,21.51967621,100,21.45115852,0,21.81712914
2023/5/23 12:36,100,22.27662086,100,21.63541794,100,21.45115852,0,21.81712914
2023/5/23 12:37,100,22.32002258,100,21.63541794,100,21.45115852,0,21.81712914
2023/5/23 12:38,100,22.21875,100,21.63541794,100,21.45115852,0,21.81712914
2023/5/23 12:39,100,22.21875,100,21.63541794,100,21.46562576,0,21.81712914
2023/5/23 12:40,100,22.21875,100,21.63541794,100,21.45115852,0,21.81712914
2023/5/23 12:41,100,22.32002258,100,21.62094879,100,21.45115852,0,21.81712914
2023/5/23 12:42,100,22.32002258,100,21.63541794,100,21.45115852,0,21.81712914
2023/5/23 12:43,100,22.21875,100,21.63541794,100,21.45115852,0,21.81712914
2023/5/23 12:44,100,22.20428276,100,21.72222328,100,21.55243111,0,21.81712914
2023/5/23 12:45,100,22.21875,100,21.72222328,100,21.55243111,0,21.81712914
2023/5/23 12:46,100,22.32002258,100,21.73669052,100,21.55243111,0,21.83159828
2023/5/23 12:47,100,22.32002258,100,21.72222328,100,21.55243111,0,21.91840172
2023/5/23 12:48,100,22.32002258,100,21.72222328,100,21.55243111,0,21.91840172
2023/5/23 12:49,100,22.32002258,100,21.72222328,100,21.55243111,0,21.91840172
2023/5/23 12:50,100,22.32002258,100,21.73669052,100,21.55243111,0,21.91840172
2023/5/23 12:51,100,22.30555534,100,21.73669052,100,21.55243111,0,21.91840172
2023/5/23 12:52,100,22.32002258,100,21.72222328,100,21.55243111,0,21.91840172
2023/5/23 12:53,100,22.32002258,100,21.73669052,100,21.55243111,1.276998162,22.00520706
2023/5/23 12:54,100,22.32002258,100,21.82349586,100,21.65370369,0,22.01967621
2023/5/23 12:55,100,22.32002258,100,21.82349586,100,21.55243111,17.66333008,22.01967621
2023/5/23 12:56,100,22.30555534,100,21.82349586,100,21.55243111,32.44158554,22.01967621
2023/5/23 12:57,100,22.32002258,100,21.86689758,100,21.65370369,47.13719559,22.01967621
2023/5/23 12:58,100,22.32002258,100,21.8379631,100,21.55243111,61.75577545,22.01967621
2023/5/23 12:59,100,22.32002258,100,21.72222328,100,21.55243111,76.56147766,22.00520706
2023/5/23 13:00,100,22.32002258,100,21.73669052,100,21.55243111,91.32359314,22.01967621
2023/5/23 13:01,100,22.32002258,100,21.63541794,100,21.45115852,100,22.01967621
2023/5/23 13:02,100,22.32002258,100,21.62094879,100,21.45115852,76.32304382,21.91840172
2023/5/23 13:03,100,22.32002258,100,21.63541794,100,21.43669128,10.8560791,21.91840172
2023/5/23 13:04,100,22.32002258,100,21.53414345,100,21.45115852,0,21.91840172
2023/5/23 13:05,100,22.32002258,100,21.53414345,100,21.45115852,0,21.86053276
2023/5/23 13:06,100,22.32002258,100,21.51967621,100,21.45115852,0,21.81712914
2023/5/23 13:07,100,22.30555534,100,21.53414345,100,21.45115852,0,21.81712914
2023/5/23 13:08,100,22.32002258,100,21.63541794,100,21.45115852,0,21.81712914
2023/5/23 13:09,100,22.32002258,100,21.63541794,100,21.45115852,0,21.81712914
2023/5/23 13:10,100,22.32002258,100,21.63541794,100,21.45115852,0,21.81712914
2023/5/23 13:11,100,22.32002258,100,21.73669052,100,21.45115852,0,21.81712914
2023/5/23 13:12,100,22.32002258,100,21.82349586,100,21.55243111,0,21.81712914
2023/5/23 13:13,100,22.21875,100,21.82349586,100,21.55243111,0,21.81712914
2023/5/23 13:14,100,22.32002258,100,21.93923569,100,21.65370369,0,21.81712914
2023/5/23 13:15,100,22.32002258,100,21.92476845,100,21.65370369,0,21.81712914
2023/5/23 13:16,100,22.32002258,100,21.92476845,100,21.65370369,0,21.81712914
2023/5/23 13:17,100,22.32002258,100,21.92476845,100,21.65370369,0,21.81712914
2023/5/23 13:18,100,22.32002258,100,21.92476845,100,21.65370369,0,21.81712914
2023/5/23 13:19,100,22.32002258,100,21.92476845,100,21.65370369,0,21.81712914
2023/5/23 13:20,100,22.32002258,100,21.92476845,100,21.65370369,0,21.81712914
2023/5/23 13:21,100,22.32002258,100,21.92476845,100,21.65370369,0,21.81712914
2023/5/23 13:22,100,22.32002258,100,21.93923569,100,21.65370369,0,21.91840172
2023/5/23 13:23,100,22.32002258,100,21.92476845,100,21.75497818,0,21.91840172
2023/5/23 13:24,100,22.32002258,100,21.92476845,100,21.65370369,0,21.90393448
2023/5/23 13:25,100,22.32002258,100,21.92476845,100,21.65370369,0,21.91840172
2023/5/23 13:26,100,22.32002258,100,21.92476845,100,21.65370369,0,21.91840172
2023/5/23 13:27,100,22.32002258,100,21.92476845,100,21.75497818,0,21.91840172
2023/5/23 13:28,100,22.2910881,100,21.92476845,100,21.75497818,0,21.91840172
2023/5/23 13:29,100,22.23321724,100,21.92476845,100,21.75497818,0.009952646,21.97627258
2023/5/23 13:30,100,22.01620293,100,21.82349586,100,21.75497818,7.355535507,22.01967621
2023/5/23 13:31,100,22.32002258,100,21.82349586,100,21.65370369,21.42179108,22.01967621
2023/5/23 13:32,100,22.32002258,100,21.82349586,100,21.65370369,39.08097076,22.01967621
2023/5/23 13:33,100,22.01620293,100,21.82349586,100,21.65370369,53.82870102,22.01967621
2023/5/23 13:34,100,22.01620293,100,21.72222328,100,21.65370369,68.82252502,22.01967621
2023/5/23 13:35,100,22.01620293,100,21.72222328,100,21.65370369,83.65795898,22.01967621
2023/5/23 13:36,100,22.01620293,100,21.82349586,100,21.63923645,98.57334137,22.01967621
2023/5/23 13:37,100,22.01620293,100,21.82349586,100,21.65370369,86.44670868,21.91840172
2023/5/23 13:38,100,22.01620293,100,21.82349586,100,21.65370369,27.92700958,21.91840172
2023/5/23 13:39,100,22.01620293,100,21.82349586,100,21.75497818,0,21.91840172
2023/5/23 13:40,100,22.32002258,100,21.82349586,100,21.65370369,0,21.91840172
2023/5/23 13:41,100,22.32002258,100,21.82349586,100,21.65370369,0,21.81712914
2023/5/23 13:42,100,22.32002258,100,21.72222328,100,21.65370369,0,21.81712914
2023/5/23 13:43,100,22.32002258,100,21.73669052,100,21.58136559,0,21.81712914
2023/5/23 13:44,100,22.32002258,100,21.82349586,100,21.65370369,0,21.81712914
2023/5/23 13:45,100,22.32002258,100,21.92476845,100,21.65370369,0,21.81712914
2023/5/23 13:46,100,22.01620293,100,21.92476845,100,21.65370369,0,21.81712914
2023/5/23 13:47,100,22.01620293,100,21.92476845,100,21.75497818,0,21.81712914
2023/5/23 13:48,100,22.01620293,100,21.92476845,100,21.65370369,0,21.91840172
2023/5/23 13:49,100,22.03067207,100,21.92476845,100,21.65370369,0,21.91840172
2023/5/23 13:50,100,22.32002258,100,21.92476845,100,21.75497818,0,21.91840172
2023/5/23 13:51,100,22.32002258,100,21.92476845,100,21.65370369,0,21.91840172
2023/5/23 13:52,100,22.32002258,100,21.82349586,100,21.65370369,0,21.91840172
2023/5/23 13:53,100,22.01620293,100,21.92476845,100,21.75497818,0,21.91840172
2023/5/23 13:54,100,22.01620293,100,21.92476845,100,21.75497818,0,21.91840172
2023/5/23 13:55,100,22.01620293,100,21.92476845,100,21.75497818,0,21.91840172
2023/5/23 13:56,100,22.01620293,100,21.92476845,100,21.75497818,0,21.91840172
2023/5/23 13:57,100,22.01620293,100,22.02604294,100,21.85625076,10.94824219,22.01967621
2023/5/23 13:58,100,22.01620293,100,22.02604294,100,21.85625076,25.73201561,22.01967621
2023/5/23 13:59,100,22.01620293,100,22.02604294,100,21.85625076,40.41259384,22.00520706
2023/5/23 14:00,100,22.01620293,100,22.02604294,100,21.85625076,54.60717392,22.01967621
2023/5/23 14:01,100,22.11747742,100,21.96817207,100,21.85625076,69.67636871,22.01967621
2023/5/23 14:02,100,22.11747742,100,22.02604294,100,21.85625076,89.37240601,22.01967621
2023/5/23 14:03,100,22.01620293,100,22.02604294,100,21.85625076,100,22.01967621
2023/5/23 14:04,100,22.01620293,100,21.92476845,100,21.84178352,100,22.01967621
2023/5/23 14:05,100,22.01620293,100,21.92476845,100,21.75497818,100,22.01967621
2023/5/23 14:06,100,22.01620293,100,21.82349586,100,21.65370369,84.84558105,21.91840172
2023/5/23 14:07,100,22.01620293,100,21.80902672,100,21.65370369,18.89146614,21.91840172
2023/5/23 14:08,100,22.01620293,100,21.82349586,100,21.65370369,0,21.81712914
2023/5/23 14:09,100,22.01620293,100,21.82349586,100,21.55243111,0,21.81712914
2023/5/23 14:10,100,22.01620293,100,21.82349586,100,21.55243111,0,21.8026619
2023/5/23 14:11,100,22.01620293,100,21.82349586,100,21.63923645,0,21.81712914
2023/5/23 14:12,100,22.30555534,100,21.82349586,100,21.65370369,0,21.81712914
2023/5/23 14:13,100,22.01620293,100,21.82349586,100,21.65370369,0,21.81712914
2023/5/23 14:14,100,22.01620293,100,21.72222328,100,21.55243111,0,21.81712914
2023/5/23 14:15,100,22.01620293,100,21.72222328,100,21.55243111,0,21.81712914
2023/5/23 14:16,100,22.01620293,100,21.82349586,100,21.65370369,0,21.81712914
2023/5/23 14:17,100,22.01620293,100,21.92476845,100,21.65370369,0,21.81712914
2023/5/23 14:18,100,22.11747742,100,21.82349586,100,21.65370369,0,21.81712914
2023/5/23 14:19,100,22.01620293,100,21.82349586,100,21.65370369,0,21.81712914
2023/5/23 14:20,100,22.01620293,100,21.82349586,100,21.65370369,0,21.81712914
2023/5/23 14:21,100,22.01620293,100,21.82349586,100,21.65370369,0,21.81712914
2023/5/23 14:22,100,22.01620293,100,21.80902672,100,21.55243111,0,21.83159828
2023/5/23 14:23,100,22.01620293,100,21.82349586,100,21.55243111,0,21.91840172
2023/5/23 14:24,100,22.11747742,100,21.93923569,100,21.65370369,0,21.91840172
2023/5/23 14:25,100,22.11747742,100,21.92476845,100,21.75497818,0,21.91840172
2023/5/23 14:26,100,22.11747742,100,21.92476845,100,21.65370369,0,21.91840172
2023/5/23 14:27,100,22.11747742,100,21.93923569,100,21.75497818,0,21.91840172
2023/5/23 14:28,100,22.11747742,100,21.92476845,100,21.75497818,7.494834423,22.01967621
2023/5/23 14:29,100,22.11747742,100,21.82349586,100,21.69710732,22.25900841,22.01967621
2023/5/23 14:30,100,22.11747742,100,21.82349586,100,21.65370369,37.06219101,22.01967621
2023/5/23 14:31,100,22.01620293,100,21.82349586,100,21.55243111,51.51180649,22.01967621
2023/5/23 14:32,100,22.01620293,100,21.82349586,100,21.55243111,66.87814331,22.01967621
2023/5/23 14:33,100,22.11747742,100,21.82349586,100,21.61030197,85.05081177,22.01967621
2023/5/23 14:34,100,22.01620293,100,21.82349586,100,21.65370369,100,22.01967621
2023/5/23 14:35,100,22.01620293,100,21.92476845,100,21.65370369,100,22.01967621
2023/5/23 14:36,100,22.01620293,100,21.82349586,100,21.65370369,100,22.01967621
2023/5/23 14:37,100,22.01620293,100,21.82349586,100,21.65370369,92.70037842,22.00520706
2023/5/23 14:38,100,22.01620293,100,21.82349586,100,21.65370369,31.36649132,21.91840172
2023/5/23 14:39,100,22.01620293,100,21.82349586,100,21.65370369,0,21.91840172
2023/5/23 14:40,100,22.01620293,100,21.82349586,100,21.65370369,0,21.81712914
2023/5/23 14:41,100,22.01620293,100,21.82349586,100,21.65370369,0,21.81712914
2023/5/23 14:42,100,22.01620293,100,21.82349586,100,21.65370369,0,21.81712914
2023/5/23 14:43,100,22.01620293,100,21.82349586,100,21.55243111,0,21.81712914
2023/5/23 14:44,100,22.11747742,100,21.78009224,100,21.65370369,0,21.81712914
2023/5/23 14:45,100,22.01620293,100,21.80902672,100,21.55243111,0,21.81712914
2023/5/23 14:46,100,22.01620293,100,21.72222328,100,21.55243111,0,21.81712914
2023/5/23 14:47,100,22.01620293,100,21.73669052,100,21.55243111,0,21.81712914
2023/5/23 14:48,100,22.01620293,100,21.72222328,100,21.55243111,0,21.81712914
2023/5/23 14:49,100,22.01620293,100,21.73669052,100,21.46562576,0,21.81712914
2023/5/23 14:50,100,22.01620293,100,21.73669052,100,21.52349663,0,21.81712914
2023/5/23 14:51,100,22.11747742,100,21.73669052,100,21.45115852,0,21.81712914
2023/5/23 14:52,100,22.11747742,100,21.73669052,100,21.55243111,0,21.81712914
2023/5/23 14:53,100,22.11747742,100,21.73669052,100,21.55243111,0,21.81712914
2023/5/23 14:54,100,22.11747742,100,21.72222328,100,21.55243111,0,21.81712914
2023/5/23 14:55,100,22.01620293,100,21.82349586,100,21.59583282,0,21.81712914
2023/5/23 14:56,100,22.32002258,100,21.82349586,100,21.55243111,0,21.91840172
2023/5/23 14:57,100,22.01620293,100,21.72222328,100,21.55243111,0,21.91840172
2023/5/23 14:58,100,22.01620293,100,21.82349586,100,21.55243111,0,21.91840172
2023/5/23 14:59,100,22.11747742,100,21.82349586,100,21.55243111,0,21.91840172
2023/5/23 15:00,100,22.11747742,100,21.82349586,100,21.55243111,0,21.91840172
2023/5/23 15:01,100,22.11747742,100,21.80902672,100,21.55243111,0,21.91840172
2023/5/23 15:02,100,22.01620293,100,21.82349586,100,21.65370369,0,21.91840172
2023/5/23 15:03,100,22.10301018,100,21.82349586,100,21.65370369,0,21.91840172
2023/5/23 15:04,100,22.11747742,100,21.82349586,100,21.65370369,0,21.91840172
2023/5/23 15:05,100,22.01620293,100,21.82349586,100,21.65370369,0.110206969,22.01967621
2023/5/23 15:06,100,22.01620293,100,21.82349586,100,21.65370369,12.00706863,22.01967621
2023/5/23 15:07,100,22.01620293,100,21.92476845,100,21.65370369,26.62849617,22.01967621
2023/5/23 15:08,100,22.01620293,100,21.92476845,100,21.75497818,41.30452347,22.01967621
2023/5/23 15:09,100,22.01620293,100,21.92476845,100,21.75497818,56.20347214,22.01967621
2023/5/23 15:10,100,22.11747742,100,21.92476845,100,21.75497818,70.79881287,22.00520706
2023/5/23 15:11,100,22.11747742,100,21.92476845,100,21.65370369,85.43624115,22.01967621
2023/5/23 15:12,100,22.11747742,100,21.82349586,100,21.65370369,100,22.01967621
2023/5/23 15:13,100,22.11747742,100,21.82349586,100,21.65370369,100,22.01967621
2023/5/23 15:14,100,22.01620293,100,21.82349586,100,21.65370369,100,22.01967621
2023/5/23 15:15,100,22.11747742,100,21.82349586,100,21.65370369,64.54824066,21.91840172
2023/5/23 15:16,100,22.11747742,100,21.73669052,100,21.55243111,0,21.91840172
2023/5/23 15:17,100,22.11747742,100,21.82349586,100,21.65370369,0,21.81712914
2023/5/23 15:18,100,22.01620293,100,21.73669052,100,21.59583282,0,21.81712914
2023/5/23 15:19,100,22.01620293,100,21.72222328,100,21.55243111,0,21.81712914
2023/5/23 15:20,100,22.11747742,100,21.73669052,100,21.55243111,0,21.81712914
2023/5/23 15:21,100,22.01620293,100,21.82349586,100,21.65370369,0,21.81712914
2023/5/23 15:22,100,22.01620293,100,21.82349586,100,21.65370369,0,21.81712914
2023/5/23 15:23,100,22.01620293,100,21.82349586,100,21.65370369,0,21.8026619
2023/5/23 15:24,100,22.01620293,100,21.82349586,100,21.65370369,0,21.81712914
2023/5/23 15:25,100,22.01620293,100,21.82349586,100,21.55243111,0,21.81712914
2023/5/23 15:26,100,22.11747742,100,21.82349586,100,21.55243111,0,21.81712914
2023/5/23 15:27,100,22.11747742,100,21.82349586,100,21.55243111,0,21.81712914
2023/5/23 15:28,100,22.11747742,100,21.82349586,100,21.65370369,0,21.81712914
2023/5/23 15:29,100,22.01620293,100,21.82349586,100,21.65370369,0,21.81712914
2023/5/23 15:30,100,22.01620293,100,21.8379631,100,21.65370369,0,21.91840172
2023/5/23 15:31,100,22.01620293,100,21.92476845,100,21.65370369,0,21.91840172
2023/5/23 15:32,100,22.11747742,100,21.82349586,100,21.63923645,0,21.91840172
2023/5/23 15:33,100,22.11747742,100,21.82349586,100,21.65370369,0,21.91840172
2023/5/23 15:34,100,22.11747742,100,21.82349586,100,21.65370369,0,21.91840172
2023/5/23 15:35,100,22.11747742,100,21.82349586,100,21.65370369,0,21.91840172
2023/5/23 15:36,100,22.11747742,100,21.82349586,100,21.65370369,1.096397281,22.01967621
2023/5/23 15:37,100,22.11747742,100,21.82349586,100,21.65370369,15.77668762,22.01967621
2023/5/23 15:38,100,22.11747742,100,21.82349586,100,21.7260437,30.4304142,22.01967621
2023/5/23 15:39,100,22.11747742,100,21.92476845,100,21.65370369,45.21033096,22.01967621
2023/5/23 15:40,100,22.01620293,100,21.92476845,100,21.65370369,60.0859375,22.01967621
2023/5/23 15:41,100,22.11747742,100,21.82349586,100,21.65370369,74.79466248,22.01967621
2023/5/23 15:42,100,22.11747742,100,21.82349586,100,21.65370369,89.67524719,22.01967621
2023/5/23 15:43,100,22.11747742,100,21.82349586,100,21.65370369,100,22.01967621
2023/5/23 15:44,100,22.11747742,100,21.82349586,100,21.65370369,100,22.01967621
2023/5/23 15:45,100,22.11747742,100,21.82349586,100,21.55243111,100,22.01967621
2023/5/23 15:46,100,22.11747742,100,21.73669052,100,21.55243111,55.82189941,21.91840172
2023/5/23 15:47,100,22.11747742,100,21.72222328,100,21.55243111,0,21.91840172
2023/5/23 15:48,100,22.01620293,100,21.72222328,100,21.55243111,0,21.81712914
2023/5/23 15:49,100,22.01620293,100,21.63541794,100,21.45115852,0,21.81712914
2023/5/23 15:50,100,22.32002258,100,21.62094879,100,21.45115852,0,21.81712914
2023/5/23 15:51,100,22.01620293,100,21.73669052,100,21.55243111,0,21.81712914
2023/5/23 15:52,100,22.01620293,100,21.72222328,100,21.55243111,0,21.81712914
2023/5/23 15:53,100,22.01620293,100,21.72222328,100,21.56689835,0,21.81712914
2023/5/23 15:54,100,22.11747742,100,21.73669052,100,21.55243111,0,21.81712914
2023/5/23 15:55,100,22.11747742,100,21.73669052,100,21.55243111,0,21.81712914
2023/5/23 15:56,100,22.01620293,100,21.73669052,100,21.55243111,0,21.81712914
2023/5/23 15:57,100,22.01620293,100,21.72222328,100,21.55243111,0,21.81712914
2023/5/23 15:58,100,22.01620293,100,21.73669052,100,21.55243111,0,21.81712914
2023/5/23 15:59,100,22.11747742,100,21.73669052,100,21.55243111,0,21.81712914
2023/5/23 16:00,100,22.11747742,100,21.72222328,100,21.55243111,0,21.81712914
2023/5/23 16:01,100,22.11747742,100,21.82349586,100,21.55243111,0,21.8026619
2023/5/23 16:02,100,22.11747742,100,21.82349586,100,21.55243111,0,21.91840172
2023/5/23 16:03,100,22.21875,100,21.82349586,100,21.55243111,0,21.91840172
2023/5/23 16:04,100,22.11747742,100,21.72222328,100,21.55243111,0,21.91840172
2023/5/23 16:05,100,22.11747742,100,21.73669052,100,21.55243111,0,21.91840172
2023/5/23 16:06,100,22.11747742,100,21.72222328,100,21.55243111,0,21.91840172
2023/5/23 16:07,100,22.11747742,100,21.73669052,100,21.55243111,0,21.91840172
2023/5/23 16:08,100,22.11747742,100,21.82349586,100,21.55243111,0,21.91840172
2023/5/23 16:09,100,22.11747742,100,21.82349586,100,21.55243111,0.118098892,22.00520706
2023/5/23 16:10,100,22.11747742,100,21.82349586,100,21.65370369,0.221084118,22.01967621
2023/5/23 16:11,100,22.11747742,100,21.82349586,100,21.65370369,14.78649044,22.01967621
2023/5/23 16:12,100,22.01620293,100,21.82349586,100,21.65370369,29.65893173,22.01967621
2023/5/23 16:13,100,22.01620293,100,21.82349586,100,21.55243111,44.30600357,22.01967621
2023/5/23 16:14,100,22.01620293,100,21.82349586,100,21.55243111,58.97834778,22.01967621
2023/5/23 16:15,100,22.01620293,100,21.72222328,100,21.55243111,73.67169952,22.01967621
2023/5/23 16:16,100,22.01620293,100,21.72222328,100,21.55243111,88.42607117,22.01967621
2023/5/23 16:17,100,22.01620293,100,21.82349586,100,21.55243111,100,22.01967621
2023/5/23 16:18,100,22.11747742,100,21.82349586,100,21.55243111,100,22.01967621
2023/5/23 16:19,100,22.11747742,100,21.72222328,100,21.55243111,85.97111511,21.91840172
2023/5/23 16:20,100,22.10301018,100,21.72222328,100,21.45115852,20.86710739,21.91840172
2023/5/23 16:21,100,22.11747742,100,21.73669052,100,21.45115852,0,21.81712914
2023/5/23 16:22,100,22.11747742,100,21.72222328,100,21.55243111,0,21.81712914
2023/5/23 16:23,100,22.01620293,100,21.73669052,100,21.55243111,0,21.81712914
2023/5/23 16:24,100,22.01620293,100,21.63541794,100,21.55243111,0,21.81712914
2023/5/23 16:25,100,22.01620293,100,21.63541794,100,21.55243111,0,21.81712914
2023/5/23 16:26,100,22.01620293,100,21.72222328,100,21.55243111,0,21.81712914
2023/5/23 16:27,100,22.01620293,100,21.73669052,100,21.65370369,0,21.81712914
2023/5/23 16:28,100,22.01620293,100,21.72222328,100,21.65370369,0,21.8026619
2023/5/23 16:29,100,22.01620293,100,21.73669052,100,21.55243111,0,21.81712914
2023/5/23 16:30,100,22.01620293,100,21.72222328,100,21.55243111,0,21.81712914
2023/5/23 16:31,100,22.01620293,100,21.73669052,100,21.55243111,0,21.81712914
2023/5/23 16:32,100,22.01620293,100,21.73669052,100,21.55243111,0,21.81712914
2023/5/23 16:33,100,22.11747742,100,21.72222328,100,21.55243111,0,21.81712914
2023/5/23 16:34,100,22.11747742,100,21.73669052,100,21.63923645,0,21.81712914
2023/5/23 16:35,100,22.11747742,100,21.73669052,100,21.55243111,0,21.81712914
2023/5/23 16:36,100,22.11747742,100,21.72222328,100,21.55243111,0,21.81712914
2023/5/23 16:37,100,22.11747742,100,21.72222328,100,21.55243111,0,21.81712914
2023/5/23 16:38,100,22.11747742,100,21.72222328,100,21.55243111,0,21.81712914
2023/5/23 16:39,100,22.11747742,100,21.72222328,100,21.58136559,0,21.81712914
2023/5/23 16:40,100,22.10301018,100,21.82349586,100,21.65370369,0,21.81712914
2023/5/23 16:41,100,22.01620293,100,21.82349586,100,21.65370369,0,21.81712914
2023/5/23 16:42,100,22.11747742,100,21.82349586,100,21.75497818,0,21.91840172
2023/5/23 16:43,100,22.11747742,100,21.82349586,100,21.65370369,0,21.91840172
2023/5/23 16:44,100,22.01620293,100,21.82349586,100,21.65370369,0,21.91840172
2023/5/23 16:45,100,22.01620293,100,21.82349586,100,21.65370369,0,21.91840172
2023/5/23 16:46,100,22.08854294,100,21.92476845,100,21.75497818,0,21.91840172
2023/5/23 16:47,100,22.01620293,100,21.92476845,100,21.75497818,0,21.91840172
2023/5/23 16:48,100,22.11747742,100,21.92476845,100,21.75497818,2.673596621,22.01967621
2023/5/23 16:49,100,22.11747742,100,21.92476845,100,21.75497818,17.65579224,22.01967621
2023/5/23 16:50,100,22.11747742,100,22.02604294,100,21.75497818,31.65411758,22.01967621
2023/5/23 16:51,100,22.01620293,100,22.02604294,100,21.75497818,42.08024216,22.01967621
2023/5/23 16:52,100,22.01620293,100,22.02604294,100,21.75497818,29.40298271,21.91840172
2023/5/23 16:53,100,22.01620293,100,22.02604294,100,21.75497818,9.896172523,22.01967621
2023/5/23 16:54,100,22.11747742,100,22.02604294,100,21.75497818,23.56549454,22.01967621
2023/5/23 16:55,100,22.11747742,100,21.96817207,100,21.75497818,38.28252411,22.01967621
2023/5/23 16:56,100,22.11747742,100,21.92476845,100,21.75497818,52.9312706,22.00520706
2023/5/23 16:57,100,22.01620293,100,21.92476845,100,21.75497818,67.57484436,22.01967621
2023/5/23 16:58,100,22.01620293,100,21.92476845,100,21.75497818,82.37033081,22.01967621
2023/5/23 16:59,100,22.11747742,100,21.92476845,100,21.75497818,96.41785431,22.01967621
2023/5/23 17:00,100,22.01620293,100,21.92476845,100,21.65370369,83.92618561,21.91840172
2023/5/23 17:01,100,22.01620293,100,21.82349586,100,21.65370369,19.40714455,21.91840172
2023/5/23 17:02,100,22.01620293,100,21.82349586,100,21.55243111,0,21.91840172
2023/5/23 17:03,100,22.32002258,100,21.82349586,100,21.65370369,0,21.91840172
2023/5/23 17:04,100,22.01620293,100,21.82349586,100,21.55243111,0,21.81712914
2023/5/23 17:05,100,22.01620293,100,21.82349586,100,21.65370369,0,21.81712914
2023/5/23 17:06,100,22.32002258,100,21.82349586,100,21.65370369,0,21.81712914
2023/5/23 17:07,100,22.01620293,100,21.93923569,100,21.65370369,0,21.81712914
2023/5/23 17:08,100,22.13194466,100,21.92476845,100,21.65370369,0,21.81712914
2023/5/23 17:09,100,22.01620293,100,21.92476845,100,21.65370369,0,21.81712914
2023/5/23 17:10,100,22.01620293,100,21.92476845,100,21.63923645,0,21.81712914
2023/5/23 17:11,100,22.01620293,100,21.92476845,100,21.65370369,0,21.8026619
2023/5/23 17:12,100,22.01620293,100,21.92476845,100,21.71157455,0,21.81712914
2023/5/23 17:13,100,22.01620293,100,21.92476845,100,21.85625076,0,21.81712914
2023/5/23 17:14,100,22.01620293,100,22.02604294,100,21.85625076,0,21.91840172
2023/5/23 17:15,100,22.01620293,100,21.92476845,100,21.81284904,0,21.91840172
2023/5/23 17:16,100,22.01620293,100,22.01157379,100,21.85625076,0,21.91840172
2023/5/23 17:17,100,22.01620293,100,21.92476845,100,21.75497818,0,21.91840172
2023/5/23 17:18,100,22.10301018,100,21.92476845,100,21.65370369,0,21.91840172
2023/5/23 17:19,100,22.11747742,100,21.82349586,100,21.65370369,0,21.91840172
2023/5/23 17:20,100,22.01620293,100,21.86689758,100,21.65370369,0,21.91840172
2023/5/23 17:21,100,22.10301018,100,21.92476845,100,21.75497818,0,21.91840172
2023/5/23 17:22,100,22.01620293,100,21.92476845,100,21.75497818,0,21.91840172
2023/5/23 17:23,100,22.11747742,100,21.92476845,100,21.65370369,0,21.91840172
2023/5/23 17:24,100,22.11747742,100,21.82349586,100,21.65370369,0,21.91840172
2023/5/23 17:25,100,22.11747742,100,21.82349586,100,21.65370369,0,21.91840172
2023/5/23 17:26,100,22.10301018,100,21.8379631,100,21.55243111,0,21.91840172
2023/5/23 17:27,100,22.11747742,100,21.82349586,100,21.65370369,0.765784919,22.01967621
2023/5/23 17:28,100,22.11747742,100,21.82349586,100,21.55243111,15.14003468,22.01967621
2023/5/23 17:29,100,22.07407379,100,21.82349586,100,21.55243111,29.70491982,22.01967621
2023/5/23 17:30,100,22.11747742,100,21.82349586,100,21.55243111,44.81732559,22.01967621
2023/5/23 17:31,100,22.11747742,100,21.82349586,100,21.55243111,59.21159363,22.01967621
2023/5/23 17:32,100,22.11747742,100,21.82349586,100,21.65370369,73.99179077,22.00520706
2023/5/23 17:33,100,22.11747742,100,21.82349586,100,21.65370369,89.19007874,22.01967621
2023/5/23 17:34,100,22.11747742,100,21.82349586,100,21.65370369,86.31989288,21.91840172
2023/5/23 17:35,100,22.11747742,100,21.73669052,100,21.55243111,20.64242172,21.91840172
2023/5/23 17:36,100,22.11747742,100,21.72222328,100,21.55243111,0,21.91840172
2023/5/23 17:37,100,22.11747742,100,21.73669052,100,21.55243111,0,21.81712914
2023/5/23 17:38,100,22.11747742,100,21.82349586,100,21.65370369,0,21.81712914
2023/5/23 17:39,100,22.11747742,100,21.82349586,100,21.65370369,0,21.81712914
2023/5/23 17:40,100,22.11747742,100,21.73669052,100,21.75497818,0,21.81712914
2023/5/23 17:41,100,22.11747742,100,21.82349586,100,21.68264008,0,21.8026619
2023/5/23 17:42,100,22.11747742,100,21.82349586,100,21.65370369,0,21.81712914
2023/5/23 17:43,100,22.10301018,100,21.75115776,100,21.65370369,0,21.81712914
2023/5/23 17:44,100,22.11747742,100,21.79455948,100,21.55243111,0,21.81712914
2023/5/23 17:45,100,22.11747742,100,21.72222328,100,21.55243111,0,21.81712914
2023/5/23 17:46,100,22.11747742,100,21.72222328,100,21.55243111,0,21.81712914
2023/5/23 17:47,100,22.11747742,100,21.72222328,100,21.55243111,0,21.81712914
2023/5/23 17:48,100,22.11747742,100,21.73669052,100,21.45115852,0,21.81712914
2023/5/23 17:49,100,22.07407379,100,21.82349586,100,21.55243111,0,21.91840172
2023/5/23 17:50,100,22.01620293,100,21.82349586,100,21.55243111,0,21.91840172
2023/5/23 17:51,100,22.11747742,100,21.82349586,100,21.55243111,0,21.91840172
2023/5/23 17:52,100,22.11747742,100,21.82349586,100,21.55243111,0,21.91840172
2023/5/23 17:53,100,22.11747742,100,21.82349586,100,21.55243111,0,21.91840172
2023/5/23 17:54,100,22.11747742,100,21.82349586,100,21.55243111,0,21.91840172
2023/5/23 17:55,100,22.01620293,100,21.92476845,100,21.65370369,0,21.91840172
2023/5/23 17:56,100,22.11747742,100,21.92476845,100,21.75497818,11.25004387,22.01967621
2023/5/23 17:57,100,22.11747742,100,21.82349586,100,21.75497818,25.62502098,22.01967621
2023/5/23 17:58,100,22.11747742,100,21.80902672,100,21.65370369,40.71997452,22.01967621
2023/5/23 17:59,100,22.11747742,100,21.82349586,100,21.65370369,55.25127411,22.01967621
2023/5/23 18:00,100,22.11747742,100,21.92476845,100,21.75497818,69.87501526,22.01967621
2023/5/23 18:01,100,22.11747742,100,21.92476845,100,21.75497818,84.72872925,22.01967621
2023/5/23 18:02,100,22.11747742,100,21.92476845,100,21.75497818,100,22.01967621
2023/5/23 18:03,100,22.11747742,100,21.92476845,100,21.65370369,100,22.01967621
2023/5/23 18:04,100,22.11747742,100,21.82349586,100,21.65370369,100,22.01967621
2023/5/23 18:05,100,22.11747742,100,21.82349586,100,21.65370369,40.65457916,21.91840172
2023/5/23 18:06,100,22.11747742,100,21.82349586,100,21.65370369,0,21.91840172
2023/5/23 18:07,100,22.11747742,100,21.82349586,100,21.65370369,0,21.81712914
2023/5/23 18:08,100,22.11747742,100,21.92476845,100,21.75497818,0,21.81712914
2023/5/23 18:09,100,22.32002258,100,21.92476845,100,21.75497818,0,21.81712914
2023/5/23 18:10,100,22.10301018,100,21.93923569,100,21.74051094,0,21.81712914
2023/5/23 18:11,100,22.32002258,100,21.92476845,100,21.75497818,0,21.81712914
2023/5/23 18:12,100,22.01620293,100,21.92476845,100,21.75497818,0,21.81712914
2023/5/23 18:13,100,22.01620293,100,21.92476845,100,21.75497818,0,21.81712914
2023/5/23 18:14,100,22.01620293,100,21.92476845,100,21.65370369,0,21.81712914
2023/5/23 18:15,100,22.01620293,100,21.82349586,100,21.65370369,0,21.81712914
2023/5/23 18:16,100,22.01620293,100,21.80902672,100,21.55243111,0,21.81712914
2023/5/23 18:17,100,22.01620293,100,21.82349586,100,21.65370369,0,21.81712914
2023/5/23 18:18,100,22.11747742,100,21.82349586,100,21.65370369,0,21.81712914
2023/5/23 18:19,100,22.11747742,100,21.82349586,100,21.65370369,0,21.81712914
2023/5/23 18:20,100,22.01620293,100,21.82349586,100,21.65370369,0,21.81712914
2023/5/23 18:21,100,22.01620293,100,21.82349586,100,21.65370369,0,21.81712914
2023/5/23 18:22,100,22.11747742,100,21.82349586,100,21.65370369,0,21.81712914
2023/5/23 18:23,100,22.01620293,100,21.82349586,100,21.65370369,0,21.81712914
2023/5/23 18:24,100,22.01620293,100,21.72222328,100,21.65370369,0,21.91840172
2023/5/23 18:25,100,22.11747742,100,21.82349586,100,21.65370369,0,21.83159828
2023/5/23 18:26,100,22.11747742,100,21.82349586,100,21.65370369,0,21.91840172
2023/5/23 18:27,100,22.11747742,100,21.82349586,100,21.69710732,0,21.91840172
2023/5/23 18:28,100,22.11747742,100,21.82349586,100,21.75497818,0,21.91840172
2023/5/23 18:29,100,22.10301018,100,21.82349586,100,21.75497818,0,21.91840172
2023/5/23 18:30,100,22.11747742,100,21.82349586,100,21.75497818,0,21.91840172
2023/5/23 18:31,100,22.01620293,100,21.82349586,100,21.75497818,0,21.91840172
2023/5/23 18:32,100,22.01620293,100,21.82349586,100,21.75497818,0,21.91840172
2023/5/23 18:33,100,22.01620293,100,21.82349586,100,21.75497818,0,21.91840172
2023/5/23 18:34,100,22.11747742,100,21.92476845,100,21.85625076,0,21.91840172
2023/5/23 18:35,100,22.11747742,100,21.92476845,100,21.85625076,0,21.91840172
2023/5/23 18:36,100,22.11747742,100,21.92476845,100,21.85625076,0,21.91840172
2023/5/23 18:37,100,22.11747742,100,21.92476845,100,21.75497818,0,21.91840172
2023/5/23 18:38,100,22.11747742,100,21.92476845,100,21.75497818,0,21.91840172
2023/5/23 18:39,100,22.01620293,100,21.92476845,100,21.65370369,0,21.91840172
2023/5/23 18:40,100,22.01620293,100,21.82349586,100,21.65370369,0,21.91840172
2023/5/23 18:41,100,22.11747742,100,21.82349586,100,21.65370369,0,21.91840172
2023/5/23 18:42,100,22.11747742,100,21.80902672,100,21.65370369,0,21.91840172
2023/5/23 18:43,100,22.11747742,100,21.82349586,100,21.65370369,0,21.91840172
2023/5/23 18:44,100,22.11747742,100,21.82349586,100,21.65370369,0,21.91840172
2023/5/23 18:45,100,22.01620293,100,21.92476845,100,21.75497818,0,21.91840172
2023/5/23 18:46,100,22.01620293,100,21.92476845,100,21.85625076,0,21.91840172
2023/5/23 18:47,100,22.11747742,100,21.92476845,100,21.85625076,0,21.91840172
2023/5/23 18:48,100,22.11747742,100,21.92476845,100,21.85625076,0,21.91840172
2023/5/23 18:49,100,22.11747742,100,22.02604294,100,21.870718,0,21.91840172
2023/5/23 18:50,100,22.11747742,100,22.02604294,100,21.94305611,0,21.90393448
2023/5/23 18:51,100,22.11747742,100,22.02604294,100,21.95752335,0,21.91840172
2023/5/23 18:52,100,22.11747742,100,22.02604294,100,21.95752335,0,21.91840172
2023/5/23 18:53,100,22.11747742,100,22.02604294,100,21.95752335,0,21.90393448
2023/5/23 18:54,100,22.11747742,100,22.02604294,100,22.05879784,0,21.91840172
2023/5/23 18:55,100,22.11747742,100,22.12731552,100,22.05879784,0,21.91840172
2023/5/23 18:56,100,22.11747742,100,22.12731552,100,21.95752335,0,21.91840172
2023/5/23 18:57,100,22.11747742,100,22.02604294,100,21.95752335,0,21.91840172
2023/5/23 18:58,100,22.11747742,100,22.02604294,100,21.85625076,0,21.91840172
2023/5/23 18:59,100,22.11747742,100,22.02604294,100,21.85625076,0,21.91840172
2023/5/23 19:00,100,22.10301018,100,22.02604294,100,21.85625076,0,21.91840172
2023/5/23 19:01,100,22.21875,100,22.02604294,100,21.84178352,0,21.91840172
2023/5/23 19:02,100,22.21875,100,22.02604294,100,21.85625076,0,21.91840172
2023/5/23 19:03,100,22.11747742,100,22.02604294,100,21.85625076,0,21.91840172
2023/5/23 19:04,100,22.11747742,100,22.02604294,100,21.870718,0,21.91840172
2023/5/23 19:05,100,22.16087914,100,22.02604294,100,21.85625076,0,21.91840172
2023/5/23 19:06,100,22.11747742,100,22.02604294,100,21.84178352,0,21.91840172
2023/5/23 19:07,100,22.11747742,100,22.02604294,100,21.95752335,0,21.91840172
2023/5/23 19:08,100,22.11747742,100,22.12731552,100,21.95752335,0,21.91840172
2023/5/23 19:09,100,22.11747742,100,22.12731552,100,21.95752335,0,21.91840172
2023/5/23 19:10,100,22.11747742,100,22.12731552,100,21.94305611,0,21.91840172
2023/5/23 19:11,100,22.11747742,100,22.12731552,100,21.95752335,0,21.91840172
2023/5/23 19:12,100,22.11747742,100,22.12731552,100,21.95752335,0,21.90393448
2023/5/23 19:13,100,22.11747742,100,22.12731552,100,21.95752335,0,21.91840172
2023/5/23 19:14,100,22.11747742,100,22.2285881,100,22.05879784,0,21.91840172
2023/5/23 19:15,100,22.11747742,100,22.2285881,100,22.04432869,0.766517043,22.01967621
2023/5/23 19:16,100,22.11747742,100,22.2285881,100,22.10219955,14.30174923,22.01967621
2023/5/23 19:17,100,22.11747742,100,22.32986069,100,22.16007042,28.97733307,22.01967621
2023/5/23 19:18,100,22.10301018,100,22.32986069,100,22.16007042,43.41838455,22.01967621
2023/5/23 19:19,100,22.11747742,100,22.32986069,100,22.16007042,62.40060425,22.01967621
2023/5/23 19:20,100,22.11747742,100,22.35879707,100,22.24687576,100,22.12094879
2023/5/23 19:21,100,22.11747742,100,22.43113518,100,22.24687576,100,22.12094879
2023/5/23 19:22,100,22.01620293,100,22.32986069,100,22.20347404,100,22.03414345
2023/5/23 19:23,100,22.01620293,100,22.2285881,100,22.05879784,100,22.01967621
2023/5/23 19:24,100,22.11747742,100,22.21412086,100,21.95752335,100,22.01967621
2023/5/23 19:25,100,22.01620293,100,22.12731552,100,21.95752335,64.84322357,21.91840172
2023/5/23 19:26,100,22.01620293,100,22.2285881,100,21.94305611,0,21.88946724
2023/5/23 19:27,100,22.20428276,100,22.12731552,100,21.95752335,0,21.81712914
2023/5/23 19:28,100,22.32002258,100,22.12731552,100,21.95752335,0,21.8026619
2023/5/23 19:29,100,22.32002258,100,22.12731552,100,21.95752335,0,21.81712914
2023/5/23 19:30,100,22.32002258,100,22.15625,100,22.04432869,0,21.81712914
2023/5/23 19:31,100,22.32002258,100,22.2285881,100,22.04432869,0,21.81712914
2023/5/23 19:32,100,22.32002258,100,22.21412086,100,21.97199059,0,21.81712914
2023/5/23 19:33,100,22.32002258,100,22.2285881,100,21.95752335,0,21.81712914
2023/5/23 19:34,100,22.32002258,100,22.2285881,100,21.94305611,0,21.81712914
2023/5/23 19:35,100,22.32002258,100,22.12731552,100,21.95752335,0,21.81712914
2023/5/23 19:36,100,22.32002258,100,22.12731552,100,21.94305611,0,21.81712914
2023/5/23 19:37,100,22.32002258,100,22.11284828,100,21.95752335,0,21.81712914
2023/5/23 19:38,100,22.32002258,100,22.12731552,100,21.95752335,0,21.81712914
2023/5/23 19:39,100,22.32002258,100,22.12731552,100,21.84178352,0,21.81712914
2023/5/23 19:40,100,22.32002258,100,22.02604294,100,21.85625076,0,21.81712914
2023/5/23 19:41,100,22.32002258,100,22.02604294,100,21.85625076,0,21.81712914
2023/5/23 19:42,100,22.32002258,100,22.02604294,100,21.7983799,0,21.81712914
2023/5/23 19:43,100,22.21875,100,22.02604294,100,21.85625076,0,21.86053276
2023/5/23 19:44,100,22.32002258,100,22.12731552,100,21.95752335,0,21.91840172
2023/5/23 19:45,100,22.32002258,100,22.2285881,100,22.04432869,0,21.91840172
2023/5/23 19:46,100,22.32002258,100,22.2285881,100,22.05879784,0,21.91840172
2023/5/23 19:47,100,22.32002258,100,22.2285881,100,22.05879784,0,21.91840172
2023/5/23 19:48,100,22.32002258,100,22.2285881,100,22.05879784,0,21.91840172
2023/5/23 19:49,100,22.30555534,100,22.2285881,100,22.05879784,0,21.91840172
2023/5/23 19:50,100,22.32002258,100,22.12731552,100,21.95752335,0,21.91840172
2023/5/23 19:51,100,22.32002258,100,22.02604294,100,21.95752335,0,21.91840172
2023/5/23 19:52,100,22.32002258,100,22.02604294,100,22.05879784,0,21.91840172
2023/5/23 19:53,100,22.01620293,100,22.02604294,100,22.05879784,0,21.91840172
2023/5/23 19:54,100,22.01620293,100,22.02604294,100,22.05879784,0,21.91840172
2023/5/23 19:55,100,22.01620293,100,22.02604294,100,21.95752335,0,21.91840172
2023/5/23 19:56,100,22.01620293,100,22.12731552,100,22.05879784,0,21.91840172
2023/5/23 19:57,100,22.01620293,100,22.02604294,100,22.05879784,0,21.91840172
2023/5/23 19:58,100,22.07407379,100,22.02604294,100,21.95752335,0,21.91840172
2023/5/23 19:59,100,22.32002258,100,22.02604294,100,21.95752335,0,21.90393448
2023/5/23 20:00,100,22.32002258,100,22.02604294,100,22.05879784,0,21.91840172
2023/5/23 20:01,100,22.32002258,100,22.02604294,100,21.95752335,0,21.91840172
2023/5/23 20:02,100,22.30555534,100,22.02604294,100,21.95752335,0,21.91840172
2023/5/23 20:03,100,22.32002258,100,21.93923569,100,21.95752335,0,21.91840172
2023/5/23 20:04,100,22.26215172,100,21.92476845,100,21.95752335,0,21.91840172
2023/5/23 20:05,100,22.32002258,100,21.92476845,100,21.95752335,0,21.91840172
2023/5/23 20:06,100,22.32002258,100,21.92476845,100,21.95752335,0,21.91840172
2023/5/23 20:07,100,22.32002258,100,22.02604294,100,22.05879784,0,21.91840172
2023/5/23 20:08,100,22.32002258,100,22.02604294,100,22.05879784,0,21.91840172
2023/5/23 20:09,100,22.32002258,100,22.02604294,100,22.05879784,0,21.91840172
2023/5/23 20:10,100,22.32002258,100,22.02604294,100,22.05879784,0,21.91840172
2023/5/23 20:11,100,22.32002258,100,22.12731552,100,22.05879784,0,21.91840172
2023/5/23 20:12,100,22.01620293,100,22.05497742,100,22.05879784,0,21.91840172
2023/5/23 20:13,100,22.01620293,100,22.02604294,100,22.05879784,0,21.91840172
2023/5/23 20:14,100,22.32002258,100,22.12731552,100,22.05879784,0,21.91840172
2023/5/23 20:15,100,22.01620293,100,22.12731552,100,22.05879784,0,21.91840172
2023/5/23 20:16,100,22.32002258,100,22.12731552,100,22.05879784,0.185227975,22.01967621
2023/5/23 20:17,100,22.32002258,100,22.12731552,100,22.04432869,8.421280861,22.01967621
2023/5/23 20:18,100,22.32002258,100,22.12731552,100,21.95752335,23.69371986,22.01967621
2023/5/23 20:19,100,22.21875,100,22.12731552,100,22.05879784,38.3978157,22.01967621
2023/5/23 20:20,100,22.32002258,100,22.12731552,100,21.95752335,53.00416565,22.01967621
2023/5/23 20:21,100,22.32002258,100,22.2285881,100,22.05879784,67.40227509,22.01967621
2023/5/23 20:22,100,22.32002258,100,22.2285881,100,22.05879784,82.44384766,22.01967621
2023/5/23 20:23,100,22.32002258,100,22.12731552,100,21.95752335,97.29024506,22.01967621
2023/5/23 20:24,100,22.32002258,100,22.12731552,100,21.95752335,100,22.01967621
2023/5/23 20:25,100,22.32002258,100,22.11284828,100,21.95752335,94.8298111,21.96180534
2023/5/23 20:26,100,22.32002258,100,22.12731552,100,21.95752335,32.14919281,21.91840172
2023/5/23 20:27,100,22.32002258,100,22.12731552,100,21.95752335,0,21.91840172
2023/5/23 20:28,100,22.32002258,100,22.12731552,100,21.95752335,0,21.81712914
2023/5/23 20:29,100,22.21875,100,22.12731552,100,21.95752335,0,21.81712914
2023/5/23 20:30,100,22.21875,100,22.12731552,100,21.95752335,0,21.81712914
2023/5/23 20:31,100,22.21875,100,22.12731552,100,21.95752335,0,21.81712914
2023/5/23 20:32,100,22.11747742,100,22.12731552,100,21.95752335,0,21.81712914
2023/5/23 20:33,100,22.21875,100,22.2285881,100,22.05879784,0,21.81712914
2023/5/23 20:34,100,22.21875,100,22.21412086,100,22.05879784,0,21.81712914
2023/5/23 20:35,100,22.21875,100,22.2285881,100,22.05879784,0,21.81712914
2023/5/23 20:36,100,22.11747742,100,22.12731552,100,21.95752335,0,21.81712914
2023/5/23 20:37,100,22.21875,100,22.12731552,100,21.95752335,0,21.81712914
2023/5/23 20:38,100,22.21875,100,22.12731552,100,21.95752335,0,21.81712914
2023/5/23 20:39,100,22.32002258,100,22.12731552,100,21.95752335,0,21.81712914
2023/5/23 20:40,100,22.21875,100,22.2285881,100,21.95752335,0,21.81712914
2023/5/23 20:41,100,22.21875,100,22.2285881,100,21.95752335,0,21.81712914
2023/5/23 20:42,100,22.21875,100,22.2285881,100,22.05879784,0,21.81712914
2023/5/23 20:43,100,22.21875,100,22.28645706,100,22.05879784,0,21.81712914
2023/5/23 20:44,100,22.21875,100,22.2285881,100,22.05879784,0,21.81712914
2023/5/23 20:45,100,22.21875,100,22.2285881,100,22.05879784,0,21.88946724
2023/5/23 20:46,100,22.32002258,100,22.2285881,100,22.05879784,0,21.91840172
2023/5/23 20:47,100,22.32002258,100,22.2285881,100,21.95752335,0,21.81712914
2023/5/23 20:48,100,22.32002258,100,22.12731552,100,21.95752335,0,21.91840172
2023/5/23 20:49,100,22.30555534,100,22.12731552,100,21.85625076,0,21.81712914
2023/5/23 20:50,100,22.21875,100,22.11284828,100,21.85625076,0,21.81712914
2023/5/23 20:51,100,22.21875,100,22.12731552,100,21.95752335,0,21.81712914
2023/5/23 20:52,100,22.21875,100,22.2285881,100,21.95752335,0,21.83159828
2023/5/23 20:53,100,22.32002258,100,22.2285881,100,21.95752335,0,21.84606552
2023/5/23 20:54,100,22.32002258,100,22.12731552,100,21.84178352,0,21.91840172
2023/5/23 20:55,100,22.27662086,100,22.12731552,100,21.85625076,0,21.91840172
2023/5/23 20:56,100,22.21875,100,22.12731552,100,21.85625076,0,21.8026619
2023/5/23 20:57,100,22.21875,100,22.12731552,100,21.85625076,0,21.81712914
2023/5/23 20:58,100,22.21875,100,22.02604294,100,21.85625076,0,21.81712914
2023/5/23 20:59,100,22.21875,100,22.06944466,100,21.84178352,0,21.81712914
2023/5/23 21:00,100,22.21875,100,22.12731552,100,21.95752335,0,21.81712914
2023/5/23 21:01,100,22.21875,100,22.12731552,100,21.95752335,0,21.81712914
2023/5/23 21:02,100,22.21875,100,22.2285881,100,21.95752335,0,21.81712914
2023/5/23 21:03,100,22.1464119,100,22.21412086,100,22.05879784,0,21.81712914
2023/5/23 21:04,100,22.21875,100,22.2285881,100,21.94305611,0,21.81712914
2023/5/23 21:05,100,22.10301018,100,22.2285881,100,22.05879784,0,21.83159828
2023/5/23 21:06,100,22.21875,100,22.2285881,100,22.05879784,0,21.91840172
2023/5/23 21:07,100,22.21875,100,22.2285881,100,21.98645782,0,21.91840172
2023/5/23 21:08,100,22.21875,100,22.12731552,100,22.04432869,0,21.91840172
2023/5/23 21:09,100,22.11747742,100,22.2285881,100,22.05879784,0,21.91840172
2023/5/23 21:10,100,22.11747742,100,22.12731552,100,22.05879784,0,21.91840172
2023/5/23 21:11,100,22.11747742,100,22.12731552,100,22.05879784,0,21.90393448
2023/5/23 21:12,100,22.11747742,100,22.21412086,100,22.05879784,0,21.91840172
2023/5/23 21:13,100,22.11747742,100,22.2285881,100,22.04432869,0,21.91840172
2023/5/23 21:14,100,22.11747742,100,22.2285881,100,22.05879784,0,21.91840172
2023/5/23 21:15,100,22.11747742,100,22.12731552,100,22.05879784,0,21.90393448
2023/5/23 21:16,100,22.11747742,100,22.12731552,100,22.05879784,0,21.91840172
2023/5/23 21:17,100,22.11747742,100,22.02604294,100,21.97199059,0,21.91840172
2023/5/23 21:18,100,22.11747742,100,22.12731552,100,21.95752335,0,21.91840172
2023/5/23 21:19,100,22.11747742,100,22.12731552,100,22.05879784,0,21.91840172
2023/5/23 21:20,100,22.10301018,100,22.12731552,100,21.95752335,0,21.91840172
2023/5/23 21:21,100,22.01620293,100,22.12731552,100,21.95752335,0,21.91840172
2023/5/23 21:22,100,22.11747742,100,22.12731552,100,21.95752335,0,21.91840172
2023/5/23 21:23,100,22.01620293,100,22.2285881,100,21.95752335,0,21.91840172
2023/5/23 21:24,100,21.91493034,100,22.14178276,100,21.94305611,0,21.91840172
2023/5/23 21:25,100,22.01620293,100,22.12731552,100,21.95752335,0,21.91840172
2023/5/23 21:26,100,22.01620293,100,22.12731552,100,21.95752335,0,21.91840172
2023/5/23 21:27,100,21.91493034,100,22.12731552,100,21.95752335,0,21.91840172
2023/5/23 21:28,100,22.00173569,100,22.12731552,100,21.94305611,0,21.91840172
2023/5/23 21:29,100,22.01620293,100,22.12731552,100,21.95752335,0,21.91840172
2023/5/23 21:30,100,22.01620293,100,22.12731552,100,21.95752335,0,21.91840172
2023/5/23 21:31,100,22.01620293,100,22.12731552,100,21.95752335,0,21.91840172
2023/5/23 21:32,100,22.01620293,100,22.12731552,100,21.85625076,0,21.91840172
2023/5/23 21:33,100,22.11747742,100,22.02604294,100,21.84178352,0,21.91840172
2023/5/23 21:34,100,22.01620293,100,22.12731552,100,21.84178352,0,21.90393448
2023/5/23 21:35,100,22.01620293,100,22.02604294,100,21.95752335,0,21.91840172
2023/5/23 21:36,100,22.01620293,100,22.02604294,100,21.95752335,0,21.91840172
2023/5/23 21:37,100,22.01620293,100,22.02604294,100,21.94305611,0.418690741,21.91840172
2023/5/23 21:38,100,21.92939758,100,21.92476845,100,21.85625076,4.876586914,22.01967621
2023/5/23 21:39,100,21.92939758,100,22.02604294,100,21.95752335,19.24653435,22.01967621
2023/5/23 21:40,100,21.91493034,100,22.02604294,100,21.95752335,34.36909485,22.01967621
2023/5/23 21:41,100,22.01620293,100,22.02604294,100,21.85625076,48.89480209,22.01967621
2023/5/23 21:42,100,22.01620293,100,22.12731552,100,21.91412163,63.81535339,22.01967621
2023/5/23 21:43,100,22.01620293,100,22.12731552,100,22.05879784,78.46594238,22.01967621
2023/5/23 21:44,100,22.01620293,100,22.2285881,100,22.16007042,92.66208649,22.01967621
2023/5/23 21:45,100,21.91493034,100,22.12731552,100,22.16007042,56.9103241,21.91840172
2023/5/23 21:46,100,21.91493034,100,22.12731552,100,22.16007042,0,21.91840172
2023/5/23 21:47,100,21.92939758,100,22.02604294,100,22.16007042,0,21.81712914
2023/5/23 21:48,100,21.91493034,100,22.02604294,100,22.04432869,0,21.81712914
2023/5/23 21:49,100,21.91493034,100,22.02604294,100,22.05879784,0,21.81712914
2023/5/23 21:50,100,21.91493034,100,22.02604294,100,22.16007042,0,21.81712914
2023/5/23 21:51,100,21.828125,100,22.12731552,100,22.261343,0,21.81712914
2023/5/23 21:52,100,21.828125,100,22.12731552,100,22.261343,0,21.8026619
2023/5/23 21:53,100,21.81365776,100,22.11284828,100,22.261343,0,21.81712914
2023/5/23 21:54,100,21.81365776,100,22.2285881,100,22.24687576,0,21.81712914
2023/5/23 21:55,100,21.92939758,100,22.2285881,100,22.261343,0,21.81712914
2023/5/23 21:56,100,21.91493034,100,22.2285881,100,22.261343,0,21.81712914
2023/5/23 21:57,100,21.91493034,100,22.2285881,100,22.261343,0,21.81712914
2023/5/23 21:58,100,21.91493034,100,22.2285881,100,22.261343,0,21.91840172
2023/5/23 21:59,100,21.92939758,100,22.2285881,100,22.24687576,0,21.91840172
2023/5/23 22:00,100,21.91493034,100,22.2285881,100,22.261343,0,21.91840172
2023/5/23 22:01,100,21.828125,100,22.2285881,100,22.261343,0,21.91840172
2023/5/23 22:02,100,21.828125,100,22.2285881,100,22.261343,0,21.91840172
2023/5/23 22:03,100,21.91493034,100,22.2285881,100,22.261343,0,21.91840172
2023/5/23 22:04,100,21.91493034,100,22.2285881,100,22.261343,0,21.91840172
2023/5/23 22:05,100,21.92939758,100,22.2285881,100,22.261343,0,21.91840172
2023/5/23 22:06,100,21.91493034,100,22.2285881,100,22.30474663,0.081808299,22.01967621
2023/5/23 22:07,100,21.91493034,100,22.2285881,100,22.261343,0,21.91840172
2023/5/23 22:08,100,21.91493034,100,22.2285881,100,22.21794128,0,21.90393448
2023/5/23 22:09,100,21.92939758,100,22.2285881,100,22.16007042,0,21.91840172
2023/5/23 22:10,100,21.91493034,100,22.2285881,100,22.16007042,0,21.90393448
2023/5/23 22:11,100,21.828125,100,22.32986069,100,22.261343,0,21.91840172
2023/5/23 22:12,100,21.828125,100,22.32986069,100,22.261343,0.082516909,22.00520706
2023/5/23 22:13,100,21.828125,100,22.32986069,100,22.20347404,0,21.93287086
2023/5/23 22:14,100,21.81365776,100,22.2285881,100,22.24687576,10.29640675,22.01967621
2023/5/23 22:15,100,21.828125,100,22.2285881,100,22.261343,24.82901955,22.01967621
2023/5/23 22:16,100,21.91493034,100,22.2285881,100,22.24687576,39.50452805,22.01967621
2023/5/23 22:17,100,21.9004631,100,22.2285881,100,22.261343,54.10429001,22.01967621
2023/5/23 22:18,100,21.828125,100,22.2285881,100,22.261343,68.86121368,22.01967621
2023/5/23 22:19,100,21.828125,100,22.2285881,100,22.16007042,83.38402557,22.01967621
2023/5/23 22:20,100,21.828125,100,22.12731552,100,22.16007042,98.1439209,22.01967621
2023/5/23 22:21,100,21.91493034,100,22.12731552,100,22.16007042,100,22.01967621
2023/5/23 22:22,100,21.91493034,100,22.12731552,100,22.16007042,63.46695709,21.91840172
2023/5/23 22:23,100,21.828125,100,22.12731552,100,22.16007042,0,21.91840172
2023/5/23 22:24,100,21.81365776,100,22.12731552,100,22.05879784,0,21.81712914
2023/5/23 22:25,100,21.828125,100,22.12731552,100,22.16007042,0,21.81712914
2023/5/23 22:26,100,21.828125,100,22.12731552,100,22.261343,0,21.81712914
2023/5/23 22:27,100,21.71238518,100,22.12731552,100,22.261343,0,21.81712914
2023/5/23 22:28,100,21.81365776,100,22.12731552,100,22.16007042,0,21.81712914
2023/5/23 22:29,100,21.828125,100,22.12731552,100,22.16007042,0,21.81712914
2023/5/23 22:30,100,21.828125,100,22.12731552,100,22.16007042,0,21.81712914
2023/5/23 22:31,100,21.72685242,100,22.12731552,100,22.16007042,0,21.81712914
2023/5/23 22:32,100,21.81365776,100,22.21412086,100,22.24687576,0,21.81712914
2023/5/23 22:33,100,21.71238518,100,22.2285881,100,22.261343,0,21.81712914
2023/5/23 22:34,100,21.71238518,100,22.2285881,100,22.36261559,0,21.81712914
2023/5/23 22:35,100,21.828125,100,22.32986069,100,22.36261559,0,21.81712914
2023/5/23 22:36,100,21.828125,100,22.32986069,100,22.261343,0,21.81712914
2023/5/23 22:37,100,21.828125,100,22.32986069,100,22.261343,0,21.81712914
2023/5/23 22:38,100,21.72685242,100,22.32986069,100,22.261343,0,21.81712914
2023/5/23 22:39,100,21.81365776,100,22.32986069,100,22.16007042,0,21.81712914
2023/5/23 22:40,100,21.72685242,100,22.32986069,100,22.16007042,0,21.81712914
2023/5/23 22:41,100,21.81365776,100,22.21412086,100,22.05879784,0,21.81712914
2023/5/23 22:42,100,21.828125,100,22.12731552,100,21.94305611,0,21.81712914
2023/5/23 22:43,100,21.828125,100,22.12731552,100,21.92858887,0,21.81712914
2023/5/23 22:44,100,21.828125,100,22.12731552,100,21.94305611,0,21.91840172
2023/5/23 22:45,100,21.71238518,100,22.12731552,100,21.95752335,0,21.91840172
2023/5/23 22:46,100,21.81365776,100,22.12731552,100,21.85625076,0,21.91840172
2023/5/23 22:47,100,21.81365776,100,22.12731552,100,21.95752335,0,21.91840172
2023/5/23 22:48,100,21.828125,100,22.12731552,100,21.94305611,0,21.91840172
2023/5/23 22:49,100,21.828125,100,22.12731552,100,21.95752335,0,21.91840172
2023/5/23 22:50,100,21.828125,100,22.12731552,100,21.95752335,0,21.91840172
2023/5/23 22:51,100,21.91493034,100,22.12731552,100,21.95752335,0,21.91840172
2023/5/23 22:52,100,21.828125,100,22.2285881,100,22.04432869,0,21.91840172
2023/5/23 22:53,100,21.828125,100,22.2285881,100,22.05879784,0.659614623,22.01967621
2023/5/23 22:54,100,21.81365776,100,22.2285881,100,21.95752335,15.50861073,22.01967621
2023/5/23 22:55,100,21.828125,100,22.2285881,100,22.05879784,29.95629883,22.01967621
2023/5/23 22:56,100,21.828125,100,22.2285881,100,22.05879784,44.8348732,22.01967621
2023/5/23 22:57,100,21.828125,100,22.2285881,100,22.14560318,59.5803299,22.01967621
2023/5/23 22:58,100,21.81365776,100,22.2285881,100,22.05879784,74.77151489,22.01967621
2023/5/23 22:59,100,21.828125,100,22.2285881,100,22.05879784,89.88391113,22.01967621
2023/5/23 23:00,100,21.91493034,100,22.12731552,100,21.95752335,100,22.01967621
2023/5/23 23:01,100,21.91493034,100,22.12731552,100,21.85625076,100,22.01967621
2023/5/23 23:02,100,21.81365776,100,22.02604294,100,21.85625076,93.74156189,21.99073982
2023/5/23 23:03,100,21.828125,100,22.02604294,100,21.85625076,32.26840973,21.91840172
2023/5/23 23:04,100,21.828125,100,21.92476845,100,21.75497818,0,21.81712914
2023/5/23 23:05,100,21.828125,100,21.92476845,100,21.65370369,0,21.81712914
2023/5/23 23:06,100,21.81365776,100,21.92476845,100,21.65370369,0,21.81712914
2023/5/23 23:07,100,21.72685242,100,21.92476845,100,21.65370369,0,21.81712914
2023/5/23 23:08,100,21.72685242,100,21.92476845,100,21.75497818,0,21.81712914
2023/5/23 23:09,100,21.72685242,100,21.93923569,100,21.75497818,0,21.81712914
2023/5/23 23:10,100,21.72685242,100,21.92476845,100,21.75497818,0,21.81712914
2023/5/23 23:11,100,21.72685242,100,21.92476845,100,21.75497818,0,21.81712914
2023/5/23 23:12,100,21.72685242,100,21.92476845,100,21.75497818,0,21.81712914
2023/5/23 23:13,100,21.72685242,100,21.93923569,100,21.75497818,0,21.81712914
2023/5/23 23:14,100,21.71238518,100,22.02604294,100,21.75497818,0,21.81712914
2023/5/23 23:15,100,21.72685242,100,22.02604294,100,21.85625076,0,21.81712914
2023/5/23 23:16,100,21.72685242,100,22.02604294,100,21.85625076,0,21.81712914
2023/5/23 23:17,100,21.71238518,100,22.02604294,100,21.85625076,0,21.81712914
2023/5/23 23:18,100,21.71238518,100,22.02604294,100,21.75497818,0,21.8026619
2023/5/23 23:19,100,21.72685242,100,22.02604294,100,21.85625076,0,21.81712914
2023/5/23 23:20,100,21.72685242,100,22.12731552,100,21.85625076,0,21.81712914
2023/5/23 23:21,100,21.72685242,100,22.12731552,100,21.85625076,0,21.81712914
2023/5/23 23:22,100,21.72685242,100,22.12731552,100,21.85625076,0,21.91840172
2023/5/23 23:23,100,21.71238518,100,22.12731552,100,21.95752335,0,21.91840172
2023/5/23 23:24,100,21.828125,100,22.12731552,100,21.95752335,0,21.91840172
2023/5/23 23:25,100,21.81365776,100,22.12731552,100,21.95752335,0,21.91840172
2023/5/23 23:26,100,21.828125,100,22.12731552,100,21.95752335,0,21.91840172
2023/5/23 23:27,100,21.72685242,100,22.2285881,100,22.02986145,0,21.91840172
2023/5/23 23:28,100,21.81365776,100,22.2285881,100,22.05879784,9.162412643,22.01967621
2023/5/23 23:29,100,21.71238518,100,22.2285881,100,22.05879784,24.05321884,22.01967621
2023/5/23 23:30,100,21.72685242,100,22.2285881,100,22.05879784,38.88498688,22.01967621
2023/5/23 23:31,100,21.72685242,100,22.2285881,100,22.05879784,53.56031799,22.01967621
2023/5/23 23:32,100,21.828125,100,22.2285881,100,21.95752335,68.47473907,22.01967621
2023/5/23 23:33,100,21.71238518,100,22.2285881,100,21.95752335,70.55245972,22.01967621
2023/5/23 23:34,100,21.71238518,100,22.12731552,100,21.95752335,26.99499702,21.91840172
2023/5/23 23:35,100,21.72685242,100,22.0839119,100,21.85625076,0,21.91840172
2023/5/23 23:36,100,21.72685242,100,22.02604294,100,21.85625076,0,21.90393448
2023/5/23 23:37,100,21.72685242,100,22.02604294,100,21.85625076,0,21.88946724
2023/5/23 23:38,100,21.71238518,100,22.02604294,100,21.85625076,0,21.875
2023/5/23 23:39,100,21.72685242,100,22.02604294,100,21.85625076,0,21.83159828
2023/5/23 23:40,100,21.72685242,100,22.12731552,100,21.85625076,0,21.81712914
2023/5/23 23:41,100,21.72685242,100,22.12731552,100,21.95752335,0,21.81712914
2023/5/23 23:42,100,21.71238518,100,22.2285881,100,21.95752335,0,21.81712914
2023/5/23 23:43,100,21.72685242,100,22.2285881,100,21.95752335,0,21.81712914
2023/5/23 23:44,100,21.72685242,100,22.2285881,100,21.95752335,0,21.81712914
2023/5/23 23:45,100,21.72685242,100,22.2285881,100,22.05879784,0,21.81712914
2023/5/23 23:46,100,21.72685242,100,22.2285881,100,22.05879784,0,21.81712914
2023/5/23 23:47,100,21.72685242,100,22.12731552,100,21.95752335,0,21.81712914
2023/5/23 23:48,100,21.81365776,100,22.12731552,100,21.95752335,0,21.81712914
2023/5/23 23:49,100,21.72685242,100,22.12731552,100,22.05879784,0,21.91840172
2023/5/23 23:50,100,21.78472328,100,22.2285881,100,22.05879784,0,21.91840172
2023/5/23 23:51,100,21.72685242,100,22.21412086,100,22.05879784,0,21.91840172
2023/5/23 23:52,100,21.71238518,100,22.2285881,100,22.05879784,0,21.91840172
2023/5/23 23:53,100,21.72685242,100,22.32986069,100,22.05879784,0,21.91840172
2023/5/23 23:54,100,21.72685242,100,22.32986069,100,22.05879784,0,21.91840172
2023/5/23 23:55,100,21.71238518,100,22.2285881,100,22.05879784,0,21.91840172
2023/5/23 23:56,100,21.71238518,100,22.2285881,100,21.95752335,0,21.91840172
2023/5/23 23:57,100,21.72685242,100,22.2285881,100,21.95752335,0,21.91840172
2023/5/23 23:58,100,21.72685242,100,22.12731552,100,21.85625076,0,21.91840172
2023/5/23 23:59,100,21.72685242,100,22.12731552,100,21.85625076,1.342108011,22.01967621
2023/5/24 0:00,100,21.72685242,100,22.12731552,100,21.85625076,7.400328159,22.01967621
2023/5/24 0:01,100,21.72685242,100,22.12731552,100,21.85625076,21.93168831,22.01967621
2023/5/24 0:02,100,21.72685242,100,22.12731552,100,21.85625076,36.96092987,22.01967621
2023/5/24 0:03,100,21.72685242,100,22.12731552,100,21.85625076,51.79648209,22.01967621
2023/5/24 0:04,100,21.72685242,100,22.12731552,100,21.95752335,67.69082642,22.01967621
2023/5/24 0:05,100,21.72685242,100,22.12731552,100,21.95752335,100,22.10648155
2023/5/24 0:06,100,21.72685242,100,22.02604294,100,21.85625076,100,22.12094879
2023/5/24 0:07,100,21.72685242,100,21.98263931,100,21.75497818,100,22.01967621
2023/5/24 0:08,100,21.72685242,100,21.92476845,100,21.75497818,100,22.00520706
2023/5/24 0:09,100,21.72685242,100,21.93923569,100,21.75497818,52.65237427,21.91840172
2023/5/24 0:10,100,21.72685242,100,21.92476845,100,21.75497818,0,21.91840172
2023/5/24 0:11,100,21.52430534,100,21.92476845,100,21.65370369,0,21.81712914
2023/5/24 0:12,100,21.52430534,100,21.82349586,100,21.55243111,0,21.81712914
2023/5/24 0:13,100,21.52430534,100,21.82349586,100,21.55243111,0,21.81712914
2023/5/24 0:14,100,21.52430534,100,21.82349586,100,21.55243111,0,21.81712914
2023/5/24 0:15,100,21.5098381,100,21.82349586,100,21.55243111,0,21.81712914
2023/5/24 0:16,100,21.52430534,100,21.82349586,100,21.55243111,0,21.81712914
2023/5/24 0:17,100,21.52430534,100,21.82349586,100,21.55243111,0,21.81712914
2023/5/24 0:18,100,21.52430534,100,21.91030121,100,21.65370369,0,21.81712914
2023/5/24 0:19,100,21.52430534,100,21.92476845,100,21.55243111,0,21.81712914
2023/5/24 0:20,100,21.52430534,100,21.92476845,100,21.65370369,0,21.81712914
2023/5/24 0:21,100,21.52430534,100,21.82349586,100,21.55243111,0,21.81712914
2023/5/24 0:22,100,21.52430534,100,21.82349586,100,21.55243111,0,21.81712914
2023/5/24 0:23,100,21.52430534,100,21.80902672,100,21.45115852,0,21.81712914
2023/5/24 0:24,100,21.52430534,100,21.82349586,100,21.45115852,0,21.81712914
2023/5/24 0:25,100,21.52430534,100,21.82349586,100,21.55243111,0,21.81712914
2023/5/24 0:26,100,21.52430534,100,21.82349586,100,21.55243111,0,21.81712914
2023/5/24 0:27,100,21.72685242,100,21.92476845,100,21.65370369,0,21.81712914
2023/5/24 0:28,100,21.72685242,100,21.92476845,100,21.65370369,0,21.81712914
2023/5/24 0:29,100,21.72685242,100,21.92476845,100,21.65370369,0,21.81712914
2023/5/24 0:30,100,21.53877258,100,21.82349586,100,21.65370369,0,21.81712914
2023/5/24 0:31,100,21.52430534,100,21.82349586,100,21.55243111,0,21.81712914
2023/5/24 0:32,100,21.58217621,100,21.88136482,100,21.55243111,0,21.81712914
2023/5/24 0:33,100,21.52430534,100,21.82349586,100,21.55243111,0,21.91840172
2023/5/24 0:34,100,21.52430534,100,21.92476845,100,21.65370369,0,21.91840172
2023/5/24 0:35,100,21.72685242,100,21.92476845,100,21.65370369,0,21.91840172
2023/5/24 0:36,100,21.61111069,100,21.92476845,100,21.75497818,0,21.91840172
2023/5/24 0:37,100,21.52430534,100,21.88136482,100,21.65370369,0,21.91840172
2023/5/24 0:38,100,21.52430534,100,21.82349586,100,21.65370369,0,21.91840172
2023/5/24 0:39,100,21.72685242,100,21.82349586,100,21.65370369,0,21.91840172
2023/5/24 0:40,100,21.71238518,100,21.82349586,100,21.55243111,0,21.91840172
2023/5/24 0:41,100,21.72685242,100,21.82349586,100,21.55243111,0,21.91840172
2023/5/24 0:42,100,21.72685242,100,21.82349586,100,21.55243111,6.900956154,22.01967621
2023/5/24 0:43,100,21.72685242,100,21.82349586,100,21.55243111,22.00197983,22.01967621
2023/5/24 0:44,100,21.72685242,100,21.8379631,100,21.55243111,36.92226028,22.01967621
2023/5/24 0:45,100,21.71238518,100,21.82349586,100,21.65370369,51.23236084,22.01967621
2023/5/24 0:46,100,21.72685242,100,21.91030121,100,21.65370369,66.19062042,22.01967621
2023/5/24 0:47,100,21.72685242,100,21.92476845,100,21.65370369,81.38278198,22.01967621
2023/5/24 0:48,100,21.72685242,100,21.92476845,100,21.65370369,96.21123505,22.01967621
2023/5/24 0:49,100,21.71238518,100,21.92476845,100,21.63923645,87.12740326,21.91840172
2023/5/24 0:50,100,21.71238518,100,21.82349586,100,21.55243111,24.86723137,21.90393448
2023/5/24 0:51,100,21.72685242,100,21.82349586,100,21.55243111,0,21.91840172
2023/5/24 0:52,100,21.72685242,100,21.72222328,100,21.45115852,0,21.91840172
2023/5/24 0:53,100,21.71238518,100,21.73669052,100,21.45115852,0,21.81712914
2023/5/24 0:54,100,21.52430534,100,21.70775414,100,21.45115852,0,21.81712914
2023/5/24 0:55,100,21.72685242,100,21.73669052,100,21.45115852,0,21.81712914
2023/5/24 0:56,100,21.52430534,100,21.72222328,100,21.45115852,0,21.81712914
2023/5/24 0:57,100,21.72685242,100,21.73669052,100,21.45115852,0,21.81712914
2023/5/24 0:58,100,21.52430534,100,21.72222328,100,21.45115852,0,21.81712914
2023/5/24 0:59,100,21.52430534,100,21.63541794,100,21.45115852,0,21.81712914
2023/5/24 1:00,100,21.52430534,100,21.63541794,100,21.46562576,0,21.81712914
2023/5/24 1:01,100,21.52430534,100,21.62094879,100,21.45115852,0,21.81712914
2023/5/24 1:02,100,21.52430534,100,21.73669052,100,21.45115852,0,21.81712914
2023/5/24 1:03,100,21.52430534,100,21.63541794,100,21.45115852,0,21.91840172
2023/5/24 1:04,100,21.52430534,100,21.73669052,100,21.45115852,0,21.91840172
2023/5/24 1:05,100,21.71238518,100,21.73669052,100,21.45115852,0,21.91840172
2023/5/24 1:06,100,21.72685242,100,21.72222328,100,21.45115852,0,21.91840172
2023/5/24 1:07,100,21.72685242,100,21.72222328,100,21.46562576,0,21.91840172
2023/5/24 1:08,100,21.71238518,100,21.73669052,100,21.45115852,0,21.91840172
2023/5/24 1:09,100,21.72685242,100,21.72222328,100,21.45115852,0,21.91840172
2023/5/24 1:10,100,21.72685242,100,21.73669052,100,21.45115852,0,21.91840172
2023/5/24 1:11,100,21.52430534,100,21.72222328,100,21.45115852,0,21.91840172
2023/5/24 1:12,100,21.52430534,100,21.82349586,100,21.55243111,0,21.91840172
2023/5/24 1:13,100,21.52430534,100,21.82349586,100,21.55243111,0,21.91840172
2023/5/24 1:14,100,21.53877258,100,21.92476845,100,21.55243111,0,21.91840172
2023/5/24 1:15,100,21.52430534,100,21.86689758,100,21.55243111,0,21.91840172
2023/5/24 1:16,100,21.52430534,100,21.82349586,100,21.55243111,0,21.91840172
2023/5/24 1:17,100,21.52430534,100,21.82349586,100,21.55243111,1.858940482,21.96180534
2023/5/24 1:18,100,21.72685242,100,21.82349586,100,21.55243111,15.9901247,22.01967621
2023/5/24 1:19,100,21.52430534,100,21.82349586,100,21.55243111,30.91110039,22.01967621
2023/5/24 1:20,100,21.72685242,100,21.78009224,100,21.55243111,45.70318604,22.01967621
2023/5/24 1:21,100,21.72685242,100,21.72222328,100,21.49456024,60.48579407,22.01967621
2023/5/24 1:22,100,21.52430534,100,21.73669052,100,21.45115852,75.42721558,22.01967621
2023/5/24 1:23,100,21.52430534,100,21.73669052,100,21.45115852,90.22883606,22.01967621
2023/5/24 1:24,100,21.42303276,100,21.72222328,100,21.45115852,100,22.00520706
2023/5/24 1:25,100,21.40856552,100,21.62094879,100,21.45115852,100,22.01967621
2023/5/24 1:26,100,21.42303276,100,21.63541794,100,21.45115852,54.18835449,21.91840172
2023/5/24 1:27,100,21.42303276,100,21.51967621,100,21.45115852,0,21.91840172
2023/5/24 1:28,100,21.42303276,100,21.63541794,100,21.45115852,0,21.81712914
2023/5/24 1:29,100,21.42303276,100,21.51967621,100,21.34988594,0,21.81712914
2023/5/24 1:30,100,21.42303276,100,21.53414345,100,21.34988594,0,21.81712914
2023/5/24 1:31,100,21.52430534,100,21.53414345,100,21.34988594,0,21.81712914
2023/5/24 1:32,100,21.52430534,100,21.53414345,100,21.45115852,0,21.81712914
2023/5/24 1:33,100,21.52430534,100,21.63541794,100,21.45115852,0,21.81712914
2023/5/24 1:34,100,21.42303276,100,21.72222328,100,21.45115852,0,21.81712914
2023/5/24 1:35,100,21.42303276,100,21.73669052,100,21.45115852,0,21.81712914
2023/5/24 1:36,100,21.42303276,100,21.73669052,100,21.45115852,0,21.81712914
2023/5/24 1:37,100,21.40856552,100,21.73669052,100,21.45115852,0,21.81712914
2023/5/24 1:38,100,21.42303276,100,21.73669052,100,21.45115852,0,21.81712914
2023/5/24 1:39,100,21.42303276,100,21.73669052,100,21.45115852,0,21.81712914
2023/5/24 1:40,100,21.52430534,100,21.72222328,100,21.45115852,0,21.81712914
2023/5/24 1:41,100,21.5098381,100,21.82349586,100,21.45115852,0,21.81712914
2023/5/24 1:42,100,21.42303276,100,21.73669052,100,21.45115852,0,21.81712914
2023/5/24 1:43,100,21.42303276,100,21.73669052,100,21.45115852,0,21.91840172
2023/5/24 1:44,100,21.52430534,100,21.73669052,100,21.45115852,0,21.91840172
2023/5/24 1:45,100,21.52430534,100,21.72222328,100,21.45115852,0,21.91840172
2023/5/24 1:46,100,21.42303276,100,21.73669052,100,21.45115852,0,21.91840172
2023/5/24 1:47,100,21.42303276,100,21.73669052,100,21.45115852,0,21.91840172
2023/5/24 1:48,100,21.40856552,100,21.73669052,100,21.45115852,0,21.91840172
2023/5/24 1:49,100,21.32176018,100,21.72222328,100,21.45115852,0,21.91840172
2023/5/24 1:50,100,21.42303276,100,21.73669052,100,21.55243111,0,21.91840172
2023/5/24 1:51,100,21.42303276,100,21.73669052,100,21.53796387,0,21.91840172
2023/5/24 1:52,100,21.42303276,100,21.63541794,100,21.45115852,0,21.91840172
2023/5/24 1:53,100,21.40856552,100,21.63541794,100,21.45115852,0,21.91840172
2023/5/24 1:54,100,21.42303276,100,21.73669052,100,21.45115852,0,21.91840172
2023/5/24 1:55,100,21.52430534,100,21.63541794,100,21.45115852,0,21.91840172
2023/5/24 1:56,100,21.52430534,100,21.64988518,100,21.45115852,0,21.91840172
2023/5/24 1:57,100,21.52430534,100,21.73669052,100,21.45115852,0,21.91840172
2023/5/24 1:58,100,21.52430534,100,21.72222328,100,21.45115852,0,21.91840172
2023/5/24 1:59,100,21.42303276,100,21.73669052,100,21.45115852,0,21.91840172
2023/5/24 2:00,100,21.52430534,100,21.72222328,100,21.45115852,0,21.91840172
2023/5/24 2:01,100,21.52430534,100,21.73669052,100,21.45115852,5.538558006,22.01967621
2023/5/24 2:02,100,21.52430534,100,21.72222328,100,21.45115852,0,21.91840172
2023/5/24 2:03,100,21.52430534,100,21.73669052,100,21.55243111,10.95654869,22.01967621
2023/5/24 2:04,100,21.52430534,100,21.82349586,100,21.55243111,26.06640625,22.01967621
2023/5/24 2:05,100,21.42303276,100,21.82349586,100,21.55243111,40.99069977,22.01967621
2023/5/24 2:06,100,21.42303276,100,21.73669052,100,21.55243111,55.63724136,22.01967621
2023/5/24 2:07,100,21.42303276,100,21.72222328,100,21.45115852,70.57037354,22.01967621
2023/5/24 2:08,100,21.42303276,100,21.73669052,100,21.45115852,85.4338913,22.01967621
2023/5/24 2:09,100,21.42303276,100,21.73669052,100,21.45115852,100,22.01967621
2023/5/24 2:10,100,21.42303276,100,21.72222328,100,21.45115852,83.24737549,21.91840172
2023/5/24 2:11,100,21.42303276,100,21.63541794,100,21.45115852,17.31655693,21.91840172
2023/5/24 2:12,100,21.40856552,100,21.63541794,100,21.45115852,0,21.83159828
2023/5/24 2:13,100,21.42303276,100,21.63541794,100,21.45115852,0,21.81712914
2023/5/24 2:14,100,21.42303276,100,21.63541794,100,21.45115852,0,21.81712914
2023/5/24 2:15,100,21.42303276,100,21.63541794,100,21.45115852,0,21.81712914
2023/5/24 2:16,100,21.52430534,100,21.63541794,100,21.45115852,0,21.81712914
2023/5/24 2:17,100,21.5098381,100,21.63541794,100,21.45115852,0,21.81712914
2023/5/24 2:18,100,21.40856552,100,21.63541794,100,21.45115852,0,21.81712914
2023/5/24 2:19,100,21.52430534,100,21.63541794,100,21.45115852,0,21.81712914
2023/5/24 2:20,100,21.65451431,100,21.63541794,100,21.45115852,0,21.81712914
2023/5/24 2:21,100,21.68344879,100,21.63541794,100,21.45115852,0,21.81712914
2023/5/24 2:22,100,21.72685242,100,21.63541794,100,21.45115852,0,21.81712914
2023/5/24 2:23,100,21.52430534,100,21.63541794,100,21.45115852,0,21.8026619
2023/5/24 2:24,100,21.71238518,100,21.63541794,100,21.45115852,0,21.81712914
2023/5/24 2:25,100,21.71238518,100,21.63541794,100,21.45115852,0,21.81712914
2023/5/24 2:26,100,21.72685242,100,21.62094879,100,21.45115852,0,21.81712914
2023/5/24 2:27,100,21.71238518,100,21.53414345,100,21.36435318,0,21.81712914
2023/5/24 2:28,100,21.81365776,100,21.51967621,100,21.34988594,0,21.81712914
2023/5/24 2:29,100,21.828125,100,21.53414345,100,21.34988594,0,21.81712914
2023/5/24 2:30,100,21.7557869,100,21.53414345,100,21.34988594,0,21.81712914
2023/5/24 2:31,100,21.828125,100,21.53414345,100,21.34988594,0,21.81712914
2023/5/24 2:32,100,21.828125,100,21.63541794,100,21.45115852,0,21.81712914
2023/5/24 2:33,100,21.828125,100,21.63541794,100,21.45115852,0,21.81712914
2023/5/24 2:34,100,21.828125,100,21.63541794,100,21.45115852,0,21.81712914
2023/5/24 2:35,100,21.72685242,100,21.53414345,100,21.36435318,0,21.88946724
2023/5/24 2:36,100,21.72685242,100,21.53414345,100,21.45115852,0,21.86053276
2023/5/24 2:37,100,21.828125,100,21.51967621,100,21.45115852,0,21.91840172
2023/5/24 2:38,100,21.828125,100,21.63541794,100,21.45115852,0,21.91840172
2023/5/24 2:39,100,21.92939758,100,21.63541794,100,21.45115852,0,21.91840172
2023/5/24 2:40,100,21.91493034,100,21.73669052,100,21.45115852,0,21.91840172
2023/5/24 2:41,100,21.92939758,100,21.73669052,100,21.45115852,0,21.91840172
2023/5/24 2:42,100,21.92939758,100,21.73669052,100,21.45115852,0,21.91840172
2023/5/24 2:43,100,21.91493034,100,21.72222328,100,21.45115852,0,21.91840172
2023/5/24 2:44,100,21.91493034,100,21.73669052,100,21.45115852,0,21.91840172
2023/5/24 2:45,100,21.91493034,100,21.73669052,100,21.45115852,0,21.91840172
2023/5/24 2:46,100,22.01620293,100,21.73669052,100,21.45115852,0,21.91840172
2023/5/24 2:47,100,21.91493034,100,21.73669052,100,21.43669128,0,21.91840172
2023/5/24 2:48,100,22.01620293,100,21.73669052,100,21.45115852,0,21.91840172
2023/5/24 2:49,100,21.91493034,100,21.73669052,100,21.45115852,0,21.91840172
2023/5/24 2:50,100,21.92939758,100,21.73669052,100,21.45115852,9.051674843,22.01967621
2023/5/24 2:51,100,21.91493034,100,21.72222328,100,21.55243111,23.99757385,22.01967621
2023/5/24 2:52,100,21.91493034,100,21.73669052,100,21.55243111,27.49190712,21.91840172
2023/5/24 2:53,100,21.91493034,100,21.73669052,100,21.55243111,14.32632828,21.91840172
2023/5/24 2:54,100,21.91493034,100,21.73669052,100,21.45115852,25.5416832,22.01967621
2023/5/24 2:55,100,22.01620293,100,21.63541794,100,21.45115852,32.1766243,22.01967621
2023/5/24 2:56,100,22.01620293,100,21.63541794,100,21.46562576,23.71520233,21.91840172
2023/5/24 2:57,100,22.01620293,100,21.63541794,100,21.45115852,0,21.91840172
2023/5/24 2:58,100,21.91493034,100,21.62094879,100,21.45115852,0.07863111,22.00520706
2023/5/24 2:59,100,22.01620293,100,21.63541794,100,21.45115852,0,21.91840172
2023/5/24 3:00,100,21.91493034,100,21.73669052,100,21.45115852,0,21.91840172
2023/5/24 3:01,100,21.91493034,100,21.73669052,100,21.45115852,0,21.91840172
2023/5/24 3:02,100,21.92939758,100,21.73669052,100,21.45115852,0,21.91840172
2023/5/24 3:03,100,21.91493034,100,21.73669052,100,21.45115852,0,21.91840172
2023/5/24 3:04,100,21.91493034,100,21.73669052,100,21.45115852,7.335891724,22.01967621
2023/5/24 3:05,100,22.01620293,100,21.6932869,100,21.45115852,21.83936691,22.01967621
2023/5/24 3:06,100,22.01620293,100,21.73669052,100,21.45115852,36.51504517,22.01967621
2023/5/24 3:07,100,22.01620293,100,21.73669052,100,21.45115852,51.45802307,22.01967621
2023/5/24 3:08,100,22.01620293,100,21.82349586,100,21.55243111,66.3960495,22.01967621
2023/5/24 3:09,100,22.11747742,100,21.73669052,100,21.55243111,81.03472137,22.01967621
2023/5/24 3:10,100,22.01620293,100,21.82349586,100,21.55243111,96.0016098,22.01967621
2023/5/24 3:11,100,22.11747742,100,21.82349586,100,21.65370369,70.60693359,21.91840172
2023/5/24 3:12,100,22.01620293,100,21.82349586,100,21.55243111,5.979597092,21.91840172
2023/5/24 3:13,100,22.01620293,100,21.72222328,100,21.55243111,0,21.91840172
2023/5/24 3:14,100,22.01620293,100,21.72222328,100,21.45115852,0,21.81712914
2023/5/24 3:15,100,22.01620293,100,21.73669052,100,21.52349663,0,21.81712914
2023/5/24 3:16,100,22.01620293,100,21.72222328,100,21.55243111,0,21.81712914
2023/5/24 3:17,100,21.91493034,100,21.72222328,100,21.55243111,0,21.81712914
2023/5/24 3:18,100,21.91493034,100,21.73669052,100,21.45115852,0,21.81712914
2023/5/24 3:19,100,21.91493034,100,21.73669052,100,21.45115852,0,21.81712914
2023/5/24 3:20,100,21.91493034,100,21.73669052,100,21.45115852,0,21.81712914
2023/5/24 3:21,100,21.91493034,100,21.63541794,100,21.45115852,0,21.81712914
2023/5/24 3:22,100,21.91493034,100,21.63541794,100,21.45115852,0,21.81712914
2023/5/24 3:23,100,21.91493034,100,21.63541794,100,21.45115852,0,21.81712914
2023/5/24 3:24,100,22.01620293,100,21.72222328,100,21.45115852,0,21.81712914
2023/5/24 3:25,100,21.91493034,100,21.73669052,100,21.45115852,0,21.81712914
2023/5/24 3:26,100,21.91493034,100,21.72222328,100,21.45115852,0,21.81712914
2023/5/24 3:27,100,22.01620293,100,21.73669052,100,21.43669128,0,21.81712914
2023/5/24 3:28,100,22.01620293,100,21.72222328,100,21.45115852,0,21.81712914
2023/5/24 3:29,100,22.01620293,100,21.73669052,100,21.45115852,0,21.81712914
2023/5/24 3:30,100,22.01620293,100,21.67881966,100,21.45115852,0,21.91840172
2023/5/24 3:31,100,22.01620293,100,21.63541794,100,21.45115852,0,21.91840172
2023/5/24 3:32,100,22.01620293,100,21.63541794,100,21.45115852,0,21.91840172
2023/5/24 3:33,100,22.01620293,100,21.73669052,100,21.45115852,0,21.91840172
2023/5/24 3:34,100,22.01620293,100,21.73669052,100,21.55243111,0,21.91840172
2023/5/24 3:35,100,22.11747742,100,21.73669052,100,21.45115852,0,21.91840172
2023/5/24 3:36,100,22.11747742,100,21.73669052,100,21.45115852,0,21.91840172
2023/5/24 3:37,100,22.11747742,100,21.73669052,100,21.55243111,0,21.91840172
2023/5/24 3:38,100,22.11747742,100,21.82349586,100,21.55243111,0,21.91840172
2023/5/24 3:39,100,22.01620293,100,21.73669052,100,21.56689835,0,21.90393448
2023/5/24 3:40,100,22.11747742,100,21.73669052,100,21.55243111,0,21.91840172
2023/5/24 3:41,100,22.11747742,100,21.73669052,100,21.55243111,0.228289604,22.01967621
2023/5/24 3:42,100,22.11747742,100,21.73669052,100,21.55243111,1.552949309,22.01967621
2023/5/24 3:43,100,22.1464119,100,21.73669052,100,21.55243111,0.488316417,22.01967621
2023/5/24 3:44,100,22.11747742,100,21.73669052,100,21.45115852,14.59339428,22.01967621
2023/5/24 3:45,100,22.11747742,100,21.63541794,100,21.45115852,29.54820442,22.01967621
2023/5/24 3:46,100,22.11747742,100,21.73669052,100,21.45115852,44.59380722,22.01967621
2023/5/24 3:47,100,22.11747742,100,21.72222328,100,21.55243111,59.39715958,22.01967621
2023/5/24 3:48,100,22.11747742,100,21.73669052,100,21.55243111,74.01256561,22.01967621
2023/5/24 3:49,100,22.11747742,100,21.73669052,100,21.55243111,89.32688141,22.01967621
2023/5/24 3:50,100,22.11747742,100,21.73669052,100,21.55243111,100,22.01967621
2023/5/24 3:51,100,22.11747742,100,21.73669052,100,21.55243111,71.0451889,21.91840172
2023/5/24 3:52,100,22.11747742,100,21.73669052,100,21.45115852,4.126395226,21.91840172
2023/5/24 3:53,100,22.11747742,100,21.63541794,100,21.45115852,0,21.81712914
2023/5/24 3:54,100,22.11747742,100,21.63541794,100,21.45115852,0,21.81712914
2023/5/24 3:55,100,22.01620293,100,21.63541794,100,21.45115852,0,21.81712914
2023/5/24 3:56,100,22.01620293,100,21.63541794,100,21.55243111,0,21.81712914
2023/5/24 3:57,100,22.01620293,100,21.63541794,100,21.55243111,0,21.81712914
2023/5/24 3:58,100,22.01620293,100,21.63541794,100,21.46562576,0,21.81712914
2023/5/24 3:59,100,22.01620293,100,21.63541794,100,21.45115852,0,21.81712914
2023/5/24 4:00,100,22.01620293,100,21.63541794,100,21.55243111,0,21.81712914
2023/5/24 4:01,100,22.01620293,100,21.63541794,100,21.55243111,0,21.81712914
2023/5/24 4:02,100,22.01620293,100,21.63541794,100,21.65370369,0,21.81712914
2023/5/24 4:03,100,22.01620293,100,21.63541794,100,21.55243111,0,21.81712914
2023/5/24 4:04,100,22.01620293,100,21.62094879,100,21.55243111,0,21.81712914
2023/5/24 4:05,100,22.01620293,100,21.63541794,100,21.45115852,0,21.81712914
2023/5/24 4:06,100,22.11747742,100,21.63541794,100,21.55243111,0,21.81712914
2023/5/24 4:07,100,22.11747742,100,21.63541794,100,21.55243111,0,21.81712914
2023/5/24 4:08,100,22.11747742,100,21.63541794,100,21.55243111,0,21.81712914
2023/5/24 4:09,100,22.11747742,100,21.63541794,100,21.65370369,0,21.81712914
2023/5/24 4:10,100,22.11747742,100,21.62094879,100,21.65370369,0,21.91840172
2023/5/24 4:11,100,22.11747742,100,21.63541794,100,21.65370369,0,21.91840172
2023/5/24 4:12,100,22.11747742,100,21.72222328,100,21.65370369,0,21.91840172
2023/5/24 4:13,100,22.11747742,100,21.73669052,100,21.65370369,0,21.91840172
2023/5/24 4:14,100,22.10301018,100,21.73669052,100,21.65370369,0,21.91840172
2023/5/24 4:15,100,22.11747742,100,21.73669052,100,21.65370369,0,21.91840172
2023/5/24 4:16,100,22.11747742,100,21.73669052,100,21.65370369,0,21.91840172
2023/5/24 4:17,100,22.11747742,100,21.72222328,100,21.55243111,0,21.91840172
2023/5/24 4:18,100,22.10301018,100,21.73669052,100,21.55243111,0,21.91840172
2023/5/24 4:19,100,22.11747742,100,21.73669052,100,21.45115852,0,21.91840172
2023/5/24 4:20,100,22.11747742,100,21.72222328,100,21.45115852,0,21.91840172
2023/5/24 4:21,100,22.11747742,100,21.63541794,100,21.45115852,0,21.91840172
2023/5/24 4:22,100,22.11747742,100,21.73669052,100,21.55243111,0,21.91840172
2023/5/24 4:23,100,22.11747742,100,21.73669052,100,21.55243111,0,21.96180534
2023/5/24 4:24,100,22.11747742,100,21.73669052,100,21.45115852,0,21.91840172
2023/5/24 4:25,100,22.11747742,100,21.63541794,100,21.45115852,0.64807713,22.01967621
2023/5/24 4:26,100,22.11747742,100,21.63541794,100,21.46562576,15.45135212,22.01967621
2023/5/24 4:27,100,22.11747742,100,21.73669052,100,21.55243111,30.38876343,22.01967621
2023/5/24 4:28,100,22.11747742,100,21.73669052,100,21.55243111,45.32189178,22.01967621
2023/5/24 4:29,100,22.11747742,100,21.63541794,100,21.55243111,60.47410202,22.01967621
2023/5/24 4:30,100,22.11747742,100,21.62094879,100,21.55243111,75.17967987,22.01967621
2023/5/24 4:31,100,22.11747742,100,21.73669052,100,21.55243111,89.75959015,22.01967621
2023/5/24 4:32,100,22.21875,100,21.62094879,100,21.45115852,100,22.01967621
2023/5/24 4:33,100,22.18981552,100,21.63541794,100,21.45115852,53.67960358,21.91840172
2023/5/24 4:34,100,22.11747742,100,21.63541794,100,21.45115852,0,21.91840172
2023/5/24 4:35,100,22.10301018,100,21.63541794,100,21.45115852,0,21.81712914
2023/5/24 4:36,100,22.21875,100,21.63541794,100,21.55243111,0,21.81712914
2023/5/24 4:37,100,22.11747742,100,21.63541794,100,21.55243111,0,21.81712914
2023/5/24 4:38,100,22.11747742,100,21.63541794,100,21.55243111,0,21.81712914
2023/5/24 4:39,100,22.11747742,100,21.72222328,100,21.55243111,0,21.8026619
2023/5/24 4:40,100,22.11747742,100,21.63541794,100,21.61030197,0,21.81712914
2023/5/24 4:41,100,22.11747742,100,21.62094879,100,21.55243111,0,21.81712914
2023/5/24 4:42,100,22.11747742,100,21.73669052,100,21.55243111,0,21.81712914
2023/5/24 4:43,100,22.11747742,100,21.73669052,100,21.55243111,0,21.81712914
2023/5/24 4:44,100,22.11747742,100,21.63541794,100,21.55243111,0,21.81712914
2023/5/24 4:45,100,22.11747742,100,21.73669052,100,21.55243111,0,21.81712914
2023/5/24 4:46,100,22.11747742,100,21.82349586,100,21.65370369,0,21.91840172
2023/5/24 4:47,100,22.10301018,100,21.82349586,100,21.68264008,0,21.91840172
2023/5/24 4:48,100,22.11747742,100,21.82349586,100,21.65370369,0,21.91840172
2023/5/24 4:49,100,22.11747742,100,21.82349586,100,21.55243111,0,21.91840172
2023/5/24 4:50,100,22.11747742,100,21.73669052,100,21.55243111,0,21.91840172
2023/5/24 4:51,100,22.11747742,100,21.72222328,100,21.55243111,0,21.91840172
2023/5/24 4:52,100,22.11747742,100,21.73669052,100,21.65370369,0,21.91840172
2023/5/24 4:53,100,22.01620293,100,21.82349586,100,21.65370369,0,21.91840172
2023/5/24 4:54,100,22.11747742,100,21.73669052,100,21.65370369,0,21.91840172
2023/5/24 4:55,100,22.11747742,100,21.82349586,100,21.65370369,0,21.91840172
2023/5/24 4:56,100,22.11747742,100,21.73669052,100,21.55243111,0,21.91840172
2023/5/24 4:57,100,22.20428276,100,21.73669052,100,21.56689835,0,21.91840172
2023/5/24 4:58,100,22.21875,100,21.82349586,100,21.65370369,0,21.91840172
2023/5/24 4:59,100,22.11747742,100,21.73669052,100,21.65370369,0,21.91840172
2023/5/24 5:00,100,22.21875,100,21.73669052,100,21.71157455,0,21.91840172
2023/5/24 5:01,100,22.11747742,100,21.73669052,100,21.75497818,5.343502522,22.01967621
2023/5/24 5:02,100,22.11747742,100,21.8379631,100,21.75497818,20.10994339,22.01967621
2023/5/24 5:03,100,22.11747742,100,21.92476845,100,21.76944542,35.06826782,22.01967621
2023/5/24 5:04,100,22.11747742,100,21.93923569,100,21.85625076,49.9286232,22.01967621
2023/5/24 5:05,100,22.11747742,100,21.82349586,100,21.75497818,64.82635498,22.01967621
2023/5/24 5:06,100,22.11747742,100,21.92476845,100,21.75497818,79.69947815,22.01967621
2023/5/24 5:07,100,22.11747742,100,21.92476845,100,21.75497818,94.65988159,22.01967621
2023/5/24 5:08,100,22.11747742,100,21.82349586,100,21.74051094,75.90187836,21.91840172
2023/5/24 5:09,100,22.11747742,100,21.82349586,100,21.75497818,11.27448273,21.90393448
2023/5/24 5:10,100,22.11747742,100,21.82349586,100,21.65370369,0,21.91840172
2023/5/24 5:11,100,22.11747742,100,21.73669052,100,21.65370369,0,21.81712914
2023/5/24 5:12,100,22.11747742,100,21.73669052,100,21.55243111,0,21.8026619
2023/5/24 5:13,100,22.11747742,100,21.82349586,100,21.55243111,0,21.81712914
2023/5/24 5:14,100,22.11747742,100,21.82349586,100,21.55243111,0,21.81712914
2023/5/24 5:15,100,22.11747742,100,21.82349586,100,21.55243111,0,21.81712914
2023/5/24 5:16,100,22.01620293,100,21.82349586,100,21.65370369,0,21.81712914
2023/5/24 5:17,100,22.01620293,100,21.93923569,100,21.65370369,0,21.81712914
2023/5/24 5:18,100,22.01620293,100,21.92476845,100,21.75497818,0,21.81712914
2023/5/24 5:19,100,22.11747742,100,21.92476845,100,21.75497818,0,21.81712914
2023/5/24 5:20,100,22.01620293,100,21.92476845,100,21.75497818,0,21.81712914
2023/5/24 5:21,100,22.01620293,100,21.93923569,100,21.65370369,0,21.81712914
2023/5/24 5:22,100,22.03067207,100,21.92476845,100,21.75497818,0,21.81712914
2023/5/24 5:23,100,22.01620293,100,21.92476845,100,21.75497818,0,21.81712914
2023/5/24 5:24,100,22.11747742,100,21.92476845,100,21.75497818,0,21.81712914
2023/5/24 5:25,100,22.11747742,100,21.82349586,100,21.65370369,0,21.81712914
2023/5/24 5:26,100,22.11747742,100,21.82349586,100,21.65370369,0,21.81712914
2023/5/24 5:27,100,22.11747742,100,21.82349586,100,21.65370369,0,21.81712914
2023/5/24 5:28,100,22.11747742,100,21.82349586,100,21.65370369,0,21.81712914
2023/5/24 5:29,100,22.11747742,100,21.82349586,100,21.65370369,0,21.81712914
2023/5/24 5:30,100,22.11747742,100,21.82349586,100,21.65370369,0,21.81712914
2023/5/24 5:31,100,22.21875,100,21.8379631,100,21.65370369,0,21.81712914
2023/5/24 5:32,100,22.21875,100,21.82349586,100,21.65370369,0,21.81712914
2023/5/24 5:33,100,22.11747742,100,21.82349586,100,21.75497818,0,21.81712914
2023/5/24 5:34,100,22.11747742,100,21.92476845,100,21.75497818,0,21.81712914
2023/5/24 5:35,100,22.21875,100,21.82349586,100,21.65370369,0,21.81712914
2023/5/24 5:36,100,22.20428276,100,21.82349586,100,21.65370369,0,21.91840172
2023/5/24 5:37,100,22.21875,100,21.92476845,100,21.65370369,0,21.91840172
2023/5/24 5:38,100,22.21875,100,21.92476845,100,21.75497818,0,21.91840172
2023/5/24 5:39,100,22.21875,100,21.92476845,100,21.65370369,0,21.91840172
2023/5/24 5:40,100,22.21875,100,21.92476845,100,21.65370369,0,21.91840172
2023/5/24 5:41,100,22.21875,100,21.93923569,100,21.65370369,0,21.90393448
2023/5/24 5:42,100,22.21875,100,21.92476845,100,21.75497818,0,21.91840172
2023/5/24 5:43,100,22.21875,100,21.93923569,100,21.75497818,0,21.91840172
2023/5/24 5:44,100,22.21875,100,21.82349586,100,21.65370369,0,21.91840172
2023/5/24 5:45,100,22.21875,100,21.82349586,100,21.65370369,0,21.91840172
2023/5/24 5:46,100,22.21875,100,21.93923569,100,21.65370369,0,21.91840172
2023/5/24 5:47,100,22.21875,100,21.92476845,100,21.74051094,0,21.91840172
2023/5/24 5:48,100,22.21875,100,21.92476845,100,21.75497818,0,21.91840172
2023/5/24 5:49,100,22.21875,100,21.92476845,100,21.74051094,0,21.91840172
2023/5/24 5:50,100,22.32002258,100,21.92476845,100,21.75497818,0,21.91840172
2023/5/24 5:51,100,22.21875,100,21.93923569,100,21.75497818,0,21.91840172
2023/5/24 5:52,100,22.21875,100,21.92476845,100,21.65370369,0,21.91840172
2023/5/24 5:53,100,22.32002258,100,21.93923569,100,21.75497818,0,21.91840172
2023/5/24 5:54,100,22.21875,100,21.92476845,100,21.75497818,0,21.83159828
2023/5/24 5:55,100,22.21875,100,21.82349586,100,21.75497818,0,21.91840172
2023/5/24 5:56,100,22.21875,100,21.82349586,100,21.74051094,0,21.81712914
2023/5/24 5:57,100,22.21875,100,21.82349586,100,21.75497818,0,21.91840172
2023/5/24 5:58,100,22.21875,100,21.93923569,100,21.75497818,0,21.91840172
2023/5/24 5:59,100,22.21875,100,21.92476845,100,21.75497818,0,21.91840172
2023/5/24 6:00,100,22.32002258,100,21.92476845,100,21.75497818,0,21.91840172
2023/5/24 6:01,100,22.32002258,100,21.92476845,100,21.75497818,0,21.91840172
2023/5/24 6:02,100,22.21875,100,21.92476845,100,21.75497818,0,21.91840172
2023/5/24 6:03,100,22.21875,100,22.02604294,100,21.85625076,0,21.91840172
2023/5/24 6:04,100,22.21875,100,22.02604294,100,21.85625076,0,21.91840172
2023/5/24 6:05,100,22.32002258,100,22.02604294,100,21.94305611,0,21.91840172
2023/5/24 6:06,100,22.32002258,100,22.02604294,100,21.85625076,0,21.91840172
2023/5/24 6:07,100,22.32002258,100,22.06944466,100,21.88518524,0,21.91840172
2023/5/24 6:08,100,22.30555534,100,22.12731552,100,21.89965248,0,21.91840172
2023/5/24 6:09,100,22.32002258,100,22.02604294,100,21.84178352,0,21.91840172
2023/5/24 6:10,100,22.32002258,100,22.02604294,100,21.84178352,0,21.91840172
2023/5/24 6:11,100,22.32002258,100,22.12731552,100,21.85625076,0,21.91840172
2023/5/24 6:12,100,22.32002258,100,22.12731552,100,21.95752335,0,21.91840172
2023/5/24 6:13,100,22.32002258,100,22.12731552,100,21.95752335,0,21.91840172
2023/5/24 6:14,100,22.32002258,100,22.12731552,100,21.95752335,0,21.91840172
2023/5/24 6:15,100,22.32002258,100,22.12731552,100,21.85625076,0,21.91840172
2023/5/24 6:16,100,22.30555534,100,22.02604294,100,21.85625076,0,21.91840172
2023/5/24 6:17,100,22.32002258,100,22.11284828,100,21.85625076,0,21.91840172
2023/5/24 6:18,100,22.32002258,100,22.12731552,100,21.85625076,0,21.91840172
2023/5/24 6:19,100,22.32002258,100,22.12731552,100,21.95752335,0,21.91840172
2023/5/24 6:20,100,22.32002258,100,22.12731552,100,21.95752335,0,21.91840172
2023/5/24 6:21,100,22.32002258,100,22.12731552,100,21.95752335,0,21.91840172
2023/5/24 6:22,100,22.32002258,100,22.12731552,100,21.85625076,0,21.91840172
2023/5/24 6:23,100,22.32002258,100,22.02604294,100,21.95752335,0,21.91840172
2023/5/24 6:24,100,22.32002258,100,22.12731552,100,22.05879784,0,21.91840172
2023/5/24 6:25,100,22.32002258,100,22.12731552,100,22.05879784,0,21.90393448
2023/5/24 6:26,100,22.01620293,100,22.12731552,100,22.05879784,0,21.81712914
2023/5/24 6:27,100,22.32002258,100,22.12731552,100,21.95752335,0,21.81712914
2023/5/24 6:28,100,22.11747742,100,22.12731552,100,21.97199059,0,21.81712914
2023/5/24 6:29,100,22.32002258,100,22.12731552,100,21.98645782,0,21.81712914
2023/5/24 6:30,100,22.32002258,100,22.12731552,100,21.95752335,0,21.81712914
2023/5/24 6:31,100,22.32002258,100,22.02604294,100,21.95752335,0,21.86053276
2023/5/24 6:32,100,22.01620293,100,22.02604294,100,21.95752335,0,21.91840172
2023/5/24 6:33,100,22.11747742,100,22.02604294,100,21.85625076,0,21.91840172
2023/5/24 6:34,100,22.11747742,100,22.02604294,100,21.85625076,0,21.91840172
2023/5/24 6:35,100,22.01620293,100,22.02604294,100,21.95752335,0,21.91840172
2023/5/24 6:36,100,22.11747742,100,22.12731552,100,21.95752335,0,21.91840172
2023/5/24 6:37,100,22.01620293,100,22.12731552,100,21.95752335,0,21.91840172
2023/5/24 6:38,100,22.01620293,100,22.2285881,100,21.95752335,0,21.91840172
2023/5/24 6:39,100,22.01620293,100,22.2285881,100,21.95752335,0,21.91840172
2023/5/24 6:40,100,22.11747742,100,22.2285881,100,21.95752335,0,21.91840172
2023/5/24 6:41,100,22.08854294,100,22.12731552,100,21.85625076,0,21.91840172
2023/5/24 6:42,100,22.01620293,100,22.12731552,100,21.85625076,0,21.91840172
2023/5/24 6:43,100,22.11747742,100,22.12731552,100,21.85625076,0,21.91840172
2023/5/24 6:44,100,22.11747742,100,22.12731552,100,21.85625076,0,21.91840172
2023/5/24 6:45,100,22.11747742,100,22.11284828,100,21.85625076,0,21.91840172
2023/5/24 6:46,100,22.08854294,100,22.12731552,100,21.85625076,0,21.91840172
2023/5/24 6:47,100,22.01620293,100,22.12731552,100,21.85625076,0,21.91840172
2023/5/24 6:48,100,22.01620293,100,22.12731552,100,21.85625076,0,21.91840172
2023/5/24 6:49,100,22.32002258,100,22.12731552,100,21.85625076,0,21.91840172
2023/5/24 6:50,100,22.32002258,100,22.12731552,100,21.92858887,0,21.91840172
2023/5/24 6:51,100,22.32002258,100,22.2285881,100,21.95752335,0,21.91840172
2023/5/24 6:52,100,22.32002258,100,22.2285881,100,21.95752335,0,21.91840172
2023/5/24 6:53,100,22.01620293,100,22.2285881,100,21.95752335,0,21.91840172
2023/5/24 6:54,100,22.01620293,100,22.2285881,100,21.95752335,0,21.91840172
2023/5/24 6:55,100,22.11747742,100,22.12731552,100,21.95752335,0,21.91840172
2023/5/24 6:56,100,22.11747742,100,22.12731552,100,21.95752335,0,21.91840172
2023/5/24 6:57,100,22.11747742,100,22.12731552,100,21.95752335,0,21.91840172
2023/5/24 6:58,100,22.11747742,100,22.12731552,100,22.05879784,0,21.91840172
2023/5/24 6:59,100,22.01620293,100,22.2285881,100,22.05879784,0,21.91840172
2023/5/24 7:00,100,22.01620293,100,22.12731552,100,22.05879784,0,21.91840172
2023/5/24 7:01,100,22.01620293,100,22.12731552,100,21.95752335,0,21.91840172
2023/5/24 7:02,100,22.01620293,100,22.12731552,100,21.95752335,0,21.83159828
2023/5/24 7:03,100,22.01620293,100,22.12731552,100,21.95752335,0,21.91840172
2023/5/24 7:04,100,22.01620293,100,22.12731552,100,21.95752335,0,21.91840172
2023/5/24 7:05,100,22.01620293,100,22.12731552,100,21.95752335,0,21.91840172
2023/5/24 7:06,100,22.07407379,100,22.2285881,100,21.95752335,0,21.91840172
2023/5/24 7:07,100,22.04513931,100,22.12731552,100,21.95752335,0,21.91840172
2023/5/24 7:08,100,22.01620293,100,22.12731552,100,21.95752335,0,21.91840172
2023/5/24 7:09,100,22.11747742,100,22.12731552,100,21.95752335,0,21.91840172
2023/5/24 7:10,100,22.11747742,100,22.12731552,100,21.95752335,0,21.91840172
2023/5/24 7:11,100,22.11747742,100,22.02604294,100,21.85625076,0,21.91840172
2023/5/24 7:12,100,22.01620293,100,22.04051018,100,21.95752335,0,21.91840172
2023/5/24 7:13,100,22.01620293,100,22.12731552,100,21.95752335,0,21.91840172
2023/5/24 7:14,100,22.01620293,100,22.12731552,100,21.95752335,0,21.91840172
2023/5/24 7:15,100,22.01620293,100,22.12731552,100,21.95752335,0,21.91840172
2023/5/24 7:16,100,22.01620293,100,22.14178276,100,22.05879784,0,21.91840172
2023/5/24 7:17,100,22.01620293,100,22.2285881,100,22.05879784,0,21.91840172
2023/5/24 7:18,100,22.01620293,100,22.2285881,100,22.05879784,0,21.91840172
2023/5/24 7:19,100,22.01620293,100,22.32986069,100,22.16007042,0,21.91840172
2023/5/24 7:20,100,22.01620293,100,22.32986069,100,22.16007042,0,21.91840172
2023/5/24 7:21,100,22.01620293,100,22.32986069,100,22.16007042,0,21.91840172
2023/5/24 7:22,100,22.01620293,100,22.32986069,100,22.05879784,0,21.91840172
2023/5/24 7:23,100,22.01620293,100,22.30092621,100,22.16007042,0,21.91840172
2023/5/24 7:24,100,22.21875,100,22.2285881,100,22.05879784,0,21.91840172
2023/5/24 7:25,100,22.21875,100,22.2285881,100,22.05879784,0,21.91840172
2023/5/24 7:26,100,22.32002258,100,22.2285881,100,22.05879784,0,21.91840172
2023/5/24 7:27,100,22.01620293,100,22.21412086,100,22.05879784,0,21.91840172
2023/5/24 7:28,100,22.01620293,100,22.2285881,100,22.05879784,0,21.91840172
2023/5/24 7:29,100,22.01620293,100,22.2285881,100,22.05879784,0,21.91840172
2023/5/24 7:30,100,22.01620293,100,22.2285881,100,22.05879784,0,21.91840172
2023/5/24 7:31,100,22.01620293,100,22.2285881,100,22.16007042,0,21.91840172
2023/5/24 7:32,100,22.01620293,100,22.2285881,100,22.16007042,0,21.91840172
2023/5/24 7:33,100,22.01620293,100,22.32986069,100,22.16007042,0,21.91840172
2023/5/24 7:34,100,22.11747742,100,22.2285881,100,22.16007042,0,21.91840172
2023/5/24 7:35,100,22.01620293,100,22.2285881,100,22.05879784,0,21.91840172
2023/5/24 7:36,100,22.03067207,100,22.2285881,100,22.05879784,0,21.91840172
2023/5/24 7:37,100,22.11747742,100,22.2285881,100,22.05879784,0,21.91840172
2023/5/24 7:38,100,22.01620293,100,22.32986069,100,22.16007042,0,21.91840172
2023/5/24 7:39,100,22.32002258,100,22.32986069,100,22.16007042,0,21.91840172
2023/5/24 7:40,100,22.30555534,100,22.32986069,100,22.16007042,0,21.91840172
2023/5/24 7:41,100,22.01620293,100,22.31539345,100,22.16007042,0,21.91840172
2023/5/24 7:42,100,22.11747742,100,22.32986069,100,22.16007042,0,21.91840172
2023/5/24 7:43,100,22.01620293,100,22.32986069,100,22.1166687,0,21.91840172
2023/5/24 7:44,100,22.01620293,100,22.32986069,100,22.05879784,0,21.91840172
2023/5/24 7:45,100,22.11747742,100,22.2285881,100,22.16007042,0,21.91840172
2023/5/24 7:46,100,22.11747742,100,22.31539345,100,22.16007042,0,21.91840172
2023/5/24 7:47,100,22.01620293,100,22.2285881,100,22.05879784,0,21.91840172
2023/5/24 7:48,100,22.01620293,100,22.2285881,100,22.05879784,0,21.90393448
2023/5/24 7:49,100,22.11747742,100,22.12731552,100,21.95752335,0,21.91840172
2023/5/24 7:50,100,22.11747742,100,22.12731552,100,21.95752335,0,21.91840172
2023/5/24 7:51,100,22.11747742,100,22.12731552,100,21.95752335,0,21.91840172
2023/5/24 7:52,100,22.11747742,100,22.12731552,100,21.95752335,0,21.91840172
2023/5/24 7:53,100,22.11747742,100,22.12731552,100,21.95752335,0,21.91840172
2023/5/24 7:54,100,22.11747742,100,22.2285881,100,22.05879784,0,21.91840172
2023/5/24 7:55,100,22.11747742,100,22.2285881,100,22.05879784,0,21.91840172
2023/5/24 7:56,100,22.11747742,100,22.12731552,100,21.95752335,0,21.91840172
2023/5/24 7:57,100,22.11747742,100,22.12731552,100,21.95752335,0,21.91840172
2023/5/24 7:58,100,22.01620293,100,22.12731552,100,21.95752335,0,21.91840172
2023/5/24 7:59,100,22.11747742,100,22.12731552,100,21.95752335,0,21.91840172
2023/5/24 8:00,100,22.11747742,100,22.21412086,100,21.95752335,0,21.91840172
2023/5/24 8:01,100,22.11747742,100,22.2285881,100,22.05879784,0,21.91840172
2023/5/24 8:02,100,22.11747742,100,22.2285881,100,22.05879784,0,21.91840172
2023/5/24 8:03,100,22.10301018,100,22.2285881,100,22.05879784,0,21.91840172
2023/5/24 8:04,100,22.11747742,100,22.2285881,100,22.05879784,0,21.91840172
2023/5/24 8:05,100,22.11747742,100,22.2285881,100,22.05879784,0,21.91840172
2023/5/24 8:06,100,22.11747742,100,22.2285881,100,22.05879784,0,21.91840172
2023/5/24 8:07,100,22.11747742,100,22.2285881,100,22.05879784,0,21.91840172
2023/5/24 8:08,100,22.11747742,100,22.2285881,100,22.05879784,0,21.91840172
2023/5/24 8:09,100,22.11747742,100,22.2285881,100,22.05879784,0,21.91840172
2023/5/24 8:10,100,22.11747742,100,22.2285881,100,21.98645782,0,21.91840172
2023/5/24 8:11,100,22.13194466,100,22.2285881,100,22.05879784,0,21.91840172
2023/5/24 8:12,100,22.21875,100,22.24305534,100,22.05879784,0,21.91840172
2023/5/24 8:13,100,22.11747742,100,22.2285881,100,22.05879784,0,21.91840172
2023/5/24 8:14,100,22.11747742,100,22.2285881,100,22.05879784,0,21.91840172
2023/5/24 8:15,100,22.11747742,100,22.2285881,100,22.16007042,0,21.91840172
2023/5/24 8:16,100,22.21875,100,22.2285881,100,22.16007042,0,21.91840172
2023/5/24 8:17,100,22.21875,100,22.21412086,100,22.16007042,0,21.91840172
2023/5/24 8:18,100,22.21875,100,22.2285881,100,22.05879784,0,21.91840172
2023/5/24 8:19,100,22.18981552,100,22.2285881,100,22.16007042,0,21.91840172
2023/5/24 8:20,100,22.11747742,100,22.32986069,100,22.261343,0,21.91840172
2023/5/24 8:21,100,22.21875,100,22.32986069,100,22.261343,0,21.91840172
2023/5/24 8:22,100,22.21875,100,22.31539345,100,22.261343,0,21.91840172
2023/5/24 8:23,100,22.21875,100,22.32986069,100,22.16007042,0,21.91840172
2023/5/24 8:24,100,22.30555534,100,22.32986069,100,22.16007042,0,21.91840172
2023/5/24 8:25,100,22.21875,100,22.32986069,100,22.16007042,0,21.91840172
2023/5/24 8:26,100,22.21875,100,22.32986069,100,22.16007042,0,21.91840172
2023/5/24 8:27,100,22.20428276,100,22.32986069,100,22.261343,0,21.91840172
2023/5/24 8:28,100,22.21875,100,22.40219879,100,22.16007042,0,21.91840172
2023/5/24 8:29,100,22.21875,100,22.32986069,100,22.261343,0,21.91840172
2023/5/24 8:30,100,22.21875,100,22.32986069,100,22.16007042,0,21.91840172
2023/5/24 8:31,100,22.21875,100,22.31539345,100,22.05879784,0,21.91840172
2023/5/24 8:32,100,22.21875,100,22.32986069,100,22.16007042,0,21.91840172
2023/5/24 8:33,100,22.21875,100,22.32986069,100,22.16007042,0,21.91840172
2023/5/24 8:34,100,22.18981552,100,22.32986069,100,22.05879784,0.4896743,22.01967621
2023/5/24 8:35,100,22.21875,100,22.32986069,100,22.16007042,0,21.93287086
2023/5/24 8:36,100,22.11747742,100,22.2285881,100,22.16007042,0,21.93287086
2023/5/24 8:37,100,22.10301018,100,22.2285881,100,22.05879784,0,21.91840172
2023/5/24 8:38,100,22.21875,100,22.21412086,100,22.05879784,0,21.93287086
2023/5/24 8:39,100,22.21875,100,22.32986069,100,22.16007042,0,21.91840172
2023/5/24 8:40,100,22.11747742,100,22.2285881,100,22.05879784,0.581664741,22.01967621
2023/5/24 8:41,100,22.11747742,100,22.2285881,100,22.05879784,10.67575645,22.01967621
2023/5/24 8:42,100,22.11747742,100,22.2285881,100,22.05879784,24.41983223,22.01967621
2023/5/24 8:43,100,22.01620293,100,22.2285881,100,22.05879784,38.74523544,22.01967621
2023/5/24 8:44,100,22.11747742,100,22.2285881,100,22.16007042,53.58280182,22.01967621
2023/5/24 8:45,100,22.11747742,100,22.2285881,100,22.05879784,68.53726959,22.01967621
2023/5/24 8:46,100,22.11747742,100,22.2285881,100,22.05879784,83.13327026,22.01967621
2023/5/24 8:47,100,22.21875,100,22.17071724,100,22.05879784,97.96813202,22.01967621
2023/5/24 8:48,100,22.11747742,100,22.2285881,100,22.05879784,88.46060944,21.91840172
2023/5/24 8:49,100,22.11747742,100,22.2285881,100,21.95752335,23.95044708,21.91840172
2023/5/24 8:50,100,22.11747742,100,22.2285881,100,21.95752335,0,21.91840172
2023/5/24 8:51,100,22.11747742,100,22.12731552,100,22.05879784,0,21.81712914
2023/5/24 8:52,100,22.11747742,100,22.12731552,100,22.05879784,0,21.81712914
2023/5/24 8:53,100,22.11747742,100,22.12731552,100,22.05879784,0,21.81712914
2023/5/24 8:54,100,22.11747742,100,22.12731552,100,22.05879784,0,21.81712914
2023/5/24 8:55,100,22.10301018,100,22.12731552,100,22.05879784,0,21.81712914
2023/5/24 8:56,100,22.11747742,100,22.12731552,100,22.05879784,0,21.81712914
2023/5/24 8:57,100,22.11747742,100,22.12731552,100,21.95752335,0,21.81712914
2023/5/24 8:58,100,22.01620293,100,22.12731552,100,22.05879784,0,21.81712914
2023/5/24 8:59,100,22.11747742,100,22.12731552,100,22.05879784,0,21.81712914
2023/5/24 9:00,100,22.11747742,100,22.12731552,100,22.05879784,0,21.81712914
2023/5/24 9:01,100,22.11747742,100,22.12731552,100,22.05879784,0,21.81712914
2023/5/24 9:02,100,22.11747742,100,22.19965172,100,22.05879784,0,21.81712914
2023/5/24 9:03,100,22.11747742,100,22.12731552,100,22.05879784,0,21.81712914
2023/5/24 9:04,100,22.11747742,100,22.12731552,100,22.05879784,0,21.81712914
2023/5/24 9:05,100,22.11747742,100,22.12731552,100,22.05879784,0,21.81712914
2023/5/24 9:06,100,22.01620293,100,22.2285881,100,22.05879784,0,21.81712914
2023/5/24 9:07,100,22.01620293,100,22.2285881,100,22.05879784,0,21.81712914
2023/5/24 9:08,100,22.01620293,100,22.2285881,100,22.05879784,0,21.81712914
2023/5/24 9:09,100,22.11747742,100,22.2285881,100,22.1166687,0,21.81712914
2023/5/24 9:10,100,22.01620293,100,22.2285881,100,22.05879784,0,21.81712914
2023/5/24 9:11,100,22.11747742,100,22.2285881,100,22.16007042,0,21.81712914
2023/5/24 9:12,100,22.11747742,100,22.21412086,100,22.05879784,0,21.81712914
2023/5/24 9:13,100,22.11747742,100,22.14178276,100,22.05879784,0,21.81712914
2023/5/24 9:14,100,22.11747742,100,22.12731552,100,22.05879784,0,21.81712914
2023/5/24 9:15,100,22.11747742,100,22.12731552,100,22.02986145,0,21.81712914
2023/5/24 9:16,100,22.11747742,100,22.12731552,100,22.05879784,0,21.81712914
2023/5/24 9:17,100,22.01620293,100,22.12731552,100,21.95752335,0,21.81712914
2023/5/24 9:18,100,22.01620293,100,22.12731552,100,21.95752335,0,21.81712914
2023/5/24 9:19,100,22.32002258,100,22.12731552,100,21.95752335,0,21.81712914
2023/5/24 9:20,100,22.32002258,100,22.2285881,100,22.05879784,0,21.86053276
2023/5/24 9:21,100,22.32002258,100,22.21412086,100,22.05879784,0,21.90393448
2023/5/24 9:22,100,22.32002258,100,22.2285881,100,22.05879784,0,21.91840172
2023/5/24 9:23,100,22.01620293,100,22.32986069,100,22.16007042,0,21.91840172
2023/5/24 9:24,100,22.01620293,100,22.2285881,100,22.05879784,0,21.91840172
2023/5/24 9:25,100,22.01620293,100,22.2285881,100,22.05879784,0,21.91840172
2023/5/24 9:26,100,22.01620293,100,22.27198982,100,22.05879784,0,21.91840172
2023/5/24 9:27,100,22.01620293,100,22.32986069,100,22.05879784,0,21.91840172
2023/5/24 9:28,100,22.01620293,100,22.32986069,100,22.16007042,0,21.91840172
2023/5/24 9:29,100,22.01620293,100,22.32986069,100,22.16007042,0,21.91840172
2023/5/24 9:30,100,22.01620293,100,22.32986069,100,22.16007042,0,21.91840172
2023/5/24 9:31,100,22.01620293,100,22.32986069,100,22.16007042,0,21.91840172
2023/5/24 9:32,100,22.01620293,100,22.32986069,100,22.1166687,0,21.99073982
2023/5/24 9:33,100,22.01620293,100,22.32986069,100,22.16007042,0,21.90393448
2023/5/24 9:34,100,22.01620293,100,22.32986069,100,22.16007042,1.096130729,22.01967621
2023/5/24 9:35,100,22.01620293,100,22.31539345,100,22.261343,16.06653023,22.01967621
2023/5/24 9:36,100,22.01620293,100,22.32986069,100,22.261343,23.73236275,22.01967621
2023/5/24 9:37,100,22.30555534,100,22.43113518,100,22.36261559,32.60171127,22.01967621
2023/5/24 9:38,100,22.32002258,100,22.43113518,100,22.36261559,47.70345688,22.01967621
2023/5/24 9:39,100,22.32002258,100,22.43113518,100,22.261343,62.39391327,22.01967621
2023/5/24 9:40,100,22.32002258,100,22.43113518,100,22.36261559,77.53919983,22.01967621
2023/5/24 9:41,100,22.01620293,100,22.37326431,100,22.261343,92.32962799,22.01967621
2023/5/24 9:42,100,22.32002258,100,22.31539345,100,22.16007042,55.49996948,21.91840172
2023/5/24 9:43,100,22.18981552,100,22.32986069,100,22.16007042,0,21.91840172
2023/5/24 9:44,100,22.32002258,100,22.2285881,100,22.05879784,0,21.91840172
2023/5/24 9:45,100,22.32002258,100,22.2285881,100,21.95752335,0,21.81712914
2023/5/24 9:46,100,22.32002258,100,22.2285881,100,21.95752335,0,21.81712914
2023/5/24 9:47,100,22.32002258,100,22.12731552,100,21.95752335,0,21.81712914
2023/5/24 9:48,100,22.32002258,100,22.2285881,100,21.95752335,0,21.81712914
2023/5/24 9:49,100,22.32002258,100,22.2285881,100,21.95752335,0,21.81712914
2023/5/24 9:50,100,22.32002258,100,22.2285881,100,21.95752335,0,21.81712914
2023/5/24 9:51,100,22.32002258,100,22.21412086,100,22.05879784,0,21.81712914
2023/5/24 9:52,100,22.32002258,100,22.2285881,100,22.05879784,0,21.81712914
2023/5/24 9:53,100,22.32002258,100,22.32986069,100,22.05879784,0,21.81712914
2023/5/24 9:54,100,22.32002258,100,22.32986069,100,22.05879784,0,21.81712914
2023/5/24 9:55,100,22.32002258,100,22.2285881,100,22.05879784,0,21.81712914
2023/5/24 9:56,100,22.32002258,100,22.2285881,100,22.05879784,0,21.81712914
2023/5/24 9:57,100,22.32002258,100,22.2285881,100,22.05879784,0,21.81712914
2023/5/24 9:58,100,22.32002258,100,22.2285881,100,22.05879784,0,21.81712914
2023/5/24 9:59,100,22.30555534,100,22.2285881,100,22.05879784,0,21.81712914
2023/5/24 10:00,100,22.32002258,100,22.2285881,100,22.05879784,0,21.81712914
2023/5/24 10:01,100,22.20428276,100,22.2285881,100,22.05879784,0,21.8026619
2023/5/24 10:02,100,22.01620293,100,22.2285881,100,22.05879784,0,21.81712914
2023/5/24 10:03,100,22.01620293,100,22.12731552,100,21.95752335,0,21.81712914
2023/5/24 10:04,100,22.01620293,100,22.12731552,100,21.95752335,0,21.81712914
2023/5/24 10:05,100,22.01620293,100,22.12731552,100,21.95752335,0,21.81712914
2023/5/24 10:06,100,22.32002258,100,22.12731552,100,21.95752335,0,21.81712914
2023/5/24 10:07,100,22.32002258,100,22.12731552,100,21.95752335,0,21.81712914
2023/5/24 10:08,100,22.32002258,100,22.12731552,100,21.95752335,0,21.81712914
2023/5/24 10:09,100,22.32002258,100,22.11284828,100,22.05879784,0,21.81712914
2023/5/24 10:10,100,22.32002258,100,22.12731552,100,22.05879784,0,21.81712914
2023/5/24 10:11,100,22.32002258,100,22.12731552,100,22.05879784,0,21.81712914
2023/5/24 10:12,100,22.32002258,100,22.2285881,100,22.05879784,0,21.81712914
2023/5/24 10:13,100,22.32002258,100,22.12731552,100,22.05879784,0,21.81712914
2023/5/24 10:14,100,22.32002258,100,22.12731552,100,22.05879784,0,21.81712914
2023/5/24 10:15,100,22.30555534,100,22.12731552,100,21.95752335,0,21.81712914
2023/5/24 10:16,100,22.32002258,100,22.12731552,100,21.95752335,0,21.81712914
2023/5/24 10:17,100,22.32002258,100,22.12731552,100,21.95752335,0,21.81712914
2023/5/24 10:18,100,22.32002258,100,22.21412086,100,22.05879784,0,21.81712914
2023/5/24 10:19,100,22.18981552,100,22.2285881,100,22.05879784,0,21.81712914
2023/5/24 10:20,100,22.01620293,100,22.2285881,100,22.05879784,0,21.81712914
2023/5/24 10:21,100,22.01620293,100,22.2285881,100,22.05879784,0,21.81712914
2023/5/24 10:22,100,22.03067207,100,22.2285881,100,22.05879784,0,21.81712914
2023/5/24 10:23,100,22.32002258,100,22.32986069,100,22.05879784,0,21.81712914
2023/5/24 10:24,100,22.32002258,100,22.2285881,100,22.05879784,0,21.81712914
2023/5/24 10:25,100,22.32002258,100,22.2285881,100,22.05879784,0,21.81712914
2023/5/24 10:26,100,22.32002258,100,22.32986069,100,22.05879784,0,21.81712914
2023/5/24 10:27,100,22.32002258,100,22.30092621,100,22.05879784,0,21.81712914
2023/5/24 10:28,100,22.32002258,100,22.2285881,100,22.05879784,0,21.81712914
2023/5/24 10:29,100,22.32002258,100,22.2285881,100,22.05879784,0,21.81712914
2023/5/24 10:30,100,22.32002258,100,22.12731552,100,21.95752335,0,21.81712914
2023/5/24 10:31,100,22.01620293,100,22.12731552,100,22.05879784,0,21.8026619
2023/5/24 10:32,100,22.32002258,100,22.2285881,100,22.1166687,0,21.81712914
2023/5/24 10:33,100,22.32002258,100,22.2285881,100,22.05879784,0,21.81712914
2023/5/24 10:34,100,22.32002258,100,22.24305534,100,22.05879784,0,21.81712914
2023/5/24 10:35,100,22.32002258,100,22.2285881,100,22.05879784,0,21.81712914
2023/5/24 10:36,100,22.32002258,100,22.2285881,100,22.05879784,0,21.81712914
2023/5/24 10:37,100,22.04513931,100,22.2285881,100,22.05879784,0,21.81712914
2023/5/24 10:38,100,22.01620293,100,22.12731552,100,22.05879784,0,21.81712914
2023/5/24 10:39,100,22.01620293,100,22.21412086,100,22.05879784,0,21.81712914
2023/5/24 10:40,100,22.01620293,100,22.2285881,100,22.05879784,0,21.81712914
2023/5/24 10:41,100,22.01620293,100,22.21412086,100,21.95752335,0,21.81712914
2023/5/24 10:42,100,22.01620293,100,22.12731552,100,21.95752335,0,21.81712914
2023/5/24 10:43,100,22.11747742,100,22.12731552,100,21.95752335,0,21.81712914
2023/5/24 10:44,100,22.11747742,100,22.2285881,100,21.95752335,0,21.81712914
2023/5/24 10:45,100,22.11747742,100,22.2285881,100,22.05879784,0,21.81712914
2023/5/24 10:46,100,22.04513931,100,22.2285881,100,21.95752335,0,21.81712914
2023/5/24 10:47,100,22.01620293,100,22.12731552,100,21.95752335,0,21.81712914
2023/5/24 10:48,100,22.01620293,100,22.12731552,100,21.95752335,0,21.81712914
2023/5/24 10:49,100,22.01620293,100,22.12731552,100,21.85625076,0,21.81712914
2023/5/24 10:50,100,22.01620293,100,22.12731552,100,21.95752335,0,21.81712914
2023/5/24 10:51,100,22.01620293,100,22.12731552,100,21.95752335,0,21.81712914
2023/5/24 10:52,100,22.01620293,100,22.12731552,100,21.92858887,0,21.81712914
2023/5/24 10:53,100,22.11747742,100,22.12731552,100,21.95752335,0,21.81712914
2023/5/24 10:54,100,22.11747742,100,22.2285881,100,22.05879784,0,21.81712914
2023/5/24 10:55,100,22.01620293,100,22.2285881,100,22.04432869,0,21.91840172
2023/5/24 10:56,100,22.01620293,100,22.2285881,100,22.05879784,0,21.91840172
2023/5/24 10:57,100,22.01620293,100,22.2285881,100,22.04432869,0,21.91840172
2023/5/24 10:58,100,22.11747742,100,22.2285881,100,22.05879784,0,21.91840172
2023/5/24 10:59,100,22.01620293,100,22.21412086,100,21.95752335,0,21.91840172
2023/5/24 11:00,100,22.01620293,100,22.12731552,100,21.94305611,0,21.91840172
2023/5/24 11:01,100,22.01620293,100,22.12731552,100,21.94305611,0,21.91840172
2023/5/24 11:02,100,22.01620293,100,22.2285881,100,22.04432869,0,21.91840172
2023/5/24 11:03,100,22.01620293,100,22.32986069,100,22.05879784,0,21.91840172
2023/5/24 11:04,100,22.01620293,100,22.31539345,100,22.04432869,0,21.91840172
2023/5/24 11:05,100,22.01620293,100,22.32986069,100,22.16007042,0,21.91840172
2023/5/24 11:06,100,22.03067207,100,22.32986069,100,22.14560318,0,21.91840172
2023/5/24 11:07,100,22.11747742,100,22.32986069,100,22.05879784,0,21.91840172
2023/5/24 11:08,100,22.11747742,100,22.32986069,100,22.16007042,0,21.91840172
2023/5/24 11:09,100,22.11747742,100,22.40219879,100,22.16007042,0,21.91840172
2023/5/24 11:10,100,22.11747742,100,22.32986069,100,22.14560318,0,21.91840172
2023/5/24 11:11,100,22.11747742,100,22.32986069,100,22.04432869,0,21.91840172
2023/5/24 11:12,100,22.11747742,100,22.32986069,100,22.05879784,0,21.81712914
2023/5/24 11:13,100,22.11747742,100,22.32986069,100,22.05879784,0,21.81712914
2023/5/24 11:14,100,22.11747742,100,22.32986069,100,22.05879784,0,21.81712914
2023/5/24 11:15,100,22.11747742,100,22.32986069,100,22.16007042,0,21.81712914
2023/5/24 11:16,100,22.11747742,100,22.32986069,100,22.261343,0,21.81712914
2023/5/24 11:17,100,22.11747742,100,22.2285881,100,22.16007042,0,21.81712914
2023/5/24 11:18,100,22.21875,100,22.2285881,100,22.16007042,0,21.91840172
2023/5/24 11:19,100,22.11747742,100,22.32986069,100,22.24687576,0,21.81712914
2023/5/24 11:20,100,22.11747742,100,22.2285881,100,22.16007042,0,21.81712914
2023/5/24 11:21,100,22.11747742,100,22.2285881,100,22.16007042,0,21.81712914
2023/5/24 11:22,100,22.11747742,100,22.2285881,100,22.05879784,0,21.81712914
2023/5/24 11:23,100,22.11747742,100,22.2285881,100,22.05879784,0,21.81712914
2023/5/24 11:24,100,22.11747742,100,22.2285881,100,22.05879784,0,21.81712914
2023/5/24 11:25,100,22.11747742,100,22.2285881,100,22.05879784,0,21.81712914
2023/5/24 11:26,100,22.11747742,100,22.2285881,100,22.04432869,0,21.91840172
2023/5/24 11:27,100,22.11747742,100,22.32986069,100,22.16007042,0,21.91840172
2023/5/24 11:28,100,22.11747742,100,22.32986069,100,22.16007042,0,21.91840172
2023/5/24 11:29,100,22.11747742,100,22.32986069,100,22.16007042,0,21.91840172
2023/5/24 11:30,100,22.11747742,100,22.2285881,100,22.16007042,0,21.91840172
2023/5/24 11:31,100,22.11747742,100,22.2285881,100,22.05879784,0,21.91840172
2023/5/24 11:32,100,22.11747742,100,22.2285881,100,22.05879784,0,21.91840172
2023/5/24 11:33,100,22.11747742,100,22.2285881,100,22.05879784,0,21.91840172
2023/5/24 11:34,100,22.11747742,100,22.2285881,100,22.05879784,0,21.91840172
2023/5/24 11:35,100,22.11747742,100,22.2285881,100,22.05879784,0,21.91840172
2023/5/24 11:36,100,22.11747742,100,22.2285881,100,22.16007042,0,21.91840172
2023/5/24 11:37,100,22.11747742,100,22.32986069,100,22.14560318,0,21.91840172
2023/5/24 11:38,100,22.11747742,100,22.32986069,100,22.16007042,0,21.91840172
2023/5/24 11:39,100,22.11747742,100,22.32986069,100,22.16007042,0,21.91840172
2023/5/24 11:40,100,22.11747742,100,22.32986069,100,22.16007042,0,21.91840172
2023/5/24 11:41,100,22.11747742,100,22.31539345,100,22.16007042,0,21.81712914
2023/5/24 11:42,100,22.11747742,100,22.2285881,100,22.16007042,0,21.81712914
2023/5/24 11:43,100,22.11747742,100,22.2285881,100,22.05879784,0,21.81712914
2023/5/24 11:44,100,22.11747742,100,22.14178276,100,22.04432869,0,21.81712914
2023/5/24 11:45,100,22.11747742,100,22.12731552,100,22.05879784,0,21.81712914
2023/5/24 11:46,100,22.11747742,100,22.21412086,100,22.05879784,0,21.81712914
2023/5/24 11:47,100,22.11747742,100,22.2285881,100,22.05879784,0,21.81712914
2023/5/24 11:48,100,22.11747742,100,22.2285881,100,22.04432869,0,21.81712914
2023/5/24 11:49,100,22.11747742,100,22.2285881,100,22.05879784,0,21.81712914
2023/5/24 11:50,100,22.11747742,100,22.21412086,100,22.05879784,0,21.81712914
2023/5/24 11:51,100,22.01620293,100,22.2285881,100,22.05879784,0,21.81712914
2023/5/24 11:52,100,22.11747742,100,22.2285881,100,22.05879784,0,21.81712914
2023/5/24 11:53,100,22.11747742,100,22.2285881,100,22.16007042,0,21.81712914
2023/5/24 11:54,100,22.11747742,100,22.2285881,100,22.04432869,0,21.81712914
2023/5/24 11:55,100,22.11747742,100,22.11284828,100,22.05879784,0,21.81712914
2023/5/24 11:56,100,22.01620293,100,22.21412086,100,22.05879784,0,21.81712914
2023/5/24 11:57,100,22.11747742,100,22.12731552,100,22.05879784,0,21.81712914
2023/5/24 11:58,100,22.11747742,100,22.2285881,100,22.05879784,0,21.81712914
2023/5/24 11:59,100,22.01620293,100,22.2285881,100,22.05879784,0,21.81712914
2023/5/24 12:00,100,22.01620293,100,22.2285881,100,22.05879784,0,21.81712914
2023/5/24 12:01,100,22.01620293,100,22.2285881,100,22.05879784,0,21.81712914
2023/5/24 12:02,100,22.30555534,100,22.2285881,100,22.05879784,0,21.81712914
2023/5/24 12:03,100,22.01620293,100,22.2285881,100,22.04432869,0,21.81712914
2023/5/24 12:04,100,22.01620293,100,22.32986069,100,22.05879784,0,21.81712914
2023/5/24 12:05,100,22.01620293,100,22.32986069,100,22.16007042,0,21.78819466
2023/5/24 12:06,100,22.32002258,100,22.2285881,100,22.05879784,0,21.61458206
2023/5/24 12:07,100,22.32002258,100,22.2285881,100,22.05879784,0,21.61458206
2023/5/24 12:08,100,22.32002258,100,22.32986069,100,22.16007042,0,21.61458206
2023/5/24 12:09,100,22.32002258,100,22.2285881,100,22.04432869,0,21.61458206
2023/5/24 12:10,100,22.32002258,100,22.2285881,100,22.04432869,0,21.61458206
2023/5/24 12:11,100,22.32002258,100,22.21412086,100,22.05879784,0,21.61458206
2023/5/24 12:12,100,22.32002258,100,22.2285881,100,22.05879784,0,21.61458206
2023/5/24 12:13,100,22.32002258,100,22.2285881,100,22.05879784,0,21.61458206
2023/5/24 12:14,100,22.32002258,100,22.12731552,100,22.05879784,0,21.61458206
2023/5/24 12:15,100,22.32002258,100,22.12731552,100,21.95752335,0,21.61458206
2023/5/24 12:16,100,22.32002258,100,22.02604294,100,21.85625076,0,21.61458206
2023/5/24 12:17,100,22.32002258,100,21.92476845,100,21.85625076,0,21.61458206
2023/5/24 12:18,100,22.32002258,100,21.93923569,100,21.85625076,0,21.61458206
2023/5/24 12:19,100,22.32002258,100,21.92476845,100,21.85625076,0,21.61458206
2023/5/24 12:20,100,22.32002258,100,21.93923569,100,21.85625076,0,21.61458206
2023/5/24 12:21,100,22.23321724,100,21.92476845,100,21.84178352,0,21.61458206
2023/5/24 12:22,100,22.21875,100,21.92476845,100,21.85625076,0,21.61458206
2023/5/24 12:23,100,22.21875,100,21.92476845,100,21.85625076,0,21.61458206
2023/5/24 12:24,100,22.21875,100,21.92476845,100,21.85625076,0,21.61458206
2023/5/24 12:25,100,22.21875,100,21.92476845,100,21.91412163,0,21.61458206
2023/5/24 12:26,100,22.21875,100,21.92476845,100,21.95752335,0,21.61458206
2023/5/24 12:27,100,22.30555534,100,21.92476845,100,21.85625076,0,21.61458206
2023/5/24 12:28,100,22.32002258,100,21.93923569,100,21.85625076,0,21.61458206
2023/5/24 12:29,100,22.32002258,100,21.92476845,100,21.85625076,0,21.61458206
2023/5/24 12:30,100,22.32002258,100,21.92476845,100,21.85625076,0,21.61458206
2023/5/24 12:31,100,22.32002258,100,22.02604294,100,21.95752335,0,21.61458206
2023/5/24 12:32,100,22.32002258,100,22.02604294,100,21.95752335,0,21.61458206
2023/5/24 12:33,100,22.32002258,100,22.02604294,100,21.95752335,0,21.61458206
2023/5/24 12:34,100,22.21875,100,22.02604294,100,21.95752335,0,21.61458206
2023/5/24 12:35,100,22.30555534,100,22.02604294,100,21.95752335,0,21.61458206
2023/5/24 12:36,100,22.32002258,100,22.01157379,100,21.95752335,0,21.61458206
2023/5/24 12:37,100,22.21875,100,22.12731552,100,22.05879784,0,21.61458206
2023/5/24 12:38,100,22.21875,100,22.12731552,100,21.95752335,0,21.61458206
2023/5/24 12:39,100,22.32002258,100,22.02604294,100,21.95752335,0,21.61458206
2023/5/24 12:40,100,22.32002258,100,22.02604294,100,21.94305611,0,21.61458206
2023/5/24 12:41,100,22.32002258,100,22.02604294,100,21.95752335,0,21.61458206
2023/5/24 12:42,100,22.32002258,100,22.02604294,100,21.85625076,0,21.61458206
2023/5/24 12:43,100,22.32002258,100,22.02604294,100,21.85625076,0,21.61458206
2023/5/24 12:44,100,22.32002258,100,22.02604294,100,21.84178352,0,21.61458206
2023/5/24 12:45,100,22.32002258,100,22.02604294,100,21.85625076,0,21.61458206
2023/5/24 12:46,100,22.32002258,100,22.02604294,100,21.85625076,0,21.61458206
2023/5/24 12:47,100,22.21875,100,22.02604294,100,21.85625076,0,21.61458206
2023/5/24 12:48,100,22.21875,100,22.02604294,100,21.85625076,0,21.61458206
2023/5/24 12:49,100,22.21875,100,22.02604294,100,21.95752335,0,21.61458206
2023/5/24 12:50,100,22.21875,100,22.02604294,100,22.04432869,0,21.61458206
2023/5/24 12:51,100,22.32002258,100,22.12731552,100,22.05879784,0,21.61458206
2023/5/24 12:52,100,22.21875,100,22.02604294,100,21.95752335,0,21.61458206
2023/5/24 12:53,100,22.21875,100,22.02604294,100,21.85625076,0,21.61458206
2023/5/24 12:54,100,22.21875,100,22.02604294,100,21.75497818,0,21.61458206
2023/5/24 12:55,100,22.21875,100,22.02604294,100,21.85625076,0,21.61458206
2023/5/24 12:56,100,22.11747742,100,22.02604294,100,21.85625076,0,21.61458206
2023/5/24 12:57,100,22.11747742,100,22.02604294,100,21.85625076,0,21.61458206
2023/5/24 12:58,100,22.11747742,100,22.02604294,100,21.85625076,0,21.61458206
2023/5/24 12:59,100,22.11747742,100,22.12731552,100,21.84178352,0,21.61458206
2023/5/24 13:00,100,22.11747742,100,22.12731552,100,21.94305611,0,21.61458206
2023/5/24 13:01,100,22.11747742,100,22.12731552,100,21.85625076,0,21.61458206
2023/5/24 13:02,100,22.11747742,100,22.12731552,100,21.85625076,0,21.61458206
2023/5/24 13:03,100,22.11747742,100,22.12731552,100,21.85625076,0,21.68692207
2023/5/24 13:04,100,22.21875,100,22.12731552,100,21.84178352,0,21.81712914
2023/5/24 13:05,100,22.11747742,100,22.14178276,100,21.85625076,0,21.81712914
2023/5/24 13:06,100,22.11747742,100,22.12731552,100,21.85625076,0,21.81712914
2023/5/24 13:07,100,22.21875,100,22.12731552,100,21.85625076,0,21.81712914
2023/5/24 13:08,100,22.21875,100,22.2285881,100,21.85625076,0,21.81712914
2023/5/24 13:09,100,22.32002258,100,22.18518448,100,21.85625076,0,21.81712914
2023/5/24 13:10,100,22.32002258,100,22.12731552,100,21.84178352,0,21.81712914
2023/5/24 13:11,100,22.32002258,100,22.12731552,100,21.85625076,0,21.81712914
2023/5/24 13:12,100,22.32002258,100,22.2285881,100,21.85625076,0,21.81712914
2023/5/24 13:13,100,22.32002258,100,22.12731552,100,21.85625076,0,21.81712914
2023/5/24 13:14,100,22.32002258,100,22.12731552,100,21.85625076,0,21.81712914
2023/5/24 13:15,100,22.32002258,100,22.12731552,100,21.85625076,0,21.81712914
2023/5/24 13:16,100,22.32002258,100,22.02604294,100,21.85625076,0,21.81712914
2023/5/24 13:17,100,22.32002258,100,22.12731552,100,21.85625076,0,21.81712914
2023/5/24 13:18,100,22.30555534,100,22.12731552,100,21.85625076,0,21.81712914
2023/5/24 13:19,100,22.32002258,100,22.12731552,100,21.85625076,0,21.81712914
2023/5/24 13:20,100,22.32002258,100,22.11284828,100,21.85625076,0,21.81712914
2023/5/24 13:21,100,22.32002258,100,22.12731552,100,21.85625076,0,21.81712914
2023/5/24 13:22,100,22.32002258,100,22.12731552,100,21.85625076,0,21.81712914
2023/5/24 13:23,100,22.32002258,100,22.12731552,100,21.85625076,0,21.81712914
2023/5/24 13:24,100,22.32002258,100,22.12731552,100,21.85625076,0,21.81712914
2023/5/24 13:25,100,22.32002258,100,22.12731552,100,21.85625076,0,21.81712914
2023/5/24 13:26,100,22.32002258,100,22.12731552,100,21.85625076,0,21.81712914
2023/5/24 13:27,100,22.32002258,100,22.12731552,100,21.85625076,0,21.81712914
2023/5/24 13:28,100,22.32002258,100,22.12731552,100,21.85625076,0,21.81712914
2023/5/24 13:29,100,22.32002258,100,22.02604294,100,21.85625076,0,21.81712914
2023/5/24 13:30,100,22.32002258,100,22.02604294,100,21.85625076,0,21.81712914
2023/5/24 13:31,100,22.21875,100,21.92476845,100,21.85625076,0,21.81712914
2023/5/24 13:32,100,22.21875,100,21.92476845,100,21.85625076,0,21.81712914
2023/5/24 13:33,100,22.21875,100,21.92476845,100,21.95752335,0,21.81712914
2023/5/24 13:34,100,22.32002258,100,22.01157379,100,21.95752335,0,21.61458206
2023/5/24 13:35,100,22.32002258,100,22.02604294,100,22.04432869,0,21.61458206
2023/5/24 13:36,100,22.21875,100,22.02604294,100,21.95752335,0,21.75926018
2023/5/24 13:37,100,22.21875,100,22.02604294,100,21.95752335,0,21.61458206
2023/5/24 13:38,100,22.21875,100,22.02604294,100,21.85625076,0,21.61458206
2023/5/24 13:39,100,22.21875,100,22.01157379,100,22.05879784,0,21.61458206
2023/5/24 13:40,100,22.21875,100,22.02604294,100,21.95752335,0,21.61458206
2023/5/24 13:41,100,22.21875,100,22.02604294,100,21.870718,0,21.61458206
2023/5/24 13:42,100,22.32002258,100,22.02604294,100,21.95752335,0,21.61458206
2023/5/24 13:43,100,22.32002258,100,22.02604294,100,21.95752335,0,21.61458206
2023/5/24 13:44,100,22.32002258,100,22.02604294,100,21.94305611,0,21.61458206
2023/5/24 13:45,100,22.32002258,100,22.02604294,100,21.95752335,0,21.61458206
2023/5/24 13:46,100,22.32002258,100,22.02604294,100,21.95752335,0,21.61458206
2023/5/24 13:47,100,22.32002258,100,22.02604294,100,21.85625076,0,21.61458206
2023/5/24 13:48,100,22.32002258,100,22.02604294,100,21.85625076,0,21.62905121
2023/5/24 13:49,100,22.32002258,100,22.02604294,100,21.85625076,0,21.61458206
2023/5/24 13:50,100,22.32002258,100,22.02604294,100,21.85625076,0,21.61458206
2023/5/24 13:51,100,22.32002258,100,22.02604294,100,21.85625076,0,21.61458206
2023/5/24 13:52,100,22.32002258,100,21.92476845,100,21.75497818,0,21.61458206
2023/5/24 13:53,100,22.32002258,100,21.92476845,100,21.81284904,0,21.61458206
2023/5/24 13:54,100,22.32002258,100,21.92476845,100,21.85625076,0,21.61458206
2023/5/24 13:55,100,22.01620293,100,22.02604294,100,21.85625076,0,21.61458206
2023/5/24 13:56,100,22.01620293,100,22.02604294,100,21.85625076,0,21.61458206
2023/5/24 13:57,100,22.32002258,100,22.02604294,100,21.85625076,0,21.61458206
2023/5/24 13:58,100,22.01620293,100,21.92476845,100,21.85625076,0,21.61458206
2023/5/24 13:59,100,22.32002258,100,21.92476845,100,21.85625076,0,21.61458206
2023/5/24 14:00,100,22.32002258,100,21.92476845,100,21.95752335,0,21.61458206
2023/5/24 14:01,100,22.32002258,100,22.02604294,100,21.95752335,0,21.61458206
2023/5/24 14:02,100,22.32002258,100,22.02604294,100,21.95752335,0,21.61458206
2023/5/24 14:03,100,22.32002258,100,22.02604294,100,21.95752335,0,21.61458206
2023/5/24 14:04,100,22.32002258,100,22.02604294,100,21.85625076,0,21.61458206
2023/5/24 14:05,100,22.32002258,100,22.02604294,100,21.85625076,0,21.61458206
2023/5/24 14:06,100,22.32002258,100,22.02604294,100,21.95752335,0,21.61458206
2023/5/24 14:07,100,22.32002258,100,22.02604294,100,21.85625076,0,21.61458206
2023/5/24 14:08,100,22.32002258,100,22.02604294,100,21.95752335,0,21.61458206
2023/5/24 14:09,100,22.32002258,100,22.02604294,100,21.95752335,0,21.61458206
2023/5/24 14:10,100,22.32002258,100,22.01157379,100,21.85625076,0,21.60011482
2023/5/24 14:11,100,22.32002258,100,21.92476845,100,21.85625076,0,21.61458206
2023/5/24 14:12,100,22.32002258,100,21.92476845,100,21.85625076,0,21.61458206
2023/5/24 14:13,100,22.30555534,100,21.92476845,100,21.85625076,0,21.61458206
2023/5/24 14:14,100,22.32002258,100,21.92476845,100,21.85625076,0,21.77372742
2023/5/24 14:15,100,22.01620293,100,21.92476845,100,21.75497818,0,21.81712914
2023/5/24 14:16,100,22.30555534,100,21.92476845,100,21.85625076,0,21.81712914
2023/5/24 14:17,100,22.01620293,100,21.92476845,100,21.75497818,0,21.81712914
2023/5/24 14:18,100,22.01620293,100,21.92476845,100,21.85625076,0,21.81712914
2023/5/24 14:19,100,22.30555534,100,21.92476845,100,21.85625076,0,21.81712914
2023/5/24 14:20,100,22.01620293,100,21.92476845,100,21.75497818,0,21.81712914
2023/5/24 14:21,100,22.21875,100,21.82349586,100,21.75497818,0,21.81712914
2023/5/24 14:22,100,22.01620293,100,21.82349586,100,21.85625076,0,21.81712914
2023/5/24 14:23,100,22.32002258,100,21.82349586,100,21.85625076,0,21.81712914
2023/5/24 14:24,100,22.32002258,100,21.82349586,100,21.85625076,0,21.8026619
2023/5/24 14:25,100,22.01620293,100,21.92476845,100,21.85625076,0,21.81712914
2023/5/24 14:26,100,22.01620293,100,21.88136482,100,21.85625076,0,21.81712914
2023/5/24 14:27,100,22.01620293,100,21.82349586,100,21.85625076,0,21.81712914
2023/5/24 14:28,100,22.01620293,100,21.82349586,100,21.85625076,0,21.81712914
2023/5/24 14:29,100,22.01620293,100,21.82349586,100,21.85625076,0,21.81712914
2023/5/24 14:30,100,22.32002258,100,21.80902672,100,21.85625076,0,21.81712914
2023/5/24 14:31,100,22.32002258,100,21.82349586,100,21.85625076,0,21.81712914
2023/5/24 14:32,100,22.32002258,100,21.82349586,100,21.85625076,0,21.81712914
2023/5/24 14:33,100,22.01620293,100,21.92476845,100,21.85625076,0,21.81712914
2023/5/24 14:34,100,22.01620293,100,21.92476845,100,21.85625076,0,21.81712914
2023/5/24 14:35,100,22.01620293,100,21.92476845,100,21.85625076,0,21.81712914
2023/5/24 14:36,100,22.01620293,100,21.92476845,100,21.85625076,0,21.81712914
2023/5/24 14:37,100,22.01620293,100,21.93923569,100,21.85625076,0,21.81712914
2023/5/24 14:38,100,22.01620293,100,21.93923569,100,21.85625076,0,21.81712914
2023/5/24 14:39,100,22.32002258,100,21.92476845,100,21.95752335,0,21.81712914
2023/5/24 14:40,100,22.32002258,100,21.92476845,100,21.95752335,0,21.81712914
2023/5/24 14:41,,22.01620293,,21.92476845,,21.95752335,,21.81712914
2023/5/24 14:42,,22.01620293,,21.92476845,,21.95752335,,
2023/5/24 14:43,,,,21.92476845,,21.85625076,,
2023/5/24 14:44,,,,,,,,
2023/5/24 14:45,,,,,,,,
2023/5/24 14:46,,,,,,,,
2023/5/24 14:47,,,,,,,,
2023/5/24 14:48,,,,,,,,
2023/5/24 14:49,,,,,,,,
2023/5/24 14:50,100,22.01620293,100,22.12731552,100,22.05879784,0,21.81712914
2023/5/24 14:51,100,22.01620293,100,22.12731552,100,22.05879784,0,21.81712914
2023/5/24 14:52,100,22.01620293,100,22.12731552,100,22.05879784,0,21.81712914
2023/5/24 14:53,100,22.01620293,100,22.12731552,100,22.05879784,0,21.81712914
2023/5/24 14:54,100,22.01620293,100,22.12731552,100,22.05879784,0,21.81712914
2023/5/24 14:55,100,22.01620293,100,22.12731552,100,22.04432869,0,21.81712914
2023/5/24 14:56,100,22.01620293,100,22.12731552,100,22.05879784,0,21.81712914
2023/5/24 14:57,100,22.01620293,100,22.12731552,100,22.05879784,0,21.81712914
2023/5/24 14:58,100,22.01620293,100,22.12731552,100,22.16007042,0,21.81712914
2023/5/24 14:59,100,22.32002258,100,22.12731552,100,22.16007042,0,21.81712914
2023/5/24 15:00,100,22.01620293,100,22.12731552,100,22.04432869,0,21.81712914
2023/5/24 15:01,100,22.01620293,100,22.12731552,100,22.05879784,0,21.81712914
2023/5/24 15:02,100,22.01620293,100,22.12731552,100,22.16007042,0,21.81712914
2023/5/24 15:03,100,22.01620293,100,22.12731552,100,22.16007042,0,21.81712914
2023/5/24 15:04,100,22.01620293,100,22.12731552,100,22.16007042,0,21.81712914
2023/5/24 15:05,100,22.32002258,100,22.12731552,100,22.16007042,0,21.81712914
2023/5/24 15:06,100,22.32002258,100,22.12731552,100,22.16007042,0,21.81712914
2023/5/24 15:07,100,22.32002258,100,22.12731552,100,22.05879784,0,21.81712914
2023/5/24 15:08,100,22.32002258,100,22.11284828,100,22.14560318,0,21.8026619
2023/5/24 15:09,100,22.01620293,100,22.21412086,100,22.05879784,0,21.81712914
2023/5/24 15:10,100,22.01620293,100,22.12731552,100,22.05879784,0,21.81712914
2023/5/24 15:11,100,22.01620293,100,22.2285881,100,22.05879784,0,21.91840172
2023/5/24 15:12,100,22.01620293,100,22.2285881,100,22.05879784,0,21.90393448
2023/5/24 15:13,100,22.01620293,100,22.2285881,100,22.16007042,0,21.88946724
2023/5/24 15:14,100,22.01620293,100,22.2285881,100,22.16007042,0,21.91840172
2023/5/24 15:15,100,22.01620293,100,22.2285881,100,22.261343,0,21.91840172
2023/5/24 15:16,100,22.01620293,100,22.2285881,100,22.16007042,0,21.91840172
2023/5/24 15:17,100,22.01620293,100,22.2285881,100,22.16007042,0,21.91840172
2023/5/24 15:18,100,22.01620293,100,22.15625,100,22.261343,0,21.91840172
2023/5/24 15:19,100,22.10301018,100,22.2285881,100,22.261343,0,21.91840172
2023/5/24 15:20,100,22.01620293,100,22.32986069,100,22.261343,0,21.91840172
2023/5/24 15:21,100,22.01620293,100,22.32986069,100,22.261343,0,21.91840172
2023/5/24 15:22,100,22.11747742,100,22.2285881,100,22.16007042,0,21.91840172
2023/5/24 15:23,100,22.11747742,100,22.2285881,100,22.05879784,0,21.91840172
2023/5/24 15:24,100,22.11747742,100,22.2285881,100,22.05879784,0,21.91840172
2023/5/24 15:25,100,22.11747742,100,22.2285881,100,22.16007042,0,21.91840172
2023/5/24 15:26,100,22.11747742,100,22.21412086,100,22.16007042,0,21.91840172
2023/5/24 15:27,100,22.11747742,100,22.32986069,100,22.261343,0,21.91840172
2023/5/24 15:28,100,22.01620293,100,22.32986069,100,22.16007042,0,21.91840172
2023/5/24 15:29,100,22.01620293,100,22.32986069,100,22.261343,0,21.91840172
2023/5/24 15:30,100,22.01620293,100,22.32986069,100,22.261343,0,21.91840172
2023/5/24 15:31,100,22.01620293,100,22.32986069,100,22.34814835,0,21.91840172
2023/5/24 15:32,100,22.01620293,100,22.32986069,100,22.261343,0,21.91840172
2023/5/24 15:33,100,22.01620293,100,22.31539345,100,22.16007042,0,21.91840172
2023/5/24 15:34,100,22.11747742,100,22.32986069,100,22.16007042,0,21.91840172
2023/5/24 15:35,100,22.11747742,100,22.30092621,100,22.16007042,0,21.91840172
2023/5/24 15:36,100,22.11747742,100,22.2285881,100,22.16007042,0,21.91840172
2023/5/24 15:37,100,22.11747742,100,22.2285881,100,22.10219955,0,21.91840172
2023/5/24 15:38,100,22.11747742,100,22.12731552,100,21.97199059,0,21.91840172
2023/5/24 15:39,100,22.11747742,100,22.2285881,100,22.05879784,0,21.91840172
2023/5/24 15:40,100,22.11747742,100,22.2285881,100,22.05879784,0,21.91840172
2023/5/24 15:41,100,22.21875,100,22.2285881,100,22.05879784,0,21.91840172
2023/5/24 15:42,100,22.11747742,100,22.2285881,100,22.05879784,0,21.91840172
2023/5/24 15:43,100,22.11747742,100,22.2285881,100,22.16007042,0,21.91840172
2023/5/24 15:44,100,22.11747742,100,22.12731552,100,22.16007042,0,21.91840172
2023/5/24 15:45,100,22.11747742,100,22.2285881,100,22.16007042,0,22.01967621
2023/5/24 15:46,100,22.11747742,100,22.2285881,100,22.05879784,12.28385735,22.01967621
2023/5/24 15:47,100,22.11747742,100,22.12731552,100,22.05879784,27.15052605,22.00520706
2023/5/24 15:48,100,22.11747742,100,22.12731552,100,22.05879784,41.9394455,22.01967621
2023/5/24 15:49,100,22.11747742,100,22.11284828,100,22.05879784,56.83245087,22.01967621
2023/5/24 15:50,100,22.11747742,100,22.12731552,100,22.05879784,71.59733582,22.01967621
2023/5/24 15:51,100,22.11747742,100,22.12731552,100,21.95752335,86.42586517,22.01967621
2023/5/24 15:52,100,22.11747742,100,22.12731552,100,21.95752335,99.5254364,22.01967621
2023/5/24 15:53,100,22.11747742,100,22.12731552,100,21.95752335,65.99240112,21.91840172
2023/5/24 15:54,100,22.11747742,100,22.02604294,100,21.95752335,0.8073048,21.91840172
2023/5/24 15:55,100,22.11747742,100,22.02604294,100,21.95752335,0,21.81712914
2023/5/24 15:56,100,22.11747742,100,22.02604294,100,21.95752335,0,21.81712914
2023/5/24 15:57,100,22.11747742,100,21.99710655,100,21.95752335,0,21.81712914
2023/5/24 15:58,100,22.11747742,100,21.92476845,100,21.85625076,0,21.81712914
2023/5/24 15:59,100,22.11747742,100,22.02604294,100,21.95752335,0,21.81712914
2023/5/24 16:00,100,22.11747742,100,22.02604294,100,21.95752335,0,21.81712914
2023/5/24 16:01,100,22.11747742,100,22.02604294,100,21.95752335,0,21.81712914
2023/5/24 16:02,100,22.11747742,100,22.02604294,100,21.95752335,0,21.81712914
2023/5/24 16:03,100,22.11747742,100,22.02604294,100,21.95752335,0,21.81712914
2023/5/24 16:04,100,22.11747742,100,22.02604294,100,21.95752335,0,21.81712914
2023/5/24 16:05,100,22.11747742,100,22.12731552,100,22.05879784,0,21.81712914
2023/5/24 16:06,100,22.11747742,100,22.12731552,100,22.05879784,0,21.81712914
2023/5/24 16:07,100,22.11747742,100,22.12731552,100,22.05879784,0,21.81712914
2023/5/24 16:08,100,22.11747742,100,22.12731552,100,21.95752335,0,21.81712914
2023/5/24 16:09,100,22.11747742,100,22.06944466,100,21.95752335,0,21.81712914
2023/5/24 16:10,100,22.11747742,100,22.04051018,100,21.95752335,0,21.81712914
2023/5/24 16:11,100,22.11747742,100,22.02604294,100,21.95752335,0,21.81712914
2023/5/24 16:12,100,22.11747742,100,22.02604294,100,21.95752335,0,21.81712914
2023/5/24 16:13,100,22.11747742,100,22.02604294,100,21.870718,0,21.81712914
2023/5/24 16:14,100,22.11747742,100,22.02604294,100,21.95752335,0,21.81712914
2023/5/24 16:15,100,22.11747742,100,22.02604294,100,21.95752335,0,21.8026619
2023/5/24 16:16,100,22.11747742,100,22.02604294,100,21.95752335,0,21.81712914
2023/5/24 16:17,100,22.11747742,100,22.02604294,100,21.95752335,0,21.81712914
2023/5/24 16:18,100,22.11747742,100,22.02604294,100,21.95752335,0,21.81712914
2023/5/24 16:19,100,22.11747742,100,22.02604294,100,21.95752335,0,21.91840172
2023/5/24 16:20,100,22.11747742,100,22.02604294,100,21.85625076,0,21.91840172
2023/5/24 16:21,100,22.11747742,100,22.02604294,100,21.85625076,0,21.91840172
2023/5/24 16:22,100,22.11747742,100,22.02604294,100,21.75497818,0,21.91840172
2023/5/24 16:23,100,22.11747742,100,22.02604294,100,21.75497818,0,21.91840172
2023/5/24 16:24,100,22.11747742,100,21.92476845,100,21.75497818,0,21.91840172
2023/5/24 16:25,100,22.11747742,100,21.92476845,100,21.65370369,0,21.91840172
2023/5/24 16:26,100,22.11747742,100,21.92476845,100,21.65370369,0,21.91840172
2023/5/24 16:27,100,22.11747742,100,21.92476845,100,21.65370369,0,21.91840172
2023/5/24 16:28,100,22.11747742,100,21.92476845,100,21.75497818,0,21.91840172
2023/5/24 16:29,100,22.11747742,100,22.02604294,100,21.75497818,0,21.91840172
2023/5/24 16:30,100,22.11747742,100,22.02604294,100,21.75497818,0,21.91840172
2023/5/24 16:31,100,22.11747742,100,22.02604294,100,21.75497818,0,21.91840172
2023/5/24 16:32,100,22.11747742,100,22.02604294,100,21.75497818,0,21.91840172
2023/5/24 16:33,100,22.20428276,100,21.92476845,100,21.65370369,0,21.91840172
2023/5/24 16:34,100,22.11747742,100,21.92476845,100,21.65370369,0,21.91840172
2023/5/24 16:35,100,22.11747742,100,21.92476845,100,21.65370369,0,21.91840172
2023/5/24 16:36,100,22.11747742,100,21.92476845,100,21.75497818,0,21.91840172
2023/5/24 16:37,100,22.11747742,100,21.92476845,100,21.75497818,0,21.91840172
2023/5/24 16:38,100,22.11747742,100,22.01157379,100,21.75497818,0,21.91840172
2023/5/24 16:39,100,22.11747742,100,21.92476845,100,21.75497818,0,21.91840172
2023/5/24 16:40,100,22.11747742,100,22.02604294,100,21.75497818,0,21.91840172
2023/5/24 16:41,100,22.11747742,100,22.02604294,100,21.75497818,0,21.91840172
2023/5/24 16:42,100,22.11747742,100,22.01157379,100,21.75497818,0,21.91840172
2023/5/24 16:43,100,22.11747742,100,21.92476845,100,21.65370369,0,21.91840172
2023/5/24 16:44,100,22.11747742,100,21.92476845,100,21.65370369,0,21.91840172
2023/5/24 16:45,100,22.11747742,100,21.92476845,100,21.75497818,0,21.91840172
2023/5/24 16:46,100,22.11747742,100,21.92476845,100,21.75497818,0,21.91840172
2023/5/24 16:47,100,22.11747742,100,22.02604294,100,21.75497818,0,21.91840172
2023/5/24 16:48,100,22.11747742,100,21.92476845,100,21.75497818,0,21.91840172
2023/5/24 16:49,100,22.11747742,100,21.92476845,100,21.75497818,0,21.93287086
2023/5/24 16:50,100,22.11747742,100,21.92476845,100,21.75497818,0,21.91840172
2023/5/24 16:51,100,22.11747742,100,21.93923569,100,21.75497818,0,21.91840172
2023/5/24 16:52,100,22.11747742,100,21.93923569,100,21.85625076,0,21.91840172
2023/5/24 16:53,100,22.11747742,100,21.92476845,100,21.85625076,0,21.91840172
2023/5/24 16:54,100,22.11747742,100,21.92476845,100,21.85625076,0,21.91840172
2023/5/24 16:55,100,22.11747742,100,21.92476845,100,21.85625076,0,21.91840172
2023/5/24 16:56,100,22.21875,100,22.02604294,100,21.85625076,0,21.91840172
2023/5/24 16:57,100,22.21875,100,21.96817207,100,21.85625076,0,21.91840172
2023/5/24 16:58,100,22.21875,100,21.92476845,100,21.85625076,0,21.91840172
2023/5/24 16:59,100,22.21875,100,21.92476845,100,21.75497818,0,21.91840172
2023/5/24 17:00,100,22.11747742,100,21.92476845,100,21.75497818,0,21.91840172
2023/5/24 17:01,100,22.21875,100,22.02604294,100,21.85625076,0,21.91840172
2023/5/24 17:02,100,22.11747742,100,22.02604294,100,21.85625076,0,21.91840172
2023/5/24 17:03,100,22.01620293,100,22.02604294,100,21.95752335,0,21.90393448
2023/5/24 17:04,100,22.10301018,100,22.12731552,100,21.95752335,0,21.91840172
2023/5/24 17:05,100,22.11747742,100,22.02604294,100,21.95752335,0,21.91840172
2023/5/24 17:06,100,22.11747742,100,22.02604294,100,21.95752335,0,21.91840172
2023/5/24 17:07,100,22.21875,100,22.02604294,100,21.95752335,0,21.91840172
2023/5/24 17:08,100,22.21875,100,22.02604294,100,21.85625076,0,21.91840172
2023/5/24 17:09,100,22.21875,100,22.02604294,100,21.88518524,0,21.91840172
2023/5/24 17:10,100,22.21875,100,22.02604294,100,21.95752335,0,21.91840172
2023/5/24 17:11,100,22.21875,100,22.02604294,100,21.95752335,0.586718738,22.01967621
2023/5/24 17:12,100,22.32002258,100,22.02604294,100,21.95752335,3.79705143,22.01967621
2023/5/24 17:13,100,22.21875,100,22.02604294,100,21.95752335,18.64988518,22.01967621
2023/5/24 17:14,100,22.21875,100,22.02604294,100,21.95752335,33.22551346,22.01967621
2023/5/24 17:15,100,22.32002258,100,22.02604294,100,21.95752335,48.06480789,22.01967621
2023/5/24 17:16,100,22.21875,100,22.12731552,100,21.94305611,63.0588913,22.01967621
2023/5/24 17:17,100,22.32002258,100,22.12731552,100,22.05879784,77.63470459,22.01967621
2023/5/24 17:18,100,22.21875,100,22.12731552,100,21.95752335,92.48045349,22.01967621
2023/5/24 17:19,100,22.21875,100,22.02604294,100,21.95752335,100,22.01967621
2023/5/24 17:20,100,22.21875,100,22.02604294,100,21.95752335,73.33686829,21.90393448
2023/5/24 17:21,100,22.13194466,100,22.02604294,100,21.95752335,7.382565022,21.91840172
2023/5/24 17:22,100,22.21875,100,22.01157379,100,21.85625076,0,21.91840172
2023/5/24 17:23,100,22.21875,100,21.92476845,100,21.85625076,0,21.8026619
2023/5/24 17:24,100,22.21875,100,21.92476845,100,21.85625076,0,21.81712914
2023/5/24 17:25,100,22.11747742,100,21.92476845,100,21.85625076,0,21.81712914
2023/5/24 17:26,100,22.11747742,100,21.92476845,100,21.85625076,0,21.8026619
2023/5/24 17:27,100,22.11747742,100,21.92476845,100,21.85625076,0,21.81712914
2023/5/24 17:28,100,22.11747742,100,21.92476845,100,21.95752335,0,21.81712914
2023/5/24 17:29,100,22.21875,100,22.02604294,100,21.95752335,0,21.81712914
2023/5/24 17:30,100,22.21875,100,22.02604294,100,21.95752335,0,21.81712914
2023/5/24 17:31,100,22.11747742,100,22.12731552,100,21.94305611,0,21.81712914
2023/5/24 17:32,100,22.21875,100,22.12731552,100,21.95752335,0,21.81712914
2023/5/24 17:33,100,22.21875,100,22.12731552,100,21.95752335,0,21.81712914
2023/5/24 17:34,100,22.21875,100,22.12731552,100,21.95752335,0,21.81712914
2023/5/24 17:35,100,22.10301018,100,22.12731552,100,21.97199059,0,21.81712914
2023/5/24 17:36,100,22.21875,100,22.12731552,100,22.05879784,0,21.81712914
2023/5/24 17:37,100,22.21875,100,22.12731552,100,21.95752335,0,21.81712914
2023/5/24 17:38,100,22.30555534,100,22.12731552,100,22.05879784,0,21.81712914
2023/5/24 17:39,100,22.21875,100,22.02604294,100,21.95752335,0,21.81712914
2023/5/24 17:40,100,22.11747742,100,22.02604294,100,21.95752335,0,21.81712914
2023/5/24 17:41,100,22.10301018,100,22.05497742,100,21.95752335,0,21.81712914
2023/5/24 17:42,100,22.01620293,100,22.12731552,100,21.95752335,0,21.81712914
2023/5/24 17:43,100,22.01620293,100,22.12731552,100,22.05879784,0,21.81712914
2023/5/24 17:44,100,22.21875,100,22.05497742,100,22.04432869,0,21.81712914
2023/5/24 17:45,100,22.32002258,100,22.02604294,100,22.05879784,0,21.81712914
2023/5/24 17:46,100,22.24768448,100,22.02604294,100,22.05879784,0,21.91840172
2023/5/24 17:47,100,22.21875,100,22.11284828,100,22.05879784,0,21.91840172
2023/5/24 17:48,100,22.21875,100,22.12731552,100,22.05879784,0,21.91840172
2023/5/24 17:49,100,22.32002258,100,22.05497742,100,22.05879784,0,21.91840172
2023/5/24 17:50,100,22.30555534,100,22.02604294,100,22.05879784,0,21.91840172
2023/5/24 17:51,100,22.21875,100,22.02604294,100,22.05879784,0,21.91840172
2023/5/24 17:52,100,22.21875,100,22.02604294,100,22.05879784,0,21.91840172
2023/5/24 17:53,100,22.21875,100,22.02604294,100,22.05879784,0,21.91840172
2023/5/24 17:54,100,22.21875,100,22.11284828,100,22.05879784,0,21.91840172
2023/5/24 17:55,100,22.17534828,100,22.12731552,100,22.14560318,0,21.91840172
2023/5/24 17:56,100,22.21875,100,22.12731552,100,22.16007042,0,21.91840172
2023/5/24 17:57,100,22.20428276,100,22.12731552,100,22.16007042,0,21.91840172
2023/5/24 17:58,100,22.21875,100,22.12731552,100,22.05879784,0.066920608,21.99073982
2023/5/24 17:59,100,22.21875,100,22.11284828,100,22.04432869,0,21.91840172
2023/5/24 18:00,100,22.21875,100,22.12731552,100,22.05879784,0,21.91840172
2023/5/24 18:01,100,22.32002258,100,22.12731552,100,22.05879784,0,21.91840172
2023/5/24 18:02,100,22.32002258,100,22.12731552,100,22.00092697,0,21.91840172
2023/5/24 18:03,100,22.32002258,100,22.12731552,100,21.95752335,0,21.91840172
2023/5/24 18:04,100,22.32002258,100,22.12731552,100,21.95752335,0,21.91840172
2023/5/24 18:05,100,22.21875,100,22.12731552,100,21.95752335,0,21.91840172
2023/5/24 18:06,100,22.32002258,100,22.12731552,100,21.95752335,0,21.91840172
2023/5/24 18:07,100,22.21875,100,22.12731552,100,22.05879784,0,21.91840172
2023/5/24 18:08,100,22.21875,100,22.12731552,100,22.00092697,0.097413912,22.01967621
2023/5/24 18:09,100,22.21875,100,22.11284828,100,21.95752335,0,21.93287086
2023/5/24 18:10,100,22.21875,100,22.12731552,100,21.95752335,0,21.91840172
2023/5/24 18:11,100,22.21875,100,22.12731552,100,22.05879784,0,21.93287086
2023/5/24 18:12,100,22.21875,100,22.2285881,100,22.05879784,0,21.91840172
2023/5/24 18:13,100,22.21875,100,22.2285881,100,22.05879784,0,21.91840172
2023/5/24 18:14,100,22.21875,100,22.2285881,100,22.05879784,8.338107109,22.01967621
2023/5/24 18:15,100,22.21875,100,22.2285881,100,22.05879784,22.87168503,22.01967621
2023/5/24 18:16,100,22.21875,100,22.2285881,100,22.05879784,37.27694702,22.01967621
2023/5/24 18:17,100,22.21875,100,22.2285881,100,22.05879784,52.13978195,22.01967621
2023/5/24 18:18,100,22.21875,100,22.14178276,100,22.05879784,66.57863617,22.01967621
2023/5/24 18:19,100,22.21875,100,22.2285881,100,22.05879784,81.30047607,22.01967621
2023/5/24 18:20,100,22.21875,100,22.21412086,100,22.05879784,96.07611084,22.01967621
2023/5/24 18:21,100,22.32002258,100,22.12731552,100,22.05879784,47.57485962,21.91840172
2023/5/24 18:22,100,22.32002258,100,22.12731552,100,22.05879784,0,21.91840172
2023/5/24 18:23,100,22.32002258,100,22.12731552,100,21.95752335,0,21.90393448
2023/5/24 18:24,100,22.32002258,100,22.11284828,100,22.05879784,0,21.91840172
2023/5/24 18:25,100,22.21875,100,22.12731552,100,22.05879784,0,21.81712914
2023/5/24 18:26,100,22.21875,100,22.12731552,100,22.05879784,0,21.81712914
2023/5/24 18:27,100,22.21875,100,22.12731552,100,22.05879784,0,21.81712914
2023/5/24 18:28,100,22.21875,100,22.12731552,100,22.05879784,0,21.81712914
2023/5/24 18:29,100,22.21875,100,22.12731552,100,22.16007042,0,21.81712914
2023/5/24 18:30,100,22.13194466,100,22.2285881,100,22.16007042,0,21.81712914
2023/5/24 18:31,100,22.21875,100,22.2285881,100,22.16007042,0,21.81712914
2023/5/24 18:32,100,22.21875,100,22.2285881,100,22.16007042,0,21.81712914
2023/5/24 18:33,100,22.21875,100,22.32986069,100,22.16007042,0,21.81712914
2023/5/24 18:34,100,22.21875,100,22.32986069,100,22.17453766,0,21.81712914
2023/5/24 18:35,100,22.21875,100,22.32986069,100,22.261343,0,21.81712914
2023/5/24 18:36,100,22.21875,100,22.38773155,100,22.261343,0,21.91840172
2023/5/24 18:37,100,22.11747742,100,22.32986069,100,22.261343,0,21.81712914
2023/5/24 18:38,100,22.11747742,100,22.32986069,100,22.261343,0,21.91840172
2023/5/24 18:39,100,22.11747742,100,22.32986069,100,22.261343,0,21.91840172
2023/5/24 18:40,100,22.18981552,100,22.37326431,100,22.261343,0,21.91840172
2023/5/24 18:41,100,22.11747742,100,22.32986069,100,22.261343,0,21.91840172
2023/5/24 18:42,100,22.11747742,100,22.32986069,100,22.17453766,0,21.90393448
2023/5/24 18:43,100,22.11747742,100,22.32986069,100,22.16007042,0,21.91840172
2023/5/24 18:44,100,22.11747742,100,22.32986069,100,22.261343,0,21.91840172
2023/5/24 18:45,100,22.11747742,100,22.32986069,100,22.261343,0,21.91840172
2023/5/24 18:46,100,22.21875,100,22.32986069,100,22.261343,0,21.91840172
2023/5/24 18:47,100,22.21875,100,22.31539345,100,22.16007042,0,21.91840172
2023/5/24 18:48,100,22.21875,100,22.32986069,100,22.16007042,0,21.91840172
2023/5/24 18:49,100,22.11747742,100,22.32986069,100,22.16007042,0,21.91840172
2023/5/24 18:50,100,22.17534828,100,22.32986069,100,22.16007042,0,21.91840172
2023/5/24 18:51,100,22.21875,100,22.32986069,100,22.16007042,0,21.91840172
2023/5/24 18:52,100,22.21875,100,22.32986069,100,22.16007042,0,21.91840172
2023/5/24 18:53,100,22.21875,100,22.32986069,100,22.23240852,0,21.91840172
2023/5/24 18:54,100,22.21875,100,22.32986069,100,22.261343,0.01111863,21.99073982
2023/5/24 18:55,100,22.11747742,100,22.32986069,100,22.16007042,3.421445608,21.91840172
2023/5/24 18:56,100,22.11747742,100,22.43113518,100,22.261343,10.1062088,22.01967621
2023/5/24 18:57,100,22.11747742,100,22.43113518,100,22.36261559,16.61372566,22.00520706
2023/5/24 18:58,100,22.11747742,100,22.43113518,100,22.34814835,28.69578743,22.01967621
2023/5/24 18:59,100,22.11747742,100,22.43113518,100,22.36261559,43.62532806,22.01967621
2023/5/24 19:00,100,22.21875,100,22.43113518,100,22.36261559,58.35390854,22.00520706
2023/5/24 19:01,100,22.21875,100,22.43113518,100,22.36261559,72.86624146,22.01967621
2023/5/24 19:02,100,22.11747742,100,22.43113518,100,22.261343,87.75627899,22.01967621
2023/5/24 19:03,100,22.11747742,100,22.32986069,100,22.24687576,45.53722382,21.91840172
2023/5/24 19:04,100,22.11747742,100,22.32986069,100,22.14560318,0,21.91840172
2023/5/24 19:05,100,22.21875,100,22.32986069,100,22.16007042,0,21.91840172
2023/5/24 19:06,100,22.11747742,100,22.32986069,100,22.16007042,0,21.81712914
2023/5/24 19:07,100,22.11747742,100,22.32986069,100,22.24687576,0,21.81712914
2023/5/24 19:08,100,22.11747742,100,22.32986069,100,22.16007042,0,21.81712914
2023/5/24 19:09,100,22.11747742,100,22.32986069,100,22.16007042,0,21.81712914
2023/5/24 19:10,100,22.10301018,100,22.30092621,100,22.05879784,0,21.81712914
2023/5/24 19:11,100,22.11747742,100,22.32986069,100,22.16007042,0,21.8026619
2023/5/24 19:12,100,22.11747742,100,22.32986069,100,22.261343,0,21.81712914
2023/5/24 19:13,100,22.11747742,100,22.32986069,100,22.261343,0,21.81712914
2023/5/24 19:14,100,22.21875,100,22.32986069,100,22.24687576,0,21.81712914
2023/5/24 19:15,100,22.11747742,100,22.32986069,100,22.261343,0,21.81712914
2023/5/24 19:16,100,22.11747742,100,22.32986069,100,22.16007042,0,21.81712914
2023/5/24 19:17,100,22.21875,100,22.2285881,100,22.16007042,0,21.81712914
2023/5/24 19:18,100,22.11747742,100,22.2285881,100,22.16007042,0,21.81712914
2023/5/24 19:19,100,22.11747742,100,22.21412086,100,22.16007042,0,21.91840172
2023/5/24 19:20,100,22.11747742,100,22.2285881,100,22.14560318,0,21.81712914
2023/5/24 19:21,100,22.11747742,100,22.2285881,100,22.05879784,0,21.81712914
2023/5/24 19:22,100,22.21875,100,22.2285881,100,22.05879784,0,21.81712914
2023/5/24 19:23,100,22.21875,100,22.2285881,100,22.05879784,0,21.91840172
2023/5/24 19:24,100,22.11747742,100,22.2285881,100,22.05879784,0,21.91840172
2023/5/24 19:25,100,22.11747742,100,22.2285881,100,22.04432869,0,21.91840172
2023/5/24 19:26,100,22.13194466,100,22.2285881,100,22.05879784,0,21.91840172
2023/5/24 19:27,100,22.11747742,100,22.2285881,100,22.05879784,0,21.91840172
2023/5/24 19:28,100,22.21875,100,22.2285881,100,22.05879784,0,21.91840172
2023/5/24 19:29,100,22.32002258,100,22.2285881,100,22.04432869,0,21.90393448
2023/5/24 19:30,100,22.32002258,100,22.21412086,100,22.05879784,0,21.91840172
2023/5/24 19:31,100,22.32002258,100,22.2285881,100,22.05879784,0,21.91840172
2023/5/24 19:32,100,22.21875,100,22.2285881,100,22.05879784,0,21.91840172
2023/5/24 19:33,100,22.21875,100,22.2285881,100,22.16007042,1.881416559,22.01967621
2023/5/24 19:34,100,22.21875,100,22.31539345,100,22.05879784,7.765705109,22.01967621
2023/5/24 19:35,100,22.21875,100,22.25752258,100,22.16007042,21.32222748,22.01967621
2023/5/24 19:36,100,22.21875,100,22.32986069,100,22.16007042,0,21.91840172
2023/5/24 19:37,100,22.21875,100,22.32986069,100,22.16007042,0.848325253,22.01967621
2023/5/24 19:38,100,22.21875,100,22.32986069,100,22.14560318,0.109617501,22.01967621
2023/5/24 19:39,100,22.11747742,100,22.32986069,100,22.05879784,7.510977745,22.01967621
2023/5/24 19:40,100,22.21875,100,22.32986069,100,22.05879784,0,21.91840172
2023/5/24 19:41,100,22.32002258,100,22.2285881,100,21.95752335,0,21.91840172
2023/5/24 19:42,100,22.32002258,100,22.2285881,100,21.95752335,7.245475769,22.01967621
2023/5/24 19:43,100,22.32002258,100,22.21412086,100,22.05879784,21.75551796,22.01967621
2023/5/24 19:44,100,22.32002258,100,22.32986069,100,22.05879784,35.76144028,22.00520706
2023/5/24 19:45,100,22.21875,100,22.32986069,100,22.16007042,26.39185524,22.01967621
2023/5/24 19:46,100,22.32002258,100,22.32986069,100,22.16007042,38.53224564,21.97627258
2023/5/24 19:47,100,22.21875,100,22.2285881,100,22.16007042,43.87366486,22.01967621
2023/5/24 19:48,100,22.32002258,100,22.21412086,100,22.16007042,58.62533951,22.01967621
2023/5/24 19:49,100,22.21875,100,22.2285881,100,22.16007042,73.18040466,22.01967621
2023/5/24 19:50,100,22.21875,100,22.2285881,100,22.16007042,88.0039444,22.01967621
2023/5/24 19:51,100,22.21875,100,22.2285881,100,22.16007042,99.45976257,22.01967621
2023/5/24 19:52,100,22.11747742,100,22.2285881,100,22.16007042,43.57120514,21.91840172
2023/5/24 19:53,100,22.11747742,100,22.2285881,100,22.05879784,0,21.91840172
2023/5/24 19:54,100,22.11747742,100,22.2285881,100,22.04432869,0,21.81712914
2023/5/24 19:55,100,22.21875,100,22.2285881,100,22.05879784,0,21.8026619
2023/5/24 19:56,100,22.21875,100,22.12731552,100,22.05879784,0,21.81712914
2023/5/24 19:57,100,22.21875,100,22.2285881,100,22.05879784,0,21.81712914
2023/5/24 19:58,100,22.21875,100,22.2285881,100,22.05879784,0,21.81712914
2023/5/24 19:59,100,22.11747742,100,22.12731552,100,22.05879784,0,21.81712914
2023/5/24 20:00,100,22.21875,100,22.12731552,100,22.04432869,0,21.81712914
2023/5/24 20:01,100,22.20428276,100,22.12731552,100,22.16007042,0,21.81712914
2023/5/24 20:02,100,22.11747742,100,22.12731552,100,22.16007042,0,21.81712914
2023/5/24 20:03,100,22.21875,100,22.11284828,100,22.05879784,0,21.81712914
2023/5/24 20:04,100,22.21875,100,22.12731552,100,22.05879784,0,21.81712914
2023/5/24 20:05,100,22.21875,100,22.2285881,100,22.04432869,0,21.81712914
2023/5/24 20:06,100,22.21875,100,22.2285881,100,22.05879784,0,21.81712914
2023/5/24 20:07,100,22.21875,100,22.2285881,100,22.05879784,0,21.81712914
2023/5/24 20:08,100,22.21875,100,22.31539345,100,22.16007042,0,21.81712914
2023/5/24 20:09,100,22.21875,100,22.43113518,100,22.24687576,0,21.81712914
2023/5/24 20:10,100,22.11747742,100,22.32986069,100,22.261343,0,21.91840172
2023/5/24 20:11,100,22.21875,100,22.32986069,100,22.24687576,0,21.91840172
2023/5/24 20:12,100,22.21875,100,22.32986069,100,22.261343,0,21.91840172
2023/5/24 20:13,100,22.1464119,100,22.32986069,100,22.36261559,0,21.91840172
2023/5/24 20:14,100,22.20428276,100,22.32986069,100,22.261343,0,21.91840172
2023/5/24 20:15,100,22.11747742,100,22.31539345,100,22.261343,0,21.91840172
2023/5/24 20:16,100,22.11747742,100,22.32986069,100,22.24687576,0,21.90393448
2023/5/24 20:17,100,22.18981552,100,22.32986069,100,22.16007042,0,21.91840172
2023/5/24 20:18,100,22.20428276,100,22.32986069,100,22.261343,0,21.91840172
2023/5/24 20:19,100,22.21875,100,22.32986069,100,22.16007042,0,21.91840172
2023/5/24 20:20,100,22.21875,100,22.32986069,100,22.16007042,0,21.91840172
2023/5/24 20:21,100,22.21875,100,22.32986069,100,22.14560318,7.343337536,22.01967621
2023/5/24 20:22,100,22.21875,100,22.32986069,100,22.261343,22.22924423,22.01967621
2023/5/24 20:23,100,22.21875,100,22.32986069,100,22.16007042,36.68113708,22.01967621
2023/5/24 20:24,100,22.21875,100,22.32986069,100,22.261343,51.59713745,22.01967621
2023/5/24 20:25,100,22.21875,100,22.32986069,100,22.261343,66.50160217,22.01967621
2023/5/24 20:26,100,22.21875,100,22.32986069,100,22.24687576,81.34544373,22.01967621
2023/5/24 20:27,100,22.11747742,100,22.41666794,100,22.24687576,96.22148895,22.01967621
2023/5/24 20:28,100,22.11747742,100,22.32986069,100,22.261343,90.30574799,21.91840172
2023/5/24 20:29,100,22.11747742,100,22.32986069,100,22.16007042,27.3204174,21.91840172
2023/5/24 20:30,100,22.11747742,100,22.32986069,100,22.16007042,0,21.91840172
2023/5/24 20:31,100,22.11747742,100,22.2285881,100,22.05879784,0,21.81712914
2023/5/24 20:32,100,22.11747742,100,22.2285881,100,22.04432869,0,21.81712914
2023/5/24 20:33,100,22.11747742,100,22.2285881,100,22.05879784,0,21.81712914
2023/5/24 20:34,100,22.01620293,100,22.2285881,100,22.04432869,0,21.81712914
2023/5/24 20:35,100,22.11747742,100,22.2285881,100,22.05879784,0,21.81712914
2023/5/24 20:36,100,22.11747742,100,22.2285881,100,22.05879784,0,21.81712914
2023/5/24 20:37,100,22.11747742,100,22.2285881,100,22.05879784,0,21.81712914
2023/5/24 20:38,100,22.11747742,100,22.2285881,100,22.05879784,0,21.81712914
2023/5/24 20:39,100,22.11747742,100,22.2285881,100,22.08773232,0,21.81712914
2023/5/24 20:40,100,22.11747742,100,22.2285881,100,22.05879784,0,21.81712914
2023/5/24 20:41,100,22.11747742,100,22.2285881,100,22.05879784,0,21.81712914
2023/5/24 20:42,100,22.21875,100,22.2285881,100,21.95752335,0,21.81712914
2023/5/24 20:43,100,22.21875,100,22.12731552,100,22.05879784,0,21.81712914
2023/5/24 20:44,100,22.11747742,100,22.12731552,100,22.04432869,0,21.81712914
2023/5/24 20:45,100,22.11747742,100,22.12731552,100,22.05879784,0,21.81712914
2023/5/24 20:46,100,22.11747742,100,22.2285881,100,22.05879784,0,21.81712914
2023/5/24 20:47,100,22.11747742,100,22.2285881,100,22.16007042,0,21.81712914
2023/5/24 20:48,100,22.11747742,100,22.2285881,100,22.05879784,0,21.81712914
2023/5/24 20:49,100,22.11747742,100,22.12731552,100,22.05879784,0,21.81712914
2023/5/24 20:50,100,22.11747742,100,22.2285881,100,22.16007042,0,21.81712914
2023/5/24 20:51,100,22.11747742,100,22.2285881,100,22.16007042,0,21.81712914
2023/5/24 20:52,100,22.11747742,100,22.2285881,100,22.16007042,0,21.81712914
2023/5/24 20:53,100,22.01620293,100,22.2285881,100,22.16007042,0,21.81712914
2023/5/24 20:54,100,22.11747742,100,22.2285881,100,22.16007042,0,21.81712914
2023/5/24 20:55,100,22.11747742,100,22.25752258,100,22.261343,0,21.81712914
2023/5/24 20:56,100,22.11747742,100,22.2285881,100,22.16007042,0,21.81712914
2023/5/24 20:57,100,22.11747742,100,22.2285881,100,22.05879784,0,21.81712914
2023/5/24 20:58,100,22.11747742,100,22.2285881,100,22.05879784,0,21.81712914
2023/5/24 20:59,100,22.21875,100,22.2285881,100,22.05879784,0,21.81712914
2023/5/24 21:00,100,22.11747742,100,22.2285881,100,22.05879784,0,21.81712914
2023/5/24 21:01,100,22.21875,100,22.2285881,100,22.05879784,0,21.81712914
2023/5/24 21:02,100,22.11747742,100,22.31539345,100,22.05879784,0,21.81712914
2023/5/24 21:03,100,22.17534828,100,22.32986069,100,22.16007042,0,21.81712914
2023/5/24 21:04,100,22.20428276,100,22.32986069,100,22.261343,0,21.81712914
2023/5/24 21:05,100,22.11747742,100,22.32986069,100,22.16007042,0,21.81712914
2023/5/24 21:06,100,22.11747742,100,22.32986069,100,22.16007042,0,21.8026619
2023/5/24 21:07,100,22.18981552,100,22.32986069,100,22.16007042,0,21.81712914
2023/5/24 21:08,100,22.11747742,100,22.32986069,100,22.16007042,0,21.81712914
2023/5/24 21:09,100,22.21875,100,22.32986069,100,22.16007042,0,21.81712914
2023/5/24 21:10,100,22.21875,100,22.32986069,100,22.16007042,0,21.81712914
2023/5/24 21:11,100,22.11747742,100,22.31539345,100,22.16007042,0,21.81712914
2023/5/24 21:12,100,22.21875,100,22.2285881,100,22.16007042,0,21.81712914
2023/5/24 21:13,100,22.21875,100,22.2285881,100,22.1890049,0,21.81712914
2023/5/24 21:14,100,22.20428276,100,22.2285881,100,22.16007042,0,21.81712914
2023/5/24 21:15,100,22.11747742,100,22.32986069,100,22.261343,0,21.81712914
2023/5/24 21:16,100,22.10301018,100,22.32986069,100,22.261343,0,21.81712914
2023/5/24 21:17,100,22.18981552,100,22.32986069,100,22.261343,0,21.81712914
2023/5/24 21:18,100,22.11747742,100,22.43113518,100,22.261343,0,21.81712914
2023/5/24 21:19,100,22.11747742,100,22.43113518,100,22.261343,0,21.81712914
2023/5/24 21:20,100,22.11747742,100,22.32986069,100,22.16007042,0,21.81712914
2023/5/24 21:21,100,22.11747742,100,22.32986069,100,22.16007042,0,21.81712914
2023/5/24 21:22,100,22.11747742,100,22.32986069,100,22.05879784,0,21.81712914
2023/5/24 21:23,100,22.21875,100,22.32986069,100,22.05879784,0,21.81712914
2023/5/24 21:24,100,22.21875,100,22.2285881,100,22.05879784,0,21.81712914
2023/5/24 21:25,100,22.21875,100,22.32986069,100,22.05879784,0,21.81712914
2023/5/24 21:26,100,22.21875,100,22.25752258,100,22.16007042,0,21.81712914
2023/5/24 21:27,100,22.21875,100,22.2285881,100,22.16007042,0,21.81712914
2023/5/24 21:28,100,22.21875,100,22.2285881,100,22.16007042,0,21.81712914
2023/5/24 21:29,100,22.32002258,100,22.2285881,100,22.05879784,0,21.81712914
2023/5/24 21:30,100,22.32002258,100,22.2285881,100,22.05879784,0,21.81712914
2023/5/24 21:31,100,22.32002258,100,22.32986069,100,22.05879784,0,21.81712914
2023/5/24 21:32,100,22.21875,100,22.2285881,100,22.16007042,0,21.81712914
2023/5/24 21:33,100,22.32002258,100,22.2285881,100,22.16007042,0,21.81712914
2023/5/24 21:34,100,22.21875,100,22.32986069,100,22.16007042,0,21.81712914
2023/5/24 21:35,100,22.21875,100,22.32986069,100,22.16007042,0,21.90393448
2023/5/24 21:36,100,22.32002258,100,22.32986069,100,22.16007042,0,21.91840172
2023/5/24 21:37,100,22.32002258,100,22.32986069,100,22.261343,0,21.91840172
2023/5/24 21:38,100,22.32002258,100,22.32986069,100,22.261343,0,21.91840172
2023/5/24 21:39,100,22.32002258,100,22.32986069,100,22.36261559,0,21.91840172
2023/5/24 21:40,100,22.32002258,100,22.32986069,100,22.261343,0,21.91840172
2023/5/24 21:41,100,22.32002258,100,22.32986069,100,22.261343,0,21.91840172
2023/5/24 21:42,100,22.32002258,100,22.32986069,100,22.16007042,0,21.91840172
2023/5/24 21:43,100,22.32002258,100,22.32986069,100,22.261343,0,21.91840172
2023/5/24 21:44,100,22.32002258,100,22.32986069,100,22.261343,0,21.91840172
2023/5/24 21:45,100,22.32002258,100,22.32986069,100,22.261343,0,21.91840172
2023/5/24 21:46,100,22.32002258,100,22.32986069,100,22.261343,7.199543476,22.01967621
2023/5/24 21:47,100,22.32002258,100,22.32986069,100,22.261343,21.85826874,22.01967621
2023/5/24 21:48,100,22.32002258,100,22.32986069,100,22.261343,34.99701691,22.01967621
2023/5/24 21:49,100,22.32002258,100,22.32986069,100,22.261343,39.12355423,22.01967621
2023/5/24 21:50,100,22.32002258,100,22.32986069,100,22.261343,13.79079342,21.96180534
2023/5/24 21:51,100,22.32002258,100,22.32986069,100,22.261343,0,21.91840172
2023/5/24 21:52,100,22.32002258,100,22.31539345,100,22.261343,0,21.90393448
2023/5/24 21:53,100,22.32002258,100,22.32986069,100,22.261343,0,21.91840172
2023/5/24 21:54,100,22.32002258,100,22.2285881,100,22.261343,0,21.91840172
2023/5/24 21:55,100,22.42129707,100,22.2285881,100,22.261343,0,21.91840172
2023/5/24 21:56,100,22.32002258,100,22.2285881,100,22.16007042,0,21.91840172
2023/5/24 21:57,100,22.32002258,100,22.32986069,100,22.16007042,0,21.91840172
2023/5/24 21:58,100,22.32002258,100,22.32986069,100,22.16007042,0,21.91840172
2023/5/24 21:59,100,22.42129707,100,22.32986069,100,22.261343,0,21.91840172
2023/5/24 22:00,100,22.32002258,100,22.43113518,100,22.261343,0,21.81712914
2023/5/24 22:01,100,22.32002258,100,22.43113518,100,22.261343,0,21.91840172
2023/5/24 22:02,100,22.32002258,100,22.32986069,100,22.261343,0,21.91840172
2023/5/24 22:03,100,22.32002258,100,22.32986069,100,22.16007042,0,21.90393448
2023/5/24 22:04,100,22.32002258,100,22.32986069,100,22.261343,0,21.91840172
2023/5/24 22:05,100,22.32002258,100,22.32986069,100,22.261343,0,21.91840172
2023/5/24 22:06,100,22.32002258,100,22.31539345,100,22.261343,0,21.91840172
2023/5/24 22:07,100,22.32002258,100,22.32986069,100,22.261343,0,21.91840172
2023/5/24 22:08,100,22.32002258,100,22.32986069,100,22.261343,0,21.91840172
2023/5/24 22:09,100,22.32002258,100,22.32986069,100,22.261343,0,21.91840172
2023/5/24 22:10,100,22.32002258,100,22.32986069,100,22.261343,0,21.91840172
2023/5/24 22:11,100,22.32002258,100,22.21412086,100,22.16007042,0,21.91840172
2023/5/24 22:12,100,22.32002258,100,22.28645706,100,22.16007042,0,21.91840172
2023/5/24 22:13,100,22.32002258,100,22.32986069,100,22.261343,0,21.91840172
2023/5/24 22:14,100,22.32002258,100,22.32986069,100,22.261343,0,21.91840172
2023/5/24 22:15,100,22.32002258,100,22.43113518,100,22.261343,0,21.91840172
2023/5/24 22:16,100,22.32002258,100,22.43113518,100,22.261343,0,21.91840172
2023/5/24 22:17,100,22.32002258,100,22.43113518,100,22.261343,0,21.91840172
2023/5/24 22:18,100,22.42129707,100,22.31539345,100,22.261343,0,21.91840172
2023/5/24 22:19,100,22.42129707,100,22.32986069,100,22.261343,0,21.91840172
2023/5/24 22:20,100,22.42129707,100,22.32986069,100,22.16007042,0.036107548,22.00520706
2023/5/24 22:21,100,22.42129707,100,22.25752258,100,22.16007042,0.190301225,22.01967621
2023/5/24 22:22,100,22.36342621,100,22.32986069,100,22.16007042,0,21.91840172
2023/5/24 22:23,100,22.42129707,100,22.21412086,100,22.16007042,0,21.91840172
2023/5/24 22:24,100,22.42129707,100,22.32986069,100,22.261343,0,21.91840172
2023/5/24 22:25,100,22.42129707,100,22.32986069,100,22.261343,0,21.91840172
2023/5/24 22:26,100,22.42129707,100,22.32986069,100,22.261343,0,21.91840172
2023/5/24 22:27,100,22.42129707,100,22.32986069,100,22.36261559,11.85228539,22.00520706
2023/5/24 22:28,100,22.42129707,100,22.31539345,100,22.30474663,26.63349152,22.01967621
2023/5/24 22:29,100,22.42129707,100,22.32986069,100,22.261343,41.37337875,22.01967621
2023/5/24 22:30,100,22.40682793,100,22.32986069,100,22.261343,56.38624191,22.00520706
2023/5/24 22:31,100,22.50810242,100,22.32986069,100,22.261343,70.9174881,22.01967621
2023/5/24 22:32,100,22.52256966,100,22.32986069,100,22.16007042,85.69049835,22.01967621
2023/5/24 22:33,100,22.42129707,100,22.2285881,100,22.14560318,43.38913727,21.91840172
2023/5/24 22:34,100,22.42129707,100,22.2285881,100,22.05879784,0,21.91840172
2023/5/24 22:35,100,22.42129707,100,22.2285881,100,22.05879784,0,21.91840172
2023/5/24 22:36,100,22.42129707,100,22.12731552,100,22.05879784,0,21.91840172
2023/5/24 22:37,100,22.42129707,100,22.12731552,100,22.05879784,0,21.83159828
2023/5/24 22:38,100,22.42129707,100,22.12731552,100,22.05879784,0,21.81712914
2023/5/24 22:39,100,22.42129707,100,22.12731552,100,22.05879784,0,21.81712914
2023/5/24 22:40,100,22.42129707,100,22.12731552,100,21.95752335,0,21.81712914
2023/5/24 22:41,100,22.42129707,100,22.12731552,100,22.05879784,0,21.81712914
2023/5/24 22:42,100,22.42129707,100,22.2285881,100,22.05879784,0,21.81712914
2023/5/24 22:43,100,22.32002258,100,22.2285881,100,22.16007042,0,21.81712914
2023/5/24 22:44,100,22.42129707,100,22.25752258,100,22.16007042,0,21.81712914
2023/5/24 22:45,100,22.42129707,100,22.32986069,100,22.16007042,0,21.81712914
2023/5/24 22:46,100,22.40682793,100,22.32986069,100,22.16007042,0,21.81712914
2023/5/24 22:47,100,22.42129707,100,22.32986069,100,22.261343,0,21.81712914
2023/5/24 22:48,100,22.42129707,100,22.32986069,100,22.261343,0,21.81712914
2023/5/24 22:49,100,22.32002258,100,22.32986069,100,22.261343,0,21.81712914
2023/5/24 22:50,100,22.42129707,100,22.32986069,100,22.14560318,0,21.81712914
2023/5/24 22:51,100,22.42129707,100,22.2285881,100,22.14560318,0,21.81712914
2023/5/24 22:52,100,22.32002258,100,22.12731552,100,22.05879784,0,21.81712914
2023/5/24 22:53,100,22.32002258,100,22.2285881,100,22.04432869,0,21.81712914
2023/5/24 22:54,100,22.32002258,100,22.2285881,100,22.05879784,0,21.81712914
2023/5/24 22:55,100,22.32002258,100,22.2285881,100,22.04432869,0,21.81712914
2023/5/24 22:56,100,22.32002258,100,22.17071724,100,22.05879784,0,21.81712914
2023/5/24 22:57,100,22.32002258,100,22.12731552,100,22.05879784,0,21.91840172
2023/5/24 22:58,100,22.34895706,100,22.2285881,100,22.05879784,0,21.91840172
2023/5/24 22:59,100,22.42129707,100,22.2285881,100,22.04432869,0,21.91840172
2023/5/24 23:00,100,22.40682793,100,22.12731552,100,21.95752335,0,21.91840172
2023/5/24 23:01,100,22.42129707,100,22.12731552,100,21.95752335,0,21.91840172
2023/5/24 23:02,100,22.42129707,100,22.14178276,100,21.95752335,0,21.91840172
2023/5/24 23:03,100,22.42129707,100,22.12731552,100,21.95752335,0,21.91840172
2023/5/24 23:04,100,22.52256966,100,22.12731552,100,21.95752335,0,21.91840172
2023/5/24 23:05,100,22.42129707,100,22.12731552,100,22.05879784,0,21.91840172
2023/5/24 23:06,100,22.42129707,100,22.12731552,100,22.05879784,0,21.91840172
2023/5/24 23:07,100,22.42129707,100,22.12731552,100,22.05879784,0,21.91840172
2023/5/24 23:08,100,22.42129707,100,22.2285881,100,22.05879784,0,21.91840172
2023/5/24 23:09,100,22.42129707,100,22.2285881,100,22.05879784,0,21.91840172
2023/5/24 23:10,100,22.42129707,100,22.12731552,100,22.04432869,0,21.91840172
2023/5/24 23:11,100,22.40682793,100,22.12731552,100,22.05879784,0,21.91840172
2023/5/24 23:12,100,22.42129707,100,22.12731552,100,22.05879784,0,21.91840172
2023/5/24 23:13,100,22.42129707,100,22.15625,100,22.05879784,0.002051365,21.96180534
2023/5/24 23:14,100,22.42129707,100,22.21412086,100,22.08773232,8.589323997,22.01967621
2023/5/24 23:15,100,22.52256966,100,22.12731552,100,22.04432869,23.36785126,22.01967621
2023/5/24 23:16,100,22.42129707,100,22.2285881,100,22.16007042,37.77930832,22.01967621
2023/5/24 23:17,100,22.42129707,100,22.2285881,100,22.05879784,52.41100693,22.01967621
2023/5/24 23:18,100,22.42129707,100,22.2285881,100,22.16007042,67.18278503,22.01967621
2023/5/24 23:19,100,22.42129707,100,22.2285881,100,22.16007042,82.09546661,22.01967621
2023/5/24 23:20,100,22.42129707,100,22.2285881,100,22.14560318,86.95373535,21.93287086
2023/5/24 23:21,100,22.42129707,100,22.2285881,100,22.16007042,25.93118477,21.91840172
2023/5/24 23:22,100,22.42129707,100,22.2285881,100,22.05879784,0,21.91840172
2023/5/24 23:23,100,22.42129707,100,22.11284828,100,22.05879784,0,21.91840172
2023/5/24 23:24,100,22.42129707,100,22.12731552,100,22.05879784,0,21.81712914
2023/5/24 23:25,100,22.32002258,100,22.12731552,100,22.04432869,0,21.81712914
2023/5/24 23:26,100,22.32002258,100,22.2285881,100,22.05879784,0,21.81712914
2023/5/24 23:27,100,22.21875,100,22.2285881,100,22.16007042,0,21.81712914
2023/5/24 23:28,100,22.21875,100,22.2285881,100,22.16007042,0,21.81712914
2023/5/24 23:29,100,22.23321724,100,22.2285881,100,22.16007042,0,21.81712914
2023/5/24 23:30,100,22.32002258,100,22.2285881,100,22.16007042,0,21.81712914
2023/5/24 23:31,100,22.32002258,100,22.2285881,100,22.14560318,0,21.81712914
2023/5/24 23:32,100,22.32002258,100,22.2285881,100,22.16007042,0,21.81712914
2023/5/24 23:33,100,22.32002258,100,22.2285881,100,22.16007042,0,21.81712914
2023/5/24 23:34,100,22.21875,100,22.2285881,100,22.16007042,0,21.81712914
2023/5/24 23:35,100,22.32002258,100,22.2285881,100,22.16007042,0,21.81712914
2023/5/24 23:36,100,22.32002258,100,22.2285881,100,22.16007042,0,21.81712914
2023/5/24 23:37,100,22.21875,100,22.2285881,100,22.24687576,0,21.81712914
2023/5/24 23:38,100,22.21875,100,22.2285881,100,22.261343,0,21.8026619
2023/5/24 23:39,100,22.21875,100,22.2285881,100,22.16007042,0,21.81712914
2023/5/24 23:40,100,22.21875,100,22.32986069,100,22.16007042,0,21.81712914
2023/5/24 23:41,100,22.21875,100,22.31539345,100,22.16007042,0,21.81712914
2023/5/24 23:42,100,22.21875,100,22.32986069,100,22.16007042,0,21.81712914
2023/5/24 23:43,100,22.21875,100,22.32986069,100,22.16007042,0,21.90393448
2023/5/24 23:44,100,22.21875,100,22.32986069,100,22.261343,0,21.91840172
2023/5/24 23:45,100,22.21875,100,22.32986069,100,22.16007042,0,21.91840172
2023/5/24 23:46,100,22.30555534,100,22.31539345,100,22.16007042,0,21.91840172
2023/5/24 23:47,100,22.21875,100,22.32986069,100,22.16007042,0,21.91840172
2023/5/24 23:48,100,22.21875,100,22.32986069,100,22.16007042,0,21.91840172
2023/5/24 23:49,100,22.30555534,100,22.32986069,100,22.16007042,0,21.91840172
2023/5/24 23:50,100,22.23321724,100,22.32986069,100,22.16007042,0,21.91840172
2023/5/24 23:51,100,22.21875,100,22.32986069,100,22.16007042,0,21.91840172
2023/5/24 23:52,100,22.21875,100,22.32986069,100,22.16007042,0,21.91840172
2023/5/24 23:53,100,22.21875,100,22.32986069,100,22.261343,0,21.91840172
2023/5/24 23:54,100,22.21875,100,22.32986069,100,22.261343,0,21.91840172
2023/5/24 23:55,100,22.21875,100,22.31539345,100,22.261343,0,21.91840172
2023/5/24 23:56,100,22.21875,100,22.32986069,100,22.16007042,0,21.91840172
2023/5/24 23:57,100,22.20428276,100,22.32986069,100,22.17453766,0,21.91840172
2023/5/24 23:58,100,22.32002258,100,22.32986069,100,22.261343,0,21.91840172
2023/5/24 23:59,100,22.21875,100,22.32986069,100,22.261343,0,21.91840172
2023/5/25 0:00,100,22.21875,100,22.32986069,100,22.261343,0,21.91840172
2023/5/25 0:01,100,22.32002258,100,22.32986069,100,22.261343,0,21.91840172
2023/5/25 0:02,100,22.21875,100,22.32986069,100,22.261343,0,21.91840172
2023/5/25 0:03,100,22.32002258,100,22.43113518,100,22.34814835,0,21.91840172
2023/5/25 0:04,100,22.32002258,100,22.32986069,100,22.24687576,0,21.91840172
2023/5/25 0:05,100,22.32002258,100,22.32986069,100,22.261343,1.713281155,22.01967621
2023/5/25 0:06,100,22.32002258,100,22.32986069,100,22.261343,8.310854912,22.00520706
2023/5/25 0:07,100,22.21875,100,22.43113518,100,22.261343,22.84572792,22.01967621
2023/5/25 0:08,100,22.30555534,100,22.43113518,100,22.261343,37.78568649,22.01967621
2023/5/25 0:09,100,22.21875,100,22.43113518,100,22.261343,48.97028351,22.01967621
2023/5/25 0:10,100,22.21875,100,22.43113518,100,22.261343,50.1753273,22.01967621
2023/5/25 0:11,100,22.11747742,100,22.43113518,100,22.261343,60.2177887,22.01967621
2023/5/25 0:12,100,22.11747742,100,22.32986069,100,22.16007042,8.418702126,21.91840172
2023/5/25 0:13,100,22.21875,100,22.32986069,100,22.16007042,0,21.91840172
2023/5/25 0:14,100,22.21875,100,22.32986069,100,22.16007042,0,21.91840172
2023/5/25 0:15,100,22.21875,100,22.2285881,100,22.16007042,0,21.91840172
2023/5/25 0:16,100,22.11747742,100,22.21412086,100,22.16007042,0,21.91840172
2023/5/25 0:17,100,22.11747742,100,22.2285881,100,22.05879784,0,21.91840172
2023/5/25 0:18,100,22.11747742,100,22.30092621,100,22.16007042,0,21.91840172
2023/5/25 0:19,100,22.01620293,100,22.2285881,100,22.16007042,0,21.91840172
2023/5/25 0:20,100,22.21875,100,22.32986069,100,22.261343,0,21.91840172
2023/5/25 0:21,100,22.32002258,100,22.32986069,100,22.261343,0,21.91840172
2023/5/25 0:22,100,22.01620293,100,22.32986069,100,22.261343,0,21.91840172
2023/5/25 0:23,100,22.11747742,100,22.32986069,100,22.261343,0,21.91840172
2023/5/25 0:24,100,22.01620293,100,22.32986069,100,22.261343,0,21.91840172
2023/5/25 0:25,100,22.01620293,100,22.32986069,100,22.16007042,0,21.91840172
2023/5/25 0:26,100,22.11747742,100,22.32986069,100,22.16007042,0,21.91840172
2023/5/25 0:27,100,22.11747742,100,22.32986069,100,22.261343,0,21.91840172
2023/5/25 0:28,100,22.11747742,100,22.31539345,100,22.16007042,0,21.91840172
2023/5/25 0:29,100,22.01620293,100,22.37326431,100,22.261343,0,21.91840172
2023/5/25 0:30,100,22.01620293,100,22.43113518,100,22.261343,0,21.91840172
2023/5/25 0:31,100,22.01620293,100,22.32986069,100,22.261343,0,21.91840172
2023/5/25 0:32,100,22.01620293,100,22.32986069,100,22.16007042,0,21.91840172
2023/5/25 0:33,100,22.01620293,100,22.32986069,100,22.16007042,0,21.91840172
2023/5/25 0:34,100,22.01620293,100,22.32986069,100,22.16007042,0,21.91840172
2023/5/25 0:35,100,22.01620293,100,22.32986069,100,22.261343,0,21.91840172
2023/5/25 0:36,100,22.01620293,100,22.32986069,100,22.16007042,0,21.91840172
2023/5/25 0:37,100,22.01620293,100,22.31539345,100,22.16007042,0,21.91840172
2023/5/25 0:38,100,22.11747742,100,22.32986069,100,22.16007042,0,21.91840172
2023/5/25 0:39,100,22.11747742,100,22.32986069,100,22.14560318,0,21.91840172
2023/5/25 0:40,100,22.11747742,100,22.31539345,100,22.24687576,0,21.91840172
2023/5/25 0:41,100,22.01620293,100,22.32986069,100,22.16007042,0,21.91840172
2023/5/25 0:42,100,22.01620293,100,22.32986069,100,22.261343,0,21.90393448
2023/5/25 0:43,100,22.11747742,100,22.32986069,100,22.261343,0,21.91840172
2023/5/25 0:44,100,22.11747742,100,22.43113518,100,22.261343,0,21.91840172
2023/5/25 0:45,100,22.11747742,100,22.43113518,100,22.24687576,0,21.90393448
2023/5/25 0:46,100,22.11747742,100,22.43113518,100,22.261343,1.411017418,22.00520706
2023/5/25 0:47,100,22.01620293,100,22.32986069,100,22.261343,1.733916402,22.01967621
2023/5/25 0:48,100,22.04513931,100,22.32986069,100,22.261343,1.252719522,22.01967621
2023/5/25 0:49,100,22.27662086,100,22.32986069,100,22.261343,0.990545094,22.01967621
2023/5/25 0:50,100,22.32002258,100,22.32986069,100,22.261343,0,21.9473381
2023/5/25 0:51,100,22.32002258,100,22.32986069,100,22.16007042,8.626955032,22.01967621
2023/5/25 0:52,100,22.01620293,100,22.32986069,100,22.24687576,22.89995193,22.01967621
2023/5/25 0:53,100,22.03067207,100,22.32986069,100,22.261343,37.66709518,22.01967621
2023/5/25 0:54,100,22.32002258,100,22.32986069,100,22.261343,52.29747391,22.01967621
2023/5/25 0:55,100,22.32002258,100,22.43113518,100,22.261343,67.13643646,22.01967621
2023/5/25 0:56,100,22.32002258,100,22.43113518,100,22.24687576,81.8939743,22.01967621
2023/5/25 0:57,100,22.30555534,100,22.32986069,100,22.261343,95.86941528,22.01967621
2023/5/25 0:58,100,22.32002258,100,22.32986069,100,22.16007042,52.26576233,21.91840172
2023/5/25 0:59,100,22.2910881,100,22.32986069,100,22.16007042,0,21.91840172
2023/5/25 1:00,100,22.32002258,100,22.2285881,100,22.05879784,0,21.91840172
2023/5/25 1:01,100,22.32002258,100,22.12731552,100,22.04432869,0,21.81712914
2023/5/25 1:02,100,22.32002258,100,22.12731552,100,22.04432869,0,21.81712914
2023/5/25 1:03,100,22.32002258,100,22.12731552,100,22.05879784,0,21.81712914
2023/5/25 1:04,100,22.32002258,100,22.2285881,100,22.05879784,0,21.81712914
2023/5/25 1:05,100,22.32002258,100,22.32986069,100,22.16007042,0,21.81712914
2023/5/25 1:06,100,22.21875,100,22.2285881,100,22.05879784,0,21.81712914
2023/5/25 1:07,100,22.21875,100,22.2285881,100,22.04432869,0,21.81712914
2023/5/25 1:08,100,22.21875,100,22.32986069,100,22.05879784,0,21.81712914
2023/5/25 1:09,100,22.21875,100,22.32986069,100,22.16007042,0,21.81712914
2023/5/25 1:10,100,22.21875,100,22.32986069,100,22.16007042,0,21.81712914
2023/5/25 1:11,100,22.21875,100,22.32986069,100,22.16007042,0,21.81712914
2023/5/25 1:12,100,22.21875,100,22.32986069,100,22.14560318,0,21.81712914
2023/5/25 1:13,100,22.11747742,100,22.32986069,100,22.14560318,0,21.81712914
2023/5/25 1:14,100,22.11747742,100,22.32986069,100,22.16007042,0,21.91840172
2023/5/25 1:15,100,22.11747742,100,22.43113518,100,22.261343,0,21.91840172
2023/5/25 1:16,100,22.11747742,100,22.31539345,100,22.261343,0,21.83159828
2023/5/25 1:17,100,22.21875,100,22.32986069,100,22.16007042,0,21.81712914
2023/5/25 1:18,100,22.32002258,100,22.32986069,100,22.16007042,0,21.91840172
2023/5/25 1:19,100,22.32002258,100,22.32986069,100,22.16007042,0,21.91840172
2023/5/25 1:20,100,22.21875,100,22.2285881,100,22.05879784,0,21.91840172
2023/5/25 1:21,100,22.32002258,100,22.2285881,100,22.16007042,0,21.91840172
2023/5/25 1:22,100,22.32002258,100,22.32986069,100,22.16007042,0,21.91840172
2023/5/25 1:23,100,22.32002258,100,22.32986069,100,22.16007042,0,21.91840172
2023/5/25 1:24,100,22.32002258,100,22.32986069,100,22.16007042,0,21.91840172
2023/5/25 1:25,100,22.32002258,100,22.32986069,100,22.16007042,0,21.91840172
2023/5/25 1:26,100,22.32002258,100,22.32986069,100,22.16007042,0,21.91840172
2023/5/25 1:27,100,22.32002258,100,22.32986069,100,22.16007042,0,21.91840172
2023/5/25 1:28,100,22.20428276,100,22.32986069,100,22.16007042,0,21.91840172
2023/5/25 1:29,100,22.21875,100,22.32986069,100,22.16007042,0,21.91840172
2023/5/25 1:30,100,22.32002258,100,22.32986069,100,22.16007042,0,21.91840172
2023/5/25 1:31,100,22.32002258,100,22.27198982,100,22.16007042,0,21.91840172
2023/5/25 1:32,100,22.32002258,100,22.32986069,100,22.16007042,0,21.91840172
2023/5/25 1:33,100,22.32002258,100,22.32986069,100,22.261343,0,21.91840172
2023/5/25 1:34,100,22.32002258,100,22.32986069,100,22.261343,0,21.91840172
2023/5/25 1:35,100,22.32002258,100,22.31539345,100,22.24687576,4.10779047,22.01967621
2023/5/25 1:36,100,22.32002258,100,22.43113518,100,22.261343,0,21.91840172
2023/5/25 1:37,100,22.32002258,100,22.32986069,100,22.261343,0,21.91840172
2023/5/25 1:38,100,22.32002258,100,22.32986069,100,22.261343,0,21.91840172
2023/5/25 1:39,100,22.32002258,100,22.43113518,100,22.261343,6.882106781,22.01967621
2023/5/25 1:40,100,22.01620293,100,22.51794052,100,22.261343,21.40415001,22.01967621
2023/5/25 1:41,100,22.01620293,100,22.53240776,100,22.261343,36.21153641,22.01967621
2023/5/25 1:42,100,22.01620293,100,22.43113518,100,22.261343,51.01499557,22.01967621
2023/5/25 1:43,100,22.32002258,100,22.43113518,100,22.261343,65.42298126,22.01967621
2023/5/25 1:44,100,22.32002258,100,22.43113518,100,22.261343,80.78663635,22.01967621
2023/5/25 1:45,100,22.32002258,100,22.43113518,100,22.261343,95.11722565,22.01967621
2023/5/25 1:46,100,22.01620293,100,22.32986069,100,22.16007042,100,22.01967621
2023/5/25 1:47,100,22.01620293,100,22.32986069,100,22.261343,89.86332703,21.91840172
2023/5/25 1:48,100,22.32002258,100,22.32986069,100,22.261343,25.47343063,21.91840172
2023/5/25 1:49,100,22.32002258,100,22.43113518,100,22.261343,0,21.81712914
2023/5/25 1:50,100,22.32002258,100,22.32986069,100,22.261343,0,21.81712914
2023/5/25 1:51,100,22.21875,100,22.32986069,100,22.261343,0,21.81712914
2023/5/25 1:52,100,22.01620293,100,22.32986069,100,22.16007042,0,21.81712914
2023/5/25 1:53,100,22.21875,100,22.32986069,100,22.16007042,0,21.81712914
2023/5/25 1:54,100,22.30555534,100,22.2285881,100,22.05879784,0,21.81712914
2023/5/25 1:55,100,22.32002258,100,22.2285881,100,22.05879784,0,21.81712914
2023/5/25 1:56,100,22.01620293,100,22.2285881,100,22.16007042,0,21.81712914
2023/5/25 1:57,100,22.01620293,100,22.2285881,100,22.16007042,0,21.81712914
2023/5/25 1:58,100,22.01620293,100,22.2285881,100,22.16007042,0,21.81712914
2023/5/25 1:59,100,22.32002258,100,22.2285881,100,22.16007042,0,21.81712914
2023/5/25 2:00,100,22.32002258,100,22.32986069,100,22.14560318,0,21.81712914
2023/5/25 2:01,100,22.01620293,100,22.32986069,100,22.261343,0,21.81712914
2023/5/25 2:02,100,22.01620293,100,22.31539345,100,22.24687576,0,21.81712914
2023/5/25 2:03,100,22.32002258,100,22.32986069,100,22.16007042,0,21.91840172
2023/5/25 2:04,100,22.01620293,100,22.2285881,100,22.16007042,0,21.91840172
2023/5/25 2:05,100,22.01620293,100,22.32986069,100,22.16007042,0,21.91840172
2023/5/25 2:06,100,22.11747742,100,22.32986069,100,22.14560318,0,21.91840172
2023/5/25 2:07,100,22.10301018,100,22.21412086,100,22.16007042,0,21.91840172
2023/5/25 2:08,100,22.01620293,100,22.2285881,100,22.16007042,0,21.91840172
2023/5/25 2:09,100,22.01620293,100,22.2285881,100,22.16007042,0,21.91840172
2023/5/25 2:10,100,22.11747742,100,22.2285881,100,22.16007042,0,21.91840172
2023/5/25 2:11,100,22.11747742,100,22.32986069,100,22.16007042,0,21.91840172
2023/5/25 2:12,100,22.11747742,100,22.2285881,100,22.16007042,6.640315056,22.01967621
2023/5/25 2:13,100,22.11747742,100,22.2285881,100,22.14560318,21.25659943,22.00520706
2023/5/25 2:14,100,22.11747742,100,22.12731552,100,22.16007042,36.29358673,22.01967621
2023/5/25 2:15,100,22.11747742,100,22.19965172,100,22.16007042,51.16788101,22.01967621
2023/5/25 2:16,100,22.11747742,100,22.11284828,100,22.16007042,65.82405853,22.01967621
2023/5/25 2:17,100,22.11747742,100,22.2285881,100,22.261343,80.59253693,22.01967621
2023/5/25 2:18,100,22.01620293,100,22.2285881,100,22.261343,95.23918152,22.01967621
2023/5/25 2:19,100,22.08854294,100,22.2285881,100,22.16007042,100,22.01967621
2023/5/25 2:20,100,22.11747742,100,22.12731552,100,22.16007042,71.91587067,21.91840172
2023/5/25 2:21,100,22.11747742,100,22.12731552,100,22.05879784,6.482008457,21.91840172
2023/5/25 2:22,100,22.11747742,100,22.12731552,100,22.05879784,0,21.81712914
2023/5/25 2:23,100,22.11747742,100,22.12731552,100,22.05879784,0,21.81712914
2023/5/25 2:24,100,22.01620293,100,22.19965172,100,22.13113594,0,21.81712914
2023/5/25 2:25,100,22.01620293,100,22.2285881,100,22.16007042,0,21.81712914
2023/5/25 2:26,100,22.01620293,100,22.2285881,100,22.16007042,0,21.81712914
2023/5/25 2:27,100,22.05960655,100,22.32986069,100,22.261343,0,21.81712914
2023/5/25 2:28,100,22.01620293,100,22.32986069,100,22.16007042,0,21.81712914
2023/5/25 2:29,100,22.01620293,100,22.32986069,100,22.261343,0,21.81712914
2023/5/25 2:30,100,22.01620293,100,22.32986069,100,22.261343,0,21.81712914
2023/5/25 2:31,100,22.01620293,100,22.32986069,100,22.261343,0,21.81712914
2023/5/25 2:32,100,22.11747742,100,22.32986069,100,22.261343,0,21.81712914
2023/5/25 2:33,100,22.01620293,100,22.2285881,100,22.261343,0,21.81712914
2023/5/25 2:34,100,22.11747742,100,22.2285881,100,22.16007042,0,21.81712914
2023/5/25 2:35,100,22.11747742,100,22.2285881,100,22.16007042,0,21.81712914
2023/5/25 2:36,100,22.11747742,100,22.2285881,100,22.16007042,0,21.91840172
2023/5/25 2:37,100,22.11747742,100,22.2285881,100,22.16007042,0,21.91840172
2023/5/25 2:38,100,22.11747742,100,22.2285881,100,22.261343,0,21.91840172
2023/5/25 2:39,100,22.11747742,100,22.2285881,100,22.16007042,0,21.91840172
2023/5/25 2:40,100,22.11747742,100,22.32986069,100,22.16007042,0,21.91840172
2023/5/25 2:41,100,22.11747742,100,22.32986069,100,22.261343,4.442370892,22.01967621
2023/5/25 2:42,100,22.11747742,100,22.32986069,100,22.261343,19.37543297,22.01967621
2023/5/25 2:43,100,22.11747742,100,22.32986069,100,22.16007042,34.11206818,22.01967621
2023/5/25 2:44,100,22.11747742,100,22.32986069,100,22.05879784,49.03573227,22.00520706
2023/5/25 2:45,100,22.11747742,100,22.2285881,100,22.05879784,63.72657776,22.01967621
2023/5/25 2:46,100,22.11747742,100,22.2285881,100,21.95752335,78.79965973,22.01967621
2023/5/25 2:47,100,22.11747742,100,22.2285881,100,21.95752335,93.28794098,22.01967621
2023/5/25 2:48,100,22.11747742,100,22.15625,100,21.95752335,74.67486572,21.91840172
2023/5/25 2:49,100,22.11747742,100,22.12731552,100,21.85625076,9.453108788,21.91840172
2023/5/25 2:50,100,22.11747742,100,22.12731552,100,21.85625076,0,21.91840172
2023/5/25 2:51,100,22.11747742,100,22.12731552,100,21.85625076,0,21.81712914
2023/5/25 2:52,100,22.11747742,100,22.12731552,100,21.91412163,0,21.81712914
2023/5/25 2:53,100,22.10301018,100,22.12731552,100,21.95752335,0,21.81712914
2023/5/25 2:54,100,22.01620293,100,22.12731552,100,21.85625076,0,21.81712914
2023/5/25 2:55,100,22.30555534,100,22.11284828,100,21.85625076,0,21.81712914
2023/5/25 2:56,100,22.01620293,100,22.12731552,100,21.85625076,0,21.81712914
2023/5/25 2:57,100,22.01620293,100,22.12731552,100,21.95752335,0,21.81712914
2023/5/25 2:58,100,22.11747742,100,22.12731552,100,21.95752335,0,21.81712914
2023/5/25 2:59,100,22.01620293,100,22.12731552,100,21.95752335,0,21.8026619
2023/5/25 3:00,100,22.01620293,100,22.12731552,100,21.95752335,0,21.81712914
2023/5/25 3:01,100,22.01620293,100,22.12731552,100,21.85625076,0,21.81712914
2023/5/25 3:02,100,22.01620293,100,22.12731552,100,21.85625076,0,21.81712914
2023/5/25 3:03,100,22.11747742,100,22.02604294,100,21.85625076,0,21.81712914
2023/5/25 3:04,100,22.01620293,100,22.02604294,100,21.75497818,0,21.81712914
2023/5/25 3:05,100,22.01620293,100,22.02604294,100,21.75497818,0,21.81712914
2023/5/25 3:06,100,22.01620293,100,22.02604294,100,21.75497818,0,21.81712914
2023/5/25 3:07,100,22.11747742,100,22.02604294,100,21.75497818,0,21.81712914
2023/5/25 3:08,100,22.11747742,100,22.02604294,100,21.75497818,0,21.81712914
2023/5/25 3:09,100,22.11747742,100,21.92476845,100,21.65370369,0,21.81712914
2023/5/25 3:10,100,22.11747742,100,21.92476845,100,21.65370369,0,21.91840172
2023/5/25 3:11,100,22.11747742,100,21.92476845,100,21.65370369,0,21.91840172
2023/5/25 3:12,100,22.11747742,100,22.02604294,100,21.75497818,0,21.91840172
2023/5/25 3:13,100,22.11747742,100,22.02604294,100,21.75497818,0,21.91840172
2023/5/25 3:14,100,22.11747742,100,22.02604294,100,21.82731628,0,21.91840172
2023/5/25 3:15,100,22.21875,100,22.02604294,100,21.75497818,0,21.91840172
2023/5/25 3:16,100,22.11747742,100,22.02604294,100,21.75497818,0,21.91840172
2023/5/25 3:17,100,22.21875,100,22.02604294,100,21.75497818,0,21.91840172
2023/5/25 3:18,100,22.11747742,100,22.02604294,100,21.75497818,0,21.91840172
2023/5/25 3:19,100,22.11747742,100,22.02604294,100,21.65370369,0,21.91840172
2023/5/25 3:20,100,22.11747742,100,22.02604294,100,21.65370369,0,21.91840172
2023/5/25 3:21,100,22.11747742,100,22.02604294,100,21.65370369,0,21.91840172
2023/5/25 3:22,100,22.11747742,100,22.02604294,100,21.75497818,0,21.91840172
2023/5/25 3:23,100,22.11747742,100,22.12731552,100,21.75497818,0,21.91840172
2023/5/25 3:24,100,22.11747742,100,22.12731552,100,21.75497818,0,21.91840172
2023/5/25 3:25,100,22.11747742,100,22.12731552,100,21.75497818,0,21.91840172
2023/5/25 3:26,100,22.11747742,100,22.12731552,100,21.85625076,0.175554946,22.01967621
2023/5/25 3:27,100,22.11747742,100,22.12731552,100,21.85625076,6.064668179,22.01967621
2023/5/25 3:28,100,22.11747742,100,22.11284828,100,21.85625076,20.61469078,22.01967621
2023/5/25 3:29,100,22.11747742,100,22.12731552,100,21.75497818,35.54485703,22.01967621
2023/5/25 3:30,100,22.11747742,100,22.02604294,100,21.75497818,49.07892227,22.00520706
2023/5/25 3:31,100,22.21875,100,22.02604294,100,21.75497818,63.75497818,22.01967621
2023/5/25 3:32,100,22.21875,100,22.02604294,100,21.75497818,78.66560364,22.00520706
2023/5/25 3:33,100,22.11747742,100,22.02604294,100,21.75497818,93.41929626,21.97627258
2023/5/25 3:34,100,22.11747742,100,22.02604294,100,21.75497818,53.79807281,21.91840172
2023/5/25 3:35,100,22.11747742,100,22.02604294,100,21.75497818,0,21.90393448
2023/5/25 3:36,100,22.11747742,100,21.92476845,100,21.65370369,0,21.91840172
2023/5/25 3:37,100,22.11747742,100,21.92476845,100,21.75497818,0,21.81712914
2023/5/25 3:38,100,22.01620293,100,21.92476845,100,21.65370369,0,21.81712914
2023/5/25 3:39,100,22.01620293,100,21.92476845,100,21.65370369,0,21.81712914
2023/5/25 3:40,100,22.11747742,100,21.92476845,100,21.65370369,0,21.81712914
2023/5/25 3:41,100,22.11747742,100,21.92476845,100,21.65370369,0,21.81712914
2023/5/25 3:42,100,22.10301018,100,21.92476845,100,21.65370369,0,21.81712914
2023/5/25 3:43,100,22.01620293,100,21.92476845,100,21.65370369,0,21.81712914
2023/5/25 3:44,100,22.01620293,100,22.02604294,100,21.75497818,0,21.81712914
2023/5/25 3:45,100,22.01620293,100,22.02604294,100,21.75497818,0,21.81712914
2023/5/25 3:46,100,22.01620293,100,22.02604294,100,21.75497818,0,21.81712914
2023/5/25 3:47,100,22.11747742,100,22.02604294,100,21.65370369,0,21.81712914
2023/5/25 3:48,100,22.11747742,100,21.92476845,100,21.65370369,0,21.81712914
2023/5/25 3:49,100,22.01620293,100,21.92476845,100,21.55243111,0,21.81712914
2023/5/25 3:50,100,22.11747742,100,21.82349586,100,21.55243111,0,21.90393448
2023/5/25 3:51,100,22.11747742,100,21.88136482,100,21.65370369,0,21.81712914
2023/5/25 3:52,100,22.01620293,100,21.82349586,100,21.65370369,0,21.81712914
2023/5/25 3:53,100,22.01620293,100,21.92476845,100,21.65370369,0,21.81712914
2023/5/25 3:54,100,22.11747742,100,21.92476845,100,21.65370369,0,21.81712914
2023/5/25 3:55,100,22.01620293,100,21.93923569,100,21.65370369,0,21.81712914
2023/5/25 3:56,100,22.01620293,100,21.88136482,100,21.55243111,0,21.84606552
2023/5/25 3:57,100,22.11747742,100,21.82349586,100,21.55243111,0,21.86053276
2023/5/25 3:58,100,22.11747742,100,21.82349586,100,21.55243111,0,21.81712914
2023/5/25 3:59,100,22.01620293,100,21.82349586,100,21.55243111,0,21.91840172
2023/5/25 4:00,100,22.01620293,100,21.80902672,100,21.55243111,0,21.91840172
2023/5/25 4:01,100,22.01620293,100,21.82349586,100,21.55243111,0,21.91840172
2023/5/25 4:02,100,22.11747742,100,21.91030121,100,21.55243111,0,21.91840172
2023/5/25 4:03,100,22.11747742,100,21.82349586,100,21.55243111,0,21.91840172
2023/5/25 4:04,100,22.01620293,100,21.82349586,100,21.55243111,0,21.91840172
2023/5/25 4:05,100,22.01620293,100,21.82349586,100,21.55243111,0,21.91840172
2023/5/25 4:06,100,22.01620293,100,21.82349586,100,21.65370369,0,21.91840172
2023/5/25 4:07,100,22.01620293,100,21.82349586,100,21.55243111,0,21.91840172
2023/5/25 4:08,100,22.01620293,100,21.82349586,100,21.55243111,0,21.91840172
2023/5/25 4:09,100,22.01620293,100,21.82349586,100,21.55243111,0,21.91840172
2023/5/25 4:10,100,22.01620293,100,21.82349586,100,21.55243111,0,21.91840172
2023/5/25 4:11,100,22.01620293,100,21.92476845,100,21.55243111,0,21.91840172
2023/5/25 4:12,100,22.11747742,100,21.92476845,100,21.55243111,0,21.91840172
2023/5/25 4:13,100,22.01620293,100,21.92476845,100,21.55243111,0,21.91840172
2023/5/25 4:14,100,22.10301018,100,21.82349586,100,21.55243111,0,21.91840172
2023/5/25 4:15,100,22.01620293,100,21.92476845,100,21.65370369,0,21.91840172
2023/5/25 4:16,100,22.01620293,100,21.82349586,100,21.65370369,0,21.91840172
2023/5/25 4:17,100,22.01620293,100,21.92476845,100,21.65370369,0,21.91840172
2023/5/25 4:18,100,22.11747742,100,21.93923569,100,21.55243111,0,21.91840172
2023/5/25 4:19,100,22.11747742,100,21.92476845,100,21.65370369,0,21.91840172
2023/5/25 4:20,100,22.11747742,100,21.92476845,100,21.65370369,0,21.91840172
2023/5/25 4:21,100,22.11747742,100,21.82349586,100,21.55243111,0,21.91840172
2023/5/25 4:22,100,22.04513931,100,21.82349586,100,21.55243111,0,21.91840172
2023/5/25 4:23,100,22.01620293,100,21.82349586,100,21.45115852,0,21.91840172
2023/5/25 4:24,100,22.01620293,100,21.82349586,100,21.46562576,0,21.91840172
2023/5/25 4:25,100,22.01620293,100,21.72222328,100,21.45115852,0,21.91840172
2023/5/25 4:26,100,22.01620293,100,21.72222328,100,21.45115852,0,21.91840172
2023/5/25 4:27,100,22.01620293,100,21.72222328,100,21.45115852,0,21.91840172
2023/5/25 4:28,100,22.10301018,100,21.73669052,100,21.45115852,0,21.91840172
2023/5/25 4:29,100,22.11747742,100,21.82349586,100,21.55243111,0,21.91840172
2023/5/25 4:30,100,22.01620293,100,21.82349586,100,21.55243111,0,21.91840172
2023/5/25 4:31,100,22.01620293,100,21.82349586,100,21.55243111,0,21.91840172
2023/5/25 4:32,100,22.05960655,100,21.82349586,100,21.45115852,0,21.91840172
2023/5/25 4:33,100,22.01620293,100,21.82349586,100,21.45115852,0,21.90393448
2023/5/25 4:34,100,22.03067207,100,21.72222328,100,21.45115852,0,21.91840172
2023/5/25 4:35,100,22.11747742,100,21.72222328,100,21.45115852,0,21.91840172
2023/5/25 4:36,100,22.11747742,100,21.82349586,100,21.55243111,0,21.91840172
2023/5/25 4:37,100,22.01620293,100,21.82349586,100,21.45115852,0,21.91840172
2023/5/25 4:38,100,22.01620293,100,21.82349586,100,21.45115852,0,21.91840172
2023/5/25 4:39,100,22.01620293,100,21.82349586,100,21.52349663,0,21.91840172
2023/5/25 4:40,100,22.11747742,100,21.82349586,100,21.55243111,0,21.91840172
2023/5/25 4:41,100,22.11747742,100,21.82349586,100,21.55243111,0,21.91840172
2023/5/25 4:42,100,22.11747742,100,21.82349586,100,21.55243111,0,21.91840172
2023/5/25 4:43,100,22.11747742,100,21.92476845,100,21.65370369,0,21.91840172
2023/5/25 4:44,100,22.11747742,100,21.92476845,100,21.65370369,0,21.91840172
2023/5/25 4:45,100,22.11747742,100,21.82349586,100,21.55243111,0,21.91840172
2023/5/25 4:46,100,22.11747742,100,21.82349586,100,21.55243111,0,21.91840172
2023/5/25 4:47,100,22.11747742,100,21.82349586,100,21.55243111,0,21.91840172
2023/5/25 4:48,100,22.11747742,100,21.82349586,100,21.65370369,0,21.91840172
2023/5/25 4:49,100,22.11747742,100,21.93923569,100,21.65370369,0,21.91840172
2023/5/25 4:50,100,22.05960655,100,21.82349586,100,21.65370369,0,21.91840172
2023/5/25 4:51,100,22.01620293,100,21.82349586,100,21.65370369,0,21.81712914
2023/5/25 4:52,100,22.01620293,100,21.82349586,100,21.65370369,0,21.81712914
2023/5/25 4:53,100,22.01620293,100,21.82349586,100,21.65370369,0,21.8026619
2023/5/25 4:54,100,22.01620293,100,21.82349586,100,21.55243111,0,21.81712914
2023/5/25 4:55,100,22.01620293,100,21.73669052,100,21.55243111,0,21.81712914
2023/5/25 4:56,100,22.01620293,100,21.72222328,100,21.55243111,0,21.81712914
2023/5/25 4:57,100,22.01620293,100,21.72222328,100,21.55243111,0,21.81712914
2023/5/25 4:58,100,22.01620293,100,21.72222328,100,21.55243111,0,21.81712914
2023/5/25 4:59,100,22.01620293,100,21.73669052,100,21.46562576,0,21.81712914
2023/5/25 5:00,100,22.01620293,100,21.73669052,100,21.55243111,0,21.81712914
2023/5/25 5:01,100,22.01620293,100,21.73669052,100,21.45115852,0,21.81712914
2023/5/25 5:02,100,22.01620293,100,21.6932869,100,21.50902748,0,21.81712914
2023/5/25 5:03,100,22.01620293,100,21.72222328,100,21.55243111,0,21.83159828
2023/5/25 5:04,100,22.11747742,100,21.73669052,100,21.45115852,0,21.91840172
2023/5/25 5:05,100,22.01620293,100,21.72222328,100,21.45115852,0,21.91840172
2023/5/25 5:06,100,22.01620293,100,21.72222328,100,21.45115852,0,21.91840172
2023/5/25 5:07,100,22.11747742,100,21.73669052,100,21.45115852,0,21.91840172
2023/5/25 5:08,100,22.11747742,100,21.73669052,100,21.45115852,0,21.91840172
2023/5/25 5:09,100,22.11747742,100,21.72222328,100,21.45115852,0,21.91840172
2023/5/25 5:10,100,22.11747742,100,21.63541794,100,21.45115852,0,21.91840172
2023/5/25 5:11,100,22.11747742,100,21.72222328,100,21.45115852,0,21.91840172
2023/5/25 5:12,100,22.11747742,100,21.73669052,100,21.45115852,0,21.91840172
2023/5/25 5:13,100,22.11747742,100,21.72222328,100,21.45115852,0,21.91840172
2023/5/25 5:14,100,22.11747742,100,21.73669052,100,21.45115852,0,21.91840172
2023/5/25 5:15,100,22.01620293,100,21.72222328,100,21.45115852,0,21.91840172
2023/5/25 5:16,100,22.11747742,100,21.63541794,100,21.45115852,0,21.91840172
2023/5/25 5:17,100,22.11747742,100,21.63541794,100,21.45115852,0,21.91840172
2023/5/25 5:18,100,22.11747742,100,21.62094879,100,21.45115852,0,21.91840172
2023/5/25 5:19,100,22.11747742,100,21.63541794,100,21.45115852,0.094617158,21.9473381
2023/5/25 5:20,100,22.11747742,100,21.73669052,100,21.45115852,13.91279411,22.01967621
2023/5/25 5:21,100,22.04513931,100,21.72222328,100,21.45115852,28.61227036,22.01967621
2023/5/25 5:22,100,22.11747742,100,21.73669052,100,21.45115852,43.36290359,22.01967621
2023/5/25 5:23,100,22.11747742,100,21.73669052,100,21.45115852,57.75839233,22.01967621
2023/5/25 5:24,100,22.11747742,100,21.72222328,100,21.45115852,72.56412506,22.01967621
2023/5/25 5:25,100,22.11747742,100,21.72222328,100,21.53796387,87.34568787,22.00520706
2023/5/25 5:26,100,22.11747742,100,21.63541794,100,21.45115852,99.89147949,21.97627258
2023/5/25 5:27,100,22.11747742,100,21.57754707,100,21.45115852,38.19869995,21.91840172
2023/5/25 5:28,100,22.11747742,100,21.51967621,100,21.34988594,0,21.91840172
2023/5/25 5:29,100,22.11747742,100,21.53414345,100,21.34988594,0,21.81712914
2023/5/25 5:30,100,22.11747742,100,21.43287086,100,21.34988594,0,21.81712914
2023/5/25 5:31,100,22.11747742,100,21.51967621,100,21.34988594,0,21.81712914
2023/5/25 5:32,100,22.11747742,100,21.51967621,100,21.34988594,0,21.81712914
2023/5/25 5:33,100,22.11747742,100,21.51967621,100,21.34988594,0,21.81712914
2023/5/25 5:34,100,22.01620293,100,21.53414345,100,21.34988594,0,21.81712914
2023/5/25 5:35,100,22.11747742,100,21.51967621,100,21.34988594,0,21.81712914
2023/5/25 5:36,100,22.01620293,100,21.51967621,100,21.34988594,0,21.81712914
2023/5/25 5:37,100,22.11747742,100,21.53414345,100,21.34988594,0,21.81712914
2023/5/25 5:38,100,22.11747742,100,21.53414345,100,21.34988594,0,21.81712914
2023/5/25 5:39,100,22.11747742,100,21.51967621,100,21.34988594,0,21.81712914
2023/5/25 5:40,100,22.11747742,100,21.53414345,100,21.34988594,0,21.81712914
2023/5/25 5:41,100,22.01620293,100,21.51967621,100,21.34988594,0,21.81712914
2023/5/25 5:42,100,22.01620293,100,21.53414345,100,21.34988594,0,21.81712914
2023/5/25 5:43,100,22.01620293,100,21.53414345,100,21.34988594,0,21.81712914
2023/5/25 5:44,100,22.01620293,100,21.51967621,100,21.34988594,0,21.81712914
2023/5/25 5:45,100,22.01620293,100,21.51967621,100,21.34988594,0,21.81712914
2023/5/25 5:46,100,22.01620293,100,21.51967621,100,21.34988594,0,21.81712914
2023/5/25 5:47,100,22.11747742,100,21.51967621,100,21.34988594,0,21.81712914
2023/5/25 5:48,100,22.01620293,100,21.51967621,100,21.34988594,0,21.81712914
2023/5/25 5:49,100,22.11747742,100,21.53414345,100,21.34988594,0,21.81712914
2023/5/25 5:50,100,22.01620293,100,21.53414345,100,21.34988594,0,21.81712914
2023/5/25 5:51,100,22.01620293,100,21.51967621,100,21.45115852,0,21.81712914
2023/5/25 5:52,100,22.01620293,100,21.63541794,100,21.45115852,0,21.81712914
2023/5/25 5:53,100,22.01620293,100,21.63541794,100,21.45115852,0,21.81712914
2023/5/25 5:54,100,22.32002258,100,21.63541794,100,21.45115852,0,21.81712914
2023/5/25 5:55,100,22.01620293,100,21.63541794,100,21.45115852,0,21.81712914
2023/5/25 5:56,100,22.01620293,100,21.63541794,100,21.45115852,0,21.8026619
2023/5/25 5:57,100,22.01620293,100,21.53414345,100,21.34988594,0,21.81712914
2023/5/25 5:58,100,22.11747742,100,21.51967621,100,21.45115852,0,21.81712914
2023/5/25 5:59,100,22.01620293,100,21.63541794,100,21.45115852,0,21.81712914
2023/5/25 6:00,100,22.01620293,100,21.63541794,100,21.45115852,0,21.81712914
2023/5/25 6:01,100,22.04513931,100,21.63541794,100,21.45115852,0,21.81712914
2023/5/25 6:02,100,22.01620293,100,21.63541794,100,21.45115852,0,21.81712914
2023/5/25 6:03,100,22.01620293,100,21.63541794,100,21.45115852,0,21.81712914
2023/5/25 6:04,100,22.26215172,100,21.63541794,100,21.45115852,0,21.81712914
2023/5/25 6:05,100,22.32002258,100,21.72222328,100,21.45115852,0,21.81712914
2023/5/25 6:06,100,22.01620293,100,21.73669052,100,21.45115852,0,21.81712914
2023/5/25 6:07,100,22.32002258,100,21.63541794,100,21.45115852,0,21.81712914
2023/5/25 6:08,100,22.01620293,100,21.63541794,100,21.45115852,0,21.81712914
2023/5/25 6:09,100,22.10301018,100,21.62094879,100,21.45115852,0,21.81712914
2023/5/25 6:10,100,22.01620293,100,21.63541794,100,21.45115852,0,21.81712914
2023/5/25 6:11,100,22.01620293,100,21.63541794,100,21.45115852,0,21.81712914
2023/5/25 6:12,100,22.01620293,100,21.51967621,100,21.45115852,0,21.81712914
2023/5/25 6:13,100,22.01620293,100,21.53414345,100,21.45115852,0,21.81712914
2023/5/25 6:14,100,22.01620293,100,21.63541794,100,21.46562576,0,21.81712914
2023/5/25 6:15,100,22.10301018,100,21.63541794,100,21.45115852,0,21.81712914
2023/5/25 6:16,100,22.01620293,100,21.51967621,100,21.45115852,0,21.81712914
2023/5/25 6:17,100,22.01620293,100,21.51967621,100,21.45115852,0,21.81712914
2023/5/25 6:18,100,22.01620293,100,21.63541794,100,21.45115852,0,21.81712914
2023/5/25 6:19,100,22.01620293,100,21.63541794,100,21.45115852,0,21.81712914
2023/5/25 6:20,100,22.11747742,100,21.62094879,100,21.45115852,0,21.81712914
2023/5/25 6:21,100,22.11747742,100,21.63541794,100,21.45115852,0,21.81712914
2023/5/25 6:22,100,22.11747742,100,21.62094879,100,21.45115852,0,21.81712914
2023/5/25 6:23,100,22.11747742,100,21.63541794,100,21.45115852,0,21.81712914
2023/5/25 6:24,100,22.01620293,100,21.63541794,100,21.45115852,0,21.81712914
2023/5/25 6:25,100,22.01620293,100,21.64988518,100,21.45115852,0,21.81712914
2023/5/25 6:26,100,22.01620293,100,21.73669052,100,21.45115852,0,21.81712914
2023/5/25 6:27,100,22.01620293,100,21.73669052,100,21.45115852,0,21.81712914
2023/5/25 6:28,100,22.01620293,100,21.72222328,100,21.45115852,0,21.81712914
2023/5/25 6:29,100,22.11747742,100,21.63541794,100,21.45115852,0,21.81712914
2023/5/25 6:30,100,22.11747742,100,21.73669052,100,21.45115852,0,21.81712914
2023/5/25 6:31,100,22.11747742,100,21.72222328,100,21.45115852,0,21.81712914
2023/5/25 6:32,100,22.11747742,100,21.72222328,100,21.45115852,0,21.81712914
2023/5/25 6:33,100,22.11747742,100,21.73669052,100,21.45115852,0,21.81712914
2023/5/25 6:34,100,22.11747742,100,21.73669052,100,21.45115852,0,21.81712914
2023/5/25 6:35,100,22.11747742,100,21.73669052,100,21.45115852,0,21.81712914
2023/5/25 6:36,100,22.11747742,100,21.63541794,100,21.45115852,0,21.81712914
2023/5/25 6:37,100,22.11747742,100,21.63541794,100,21.45115852,0,21.81712914
2023/5/25 6:38,100,22.11747742,100,21.72222328,100,21.45115852,0,21.81712914
2023/5/25 6:39,100,22.11747742,100,21.63541794,100,21.45115852,0,21.81712914
2023/5/25 6:40,100,22.11747742,100,21.73669052,100,21.43669128,0,21.81712914
2023/5/25 6:41,100,22.11747742,100,21.70775414,100,21.45115852,0,21.81712914
2023/5/25 6:42,100,22.11747742,100,21.73669052,100,21.45115852,0,21.81712914
2023/5/25 6:43,100,22.11747742,100,21.72222328,100,21.45115852,0,21.81712914
2023/5/25 6:44,100,22.01620293,100,21.73669052,100,21.45115852,0,21.81712914
2023/5/25 6:45,100,22.01620293,100,21.73669052,100,21.45115852,0,21.81712914
2023/5/25 6:46,100,22.11747742,100,21.73669052,100,21.45115852,0,21.81712914
2023/5/25 6:47,100,22.11747742,100,21.73669052,100,21.45115852,0,21.81712914
2023/5/25 6:48,100,22.11747742,100,21.72222328,100,21.45115852,0,21.81712914
2023/5/25 6:49,100,22.11747742,100,21.73669052,100,21.45115852,0,21.81712914
2023/5/25 6:50,100,22.11747742,100,21.73669052,100,21.45115852,0,21.81712914
2023/5/25 6:51,100,22.11747742,100,21.73669052,100,21.45115852,0,21.81712914
2023/5/25 6:52,100,22.11747742,100,21.72222328,100,21.45115852,0,21.81712914
2023/5/25 6:53,100,22.11747742,100,21.72222328,100,21.45115852,0,21.81712914
2023/5/25 6:54,100,22.11747742,100,21.72222328,100,21.45115852,0,21.81712914
2023/5/25 6:55,100,22.21875,100,21.73669052,100,21.43669128,0,21.81712914
2023/5/25 6:56,100,22.11747742,100,21.82349586,100,21.45115852,0,21.81712914
2023/5/25 6:57,100,22.21875,100,21.82349586,100,21.45115852,0,21.81712914
2023/5/25 6:58,100,22.21875,100,21.73669052,100,21.45115852,0,21.81712914
2023/5/25 6:59,100,22.11747742,100,21.72222328,100,21.45115852,0,21.8026619
2023/5/25 7:00,100,22.11747742,100,21.63541794,100,21.45115852,0,21.81712914
2023/5/25 7:01,100,22.21875,100,21.63541794,100,21.46562576,0,21.81712914
2023/5/25 7:02,100,22.11747742,100,21.63541794,100,21.45115852,0,21.81712914
2023/5/25 7:03,100,22.13194466,100,21.63541794,100,21.45115852,0,21.81712914
2023/5/25 7:04,100,22.11747742,100,21.73669052,100,21.45115852,0,21.81712914
2023/5/25 7:05,100,22.11747742,100,21.72222328,100,21.55243111,0,21.81712914
2023/5/25 7:06,100,22.11747742,100,21.72222328,100,21.46562576,0,21.81712914
2023/5/25 7:07,100,22.11747742,100,21.82349586,100,21.45115852,0,21.81712914
2023/5/25 7:08,100,22.01620293,100,21.82349586,100,21.55243111,0,21.81712914
2023/5/25 7:09,100,22.01620293,100,21.82349586,100,21.45115852,0,21.81712914
2023/5/25 7:10,100,22.11747742,100,21.82349586,100,21.46562576,0,21.81712914
2023/5/25 7:11,100,22.11747742,100,21.72222328,100,21.45115852,0,21.81712914
2023/5/25 7:12,100,22.11747742,100,21.63541794,100,21.45115852,0,21.81712914
2023/5/25 7:13,100,22.10301018,100,21.63541794,100,21.45115852,0,21.81712914
2023/5/25 7:14,100,22.01620293,100,21.63541794,100,21.45115852,0,21.81712914
2023/5/25 7:15,100,22.01620293,100,21.63541794,100,21.36435318,0,21.81712914
2023/5/25 7:16,100,22.01620293,100,21.63541794,100,21.45115852,0,21.81712914
2023/5/25 7:17,100,22.08854294,100,21.63541794,100,21.45115852,0,21.81712914
2023/5/25 7:18,100,22.01620293,100,21.62094879,100,21.45115852,0,21.81712914
2023/5/25 7:19,100,22.01620293,100,21.63541794,100,21.45115852,0,21.81712914
2023/5/25 7:20,100,22.01620293,100,21.63541794,100,21.45115852,0,21.81712914
2023/5/25 7:21,100,22.01620293,100,21.63541794,100,21.45115852,0,21.81712914
2023/5/25 7:22,100,22.32002258,100,21.63541794,100,21.45115852,0,21.81712914
2023/5/25 7:23,100,22.01620293,100,21.63541794,100,21.45115852,0,21.81712914
2023/5/25 7:24,100,22.01620293,100,21.73669052,100,21.46562576,0,21.81712914
2023/5/25 7:25,100,22.11747742,100,21.72222328,100,21.45115852,0,21.81712914
2023/5/25 7:26,100,22.01620293,100,21.63541794,100,21.45115852,0,21.81712914
2023/5/25 7:27,100,22.11747742,100,21.67881966,100,21.45115852,0,21.8026619
2023/5/25 7:28,100,22.01620293,100,21.72222328,100,21.45115852,0,21.81712914
2023/5/25 7:29,100,22.11747742,100,21.72222328,100,21.45115852,0,21.81712914
2023/5/25 7:30,100,22.11747742,100,21.73669052,100,21.45115852,0,21.81712914
2023/5/25 7:31,100,22.01620293,100,21.72222328,100,21.45115852,0,21.81712914
2023/5/25 7:32,100,22.01620293,100,21.72222328,100,21.45115852,0,21.81712914
2023/5/25 7:33,100,22.03067207,100,21.73669052,100,21.45115852,0,21.81712914
2023/5/25 7:34,100,22.32002258,100,21.72222328,100,21.45115852,0,21.81712914
2023/5/25 7:35,100,22.01620293,100,21.72222328,100,21.45115852,0,21.81712914
2023/5/25 7:36,100,22.11747742,100,21.73669052,100,21.45115852,0,21.81712914
2023/5/25 7:37,100,22.01620293,100,21.72222328,100,21.45115852,0,21.81712914
2023/5/25 7:38,100,22.01620293,100,21.72222328,100,21.45115852,0,21.81712914
2023/5/25 7:39,100,22.11747742,100,21.72222328,100,21.45115852,0,21.81712914
2023/5/25 7:40,100,22.11747742,100,21.73669052,100,21.45115852,0,21.81712914
2023/5/25 7:41,100,22.11747742,100,21.73669052,100,21.45115852,0,21.81712914
2023/5/25 7:42,100,22.11747742,100,21.72222328,100,21.45115852,0,21.81712914
2023/5/25 7:43,100,22.11747742,100,21.72222328,100,21.45115852,0,21.81712914
2023/5/25 7:44,100,22.01620293,100,21.72222328,100,21.45115852,0,21.81712914
2023/5/25 7:45,100,22.10301018,100,21.73669052,100,21.45115852,0,21.81712914
2023/5/25 7:46,100,22.01620293,100,21.72222328,100,21.45115852,0,21.81712914
2023/5/25 7:47,100,22.11747742,100,21.73669052,100,21.45115852,0,21.81712914
2023/5/25 7:48,100,22.01620293,100,21.73669052,100,21.45115852,0,21.81712914
2023/5/25 7:49,100,22.11747742,100,21.72222328,100,21.45115852,0,21.81712914
2023/5/25 7:50,100,22.01620293,100,21.73669052,100,21.45115852,0,21.81712914
2023/5/25 7:51,100,22.11747742,100,21.73669052,100,21.45115852,0,21.81712914
2023/5/25 7:52,100,22.01620293,100,21.73669052,100,21.45115852,0,21.81712914
2023/5/25 7:53,100,22.01620293,100,21.73669052,100,21.43669128,0,21.81712914
2023/5/25 7:54,100,22.32002258,100,21.73669052,100,21.45115852,0,21.81712914
2023/5/25 7:55,100,22.01620293,100,21.72222328,100,21.45115852,0,21.81712914
2023/5/25 7:56,100,22.01620293,100,21.73669052,100,21.45115852,0,21.81712914
2023/5/25 7:57,100,22.01620293,100,21.73669052,100,21.45115852,0,21.81712914
2023/5/25 7:58,100,22.01620293,100,21.72222328,100,21.45115852,0,21.81712914
2023/5/25 7:59,100,22.01620293,100,21.72222328,100,21.45115852,0,21.81712914
2023/5/25 8:00,100,22.01620293,100,21.72222328,100,21.45115852,0,21.81712914
2023/5/25 8:01,100,22.01620293,100,21.63541794,100,21.45115852,0,21.81712914
2023/5/25 8:02,100,22.01620293,100,21.63541794,100,21.45115852,0,21.81712914
2023/5/25 8:03,100,22.01620293,100,21.70775414,100,21.45115852,0,21.81712914
2023/5/25 8:04,100,22.01620293,100,21.64988518,100,21.45115852,0,21.81712914
2023/5/25 8:05,100,22.01620293,100,21.63541794,100,21.45115852,0,21.81712914
2023/5/25 8:06,100,22.27662086,100,21.73669052,100,21.45115852,0,21.81712914
2023/5/25 8:07,100,22.01620293,100,21.72222328,100,21.45115852,0,21.81712914
2023/5/25 8:08,100,22.01620293,100,21.72222328,100,21.45115852,0,21.81712914
2023/5/25 8:09,100,22.01620293,100,21.73669052,100,21.45115852,0,21.81712914
2023/5/25 8:10,100,22.01620293,100,21.73669052,100,21.55243111,0,21.81712914
2023/5/25 8:11,100,22.01620293,100,21.82349586,100,21.45115852,0,21.81712914
2023/5/25 8:12,100,22.11747742,100,21.82349586,100,21.45115852,0,21.81712914
2023/5/25 8:13,100,22.01620293,100,21.82349586,100,21.55243111,0,21.81712914
2023/5/25 8:14,100,22.01620293,100,21.73669052,100,21.45115852,0,21.81712914
2023/5/25 8:15,100,22.01620293,100,21.72222328,100,21.45115852,0,21.81712914
2023/5/25 8:16,100,22.01620293,100,21.73669052,100,21.45115852,0,21.81712914
2023/5/25 8:17,100,22.32002258,100,21.73669052,100,21.45115852,0,21.81712914
2023/5/25 8:18,100,22.01620293,100,21.72222328,100,21.45115852,0,21.81712914
2023/5/25 8:19,100,22.01620293,100,21.72222328,100,21.45115852,0,21.81712914
2023/5/25 8:20,100,22.01620293,100,21.82349586,100,21.55243111,0,21.81712914
2023/5/25 8:21,100,22.01620293,100,21.82349586,100,21.55243111,0,21.81712914
2023/5/25 8:22,100,22.01620293,100,21.82349586,100,21.55243111,0,21.81712914
2023/5/25 8:23,100,22.10301018,100,21.82349586,100,21.55243111,0,21.81712914
2023/5/25 8:24,100,22.01620293,100,21.82349586,100,21.55243111,0,21.81712914
2023/5/25 8:25,100,22.01620293,100,21.82349586,100,21.55243111,0,21.81712914
2023/5/25 8:26,100,22.01620293,100,21.82349586,100,21.55243111,0,21.81712914
2023/5/25 8:27,100,22.01620293,100,21.82349586,100,21.46562576,0,21.81712914
2023/5/25 8:28,100,22.01620293,100,21.73669052,100,21.45115852,0,21.81712914
2023/5/25 8:29,100,22.01620293,100,21.73669052,100,21.43669128,0,21.81712914
2023/5/25 8:30,100,22.11747742,100,21.72222328,100,21.45115852,0,21.81712914
2023/5/25 8:31,100,22.11747742,100,21.72222328,100,21.45115852,0,21.81712914
2023/5/25 8:32,100,22.01620293,100,21.73669052,100,21.45115852,0,21.81712914
2023/5/25 8:33,100,22.01620293,100,21.72222328,100,21.45115852,0,21.81712914
2023/5/25 8:34,100,22.11747742,100,21.73669052,100,21.45115852,0,21.81712914
2023/5/25 8:35,100,22.11747742,100,21.82349586,100,21.55243111,0,21.81712914
2023/5/25 8:36,100,22.11747742,100,21.73669052,100,21.45115852,0,21.81712914
2023/5/25 8:37,100,22.11747742,100,21.82349586,100,21.45115852,0,21.81712914
2023/5/25 8:38,100,22.20428276,100,21.72222328,100,21.43669128,0,21.81712914
2023/5/25 8:39,100,22.21875,100,21.73669052,100,21.45115852,0,21.81712914
2023/5/25 8:40,100,22.20428276,100,21.72222328,100,21.45115852,0,21.81712914
2023/5/25 8:41,100,22.21875,100,21.73669052,100,21.45115852,0,21.81712914
2023/5/25 8:42,100,22.11747742,100,21.63541794,100,21.45115852,0,21.81712914
2023/5/25 8:43,100,22.11747742,100,21.73669052,100,21.45115852,0,21.81712914
2023/5/25 8:44,100,22.11747742,100,21.72222328,100,21.45115852,0,21.81712914
2023/5/25 8:45,100,22.11747742,100,21.73669052,100,21.45115852,0,21.81712914
2023/5/25 8:46,100,22.01620293,100,21.73669052,100,21.45115852,0,21.81712914
2023/5/25 8:47,100,22.11747742,100,21.73669052,100,21.45115852,0,21.81712914
2023/5/25 8:48,100,22.11747742,100,21.73669052,100,21.45115852,0,21.81712914
2023/5/25 8:49,100,22.11747742,100,21.72222328,100,21.45115852,0,21.81712914
2023/5/25 8:50,100,22.11747742,100,21.72222328,100,21.45115852,0,21.81712914
2023/5/25 8:51,100,22.11747742,100,21.72222328,100,21.45115852,0,21.81712914
2023/5/25 8:52,100,22.10301018,100,21.82349586,100,21.45115852,0,21.81712914
2023/5/25 8:53,100,22.11747742,100,21.82349586,100,21.55243111,0,21.81712914
2023/5/25 8:54,100,22.01620293,100,21.73669052,100,21.55243111,0,21.81712914
2023/5/25 8:55,100,22.11747742,100,21.73669052,100,21.45115852,0,21.81712914
2023/5/25 8:56,100,22.01620293,100,21.72222328,100,21.45115852,0,21.81712914
2023/5/25 8:57,100,22.11747742,100,21.73669052,100,21.45115852,0,21.81712914
2023/5/25 8:58,100,22.11747742,100,21.73669052,100,21.45115852,0,21.81712914
2023/5/25 8:59,100,22.11747742,100,21.72222328,100,21.45115852,0,21.81712914
2023/5/25 9:00,100,22.01620293,100,21.75115776,100,21.45115852,0,21.81712914
2023/5/25 9:01,100,22.01620293,100,21.72222328,100,21.45115852,0,21.81712914
2023/5/25 9:02,100,22.01620293,100,21.72222328,100,21.45115852,0,21.81712914
2023/5/25 9:03,100,22.01620293,100,21.73669052,100,21.45115852,0,21.81712914
2023/5/25 9:04,100,22.01620293,100,21.72222328,100,21.45115852,0,21.81712914
2023/5/25 9:05,100,22.01620293,100,21.73669052,100,21.43669128,0,21.81712914
2023/5/25 9:06,100,22.01620293,100,21.72222328,100,21.45115852,0,21.81712914
2023/5/25 9:07,100,22.01620293,100,21.82349586,100,21.55243111,0,21.81712914
2023/5/25 9:08,100,22.32002258,100,21.82349586,100,21.55243111,0,21.81712914
2023/5/25 9:09,100,22.01620293,100,21.72222328,100,21.55243111,0,21.81712914
2023/5/25 9:10,100,22.01620293,100,21.72222328,100,21.45115852,0,21.81712914
2023/5/25 9:11,100,22.01620293,100,21.73669052,100,21.45115852,0,21.81712914
2023/5/25 9:12,100,22.01620293,100,21.63541794,100,21.45115852,0,21.81712914
2023/5/25 9:13,100,22.01620293,100,21.63541794,100,21.45115852,0,21.8026619
2023/5/25 9:14,100,22.30555534,100,21.63541794,100,21.45115852,0,21.81712914
2023/5/25 9:15,100,22.01620293,100,21.63541794,100,21.45115852,0,21.81712914
2023/5/25 9:16,100,22.01620293,100,21.63541794,100,21.45115852,0,21.81712914
2023/5/25 9:17,100,22.32002258,100,21.63541794,100,21.46562576,0,21.81712914
2023/5/25 9:18,100,22.21875,100,21.63541794,100,21.45115852,0,21.81712914
2023/5/25 9:19,100,22.32002258,100,21.72222328,100,21.45115852,0,21.81712914
2023/5/25 9:20,100,22.32002258,100,21.73669052,100,21.45115852,0,21.81712914
2023/5/25 9:21,100,22.32002258,100,21.72222328,100,21.45115852,0,21.81712914
2023/5/25 9:22,100,22.27662086,100,21.73669052,100,21.45115852,0,21.81712914
2023/5/25 9:23,100,22.32002258,100,21.73669052,100,21.45115852,0,21.81712914
2023/5/25 9:24,100,22.01620293,100,21.73669052,100,21.45115852,0,21.81712914
2023/5/25 9:25,100,22.01620293,100,21.72222328,100,21.45115852,0,21.81712914
2023/5/25 9:26,100,22.32002258,100,21.73669052,100,21.45115852,0,21.81712914
2023/5/25 9:27,100,22.32002258,100,21.62094879,100,21.45115852,0,21.81712914
2023/5/25 9:28,100,22.32002258,100,21.63541794,100,21.45115852,0,21.81712914
2023/5/25 9:29,100,22.32002258,100,21.72222328,100,21.45115852,0,21.81712914
2023/5/25 9:30,100,22.30555534,100,21.72222328,100,21.45115852,0,21.81712914
2023/5/25 9:31,100,22.32002258,100,21.63541794,100,21.45115852,0,21.81712914
2023/5/25 9:32,100,22.01620293,100,21.64988518,100,21.43669128,0,21.81712914
2023/5/25 9:33,100,22.32002258,100,21.73669052,100,21.45115852,0,21.81712914
2023/5/25 9:34,100,22.01620293,100,21.73669052,100,21.45115852,0,21.81712914
2023/5/25 9:35,100,22.32002258,100,21.72222328,100,21.45115852,0,21.81712914
2023/5/25 9:36,100,22.32002258,100,21.73669052,100,21.45115852,0,21.81712914
2023/5/25 9:37,100,22.01620293,100,21.73669052,100,21.45115852,0,21.81712914
2023/5/25 9:38,100,22.32002258,100,21.72222328,100,21.45115852,0,21.81712914
2023/5/25 9:39,100,22.32002258,100,21.63541794,100,21.34988594,0,21.81712914
2023/5/25 9:40,100,22.32002258,100,21.63541794,100,21.34988594,0,21.81712914
2023/5/25 9:41,100,22.32002258,100,21.63541794,100,21.45115852,0,21.81712914
2023/5/25 9:42,100,22.32002258,100,21.63541794,100,21.45115852,0,21.81712914
2023/5/25 9:43,100,22.32002258,100,21.63541794,100,21.45115852,0,21.81712914
2023/5/25 9:44,100,22.32002258,100,21.62094879,100,21.45115852,0,21.81712914
2023/5/25 9:45,100,22.01620293,100,21.63541794,100,21.43669128,0,21.61458206
2023/5/25 9:46,100,22.32002258,100,21.63541794,100,21.45115852,0,21.61458206
2023/5/25 9:47,100,22.32002258,100,21.63541794,100,21.45115852,0,21.81712914
2023/5/25 9:48,100,22.32002258,100,21.63541794,100,21.45115852,0,21.73032379
2023/5/25 9:49,100,22.32002258,100,21.63541794,100,21.45115852,0,21.71585655
2023/5/25 9:50,100,22.32002258,100,21.63541794,100,21.45115852,0,21.81712914
2023/5/25 9:51,100,22.32002258,100,21.63541794,100,21.45115852,0,21.81712914
2023/5/25 9:52,100,22.32002258,100,21.63541794,100,21.45115852,0,21.81712914
2023/5/25 9:53,100,22.01620293,100,21.63541794,100,21.45115852,0,21.81712914
2023/5/25 9:54,100,22.01620293,100,21.72222328,100,21.45115852,0,21.81712914
2023/5/25 9:55,100,22.32002258,100,21.63541794,100,21.45115852,0,21.81712914
2023/5/25 9:56,100,22.01620293,100,21.63541794,100,21.43669128,0,21.78819466
2023/5/25 9:57,100,22.23321724,100,21.63541794,100,21.45115852,0,21.68692207
2023/5/25 9:58,100,22.01620293,100,21.62094879,100,21.45115852,0,21.61458206
2023/5/25 9:59,100,22.01620293,100,21.63541794,100,21.34988594,0,21.62905121
2023/5/25 10:00,100,22.05960655,100,21.63541794,100,21.45115852,0,21.8026619
2023/5/25 10:01,100,22.32002258,100,21.62094879,100,21.45115852,0,21.8026619
2023/5/25 10:02,100,22.32002258,100,21.63541794,100,21.37882042,0,21.61458206
2023/5/25 10:03,100,22.32002258,100,21.63541794,100,21.45115852,0,21.81712914
2023/5/25 10:04,100,22.32002258,100,21.63541794,100,21.45115852,0,21.81712914
2023/5/25 10:05,100,22.32002258,100,21.63541794,100,21.45115852,0,21.81712914
2023/5/25 10:06,100,22.32002258,100,21.63541794,100,21.45115852,0,21.81712914
2023/5/25 10:07,100,22.32002258,100,21.70775414,100,21.46562576,0,21.81712914
2023/5/25 10:08,100,22.32002258,100,21.63541794,100,21.45115852,0,21.81712914
2023/5/25 10:09,100,22.32002258,100,21.63541794,100,21.45115852,0,21.81712914
2023/5/25 10:10,100,22.32002258,100,21.63541794,100,21.45115852,0,21.81712914
2023/5/25 10:11,100,22.32002258,100,21.73669052,100,21.45115852,0,21.81712914
2023/5/25 10:12,100,22.32002258,100,21.63541794,100,21.45115852,0,21.81712914
2023/5/25 10:13,100,22.32002258,100,21.63541794,100,21.45115852,0,21.81712914
2023/5/25 10:14,100,22.01620293,100,21.63541794,100,21.45115852,0,21.81712914
2023/5/25 10:15,100,22.01620293,100,21.63541794,100,21.45115852,0,21.81712914
2023/5/25 10:16,100,22.32002258,100,21.62094879,100,21.42222404,0,21.81712914
2023/5/25 10:17,100,22.01620293,100,21.63541794,100,21.45115852,0,21.81712914
2023/5/25 10:18,100,22.01620293,100,21.62094879,100,21.45115852,0,21.81712914
2023/5/25 10:19,100,22.32002258,100,21.63541794,100,21.45115852,0,21.81712914
2023/5/25 10:20,100,22.32002258,100,21.62094879,100,21.43669128,0,21.81712914
2023/5/25 10:21,100,22.01620293,100,21.64988518,100,21.45115852,0,21.81712914
2023/5/25 10:22,100,22.01620293,100,21.63541794,100,21.45115852,0,21.81712914
2023/5/25 10:23,100,22.01620293,100,21.63541794,100,21.45115852,0,21.8026619
2023/5/25 10:24,100,22.01620293,100,21.63541794,100,21.45115852,0,21.81712914
2023/5/25 10:25,100,22.18981552,100,21.62094879,100,21.45115852,0,21.81712914
2023/5/25 10:26,100,22.03067207,100,21.63541794,100,21.45115852,0,21.81712914
2023/5/25 10:27,100,22.01620293,100,21.63541794,100,21.45115852,0,21.81712914
2023/5/25 10:28,100,22.04513931,100,21.63541794,100,21.45115852,0,21.81712914
2023/5/25 10:29,100,22.01620293,100,21.57754707,100,21.34988594,0,21.81712914
2023/5/25 10:30,100,22.01620293,100,21.63541794,100,21.45115852,0,21.81712914
2023/5/25 10:31,100,22.01620293,100,21.62094879,100,21.45115852,0,21.81712914
2023/5/25 10:32,100,22.30555534,100,21.63541794,100,21.45115852,0,21.81712914
2023/5/25 10:33,100,22.32002258,100,21.62094879,100,21.45115852,0,21.81712914
2023/5/25 10:34,100,22.01620293,100,21.63541794,100,21.45115852,0,21.81712914
2023/5/25 10:35,100,22.01620293,100,21.63541794,100,21.34988594,0,21.81712914
2023/5/25 10:36,100,22.01620293,100,21.51967621,100,21.34988594,0,21.81712914
2023/5/25 10:37,100,22.01620293,100,21.51967621,100,21.34988594,0,21.81712914
2023/5/25 10:38,100,22.01620293,100,21.51967621,100,21.30648232,0,21.81712914
2023/5/25 10:39,100,22.01620293,100,21.63541794,100,21.34988594,0,21.81712914
2023/5/25 10:40,100,22.01620293,100,21.63541794,100,21.34988594,0,21.81712914
2023/5/25 10:41,100,22.32002258,100,21.63541794,100,21.45115852,0,21.81712914
2023/5/25 10:42,100,22.32002258,100,21.63541794,100,21.34988594,0,21.81712914
2023/5/25 10:43,100,22.32002258,100,21.53414345,100,21.26307869,0,21.81712914
2023/5/25 10:44,100,22.32002258,100,21.51967621,100,21.26307869,0,21.81712914
2023/5/25 10:45,100,22.32002258,100,21.53414345,100,21.24861145,0,21.81712914
2023/5/25 10:46,100,22.32002258,100,21.51967621,100,21.26307869,0,21.81712914
2023/5/25 10:47,100,22.32002258,100,21.43287086,100,21.24861145,0,21.81712914
2023/5/25 10:48,100,22.32002258,100,21.51967621,100,21.26307869,0,21.81712914
2023/5/25 10:49,100,22.17534828,100,21.51967621,100,21.24861145,0,21.81712914
2023/5/25 10:50,100,22.01620293,100,21.51967621,100,21.24861145,0,21.81712914
2023/5/25 10:51,100,22.01620293,100,21.4473381,100,21.26307869,0,21.81712914
2023/5/25 10:52,100,22.04513931,100,21.43287086,100,21.26307869,0,21.81712914
2023/5/25 10:53,100,22.01620293,100,21.41840172,100,21.26307869,0,21.81712914
2023/5/25 10:54,100,22.01620293,100,21.43287086,100,21.24861145,0,21.81712914
2023/5/25 10:55,100,22.01620293,100,21.53414345,100,21.27754784,0,21.81712914
2023/5/25 10:56,100,22.01620293,100,21.53414345,100,21.34988594,0,21.81712914
2023/5/25 10:57,100,22.01620293,100,21.51967621,100,21.26307869,0,21.81712914
2023/5/25 10:58,100,22.04513931,100,21.51967621,100,21.26307869,0,21.81712914
2023/5/25 10:59,100,22.32002258,100,21.51967621,100,21.34988594,0,21.81712914
2023/5/25 11:00,100,22.01620293,100,21.53414345,100,21.34988594,0,21.81712914
2023/5/25 11:01,100,22.01620293,100,21.51967621,100,21.26307869,0,21.81712914
2023/5/25 11:02,100,22.32002258,100,21.51967621,100,21.26307869,0,21.81712914
2023/5/25 11:03,100,22.32002258,100,21.51967621,100,21.26307869,0,21.81712914
2023/5/25 11:04,100,22.32002258,100,21.51967621,100,21.26307869,0,21.81712914
2023/5/25 11:05,100,22.32002258,100,21.63541794,100,21.34988594,0,21.71585655
2023/5/25 11:06,100,22.32002258,100,21.63541794,100,21.34988594,0,21.77372742
2023/5/25 11:07,100,22.32002258,100,21.63541794,100,21.45115852,0,21.8026619
2023/5/25 11:08,100,22.32002258,100,21.63541794,100,21.45115852,0,21.81712914
2023/5/25 11:09,100,22.32002258,100,21.63541794,100,21.45115852,0,21.81712914
2023/5/25 11:10,100,22.32002258,100,21.63541794,100,21.34988594,0,21.81712914
2023/5/25 11:11,100,22.21875,100,21.63541794,100,21.45115852,0,21.81712914
2023/5/25 11:12,100,22.32002258,100,21.63541794,100,21.34988594,0,21.81712914
2023/5/25 11:13,100,22.32002258,100,21.51967621,100,21.34988594,0,21.81712914
2023/5/25 11:14,100,22.32002258,100,21.53414345,100,21.34988594,0,21.68692207
2023/5/25 11:15,100,22.32002258,100,21.63541794,100,21.34988594,0,21.61458206
2023/5/25 11:16,100,22.32002258,100,21.63541794,100,21.34988594,0,21.62905121
2023/5/25 11:17,100,22.32002258,100,21.63541794,100,21.45115852,0,21.61458206
2023/5/25 11:18,100,22.32002258,100,21.63541794,100,21.34988594,0,21.81712914
2023/5/25 11:19,100,22.32002258,100,21.63541794,100,21.34988594,0,21.81712914
2023/5/25 11:20,100,22.32002258,100,21.63541794,100,21.34988594,0,21.81712914
2023/5/25 11:21,100,22.32002258,100,21.53414345,100,21.34988594,0,21.81712914
2023/5/25 11:22,100,22.23321724,100,21.53414345,100,21.34988594,0,21.81712914
2023/5/25 11:23,100,22.32002258,100,21.51967621,100,21.34988594,0,21.81712914
2023/5/25 11:24,100,22.32002258,100,21.51967621,100,21.34988594,0,21.81712914
2023/5/25 11:25,100,22.32002258,100,21.51967621,100,21.24861145,0,21.81712914
2023/5/25 11:26,100,22.32002258,100,21.51967621,100,21.26307869,0,21.81712914
2023/5/25 11:27,100,22.32002258,100,21.51967621,100,21.26307869,0,21.81712914
2023/5/25 11:28,100,22.32002258,100,21.51967621,100,21.24861145,0,21.81712914
2023/5/25 11:29,100,22.21875,100,21.51967621,100,21.26307869,0,21.81712914
2023/5/25 11:30,100,22.32002258,100,21.43287086,100,21.26307869,0,21.81712914
2023/5/25 11:31,100,22.01620293,100,21.43287086,100,21.21967697,0,21.81712914
2023/5/25 11:32,100,22.32002258,100,21.51967621,100,21.26307869,0,21.81712914
2023/5/25 11:33,100,22.32002258,100,21.51967621,100,21.26307869,0,21.81712914
2023/5/25 11:34,100,22.32002258,100,21.53414345,100,21.26307869,0,21.81712914
2023/5/25 11:35,100,22.32002258,100,21.51967621,100,21.26307869,0,21.81712914
2023/5/25 11:36,100,22.32002258,100,21.51967621,100,21.34988594,0,21.81712914
2023/5/25 11:37,100,22.32002258,100,21.53414345,100,21.34988594,0,21.81712914
2023/5/25 11:38,100,22.32002258,100,21.62094879,100,21.34988594,0,21.81712914
2023/5/25 11:39,100,22.32002258,100,21.54861069,100,21.34988594,0,21.8026619
2023/5/25 11:40,100,22.26215172,100,21.53414345,100,21.34988594,0,21.81712914
2023/5/25 11:41,100,22.32002258,100,21.63541794,100,21.34988594,0,21.81712914
2023/5/25 11:42,100,22.32002258,100,21.53414345,100,21.26307869,0,21.81712914
2023/5/25 11:43,100,22.32002258,100,21.54861069,100,21.34988594,0,21.81712914
2023/5/25 11:44,100,22.32002258,100,21.63541794,100,21.34988594,0,21.81712914
2023/5/25 11:45,100,22.32002258,100,21.62094879,100,21.34988594,0,21.81712914
2023/5/25 11:46,100,22.32002258,100,21.63541794,100,21.34988594,0,21.81712914
2023/5/25 11:47,100,22.21875,100,21.63541794,100,21.34988594,0,21.81712914
2023/5/25 11:48,100,22.32002258,100,21.63541794,100,21.34988594,0,21.81712914
2023/5/25 11:49,100,22.32002258,100,21.63541794,100,21.34988594,0,21.81712914
2023/5/25 11:50,100,22.32002258,100,21.63541794,100,21.45115852,0,21.81712914
2023/5/25 11:51,100,22.21875,100,21.63541794,100,21.45115852,0,21.81712914
2023/5/25 11:52,100,22.21875,100,21.63541794,100,21.34988594,0,21.81712914
2023/5/25 11:53,100,22.21875,100,21.63541794,100,21.34988594,0,21.81712914
2023/5/25 11:54,100,22.21875,100,21.63541794,100,21.34988594,0,21.81712914
2023/5/25 11:55,100,22.21875,100,21.56307793,100,21.34988594,0,21.81712914
2023/5/25 11:56,100,22.11747742,100,21.51967621,100,21.34988594,0,21.81712914
2023/5/25 11:57,100,22.11747742,100,21.51967621,100,21.34988594,0,21.81712914
2023/5/25 11:58,100,22.11747742,100,21.51967621,100,21.34988594,0,21.8026619
2023/5/25 11:59,100,22.11747742,100,21.63541794,100,21.45115852,0,21.81712914
2023/5/25 12:00,100,22.11747742,100,21.62094879,100,21.45115852,0,21.81712914
2023/5/25 12:01,100,22.11747742,100,21.63541794,100,21.45115852,0,21.81712914
2023/5/25 12:02,100,22.10301018,100,21.63541794,100,21.34988594,0,21.81712914
2023/5/25 12:03,100,22.11747742,100,21.63541794,100,21.34988594,0,21.81712914
2023/5/25 12:04,100,22.11747742,100,21.63541794,100,21.34988594,0,21.81712914
2023/5/25 12:05,100,22.11747742,100,21.63541794,100,21.34988594,0,21.81712914
2023/5/25 12:06,100,22.11747742,100,21.63541794,100,21.34988594,0,21.81712914
2023/5/25 12:07,100,22.01620293,100,21.63541794,100,21.34988594,0,21.81712914
2023/5/25 12:08,100,22.01620293,100,21.63541794,100,21.34988594,0,21.81712914
2023/5/25 12:09,100,22.01620293,100,21.63541794,100,21.34988594,0,21.81712914
2023/5/25 12:10,100,22.01620293,100,21.63541794,100,21.34988594,0,21.8026619
2023/5/25 12:11,100,22.01620293,100,21.59201431,100,21.34988594,0,21.81712914
2023/5/25 12:12,100,22.01620293,100,21.53414345,100,21.34988594,0,21.81712914
2023/5/25 12:13,100,21.91493034,100,21.63541794,100,21.34988594,0,21.81712914
2023/5/25 12:14,100,21.91493034,100,21.63541794,100,21.34988594,0,21.81712914
2023/5/25 12:15,100,21.91493034,100,21.62094879,100,21.34988594,0,21.81712914
2023/5/25 12:16,100,21.92939758,100,21.51967621,100,21.34988594,0,21.81712914
2023/5/25 12:17,100,21.95833206,100,21.51967621,100,21.24861145,0,21.81712914
2023/5/25 12:18,100,21.91493034,100,21.53414345,100,21.29201508,0,21.81712914
2023/5/25 12:19,100,21.91493034,100,21.57754707,100,21.34988594,0,21.81712914
2023/5/25 12:20,100,21.91493034,100,21.53414345,100,21.34988594,0,21.81712914
2023/5/25 12:21,100,21.91493034,100,21.63541794,100,21.34988594,0,21.81712914
2023/5/25 12:22,100,21.91493034,100,21.63541794,100,21.34988594,0,21.81712914
2023/5/25 12:23,100,21.91493034,100,21.63541794,100,21.34988594,0,21.81712914
2023/5/25 12:24,100,21.91493034,100,21.63541794,100,21.3354187,0,21.81712914
2023/5/25 12:25,100,21.91493034,100,21.51967621,100,21.34988594,0,21.81712914
2023/5/25 12:26,100,21.91493034,100,21.51967621,100,21.26307869,0,21.81712914
2023/5/25 12:27,100,21.92939758,100,21.51967621,100,21.34988594,0,21.81712914
2023/5/25 12:28,100,21.91493034,100,21.53414345,100,21.34988594,0,21.81712914
2023/5/25 12:29,100,21.828125,100,21.51967621,100,21.34988594,0,21.81712914
2023/5/25 12:30,100,21.81365776,100,21.51967621,100,21.34988594,0,21.81712914
2023/5/25 12:31,100,21.828125,100,21.51967621,100,21.34988594,0,21.81712914
2023/5/25 12:32,100,21.828125,100,21.51967621,100,21.34988594,0,21.81712914
2023/5/25 12:33,100,21.81365776,100,21.51967621,100,21.34988594,0,21.81712914
2023/5/25 12:34,100,21.81365776,100,21.53414345,100,21.34988594,0,21.81712914
2023/5/25 12:35,100,21.828125,100,21.53414345,100,21.34988594,0,21.81712914
2023/5/25 12:36,100,21.828125,100,21.51967621,100,21.34988594,0,21.81712914
2023/5/25 12:37,100,21.828125,100,21.51967621,100,21.34988594,0,21.81712914
2023/5/25 12:38,100,21.81365776,100,21.43287086,100,21.26307869,0,21.81712914
2023/5/25 12:39,100,21.828125,100,21.43287086,100,21.34988594,0,21.81712914
2023/5/25 12:40,100,21.72685242,100,21.43287086,100,21.26307869,0,21.81712914
2023/5/25 12:41,100,21.72685242,100,21.51967621,100,21.26307869,0,21.8026619
2023/5/25 12:42,100,21.72685242,100,21.43287086,100,21.26307869,0,21.81712914
2023/5/25 12:43,100,21.71238518,100,21.51967621,100,21.26307869,0,21.81712914
2023/5/25 12:44,100,21.72685242,100,21.53414345,100,21.26307869,0,21.81712914
2023/5/25 12:45,100,21.72685242,100,21.53414345,100,21.26307869,0,21.81712914
2023/5/25 12:46,100,21.72685242,100,21.51967621,100,21.26307869,0,21.81712914
2023/5/25 12:47,100,21.74131966,100,21.51967621,100,21.34988594,0,21.81712914
2023/5/25 12:48,100,21.72685242,100,21.53414345,100,21.34988594,0,21.81712914
2023/5/25 12:49,100,21.72685242,100,21.51967621,100,21.34988594,0,21.81712914
2023/5/25 12:50,100,21.72685242,100,21.47627258,100,21.29201508,0,21.81712914
2023/5/25 12:51,100,21.71238518,100,21.43287086,100,21.26307869,0,21.81712914
2023/5/25 12:52,100,21.72685242,100,21.43287086,100,21.26307869,0,21.64351845
2023/5/25 12:53,100,21.72685242,100,21.43287086,100,21.24861145,0,21.61458206
2023/5/25 12:54,100,21.72685242,100,21.43287086,100,21.26307869,0,21.81712914
2023/5/25 12:55,100,21.72685242,100,21.43287086,100,21.26307869,0,21.61458206
2023/5/25 12:56,100,21.72685242,100,21.43287086,100,21.34988594,0,21.61458206
2023/5/25 12:57,100,21.71238518,100,21.51967621,100,21.3354187,0,21.61458206
2023/5/25 12:58,100,21.71238518,100,21.51967621,100,21.34988594,0,21.61458206
2023/5/25 12:59,100,21.72685242,100,21.51967621,100,21.3354187,0,21.61458206
2023/5/25 13:00,100,21.72685242,100,21.53414345,100,21.34988594,0,21.61458206
2023/5/25 13:01,100,21.71238518,100,21.62094879,100,21.34988594,0,21.61458206
2023/5/25 13:02,100,21.72685242,100,21.51967621,100,21.34988594,0,21.61458206
2023/5/25 13:03,100,21.72685242,100,21.53414345,100,21.34988594,0,21.61458206
2023/5/25 13:04,100,21.72685242,100,21.51967621,100,21.34988594,0,21.61458206
2023/5/25 13:05,100,21.71238518,100,21.53414345,100,21.34988594,0,21.61458206
2023/5/25 13:06,100,21.71238518,100,21.51967621,100,21.34988594,0,21.61458206
2023/5/25 13:07,100,21.72685242,100,21.51967621,100,21.34988594,0,21.61458206
2023/5/25 13:08,100,21.72685242,100,21.51967621,100,21.34988594,0,21.61458206
2023/5/25 13:09,100,21.72685242,100,21.53414345,100,21.34988594,0,21.61458206
2023/5/25 13:10,100,21.71238518,100,21.63541794,100,21.34988594,0,21.61458206
2023/5/25 13:11,100,21.72685242,100,21.63541794,100,21.34988594,0,21.61458206
2023/5/25 13:12,100,21.72685242,100,21.63541794,100,21.34988594,0,21.61458206
2023/5/25 13:13,100,21.52430534,100,21.66435242,100,21.34988594,0,21.61458206
2023/5/25 13:14,100,21.52430534,100,21.63541794,100,21.34988594,0,21.61458206
2023/5/25 13:15,100,21.72685242,100,21.63541794,100,21.3354187,0,21.61458206
2023/5/25 13:16,100,21.52430534,100,21.62094879,100,21.34988594,0,21.61458206
2023/5/25 13:17,100,21.52430534,100,21.63541794,100,21.34988594,0,21.61458206
2023/5/25 13:18,100,21.72685242,100,21.63541794,100,21.34988594,0,21.61458206
2023/5/25 13:19,100,21.72685242,100,21.63541794,100,21.34988594,0,21.61458206
2023/5/25 13:20,100,21.72685242,100,21.63541794,100,21.34988594,0,21.61458206
2023/5/25 13:21,100,21.52430534,100,21.72222328,100,21.34988594,0,21.61458206
2023/5/25 13:22,100,21.52430534,100,21.72222328,100,21.34988594,0,21.61458206
2023/5/25 13:23,100,21.52430534,100,21.72222328,100,21.34988594,0,21.61458206
2023/5/25 13:24,100,21.5098381,100,21.82349586,100,21.45115852,0,21.61458206
2023/5/25 13:25,100,21.52430534,100,21.82349586,100,21.34988594,0,21.61458206
2023/5/25 13:26,100,21.42303276,100,21.73669052,100,21.34988594,0,21.52777672
2023/5/25 13:27,100,21.42303276,100,21.72222328,100,21.34988594,0,21.61458206
2023/5/25 13:28,100,21.42303276,100,21.6932869,100,21.34988594,0,21.51330948
2023/5/25 13:29,100,21.42303276,100,21.62094879,100,21.34988594,0,21.51330948
2023/5/25 13:30,100,21.52430534,100,21.51967621,100,21.26307869,0,21.61458206
2023/5/25 13:31,100,21.52430534,100,21.53414345,100,21.24861145,0,21.51330948
2023/5/25 13:32,100,21.52430534,100,21.51967621,100,21.26307869,0,21.51330948
2023/5/25 13:33,100,21.52430534,100,21.53414345,100,21.26307869,0,21.51330948
2023/5/25 13:34,100,21.42303276,100,21.51967621,100,21.26307869,0,21.51330948
2023/5/25 13:35,100,21.42303276,100,21.43287086,100,21.26307869,0,21.51330948
2023/5/25 13:36,100,21.40856552,100,21.41840172,100,21.16180611,0,21.51330948
2023/5/25 13:37,100,21.42303276,100,21.43287086,100,21.16180611,0,21.51330948
2023/5/25 13:38,100,21.42303276,100,21.43287086,100,21.16180611,0,21.42650414
2023/5/25 13:39,100,21.42303276,100,21.38946724,100,21.16180611,0,21.42650414
2023/5/25 13:40,100,21.42303276,100,21.43287086,100,21.14733887,0,21.4120369
2023/5/25 13:41,100,21.42303276,100,21.43287086,100,21.16180611,0,21.42650414
2023/5/25 13:42,100,21.42303276,100,21.41840172,100,21.16180611,0,21.42650414
2023/5/25 13:43,100,21.32176018,100,21.43287086,100,21.14733887,0,21.42650414
2023/5/25 13:44,100,21.22048569,100,21.43287086,100,21.16180611,0,21.4120369
2023/5/25 13:45,100,21.32176018,100,21.41840172,100,21.14733887,0,21.4120369
2023/5/25 13:46,100,21.32176018,100,21.33159828,100,21.16180611,0,21.36863518
2023/5/25 13:47,100,21.32176018,100,21.33159828,100,21.14733887,0,21.33969879
2023/5/25 13:48,100,21.32176018,100,21.33159828,100,21.06053352,0,21.42650414
2023/5/25 13:49,100,21.32176018,100,21.33159828,100,21.04606628,0,21.42650414
2023/5/25 13:50,100,21.32176018,100,21.33159828,100,21.06053352,0,21.42650414
2023/5/25 13:51,100,21.32176018,100,21.33159828,100,21.04606628,0,21.42650414
2023/5/25 13:52,100,21.32176018,100,21.33159828,100,21.16180611,0,21.42650414
2023/5/25 13:53,100,21.32176018,100,21.33159828,100,21.16180611,0,21.42650414
2023/5/25 13:54,100,21.32176018,100,21.43287086,100,21.16180611,0,21.42650414
2023/5/25 13:55,100,21.32176018,100,21.43287086,100,21.21967697,0,21.42650414
2023/5/25 13:56,100,21.32176018,100,21.41840172,100,21.16180611,0,21.42650414
2023/5/25 13:57,100,21.32176018,100,21.43287086,100,21.16180611,0,21.42650414
2023/5/25 13:58,100,21.32176018,100,21.43287086,100,21.26307869,0,21.4120369
2023/5/25 13:59,100,21.32176018,100,21.43287086,100,21.16180611,0,21.4120369
2023/5/25 14:00,100,21.32176018,100,21.43287086,100,21.26307869,0,21.42650414
2023/5/25 14:01,100,21.22048569,100,21.43287086,100,21.24861145,0,21.42650414
2023/5/25 14:02,100,21.22048569,100,21.43287086,100,21.14733887,0,21.4120369
2023/5/25 14:03,100,21.22048569,100,21.33159828,100,21.16180611,0,21.4120369
2023/5/25 14:04,100,21.32176018,100,21.33159828,100,21.04606628,0,21.42650414
2023/5/25 14:05,100,21.32176018,100,21.33159828,100,21.04606628,0,21.4120369
2023/5/25 14:06,100,21.22048569,100,21.33159828,100,21.04606628,0,21.4120369
2023/5/25 14:07,100,21.22048569,100,21.33159828,100,21.11840248,0,21.42650414
2023/5/25 14:08,100,21.10474586,100,21.33159828,100,21.14733887,0,21.4120369
2023/5/25 14:09,100,21.1192131,100,21.41840172,100,21.16180611,0,21.4120369
2023/5/25 14:10,100,21.22048569,100,21.43287086,100,21.16180611,0,21.42650414
2023/5/25 14:11,100,21.22048569,100,21.43287086,100,21.14733887,0,21.42650414
2023/5/25 14:12,100,21.22048569,100,21.33159828,100,21.16180611,0,21.42650414
2023/5/25 14:13,100,21.32176018,100,21.33159828,100,21.16180611,0,21.42650414
2023/5/25 14:14,100,21.32176018,100,21.31712914,100,21.16180611,0,21.42650414
2023/5/25 14:15,100,21.22048569,100,21.33159828,100,21.14733887,0,21.42650414
2023/5/25 14:16,100,21.32176018,100,21.33159828,100,21.14733887,0,21.42650414
2023/5/25 14:17,100,21.32176018,100,21.43287086,100,21.14733887,0,21.42650414
2023/5/25 14:18,100,21.32176018,100,21.43287086,100,21.16180611,0,21.42650414
2023/5/25 14:19,100,21.22048569,100,21.375,100,21.16180611,0,21.4120369
2023/5/25 14:20,100,21.32176018,100,21.33159828,100,21.16180611,0,21.42650414
2023/5/25 14:21,100,21.22048569,100,21.33159828,100,21.14733887,0,21.42650414
2023/5/25 14:22,100,21.32176018,100,21.33159828,100,21.04606628,0,21.42650414
2023/5/25 14:23,100,21.22048569,100,21.31712914,100,21.06053352,0,21.4120369
2023/5/25 14:24,100,21.32176018,100,21.33159828,100,21.04606628,0,21.33969879
2023/5/25 14:25,100,21.22048569,100,21.31712914,100,21.04606628,0,21.32523155
2023/5/25 14:26,100,21.22048569,100,21.33159828,100,21.07500076,0,21.31076431
2023/5/25 14:27,100,21.22048569,100,21.33159828,100,21.06053352,0,21.32523155
2023/5/25 14:28,100,21.20601845,100,21.33159828,100,21.04606628,0,21.31076431
2023/5/25 14:29,100,21.22048569,100,21.31712914,100,21.06053352,0,21.32523155
2023/5/25 14:30,100,21.22048569,100,21.33159828,98.60244751,20.95926094,0,21.32523155
2023/5/25 14:31,100,21.22048569,100,21.23032379,95.16470337,20.95926094,0,21.22395706
2023/5/25 14:32,100,21.22048569,100,21.23032379,87.89845276,20.84351921,0,21.22395706
2023/5/25 14:33,100,21.22048569,100,21.12905121,76.53379059,20.85798645,0,21.22395706
2023/5/25 14:34,100,21.22048569,100,21.11458206,65.06169891,20.85798645,0,21.22395706
2023/5/25 14:35,100,21.22048569,100,21.12905121,53.66600037,20.84351921,0,21.22395706
2023/5/25 14:36,100,21.22048569,100,21.12905121,38.24473953,20.75671387,0,21.22395706
2023/5/25 14:37,100,21.22048569,100,21.02777672,18.72294807,20.75671387,0,21.22395706
2023/5/25 14:38,100,21.22048569,100,21.07118034,0,20.75671387,0,21.22395706
2023/5/25 14:39,100,21.20601845,100,21.04224586,0,20.75671387,0,21.20948982
2023/5/25 14:40,100,21.22048569,100,21.12905121,0,20.85798645,0,21.22395706
2023/5/25 14:41,100,21.22048569,100,21.23032379,0,20.9447937,0,21.20948982
2023/5/25 14:42,100,21.22048569,100,21.33159828,0,20.95926094,0,21.22395706
2023/5/25 14:43,100,21.22048569,100,21.33159828,3.249778271,21.06053352,0,21.22395706
2023/5/25 14:44,100,21.10474586,100,21.33159828,7.142470837,21.04606628,0,21.32523155
2023/5/25 14:45,100,21.22048569,100,21.33159828,11.08001614,21.04606628,0,21.32523155
2023/5/25 14:46,100,21.22048569,100,21.31712914,22.13526917,21.14733887,0,21.42650414
2023/5/25 14:47,100,21.22048569,100,21.33159828,38.44424057,21.16180611,0,21.42650414
2023/5/25 14:48,100,21.22048569,100,21.33159828,56.78432846,21.26307869,0,21.51330948
2023/5/25 14:49,100,21.32176018,100,21.41840172,77.24786377,21.26307869,0,21.61458206
2023/5/25 14:50,100,21.32176018,100,21.43287086,97.70019531,21.24861145,0,21.61458206
2023/5/25 14:51,100,21.22048569,100,21.41840172,100,21.26307869,0,21.61458206
2023/5/25 14:52,100,21.22048569,100,21.43287086,100,21.24861145,0,21.61458206
2023/5/25 14:53,100,21.32176018,100,21.33159828,100,21.16180611,0,21.61458206
2023/5/25 14:54,100,21.22048569,100,21.33159828,100,21.14733887,0,21.61458206
2023/5/25 14:55,100,21.22048569,100,21.33159828,100,21.14733887,0,21.60011482
2023/5/25 14:56,100,21.22048569,100,21.33159828,100,21.14733887,0,21.51330948
2023/5/25 14:57,100,21.22048569,100,21.33159828,100,21.14733887,0,21.51330948
2023/5/25 14:58,100,21.22048569,100,21.33159828,100,21.04606628,0,21.51330948
2023/5/25 14:59,100,21.22048569,100,21.33159828,100,21.06053352,0,21.51330948
2023/5/25 15:00,100,21.22048569,100,21.31712914,100,21.04606628,0,21.51330948
2023/5/25 15:01,100,21.22048569,100,21.33159828,98.26144409,20.95926094,0,21.4120369
2023/5/25 15:02,100,21.22048569,100,21.23032379,94.72479248,20.9447937,0,21.42650414
2023/5/25 15:03,100,21.22048569,100,21.23032379,90.90773773,20.85798645,0,21.42650414
2023/5/25 15:04,100,21.22048569,100,21.21585655,79.94869232,20.85798645,0,21.4120369
2023/5/25 15:05,100,21.22048569,100,21.12905121,68.77785492,20.85798645,0,21.32523155
2023/5/25 15:06,100,21.17708206,100,21.12905121,57.16836166,20.85798645,0,21.32523155
2023/5/25 15:07,100,21.20601845,100,21.12905121,45.9475174,20.85798645,0,21.32523155
2023/5/25 15:08,100,21.22048569,100,21.12905121,34.57312012,20.85798645,0,21.32523155
2023/5/25 15:09,100,21.22048569,100,21.11458206,23.14806366,20.85798645,0,21.31076431
2023/5/25 15:10,100,21.22048569,100,21.12905121,11.95960045,20.85798645,0,21.32523155
2023/5/25 15:11,100,21.22048569,100,21.12905121,0.779353201,20.85798645,0,21.32523155
2023/5/25 15:12,100,21.22048569,100,21.23032379,0,20.9447937,0,21.32523155
2023/5/25 15:13,100,21.22048569,100,21.23032379,0,20.95926094,0,21.32523155
2023/5/25 15:14,100,21.22048569,100,21.33159828,2.409423113,21.04606628,0,21.42650414
2023/5/25 15:15,100,21.22048569,100,21.33159828,6.362964153,21.04606628,0,21.42650414
2023/5/25 15:16,100,21.22048569,100,21.33159828,10.26631927,21.04606628,0,21.51330948
2023/5/25 15:17,100,21.22048569,100,21.33159828,14.2124548,21.13287163,0,21.51330948
2023/5/25 15:18,100,21.1192131,100,21.33159828,25.8863163,21.14733887,0,21.61458206
2023/5/25 15:19,100,21.1192131,100,21.33159828,37.99524689,21.14733887,0,21.61458206
2023/5/25 15:20,100,21.22048569,100,21.33159828,49.95820999,21.14733887,0,21.61458206
2023/5/25 15:21,100,21.22048569,100,21.31712914,62.12413406,21.16180611,0,21.61458206
2023/5/25 15:22,100,21.22048569,100,21.33159828,74.33563232,21.14733887,0,21.81712914
2023/5/25 15:23,100,21.22048569,100,21.33159828,85.59966278,21.04606628,0,21.8026619
2023/5/25 15:24,100,21.22048569,100,21.33159828,89.59867859,21.04606628,0,21.81712914
2023/5/25 15:25,100,21.22048569,100,21.23032379,93.55792999,21.04606628,0,21.81712914
2023/5/25 15:26,100,21.22048569,100,21.21585655,97.60531616,21.04606628,0,21.81712914
2023/5/25 15:27,100,21.22048569,100,21.23032379,99.20967102,20.95926094,0,21.64351845
2023/5/25 15:28,100,21.13368034,100,21.23032379,95.79736328,20.9447937,0,21.61458206
2023/5/25 15:29,100,21.22048569,100,21.23032379,92.28446198,20.95926094,0,21.61458206
2023/5/25 15:30,100,21.1192131,100,21.12905121,81.33420563,20.85798645,0,21.61458206
2023/5/25 15:31,100,21.1192131,100,21.12905121,69.96434021,20.84351921,0,21.61458206
2023/5/25 15:32,100,21.22048569,100,21.12905121,58.73348618,20.85798645,0,21.61458206
2023/5/25 15:33,100,21.1192131,100,21.12905121,47.30185699,20.85798645,0,21.61458206
2023/5/25 15:34,100,21.1192131,100,21.12905121,35.9173317,20.85798645,0,21.61458206
2023/5/25 15:35,100,21.1192131,100,21.12905121,24.83415031,20.85798645,0,21.58564758
2023/5/25 15:36,100,21.1192131,100,21.12905121,13.26680756,20.85798645,0,21.52777672
2023/5/25 15:37,100,21.1192131,100,21.23032379,7.722874641,20.95926094,0,21.51330948
2023/5/25 15:38,100,21.1192131,100,21.23032379,4.110328197,20.95926094,0,21.61458206
2023/5/25 15:39,100,21.1192131,100,21.23032379,3.460157871,21.04606628,0,21.61458206
2023/5/25 15:40,100,21.10474586,100,21.33159828,7.850368023,21.16180611,0,21.61458206
2023/5/25 15:41,100,21.1192131,100,21.33159828,20.14367676,21.14733887,0,21.61458206
2023/5/25 15:42,100,21.1192131,100,21.33159828,33.68641663,21.26307869,0,21.61458206
2023/5/25 15:43,100,21.1192131,100,21.33159828,53.48330307,21.26307869,0,21.81712914
2023/5/25 15:44,100,21.1192131,100,21.33159828,74.29057312,21.26307869,0,21.81712914
2023/5/25 15:45,100,21.1192131,100,21.33159828,94.30806732,21.26307869,0,21.81712914
2023/5/25 15:46,100,21.1192131,100,21.33159828,100,21.14733887,0,21.81712914
2023/5/25 15:47,100,21.1192131,100,21.33159828,100,21.14733887,0,21.81712914
2023/5/25 15:48,100,21.1192131,100,21.23032379,100,21.16180611,0,21.81712914
2023/5/25 15:49,100,21.1192131,100,21.21585655,100,21.06053352,0,21.81712914
2023/5/25 15:50,100,21.1192131,100,21.23032379,100,21.04606628,0,21.81712914
2023/5/25 15:51,100,21.1192131,100,21.23032379,100,21.04606628,0,21.81712914
2023/5/25 15:52,100,21.1192131,100,21.23032379,100,21.04606628,0,21.8026619
2023/5/25 15:53,100,21.01794052,100,21.23032379,97.89128876,20.95926094,0,21.61458206
2023/5/25 15:54,100,21.01794052,100,21.12905121,94.39189911,20.95926094,0,21.61458206
2023/5/25 15:55,100,21.01794052,100,21.11458206,90.89214325,20.95926094,0,21.61458206
2023/5/25 15:56,100,21.1192131,100,21.12905121,87.42655945,20.9447937,0,21.61458206
2023/5/25 15:57,100,21.01794052,100,21.02777672,83.90458679,20.95926094,0,21.61458206
2023/5/25 15:58,100,21.01794052,100,21.12905121,78.47730255,20.87245369,0,21.61458206
2023/5/25 15:59,100,21.01794052,100,21.12905121,67.35224152,20.85798645,0,21.61458206
2023/5/25 16:00,100,21.01794052,100,21.11458206,55.96163559,20.85798645,0,21.61458206
2023/5/25 16:01,100,21.01794052,100,21.12905121,44.60577393,20.85798645,0,21.52777672
2023/5/25 16:02,100,21.01794052,100,21.12905121,34.4141655,20.95926094,0,21.51330948
2023/5/25 16:03,99.20122528,21.01794052,100,21.21585655,30.89493561,20.95926094,0,21.51330948
2023/5/25 16:04,100,21.01794052,100,21.21585655,27.40898323,20.95926094,0,21.51330948
2023/5/25 16:05,100,21.01794052,100,21.23032379,23.90322113,20.95926094,0,21.61458206
2023/5/25 16:06,100,21.01794052,100,21.23032379,24.26685143,21.04606628,0,21.61458206
2023/5/25 16:07,99.10288239,21.01794052,100,21.3026619,28.44220734,21.06053352,0,21.61458206
2023/5/25 16:08,99.90100861,21.01794052,100,21.33159828,35.21688843,21.06053352,0,21.61458206
2023/5/25 16:09,94.58657837,20.91666794,100,21.33159828,46.84283829,21.16180611,0,21.61458206
2023/5/25 16:10,88.35230255,20.91666794,100,21.33159828,59.68474197,21.24861145,0,21.81712914
2023/5/25 16:11,81.58605194,20.91666794,100,21.33159828,80.49597931,21.26307869,0,21.81712914
2023/5/25 16:12,75.82939911,20.96006966,100,21.33159828,93.71327209,21.16180611,0,21.81712914
2023/5/25 16:13,70.24155426,20.91666794,100,21.33159828,100,21.14733887,0,21.8026619
2023/5/25 16:14,66.34580994,21.01794052,100,21.33159828,100,21.16180611,0,21.81712914
2023/5/25 16:15,64.19395447,20.91666794,100,21.31712914,100,21.14733887,0,21.81712914
2023/5/25 16:16,57.56375122,20.91666794,100,21.33159828,100,21.04606628,0,21.81712914
2023/5/25 16:17,55.06283951,21.01794052,100,21.33159828,99.94556427,20.95926094,0,21.81712914
2023/5/25 16:18,55.97779465,20.93113518,100,21.33159828,98.48498535,20.95926094,0,21.81712914
2023/5/25 16:19,52.21836853,20.91666794,100,21.23032379,94.98703003,20.95926094,0,21.61458206
2023/5/25 16:20,52.87490082,21.01794052,100,21.23032379,91.46556091,20.95926094,0,21.61458206
2023/5/25 16:21,54.20357132,21.01794052,100,21.23032379,88.06562805,20.95926094,0,21.61458206
2023/5/25 16:22,55.57416153,21.01794052,100,21.23032379,84.45585632,20.95926094,0,21.61458206
2023/5/25 16:23,60.63129807,21.1192131,100,21.23032379,80.90117645,20.95926094,0,21.61458206
2023/5/25 16:24,68.13551331,21.09027672,100,21.12905121,75.71764374,20.85798645,0,21.61458206
2023/5/25 16:25,69.86663055,21.01794052,100,21.12905121,64.14942932,20.80011559,0,21.61458206
2023/5/25 16:26,71.2400589,21.01794052,100,21.12905121,49.20854187,20.85798645,0,21.61458206
2023/5/25 16:27,72.5892868,21.01794052,100,21.12905121,39.45426559,20.9447937,0,21.61458206
2023/5/25 16:28,71.58659363,20.91666794,100,21.23032379,36.06699753,20.9447937,0,21.61458206
2023/5/25 16:29,67.66024017,20.91666794,100,21.23032379,32.72528839,20.95926094,0,21.61458206
2023/5/25 16:30,61.06155396,20.91666794,100,21.23032379,29.22144318,20.95926094,0,21.61458206
2023/5/25 16:31,51.81031036,20.91666794,100,21.23032379,25.60545731,20.95926094,0,21.61458206
2023/5/25 16:32,39.0954361,20.81539345,100,21.33159828,26.84716415,21.04606628,0,21.61458206
2023/5/25 16:33,25.85482216,20.91666794,100,21.33159828,31.49235344,21.14733887,0,21.61458206
2023/5/25 16:34,20.95008469,20.90219879,100,21.33159828,43.91495132,21.16180611,0,21.61458206
2023/5/25 16:35,22.06656647,21.01794052,100,21.33159828,56.27825928,21.14733887,0,21.81712914
2023/5/25 16:36,27.2016201,21.1192131,100,21.33159828,73.53183746,21.26307869,0,21.81712914
2023/5/25 16:37,36.71574783,21.1192131,100,21.33159828,94.47346497,21.26307869,0,21.81712914
2023/5/25 16:38,47.77841568,21.22048569,100,21.33159828,100,21.14733887,0,21.81712914
2023/5/25 16:39,65.08670807,21.22048569,100,21.33159828,100,21.26307869,0,21.81712914
2023/5/25 16:40,82.87870789,21.22048569,100,21.31712914,100,21.26307869,0,21.81712914
2023/5/25 16:41,100,21.22048569,100,21.43287086,100,21.26307869,0,21.81712914
2023/5/25 16:42,100,21.22048569,100,21.41840172,100,21.24861145,0,21.81712914
2023/5/25 16:43,100,21.22048569,100,21.33159828,100,21.16180611,0,21.81712914
2023/5/25 16:44,100,21.1192131,100,21.33159828,100,21.14733887,0,21.81712914
2023/5/25 16:45,100,21.1192131,100,21.33159828,100,21.06053352,0,21.81712914
2023/5/25 16:46,100,21.1192131,100,21.33159828,100,21.14733887,0,21.81712914
2023/5/25 16:47,100,21.1192131,100,21.33159828,100,21.04606628,0,21.81712914
2023/5/25 16:48,100,21.01794052,100,21.33159828,100,21.04606628,0,21.81712914
2023/5/25 16:49,100,21.01794052,100,21.31712914,100,21.04606628,0,21.81712914
2023/5/25 16:50,100,21.1192131,100,21.33159828,100,21.04606628,0,21.81712914
2023/5/25 16:51,100,21.10474586,100,21.33159828,100,21.04606628,0,21.81712914
2023/5/25 16:52,100,21.1192131,100,21.33159828,100,21.06053352,0,21.81712914
2023/5/25 16:53,100,21.06134224,100,21.33159828,100,21.04606628,0,21.81712914
2023/5/25 16:54,100,21.1192131,100,21.33159828,100,21.04606628,0,21.81712914
2023/5/25 16:55,100,21.1192131,100,21.31712914,100,21.04606628,0,21.81712914
2023/5/25 16:56,100,21.1192131,100,21.33159828,100,21.06053352,0,21.81712914
2023/5/25 16:57,100,21.1192131,100,21.33159828,100,21.04606628,0,21.81712914
2023/5/25 16:58,100,21.1192131,100,21.33159828,100,21.04606628,0,21.81712914
2023/5/25 16:59,100,21.1192131,100,21.33159828,100,21.04606628,0,21.73032379
2023/5/25 17:00,100,21.1192131,100,21.33159828,100,21.06053352,0,21.81712914
2023/5/25 17:01,100,21.01794052,100,21.33159828,97.22402954,20.9447937,0,21.61458206
2023/5/25 17:02,100,21.1192131,100,21.33159828,97.19439697,21.06053352,0,21.61458206
2023/5/25 17:03,100,21.01794052,100,21.33159828,97.08139038,20.95926094,0,21.61458206
2023/5/25 17:04,100,21.01794052,100,21.33159828,93.5530014,20.9447937,0,21.61458206
2023/5/25 17:05,100,21.01794052,100,21.31712914,90.65815735,20.97372818,0,21.61458206
2023/5/25 17:06,100,21.01794052,100,21.33159828,94.42906189,21.04606628,0,21.61458206
2023/5/25 17:07,100,21.00347328,100,21.33159828,98.41371918,21.04606628,0,21.61458206
2023/5/25 17:08,100,21.01794052,100,21.33159828,100,21.04606628,0,21.61458206
2023/5/25 17:09,100,21.01794052,100,21.33159828,97.40968323,20.95926094,0,21.61458206
2023/5/25 17:10,100,21.01794052,100,21.33159828,95.23957062,20.95926094,0,21.61458206
2023/5/25 17:11,100,21.01794052,100,21.33159828,92.86649323,21.04606628,0,21.61458206
2023/5/25 17:12,100,21.01794052,100,21.33159828,96.91133118,21.06053352,0,21.61458206
2023/5/25 17:13,100,21.01794052,100,21.33159828,100,21.04606628,0,21.61458206
2023/5/25 17:14,100,21.01794052,100,21.33159828,100,21.04606628,0,21.61458206
2023/5/25 17:15,100,21.01794052,100,21.33159828,100,21.04606628,0,21.61458206
2023/5/25 17:16,100,21.01794052,100,21.33159828,100,21.06053352,0,21.61458206
2023/5/25 17:17,100,21.01794052,100,21.33159828,100,21.04606628,0,21.61458206
2023/5/25 17:18,100,21.00347328,100,21.33159828,98.97524261,20.95926094,0,21.61458206
2023/5/25 17:19,100,21.01794052,100,21.33159828,95.53573608,20.9447937,0,21.61458206
2023/5/25 17:20,100,21.01794052,100,21.31712914,92.03566742,20.95926094,0,21.61458206
2023/5/25 17:21,100,21.01794052,100,21.33159828,94.52794647,21.04606628,0,21.61458206
2023/5/25 17:22,100,21.01794052,100,21.33159828,98.6978302,21.06053352,0,21.61458206
2023/5/25 17:23,100,21.01794052,100,21.33159828,100,21.04606628,0,21.61458206
2023/5/25 17:24,100,21.01794052,100,21.33159828,100,21.04606628,0,21.61458206
2023/5/25 17:25,100,21.01794052,100,21.33159828,100,21.04606628,0,21.61458206
2023/5/25 17:26,100,21.01794052,100,21.31712914,100,21.06053352,0,21.61458206
2023/5/25 17:27,100,21.01794052,100,21.33159828,100,21.04606628,0,21.61458206
2023/5/25 17:28,100,21.01794052,100,21.33159828,100,21.04606628,0,21.61458206
2023/5/25 17:29,100,21.01794052,100,21.33159828,100,21.04606628,0,21.61458206
2023/5/25 17:30,100,21.00347328,100,21.33159828,98.3427124,20.95926094,0,21.61458206
2023/5/25 17:31,97.22609711,21.01794052,100,21.33159828,94.9600296,20.95926094,0,21.61458206
2023/5/25 17:32,95.42201996,20.91666794,100,21.31712914,91.50240326,20.95926094,0,21.61458206
2023/5/25 17:33,88.82319641,20.91666794,100,21.33159828,88.00351715,20.95926094,0,21.51330948
2023/5/25 17:34,83.50553131,21.00347328,100,21.33159828,84.50289154,20.95926094,0,21.51330948
2023/5/25 17:35,80.57482147,20.91666794,100,21.23032379,81.09916687,20.95926094,0,21.51330948
2023/5/25 17:36,74.17897797,20.91666794,100,21.23032379,77.63467407,20.95926094,0,21.51330948
2023/5/25 17:37,67.70759583,20.91666794,100,21.33159828,74.17076111,20.95926094,0,21.51330948
2023/5/25 17:38,61.03489685,20.91666794,100,21.33159828,70.7190094,20.95926094,0,21.52777672
2023/5/25 17:39,55.62707138,21.01794052,100,21.23032379,67.42208099,20.95926094,0,21.51330948
2023/5/25 17:40,57.02855301,21.01794052,100,21.23032379,63.87586594,20.95926094,0,21.51330948
2023/5/25 17:41,54.11772156,20.91666794,100,21.23032379,60.43471146,20.95926094,0,21.51330948
2023/5/25 17:42,47.98254013,21.00347328,100,21.23032379,57.67487717,21.04606628,0,21.51330948
2023/5/25 17:43,41.45328522,20.91666794,100,21.23032379,55.93839264,20.95926094,0,21.51330948
2023/5/25 17:44,39.81089401,21.01794052,100,21.23032379,52.53527451,20.95926094,0,21.51330948
2023/5/25 17:45,41.15357971,21.01794052,100,21.33159828,50.2071228,21.04606628,0,21.51330948
2023/5/25 17:46,42.75344849,21.01794052,100,21.33159828,54.36850357,21.06053352,0,21.51330948
2023/5/25 17:47,49.85851288,21.1192131,100,21.33159828,58.35869598,21.04606628,0,21.51330948
2023/5/25 17:48,59.47275925,21.1192131,100,21.33159828,62.57530975,21.04606628,0,21.52777672
2023/5/25 17:49,68.80510712,21.1192131,100,21.33159828,66.72363281,21.04606628,0,21.51330948
2023/5/25 17:50,78.05973816,21.1192131,100,21.33159828,70.7314682,21.04606628,0,21.51330948
2023/5/25 17:51,87.39962769,21.1192131,100,21.33159828,80.38477325,21.14733887,0,21.61458206
2023/5/25 17:52,96.67533112,21.1192131,100,21.33159828,92.52984619,21.089468,0,21.61458206
2023/5/25 17:53,100,21.1192131,100,21.33159828,100,21.14733887,0,21.61458206
2023/5/25 17:54,100,21.1192131,100,21.33159828,100,21.04606628,0,21.61458206
2023/5/25 17:55,100,21.01794052,100,21.33159828,100,21.06053352,0,21.61458206
2023/5/25 17:56,99.94313812,20.91666794,100,21.33159828,100,21.04606628,0,21.61458206
2023/5/25 17:57,96.59379578,20.91666794,100,21.33159828,100,21.04606628,0,21.61458206
2023/5/25 17:58,90.12148285,20.91666794,100,21.33159828,100,21.06053352,0,21.61458206
2023/5/25 17:59,86.41777039,21.01794052,100,21.33159828,100,21.04606628,0,21.61458206
2023/5/25 18:00,84.63419342,21.01794052,100,21.33159828,100,21.04606628,0,21.61458206
2023/5/25 18:01,85.5999527,20.93113518,100,21.33159828,100,21.04606628,0,21.60011482
2023/5/25 18:02,86.51868439,21.01794052,100,21.33159828,100,21.04606628,0,21.60011482
2023/5/25 18:03,82.32418823,20.91666794,100,21.33159828,100,21.14733887,0,21.61458206
2023/5/25 18:04,75.65036011,20.91666794,100,21.33159828,100,21.06053352,0,21.61458206
2023/5/25 18:05,69.04264069,20.91666794,100,21.33159828,100,21.04606628,0,21.57118034
2023/5/25 18:06,63.36824799,20.91666794,100,21.23032379,100,21.04606628,0,21.51330948
2023/5/25 18:07,56.74638367,20.91666794,100,21.23032379,100,21.04606628,0,21.51330948
2023/5/25 18:08,50.31957245,20.91666794,100,21.33159828,100,21.04606628,0,21.51330948
2023/5/25 18:09,46.33084106,20.91666794,100,21.33159828,100,21.06053352,0,21.51330948
2023/5/25 18:10,39.73543549,20.91666794,100,21.33159828,100,21.04606628,0,21.51330948
2023/5/25 18:11,36.03325272,21.01794052,100,21.31712914,100,21.04606628,0,21.51330948
2023/5/25 18:12,37.4138031,21.01794052,100,21.23032379,100,21.04606628,0,21.51330948
2023/5/25 18:13,38.76109695,21.01794052,100,21.23032379,98.4352417,20.95926094,0,21.51330948
2023/5/25 18:14,46.35990906,21.1192131,100,21.23032379,100,21.04606628,0,21.51330948
2023/5/25 18:15,55.66521072,21.1192131,100,21.21585655,99.86968231,20.95926094,0,21.60011482
2023/5/25 18:16,64.82777405,21.1192131,100,21.23032379,100,21.04606628,0,21.61458206
2023/5/25 18:17,74.30584717,21.1192131,100,21.23032379,100,21.04606628,0,21.61458206
2023/5/25 18:18,81.48763275,21.1192131,100,21.23032379,100,21.04606628,0,21.61458206
2023/5/25 18:19,87.47921753,21.01794052,100,21.23032379,100,21.06053352,0,21.61458206
2023/5/25 18:20,88.81063843,21.01794052,100,21.23032379,100,21.06053352,0,21.61458206
2023/5/25 18:21,89.59625244,21.01794052,100,21.23032379,99.7721405,20.95926094,0,21.61458206
2023/5/25 18:22,90.91578674,21.01794052,100,21.23032379,96.45561981,20.95926094,0,21.61458206
2023/5/25 18:23,89.35178375,20.91666794,100,21.21585655,92.98732758,20.9447937,0,21.61458206
2023/5/25 18:24,88.97570038,20.91666794,100,21.23032379,89.66375732,21.06053352,0,21.61458206
2023/5/25 18:25,81.42147064,20.91666794,100,21.23032379,93.5747757,21.04606628,0,21.61458206
2023/5/25 18:26,74.09796906,20.91666794,100,21.23032379,97.86158752,21.04606628,0,21.61458206
2023/5/25 18:27,67.58973694,20.91666794,100,21.31712914,100,21.04606628,0,21.61458206
2023/5/25 18:28,60.91651917,20.91666794,100,21.33159828,100,21.04606628,0,21.61458206
2023/5/25 18:29,51.25906754,20.81539345,100,21.33159828,100,21.06053352,0,21.60011482
2023/5/25 18:30,39.79282379,20.91666794,100,21.23032379,100,21.04606628,0,21.58564758
2023/5/25 18:31,33.2903595,20.90219879,100,21.23032379,100,21.04606628,0,21.51330948
2023/5/25 18:32,27.84939766,21.01794052,100,21.23032379,97.88857269,20.9447937,0,21.51330948
2023/5/25 18:33,29.26212692,21.01794052,100,21.23032379,94.29846191,20.9447937,0,21.51330948
2023/5/25 18:34,30.92736626,21.1192131,100,21.14351845,86.00704956,20.85798645,0,21.51330948
2023/5/25 18:35,40.23394394,21.1192131,100,21.23032379,81.74232483,20.95926094,0,21.51330948
2023/5/25 18:36,49.60729218,21.1192131,100,21.23032379,78.24630737,20.9447937,0,21.51330948
2023/5/25 18:37,58.81086349,21.1192131,100,21.23032379,74.87021637,20.95926094,0,21.51330948
2023/5/25 18:38,68.15880585,21.1192131,100,21.23032379,71.38101959,20.95926094,0,21.51330948
2023/5/25 18:39,77.51554871,21.1192131,100,21.23032379,67.92887115,20.9447937,0,21.52777672
2023/5/25 18:40,81.78659821,21.01794052,100,21.23032379,64.60736847,20.95926094,0,21.51330948
2023/5/25 18:41,83.43618774,21.01794052,100,21.23032379,59.23904419,20.85798645,0,21.51330948
2023/5/25 18:42,84.75868225,21.01794052,100,21.23032379,48.78081512,20.85798645,0,21.51330948
2023/5/25 18:43,84.58189392,20.91666794,100,21.12905121,37.80195618,20.85798645,0,21.51330948
2023/5/25 18:44,77.94245148,20.91666794,100,21.12905121,26.67423439,20.9447937,0,21.51330948
2023/5/25 18:45,71.29064178,20.91666794,100,21.12905121,23.09335136,20.95926094,0,21.61458206
2023/5/25 18:46,63.05472183,20.91666794,100,21.23032379,19.81620026,20.95926094,0,21.5567131
2023/5/25 18:47,51.65907669,20.81539345,100,21.23032379,16.24816704,20.95926094,0,21.61458206
2023/5/25 18:48,37.29335403,20.81539345,100,21.23032379,12.9007597,20.97372818,0,21.61458206
2023/5/25 18:49,29.01068878,20.91666794,100,21.23032379,16.34294701,21.04606628,0,21.61458206
2023/5/25 18:50,22.37594032,20.91666794,100,21.31712914,20.42793655,21.04606628,0,21.61458206
2023/5/25 18:51,23.2513237,21.01794052,100,21.33159828,28.2851696,21.16180611,0,21.61458206
2023/5/25 18:52,30.27082825,21.10474586,100,21.33159828,39.98520279,21.13287163,0,21.81712914
2023/5/25 18:53,39.60765839,21.1192131,100,21.33159828,50.7317009,21.16180611,0,21.81712914
2023/5/25 18:54,54.18723297,21.20601845,100,21.33159828,63.05147934,21.16180611,0,21.81712914
2023/5/25 18:55,71.64875031,21.22048569,100,21.33159828,75.42704773,21.23414421,0,21.8026619
2023/5/25 18:56,89.08014679,21.22048569,100,21.33159828,94.20707703,21.26307869,0,21.81712914
2023/5/25 18:57,100,21.1192131,100,21.33159828,100,21.26307869,0,21.81712914
2023/5/25 18:58,100,21.01794052,100,21.33159828,100,21.16180611,0,21.81712914
2023/5/25 18:59,100,21.01794052,100,21.33159828,100,21.14733887,0,21.81712914
2023/5/25 19:00,100,21.01794052,100,21.33159828,100,21.14733887,0,21.81712914
2023/5/25 19:01,100,21.01794052,100,21.31712914,100,21.06053352,0,21.81712914
2023/5/25 19:02,100,21.01794052,100,21.23032379,100,21.06053352,0,21.81712914
2023/5/25 19:03,98.65952301,20.91666794,100,21.23032379,96.99565887,20.95926094,0,21.81712914
2023/5/25 19:04,91.66196442,20.91666794,100,21.23032379,93.50257874,20.95926094,0,21.81712914
2023/5/25 19:05,82.74230194,20.91666794,100,21.23032379,89.9725647,20.95926094,0,21.81712914
2023/5/25 19:06,76.71927643,20.91666794,100,21.12905121,86.37148285,20.88692284,0,21.81712914
2023/5/25 19:07,71.38621521,20.91666794,100,21.12905121,75.79145813,20.85798645,0,21.81712914
2023/5/25 19:08,64.71047974,20.91666794,100,21.11458206,64.06598663,20.77118111,0,21.81712914
2023/5/25 19:09,58.21619415,20.91666794,100,21.02777672,45.13096619,20.75671387,0,21.81712914
2023/5/25 19:10,56.87867737,20.93113518,100,21.02777672,25.70115852,20.75671387,0,21.81712914
2023/5/25 19:11,57.72860718,21.01794052,100,21.02777672,6.261413574,20.75671387,0,21.81712914
2023/5/25 19:12,54.13359833,20.91666794,100,21.01330948,0,20.85798645,0,21.81712914
2023/5/25 19:13,47.57857513,20.91666794,100,21.12905121,0,20.85798645,0,21.81712914
2023/5/25 19:14,40.95353699,20.91666794,100,21.12905121,0,20.85798645,0,21.81712914
2023/5/25 19:15,40.74472046,21.01794052,100,21.12905121,0,20.95926094,0,21.81712914
2023/5/25 19:16,42.14995575,21.10474586,100,21.23032379,0.536153257,21.06053352,0,21.81712914
2023/5/25 19:17,50.38581467,21.1192131,100,21.31712914,4.665626049,21.06053352,0,21.91840172
2023/5/25 19:18,59.55742645,21.10474586,100,21.33159828,13.14635754,21.16180611,0,21.90393448
2023/5/25 19:19,67.66891479,21.01794052,100,21.33159828,25.56822968,21.14733887,1.507151604,22.01967621
2023/5/25 19:20,72.84889984,21.10474586,100,21.33159828,39.79932404,21.26307869,16.45788383,22.01967621
2023/5/25 19:21,75.92408752,21.01794052,100,21.33159828,59.81871796,21.24861145,92.74996948,22.12094879
2023/5/25 19:22,83.41972351,21.1192131,100,21.33159828,80.40689087,21.26307869,100,22.22222328
2023/5/25 19:23,88.87492371,21.01794052,100,21.33159828,100,21.26307869,100,22.22222328
2023/5/25 19:24,90.24966431,21.01794052,100,21.33159828,100,21.14733887,100,22.22222328
2023/5/25 19:25,91.61449432,21.01794052,100,21.33159828,100,21.04606628,100,22.13541794
2023/5/25 19:26,92.9588089,21.01794052,100,21.23032379,100,21.06053352,100,22.12094879
2023/5/25 19:27,94.32098389,21.01794052,100,21.12905121,96.81208038,20.95926094,100,22.01967621
2023/5/25 19:28,91.63110352,20.91666794,100,21.12905121,87.74820709,20.85798645,100,22.01967621
2023/5/25 19:29,85.04979706,20.91666794,100,21.11458206,75.93193054,20.74224663,70.13920593,21.91840172
2023/5/25 19:30,78.39308929,20.91666794,100,21.02777672,56.43506241,20.75671387,0,21.81712914
2023/5/25 19:31,65.8443222,20.81539345,100,21.02777672,37.32723999,20.75671387,0,21.81712914
2023/5/25 19:32,51.22904205,20.81539345,96.33673096,20.9120369,15.86999702,20.65544128,0,21.81712914
2023/5/25 19:33,36.55343246,20.81539345,90.4931488,20.92650414,0,20.64097404,0,21.81712914
2023/5/25 19:34,23.13015556,20.88773155,84.66247559,20.92650414,0,20.75671387,0,21.81712914
2023/5/25 19:35,15.09149456,20.91666794,85.13507843,21.02777672,0,20.74224663,0,21.81712914
2023/5/25 19:36,13.31316566,21.00347328,87.27910614,21.02777672,0,20.85798645,0,21.81712914
2023/5/25 19:37,15.2384367,21.1192131,89.68400574,21.08564758,0,20.95926094,0,21.81712914
2023/5/25 19:38,24.57384109,21.1192131,99.775177,21.12905121,1.115454078,21.04606628,0,21.81712914
2023/5/25 19:39,41.59726334,21.22048569,100,21.23032379,9.340624809,21.14733887,0,21.81712914
2023/5/25 19:40,61.18158722,21.32176018,100,21.33159828,21.32255936,21.16180611,0,21.91840172
2023/5/25 19:41,87.02515411,21.32176018,100,21.31712914,34.26890564,21.21967697,0.461521,22.01967621
2023/5/25 19:42,100,21.22048569,100,21.33159828,54.13303757,21.24861145,14.90100861,22.01967621
2023/5/25 19:43,100,21.22048569,100,21.33159828,75.1324234,21.26307869,95.33551788,22.12094879
2023/5/25 19:44,100,21.20601845,100,21.33159828,95.57315063,21.26307869,100,22.22222328
2023/5/25 19:45,100,21.1192131,100,21.31712914,100,21.14733887,100,22.22222328
2023/5/25 19:46,100,21.1192131,100,21.23032379,100,21.16180611,100,22.22222328
2023/5/25 19:47,100,21.32176018,100,21.23032379,99.68376923,20.95926094,100,22.22222328
2023/5/25 19:48,100,21.01794052,100,21.12905121,96.20140076,20.95926094,100,22.12094879
2023/5/25 19:49,100,21.01794052,100,21.02777672,86.51231384,20.85798645,100,22.12094879
2023/5/25 19:50,100,21.01794052,100,21.02777672,75.13297272,20.85798645,100,22.01967621
2023/5/25 19:51,99.10574341,20.91666794,97.55998993,20.92650414,56.63608551,20.75671387,83.52331543,21.91840172
2023/5/25 19:52,93.82789612,20.91666794,90.01314545,20.82523155,36.88187408,20.65544128,19.66793442,21.91840172
2023/5/25 19:53,87.18785095,20.91666794,76.12889099,20.82523155,9.464175224,20.64097404,0,21.81712914
2023/5/25 19:54,78.99207306,20.81539345,60.37028885,20.72395706,0,20.65544128,0,21.81712914
2023/5/25 19:55,64.81987,20.81539345,42.77761841,20.82523155,0,20.65544128,0,21.81712914
2023/5/25 19:56,50.27073288,20.81539345,29.00213814,20.82523155,0,20.75671387,0,21.81712914
2023/5/25 19:57,36.75535583,20.91666794,24.62998962,21.02777672,0,20.85798645,0,21.81712914
2023/5/25 19:58,28.39394379,20.91666794,31.01741219,21.12905121,0,20.95926094,0,21.81712914
2023/5/25 19:59,29.2054348,21.01794052,46.12832642,21.23032379,4.660228252,21.14733887,0,21.81712914
2023/5/25 20:00,37.79535675,21.1192131,71.66712189,21.33159828,20.21368599,21.26307869,0,21.91840172
2023/5/25 20:01,50.56311798,21.22048569,98.51106262,21.34606552,44.43271637,21.34988594,0,21.91840172
2023/5/25 20:02,67.95839691,21.22048569,100,21.43287086,72.15676117,21.34988594,7.613636971,22.01967621
2023/5/25 20:03,90.45550537,21.32176018,100,21.43287086,99.42951965,21.34988594,37.93601227,22.12094879
2023/5/25 20:04,100,21.22048569,100,21.33159828,100,21.24861145,100,22.10648155
2023/5/25 20:05,100,21.22048569,100,21.33159828,100,21.26307869,100,22.22222328
2023/5/25 20:06,100,21.1192131,100,21.33159828,100,21.24861145,100,22.22222328
2023/5/25 20:07,100,21.1192131,100,21.33159828,100,21.16180611,100,22.12094879
2023/5/25 20:08,100,21.1192131,100,21.23032379,100,21.04606628,100,22.12094879
2023/5/25 20:09,100,21.01794052,100,21.12905121,99.66704559,20.95926094,100,22.01967621
2023/5/25 20:10,98.41950226,20.91666794,100,21.12905121,96.19773865,20.95926094,97.91444397,22.01967621
2023/5/25 20:11,92.33164978,20.91666794,100,21.02777672,90.12017822,20.85798645,36.11612701,21.91840172
2023/5/25 20:12,85.71913147,20.91666794,100,21.02777672,78.77055359,20.85798645,0,21.81712914
2023/5/25 20:13,72.4363327,20.81539345,97.28157043,20.92650414,61.38707352,20.74224663,0,21.81712914
2023/5/25 20:14,53.76629257,20.71412086,91.53107452,20.92650414,42.30243683,20.75671387,0,21.81712914
2023/5/25 20:15,31.41435432,20.71412086,85.73996735,20.92650414,23.16419411,20.75671387,0,21.81712914
2023/5/25 20:16,16.03807831,20.81539345,79.77205658,20.92650414,3.424310446,20.75671387,0,21.81712914
2023/5/25 20:17,6.525499821,20.91666794,73.89912415,20.92650414,0,20.75671387,0,21.78819466
2023/5/25 20:18,6.46867466,21.01794052,68.07013702,20.92650414,0,20.74224663,0,21.81712914
2023/5/25 20:19,12.48168373,21.1192131,67.70622253,21.02777672,0,20.85798645,0,21.81712914
2023/5/25 20:20,23.92950439,21.22048569,69.82811737,21.02777672,0,20.85798645,0,21.81712914
2023/5/25 20:21,43.67646027,21.32176018,76.56526184,21.12905121,0,20.95926094,0,21.81712914
2023/5/25 20:22,69.7590332,21.32176018,90.70679474,21.23032379,2.59141016,21.04606628,0,21.91840172
2023/5/25 20:23,100,21.42303276,100,21.33159828,11.07282639,21.16180611,0,21.91840172
2023/5/25 20:24,100,21.22048569,100,21.33159828,25.48154068,21.24861145,13.1242485,22.01967621
2023/5/25 20:25,100,21.22048569,100,21.33159828,45.77468491,21.26307869,89.04115295,22.12094879
2023/5/25 20:26,100,21.1192131,100,21.33159828,66.49250793,21.26307869,100,22.22222328
2023/5/25 20:27,100,21.1192131,100,21.33159828,90.32129669,21.34988594,100,22.22222328
2023/5/25 20:28,100,21.10474586,100,21.33159828,100,21.26307869,100,22.22222328
2023/5/25 20:29,100,21.1192131,100,21.33159828,100,21.26307869,100,22.22222328
2023/5/25 20:30,100,21.01794052,100,21.33159828,100,21.16180611,100,22.22222328
2023/5/25 20:31,100,21.10474586,100,21.33159828,100,21.06053352,100,22.20775414
2023/5/25 20:32,100,21.01794052,100,21.23032379,99.98173523,20.97372818,100,22.12094879
2023/5/25 20:33,98.9271698,20.91666794,100,21.12905121,96.58480835,20.95926094,100,22.12094879
2023/5/25 20:34,92.29631042,20.91666794,100,21.02777672,93.11048126,20.95926094,100,22.01967621
2023/5/25 20:35,85.4905014,20.81539345,100,21.02777672,85.40734863,20.85798645,55.20044708,21.91840172
2023/5/25 20:36,76.51206207,20.81539345,100,21.02777672,70.34383392,20.75671387,0,21.81712914
2023/5/25 20:37,62.17385101,20.81539345,94.32344055,20.92650414,49.52664185,20.65544128,0,21.81712914
2023/5/25 20:38,47.52614594,20.81539345,86.79376221,20.9120369,22.07845688,20.65544128,0,21.81712914
2023/5/25 20:39,32.86993027,20.81539345,73.55998993,20.82523155,0,20.65544128,0,21.81712914
2023/5/25 20:40,19.40134239,20.90219879,60.10845566,20.82523155,0,20.65544128,0,21.81712914
2023/5/25 20:41,12.91326904,21.01794052,47.58847427,20.92650414,0,20.75671387,0,21.81712914
2023/5/25 20:42,13.49700069,21.01794052,41.72222519,20.92650414,0,20.85798645,0,21.81712914
2023/5/25 20:43,17.09200668,21.01794052,42.49337769,21.02777672,0,20.9447937,0,21.81712914
2023/5/25 20:44,24.86903191,21.1192131,51.85532761,21.12905121,1.210266709,21.04606628,0,21.81712914
2023/5/25 20:45,40.67427444,21.22048569,69.47657013,21.31712914,7.60477829,21.16180611,0,21.81712914
2023/5/25 20:46,63.98682022,21.32176018,95.41808319,21.33159828,21.19931793,21.24861145,0,21.91840172
2023/5/25 20:47,89.43611145,21.32176018,100,21.33159828,41.83101273,21.26307869,5.005214691,22.01967621
2023/5/25 20:48,100,21.32176018,100,21.33159828,61.72786713,21.24861145,48.40433502,22.12094879
2023/5/25 20:49,100,21.22048569,100,21.33159828,82.99131012,21.26307869,100,22.22222328
2023/5/25 20:50,100,21.22048569,100,21.33159828,100,21.26307869,100,22.22222328
2023/5/25 20:51,100,21.22048569,100,21.33159828,100,21.24861145,100,22.22222328
2023/5/25 20:52,100,21.1192131,100,21.33159828,100,21.14733887,100,22.22222328
2023/5/25 20:53,100,21.1192131,100,21.33159828,100,21.16180611,100,22.22222328
2023/5/25 20:54,100,21.1192131,100,21.23032379,100,21.04606628,100,22.12094879
2023/5/25 20:55,100,21.01794052,100,21.23032379,99.80058289,20.95926094,100,22.12094879
2023/5/25 20:56,100,21.01794052,100,21.12905121,95.31743622,20.85798645,100,22.01967621
2023/5/25 20:57,100,21.01794052,100,21.02777672,84.7748642,20.85798645,100,22.01967621
2023/5/25 20:58,100,21.01794052,100,21.02777672,70.82846069,20.75671387,45.27794647,21.91840172
2023/5/25 20:59,97.23366547,20.91666794,98.35688782,20.92650414,51.71245193,20.75671387,0,21.81712914
2023/5/25 21:00,90.55197906,20.91666794,92.50559998,20.92650414,30.82818794,20.65544128,0,21.81712914
2023/5/25 21:01,77.3830719,20.81539345,86.54789734,20.92650414,3.45164299,20.65544128,0,21.81712914
2023/5/25 21:02,62.64514923,20.81539345,74.85211945,20.82523155,0,20.65544128,0,21.81712914
2023/5/25 21:03,48.03731918,20.81539345,64.76907349,20.92650414,0,20.65544128,0,21.81712914
2023/5/25 21:04,36.34389496,20.91666794,58.99032593,20.92650414,0,20.75671387,0,21.81712914
2023/5/25 21:05,31.69798088,21.01794052,55.78115845,21.02777672,0,20.75671387,0,21.81712914
2023/5/25 21:06,33.02227783,21.01794052,57.8740654,21.02777672,0,20.85798645,0,21.81712914
2023/5/25 21:07,36.18671417,21.1192131,67.05433655,21.17245293,0,20.95926094,0,21.81712914
2023/5/25 21:08,45.55938721,21.1192131,85.04542542,21.23032379,2.60607934,21.04606628,0,21.91840172
2023/5/25 21:09,62.03169632,21.22048569,100,21.23032379,6.772437572,21.04606628,5.346437931,22.01967621
2023/5/25 21:10,79.47183228,21.22048569,100,21.33159828,14.16036415,21.14733887,39.18470383,22.12094879
2023/5/25 21:11,96.60565948,21.22048569,100,21.33159828,26.21373367,21.14733887,100,22.12094879
2023/5/25 21:12,100,21.22048569,100,21.33159828,38.86373901,21.23414421,100,22.22222328
2023/5/25 21:13,100,21.1192131,100,21.33159828,58.35925293,21.26307869,100,22.22222328
2023/5/25 21:14,100,21.1192131,100,21.31712914,79.02638245,21.24861145,100,22.32349586
2023/5/25 21:15,100,21.1192131,100,21.33159828,97.0254364,21.16180611,100,22.32349586
2023/5/25 21:16,100,21.10474586,100,21.33159828,100,21.10393524,100,22.22222328
2023/5/25 21:17,100,21.1192131,100,21.23032379,99.80246735,20.95926094,100,22.22222328
2023/5/25 21:18,100,21.01794052,100,21.12905121,96.25319672,20.9447937,100,22.22222328
2023/5/25 21:19,100,21.01794052,100,21.02777672,85.42835999,20.85798645,100,22.12094879
2023/5/25 21:20,99.57763672,21.01794052,100,21.02777672,68.79925537,20.75671387,100,22.01967621
2023/5/25 21:21,99.9263916,21.01794052,95.11867523,20.92650414,45.32096481,20.65544128,93.03632355,21.91840172
2023/5/25 21:22,99.70110321,20.96006966,89.25289917,20.92650414,17.83205795,20.65544128,27.94512558,21.91840172
2023/5/25 21:23,99.98468018,21.01794052,83.49308777,20.92650414,0,20.65544128,0,21.8026619
2023/5/25 21:24,98.46156311,21.01794052,77.61747742,20.92650414,0,20.74224663,0,21.81712914
2023/5/25 21:25,93.53595734,20.91666794,71.74112701,20.92650414,0,20.75671387,0,21.81712914
2023/5/25 21:26,83.20030975,20.81539345,66.8383255,21.02777672,0,20.75671387,0,21.81712914
2023/5/25 21:27,68.93099976,20.81539345,68.95196533,21.02777672,0,20.85798645,0,21.81712914
2023/5/25 21:28,54.25520325,20.81539345,71.0766449,21.02777672,0,20.84351921,0,21.81712914
2023/5/25 21:29,39.70349884,20.81539345,80.06266022,21.11458206,0,20.95926094,0,21.81712914
2023/5/25 21:30,26.7430172,20.91666794,90.26774597,21.12905121,0,20.95926094,0,21.81712914
2023/5/25 21:31,21.916502,21.01794052,100,21.12905121,0,20.95926094,0,21.91840172
2023/5/25 21:32,23.32753944,21.01794052,100,21.23032379,1.878638506,21.04606628,0,21.91840172
2023/5/25 21:33,32.12517929,21.1192131,100,21.33159828,6.376802444,21.14733887,6.270298958,22.01967621
2023/5/25 21:34,45.23050308,21.22048569,100,21.33159828,18.71442986,21.14733887,30.41617966,22.12094879
2023/5/25 21:35,63.14653015,21.32176018,100,21.33159828,33.04021454,21.24861145,100,22.12094879
2023/5/25 21:36,88.44454193,21.32176018,100,21.43287086,53.64255142,21.26307869,100,22.20775414
2023/5/25 21:37,100,21.20601845,100,21.43287086,74.40535736,21.26307869,100,22.22222328
2023/5/25 21:38,100,21.22048569,100,21.43287086,95.03322601,21.24861145,100,22.22222328
2023/5/25 21:39,100,21.22048569,100,21.33159828,100,21.24861145,100,22.22222328
2023/5/25 21:40,100,21.1192131,100,21.31712914,100,21.16180611,100,22.22222328
2023/5/25 21:41,100,21.1192131,100,21.33159828,100,21.04606628,100,22.22222328
2023/5/25 21:42,100,21.1192131,100,21.23032379,97.51187897,20.9447937,100,22.12094879
2023/5/25 21:43,100,21.01794052,100,21.12905121,89.13613129,20.85798645,100,22.01967621
2023/5/25 21:44,100,21.01794052,100,21.02777672,73.32715607,20.75671387,78.52546692,21.91840172
2023/5/25 21:45,100,21.01794052,99.99149323,21.01330948,53.84953308,20.75671387,0,21.81712914
2023/5/25 21:46,98.36362457,20.9745369,94.80949402,20.92650414,32.9213829,20.65544128,0,21.81712914
2023/5/25 21:47,92.81129456,20.91666794,88.90335083,20.92650414,5.234087467,20.65544128,0,21.81712914
2023/5/25 21:48,83.78425598,20.90219879,83.07170105,20.92650414,0,20.75671387,0,21.81712914
2023/5/25 21:49,72.32859039,20.81539345,84.21157837,21.02777672,0,20.85798645,0,21.61458206
2023/5/25 21:50,58.31883621,20.81539345,86.5630188,21.10011482,0,20.95926094,0,21.81712914
2023/5/25 21:51,43.59011078,20.81539345,95.91171265,21.12905121,0,20.95926094,0,21.81712914
2023/5/25 21:52,30.11432648,20.91666794,100,21.12905121,2.465059996,21.04606628,0,21.81712914
2023/5/25 21:53,24.83974075,21.01794052,100,21.23032379,6.408192635,21.04606628,0,21.81712914
2023/5/25 21:54,26.22027206,21.01794052,100,21.23032379,12.99302864,21.16180611,0,21.81712914
2023/5/25 21:55,32.72864914,21.1192131,100,21.33159828,25.33821678,21.16180611,0,21.84606552
2023/5/25 21:56,42.11204147,21.10474586,100,21.33159828,38.45349503,21.26307869,0,21.91840172
2023/5/25 21:57,56.66304398,21.22048569,100,21.33159828,58.69380188,21.26307869,6.495301723,22.01967621
2023/5/25 21:58,74.13274384,21.22048569,100,21.34606552,79.38754272,21.26307869,26.92771149,22.12094879
2023/5/25 21:59,91.61528015,21.22048569,100,21.43287086,100,21.34988594,100,22.12094879
2023/5/25 22:00,100,21.22048569,100,21.33159828,100,21.29201508,100,22.12094879
2023/5/25 22:01,100,21.10474586,100,21.33159828,100,21.26307869,100,22.12094879
2023/5/25 22:02,100,21.1192131,100,21.33159828,100,21.16180611,100,22.12094879
2023/5/25 22:03,100,21.1192131,100,21.33159828,100,21.14733887,100,22.10648155
2023/5/25 22:04,100,21.1192131,100,21.33159828,100,21.06053352,100,22.01967621
2023/5/25 22:05,100,21.01794052,100,21.23032379,99.66208649,20.9447937,100,22.01967621
2023/5/25 22:06,100,21.01794052,100,21.11458206,96.20880127,20.95926094,44.42836761,21.91840172
2023/5/25 22:07,94.91683197,20.91666794,100,21.02777672,90.82126617,20.85798645,0,21.81712914
2023/5/25 22:08,92.47699738,21.01794052,100,21.02777672,79.27301788,20.84351921,0,21.81712914
2023/5/25 22:09,93.82372284,21.01794052,100,21.02777672,60.24523163,20.75671387,0,21.81712914
2023/5/25 22:10,90.11153412,20.91666794,99.02972412,21.02777672,40.75829697,20.74224663,0,21.81712914
2023/5/25 22:11,78.56955719,20.91666794,93.21776581,20.92650414,21.28993034,20.75671387,0,21.81712914
2023/5/25 22:12,71.25421143,20.91666794,87.46172333,20.92650414,2.131336451,20.75671387,0,21.81712914
2023/5/25 22:13,64.66092682,20.91666794,88.3061676,21.02777672,0,20.85798645,0,21.81712914
2023/5/25 22:14,57.85115051,20.91666794,90.47849274,21.02777672,0,20.95926094,0,21.81712914
2023/5/25 22:15,51.17055511,20.91666794,92.85227203,21.08564758,0,20.95926094,0,21.81712914
2023/5/25 22:16,44.52394867,20.91666794,100,21.12905121,0,20.95926094,0,21.8026619
2023/5/25 22:17,40.3913765,21.01794052,100,21.12905121,2.178487062,21.06053352,0,21.81712914
2023/5/25 22:18,41.74626923,21.01794052,100,21.23032379,6.261542797,21.04606628,0,21.91840172
2023/5/25 22:19,46.52886581,21.1192131,100,21.33159828,13.9509058,21.14733887,0,21.9473381
2023/5/25 22:20,55.90559387,21.1192131,100,21.33159828,26.25564957,21.16180611,12.94372368,22.01967621
2023/5/25 22:21,65.20148468,21.1192131,100,21.31712914,40.28808212,21.26307869,85.87605286,22.12094879
2023/5/25 22:22,76.06542969,21.22048569,100,21.33159828,60.91637039,21.26307869,100,22.22222328
2023/5/25 22:23,88.94486237,21.1192131,100,21.41840172,83.53603363,21.34988594,100,22.22222328
2023/5/25 22:24,98.79031372,21.1192131,100,21.43287086,100,21.26307869,100,22.22222328
2023/5/25 22:25,100,21.10474586,100,21.33159828,100,21.26307869,100,22.22222328
2023/5/25 22:26,100,21.1192131,100,21.31712914,100,21.14733887,100,22.22222328
2023/5/25 22:27,100,21.01794052,100,21.33159828,100,21.04606628,100,22.22222328
2023/5/25 22:28,100,21.01794052,100,21.23032379,100,21.04606628,100,22.10648155
2023/5/25 22:29,100,21.01794052,100,21.23032379,98.68146515,20.9447937,100,22.01967621
2023/5/25 22:30,100,21.01794052,100,21.12905121,95.24125671,20.95926094,70.7915802,21.91840172
2023/5/25 22:31,93.59455872,20.91666794,100,21.02777672,84.40110779,20.85798645,4.274212837,21.91840172
2023/5/25 22:32,86.92144775,20.91666794,100,21.01330948,68.39430237,20.75671387,0,21.81712914
2023/5/25 22:33,77.30567932,20.81539345,97.740448,20.92650414,48.89045715,20.75671387,0,21.81712914
2023/5/25 22:34,62.84022903,20.81539345,91.9733963,20.92650414,29.74858665,20.75671387,0,21.81712914
2023/5/25 22:35,48.09038925,20.81539345,85.95096588,20.92650414,10.25438499,20.75671387,0,21.81712914
2023/5/25 22:36,39.15001678,20.91666794,80.04634857,20.92650414,0,20.75671387,0,21.81712914
2023/5/25 22:37,29.73228264,20.81539345,74.26870728,20.92650414,0,20.75671387,0,21.81712914
2023/5/25 22:38,24.87131691,21.01794052,68.3760376,20.92650414,0,20.75671387,0,21.81712914
2023/5/25 22:39,26.25091553,21.01794052,62.48562622,20.92650414,0,20.84351921,0,21.81712914
2023/5/25 22:40,33.614254,21.1192131,60.20658112,21.02777672,0,20.95926094,0,21.81712914
2023/5/25 22:41,44.61544418,21.22048569,64.6786499,21.12905121,0.089145683,21.04606628,0,21.81712914
2023/5/25 22:42,61.80426788,21.22048569,77.06036377,21.23032379,5.378462791,21.16180611,0,21.91840172
2023/5/25 22:43,79.31623077,21.22048569,95.62918854,21.31712914,17.70773125,21.14733887,3.782523394,22.01967621
2023/5/25 22:44,96.65615082,21.22048569,100,21.33159828,36.10582352,21.26307869,36.35197449,22.10648155
2023/5/25 22:45,100,21.13368034,100,21.33159828,56.69943619,21.26307869,100,22.10648155
2023/5/25 22:46,100,21.1192131,100,21.33159828,77.21601105,21.26307869,100,22.22222328
2023/5/25 22:47,100,21.1192131,100,21.33159828,98.16743469,21.26307869,100,22.22222328
2023/5/25 22:48,100,21.1192131,100,21.33159828,100,21.14733887,100,22.22222328
2023/5/25 22:49,100,21.01794052,100,21.23032379,100,21.06053352,100,22.22222328
2023/5/25 22:50,100,21.01794052,100,21.23032379,100,21.04606628,100,22.12094879
2023/5/25 22:51,100,21.01794052,100,21.12905121,97.13130188,20.95926094,100,22.01967621
2023/5/25 22:52,100,21.01794052,100,21.02777672,88.71923828,20.85798645,94.8234024,21.91840172
2023/5/25 22:53,94.90241241,20.91666794,100,21.02777672,76.64296722,20.75671387,29.59427643,21.91840172
2023/5/25 22:54,86.71498108,20.90219879,100,21.02777672,58.07049179,20.75671387,0,21.81712914
2023/5/25 22:55,72.73934174,20.81539345,96.38336945,20.92650414,38.62188721,20.75671387,0,21.8026619
2023/5/25 22:56,58.00682449,20.81539345,90.49051666,20.92650414,19.12815666,20.75671387,0,21.81712914
2023/5/25 22:57,43.41471481,20.81539345,84.67128754,20.92650414,0,20.75671387,0,21.81712914
2023/5/25 22:58,28.70113564,20.81539345,79.61578369,21.02777672,0,20.75671387,0,21.81712914
2023/5/25 22:59,13.9624691,20.81539345,81.27962494,21.02777672,0,20.75671387,0,21.81712914
2023/5/25 23:00,0.769166529,20.91666794,83.36231995,21.02777672,0,20.85798645,0,21.81712914
2023/5/25 23:01,0.893677533,21.01794052,87.04899597,21.12905121,0,20.9447937,0,21.81712914
2023/5/25 23:02,4.555303574,21.1192131,97.20703125,21.12905121,0,20.9447937,0,21.81712914
2023/5/25 23:03,14.45904732,21.22048569,100,21.23032379,3.203863859,21.06053352,0,21.81712914
2023/5/25 23:04,32.82556915,21.32176018,100,21.21585655,7.155544758,21.04606628,0,21.81712914
2023/5/25 23:05,58.38315201,21.30729294,100,21.23032379,16.91400337,21.16180611,0,21.91840172
2023/5/25 23:06,88.86656952,21.42303276,100,21.23032379,29.18135834,21.16180611,1.734623313,22.01967621
2023/5/25 23:07,100,21.46643448,100,21.33159828,41.41021729,21.16180611,16.45718193,22.00520706
2023/5/25 23:08,100,21.42303276,100,21.33159828,57.17492294,21.24861145,97.63098145,22.12094879
2023/5/25 23:09,100,21.32176018,100,21.33159828,77.37522888,21.26307869,100,22.22222328
2023/5/25 23:10,100,21.22048569,100,21.33159828,97.60702515,21.26307869,100,22.22222328
2023/5/25 23:11,100,21.22048569,100,21.33159828,100,21.26307869,100,22.22222328
2023/5/25 23:12,100,21.22048569,100,21.33159828,100,21.16180611,100,22.22222328
2023/5/25 23:13,100,21.1192131,100,21.23032379,100,21.04606628,100,22.22222328
2023/5/25 23:14,100,21.1192131,100,21.23032379,100,21.04606628,100,22.12094879
2023/5/25 23:15,100,21.1192131,100,21.12905121,96.87055969,20.95926094,100,22.12094879
2023/5/25 23:16,100,21.01794052,100,21.02777672,89.70226288,20.85798645,100,22.01967621
2023/5/25 23:17,100,21.00347328,100,21.02777672,78.08482361,20.85798645,77.89811707,21.91840172
2023/5/25 23:18,100,21.01794052,100,21.02777672,60.87353516,20.74224663,12.4024868,21.91840172
2023/5/25 23:19,99.88318634,20.9745369,98.41815186,20.92650414,41.38687515,20.75671387,0,21.81712914
2023/5/25 23:20,98.96585846,20.91666794,92.57206726,20.92650414,22.01498222,20.75671387,0,21.81712914
2023/5/25 23:21,91.88793182,20.81539345,86.78616333,20.92650414,2.851551533,20.75671387,0,21.81712914
2023/5/25 23:22,77.16968536,20.80092621,81.03713226,20.92650414,0,20.75671387,0,21.81712914
2023/5/25 23:23,62.39450073,20.81539345,80.97566223,21.02777672,0,20.84351921,0,21.81712914
2023/5/25 23:24,47.72843933,20.81539345,83.09996033,21.02777672,0,20.85798645,0,21.81712914
2023/5/25 23:25,33.94554138,20.91666794,85.19425964,21.02777672,0,20.85798645,0,21.81712914
2023/5/25 23:26,26.96448898,20.91666794,89.34051514,21.12905121,0,20.95926094,0,21.81712914
2023/5/25 23:27,22.46436119,21.01794052,99.53457642,21.12905121,0,20.95926094,0,21.91840172
2023/5/25 23:28,26.17907715,21.1192131,100,21.23032379,3.311130047,21.06053352,0.902728677,22.01967621
2023/5/25 23:29,35.48360443,21.1192131,100,21.33159828,10.3737011,21.16180611,25.59541702,22.12094879
2023/5/25 23:30,50.03291702,21.22048569,100,21.33159828,22.46848106,21.16180611,100,22.12094879
2023/5/25 23:31,68.92302704,21.32176018,100,21.33159828,34.83461761,21.16180611,100,22.22222328
2023/5/25 23:32,94.51593781,21.32176018,100,21.31712914,47.13907242,21.14733887,100,22.265625
2023/5/25 23:33,100,21.30729294,100,21.23032379,59.46625519,21.16180611,100,22.32349586
2023/5/25 23:34,100,21.22048569,100,21.33159828,71.56373596,21.14733887,100,22.32349586
2023/5/25 23:35,100,21.22048569,100,21.33159828,83.80231476,21.16180611,100,22.32349586
2023/5/25 23:36,100,21.1192131,100,21.23032379,96.11338043,21.16180611,100,22.22222328
2023/5/25 23:37,100,21.10474586,100,21.23032379,100,21.06053352,100,22.22222328
2023/5/25 23:38,100,21.07580948,100,21.12905121,99.6938324,20.95926094,100,22.12094879
2023/5/25 23:39,100,21.01794052,100,21.12905121,96.15291595,20.87245369,100,22.12094879
2023/5/25 23:40,100,21.01794052,100,21.02777672,84.88090515,20.85798645,100,22.01967621
2023/5/25 23:41,98.5431366,20.91666794,100,21.02777672,69.44676971,20.75671387,51.12255096,21.91840172
2023/5/25 23:42,92.47099304,20.91666794,97.59980774,20.92650414,50.21092224,20.75671387,0,21.86053276
2023/5/25 23:43,82.68873596,20.81539345,91.75661469,20.92650414,27.3646698,20.65544128,0,21.81712914
2023/5/25 23:44,67.71520996,20.81539345,78.36772919,20.82523155,0,20.65544128,0,21.81712914
2023/5/25 23:45,53.24511719,20.81539345,64.64798737,20.82523155,0,20.65544128,0,21.81712914
2023/5/25 23:46,38.51760483,20.81539345,50.69671249,20.82523155,0,20.75671387,0,21.81712914
2023/5/25 23:47,25.39811897,20.82986069,40.01631927,20.92650414,0,20.75671387,0,21.81712914
2023/5/25 23:48,18.62635612,20.91666794,34.22726822,20.92650414,0,20.85798645,0,21.81712914
2023/5/25 23:49,18.71627426,21.1192131,28.33980179,20.92650414,0,20.9447937,0,21.81712914
2023/5/25 23:50,28.27973557,21.1192131,29.69381714,21.02777672,0,20.95926094,0,21.81712914
2023/5/25 23:51,45.32311249,21.22048569,37.44386673,21.12905121,2.869790077,21.04606628,0,21.91840172
2023/5/25 23:52,71.79262543,21.42303276,54.48778534,21.31712914,13.70835781,21.16180611,3.962018967,22.01967621
2023/5/25 23:53,100,21.42303276,81.03199768,21.33159828,34.44987869,21.34988594,37.13497925,22.12094879
2023/5/25 23:54,100,21.42303276,100,21.33159828,62.92328262,21.34988594,100,22.22222328
2023/5/25 23:55,100,21.40856552,100,21.33159828,90.78009033,21.34988594,100,22.22222328
2023/5/25 23:56,100,21.32176018,100,21.33159828,100,21.24861145,100,22.30902672
2023/5/25 23:57,100,21.22048569,100,21.33159828,100,21.26307869,100,22.22222328
2023/5/25 23:58,100,21.22048569,100,21.33159828,100,21.14733887,100,22.22222328
2023/5/25 23:59,100,21.1192131,100,21.23032379,100,21.10393524,100,22.22222328